{
	"credit": "Made with Blockbench",
	"parent": "item/handheld",
	"textures": {
		"layer0": "item/origanta/sword"
	},
	"gui_light": "front",
	"display": {
		"thirdperson_righthand": {
			"rotation": [0, -90, 55],
			"translation": [0, 6.75, -0.25],
			"scale": [1.1, 1.1, 0.2]
		},
		"thirdperson_lefthand": {
			"rotation": [0, 90, -55],
			"translation": [0, 6.75, -0.25],
			"scale": [1.1, 1.1, 0.2]
		},
		"firstperson_righthand": {
			"rotation": [0, -90, 25],
			"translation": [1.13, 5.95, 2.38],
			"scale": [0.88, 0.88, 0.16]
		},
		"firstperson_lefthand": {
			"rotation": [0, 90, -25],
			"translation": [1.13, 5.95, 2.38],
			"scale": [0.88, 0.88, 0.16]
		},
		"ground": {
			"scale": [0.8, 0.8, 0.2]
		},
		"fixed": {
			"scale": [0.8, 0.8, 0.2]
		}
	}
}