{
    "parent": "item/generated",
    "textures": {
        "layer0": "item/barrier"
    },
	"overrides":[
	{"predicate":{"custom_model_data":1},"model":"item/mimic_disguise"},
	{"predicate":{"custom_model_data":2},"model":"item/mimic"},
	{"predicate":{"custom_model_data":3},"model":"item/mimic_hurt"},
	{"predicate":{"custom_model_data":4},"model":"entity/mummy/mummy"},
	{"predicate":{"custom_model_data":5},"model":"entity/mummy/mummy_hurt"},
	{"predicate":{"custom_model_data":6},"model":"entity/mummy/mummy_walking"},
	{"predicate":{"custom_model_data":7},"model":"entity/mummy/mummy_hand"},
	{"predicate":{"custom_model_data":8},"model":"entity/boo/boo"},
	{"predicate":{"custom_model_data":9},"model":"entity/miikun/head"},
	{"predicate":{"custom_model_data":10},"model":"entity/miikun/head_sad"},
	{"predicate":{"custom_model_data":11},"model":"entity/miikun/head_smile"},
	{"predicate":{"custom_model_data":12},"model":"entity/miikun/body"},
	{"predicate":{"custom_model_data":13},"model":"entity/miikun/trip"}
	
	]
}
