{
    "parent": "item/handheld",
    "textures": {
        "layer0": "item/bloodcleaver"
    },"display":{
		"thirdperson_righthand":{
			"scale":[1,1,1],
			"rotation":[0,-90,45],
			"translation":[0,6,1]
		},
		"thirdperson_lefthand":{
			"scale":[1,1,1],
			"rotation":[0,90,-45],
			"translation":[0,6,1]
		},
	"firstperson_righthand": {
            "rotation": [ 0, -90, 25 ],
            "translation": [ 1.13, 4.2, 1.13 ],
            "scale": [ 0.78, 0.78, 0.78 ]
        },
        "firstperson_lefthand": {
            "rotation": [ 0, 90, -25 ],
            "translation": [ 1.13, 4.2, 1.13 ],
            "scale": [ 0.78, 0.78, 0.78 ]
        }}
}
