{
    "parent": "item/handheld",
    "textures": {
        "layer0": "item/chronome"
    },
	"display": {
		"thirdperson_righthand": {
			"rotation": [0, -90, 55],
			"translation": [0, 4, 0.5],
			"scale": [1.85, 1.85, 1]
		},
		"thirdperson_lefthand": {
			"rotation": [0, 90, -55],
			"translation": [0, 4, 0.5],
			"scale": [1.85, 1.85, -1]
		},
		"firstperson_righthand": {
			"rotation": [0, -90, 41],
			"translation": [3.25, 3.7, 1.88],
			"scale": [1.38, 1.38, 1]
		},
		"firstperson_lefthand": {
			"rotation": [0, -90, 41],
			"translation": [3.25, 3.7, 1.88],
			"scale": [-1.38, 1.38, 1]
		},
		"fixed": {
			"translation": [0, 0, -0.25],
			"scale": [1, 1, -1]
		}
	}
}
