{
    "parent": "item/handheld",
    "textures": {
        "layer0": "item/ice_boomerang"
    },
	"display":{
	"thirdperson_righthand":{
	"scale":[0.7,0.7,1],
	"rotation":[0,-90,0],
	"translation":[0,2,4]
	},
	"firstperson_righthand":{
	"scale":[0.7,0.7,1],
	"rotation":[0,-90,45],
	"translation":[0,3,5]
	},
	"thirdperson_lefthand":{
	"scale":[0.7,0.7,1],
	"rotation":[0,90,0],
	"translation":[0,2,4]
	},
	"firstperson_lefthand":{
	"scale":[0.7,0.7,1],
	"rotation":[0,-90,135],
	"translation":[0,3,5]
	},
	"head":{
	"scale":[1,1,1],
	"rotation":[90,0,90],
	"translation":[0,-10,0]
	}
	}
}
