{
	"credit": "Made with Blockbench",
	"textures": {
		"0": "item/perenia_flower",
		"particle": "item/perenia_flower"
	},
	"elements": [
		{
			"from": [4, 0, 9],
			"to": [12, 0, 17],
			"faces": {
				"up": {"uv": [4, 0, 0, 7], "rotation": 180, "texture": "#0"},
				"down": {"uv": [0, 0, 4, 7], "texture": "#0"}
			}
		},
		{
			"from": [4, 0, -1],
			"to": [12, 0, 7],
			"faces": {
				"up": {"uv": [4, 0, 0, 7], "texture": "#0"},
				"down": {"uv": [0, 0, 4, 7], "rotation": 180, "texture": "#0"}
			}
		},
		{
			"from": [9, 0, 4],
			"to": [17, 0, 12],
			"faces": {
				"up": {"uv": [0, 0, 4, 7], "rotation": 90, "texture": "#0"},
				"down": {"uv": [4, 0, 0, 7], "rotation": 90, "texture": "#0"}
			}
		},
		{
			"from": [-1, 0, 4],
			"to": [7, 0, 12],
			"faces": {
				"up": {"uv": [0, 0, 4, 7], "rotation": 270, "texture": "#0"},
				"down": {"uv": [4, 0, 0, 7], "rotation": 270, "texture": "#0"}
			}
		},
		{
			"from": [6, 0, 9],
			"to": [10, 0, 13],
			"rotation": {"angle": 45, "axis": "y", "origin": [8, 8, 8]},
			"faces": {
				"up": {"uv": [4, 0, 0, 7], "rotation": 180, "texture": "#0"},
				"down": {"uv": [0, 0, 4, 7], "texture": "#0"}
			}
		},
		{
			"from": [6, 0, 3],
			"to": [10, 0, 7],
			"rotation": {"angle": 45, "axis": "y", "origin": [8, 8, 8]},
			"faces": {
				"up": {"uv": [4, 0, 0, 7], "texture": "#0"},
				"down": {"uv": [0, 0, 4, 7], "rotation": 180, "texture": "#0"}
			}
		},
		{
			"from": [9, 0, 6],
			"to": [13, 0, 10],
			"rotation": {"angle": 45, "axis": "y", "origin": [8, 8, 8]},
			"faces": {
				"up": {"uv": [0, 0, 4, 7], "rotation": 90, "texture": "#0"},
				"down": {"uv": [4, 0, 0, 7], "rotation": 90, "texture": "#0"}
			}
		},
		{
			"from": [3, 0, 6],
			"to": [7, 0, 10],
			"rotation": {"angle": 45, "axis": "y", "origin": [8, 8, 8]},
			"faces": {
				"up": {"uv": [0, 0, 4, 7], "rotation": 270, "texture": "#0"},
				"down": {"uv": [4, 0, 0, 7], "rotation": 270, "texture": "#0"}
			}
		}
	],
	"display": {
		"head": {
			"translation": [0, -23.25, 0],
			"scale": [2.6, 2.4, 2.6]
		}
	},
	"groups": [
		{
			"name": "plant1",
			"origin": [8, 8, 8],
			"children": [0, 1, 2, 3]
		},
		{
			"name": "plant2",
			"origin": [8, 8, 8],
			"children": [4, 5, 6, 7]
		}
	]
}