{
	"credit": "Made with Blockbench",
	"parent": "item/handheld",
	"textures": {
		"layer0": "item/perenia"
	},
	"display": {
		"thirdperson_righthand": {
			"rotation": [0, -90, 55],
			"translation": [0, 2.5, 0.9],
			"scale": [2, 2, 1.6]
		},
		"thirdperson_lefthand": {
			"rotation": [0, 90, -55],
			"translation": [0, 2.5, 0.9],
			"scale": [2, 2, 1.6]
		},
		"firstperson_righthand": {
			"rotation": [0, -90, 25],
			"translation": [1.13, 4.2, 1.88],
			"scale": [1.6, 1.6, 1.3]
		},
		"firstperson_lefthand": {
			"rotation": [0, 90, -25],
			"translation": [1.13, 4.2, 1.88],
			"scale": [1.6, 1.6, 1.3]
		},
		"ground": {
			"rotation": [90, 0, 0],
			"scale": [2, 2, 2]
		},
		"fixed": {
			"scale": [1.15, 1.15, 1.15]
		}
	}
}