{
	"credit": "Made with Blockbench",
	"parent": "item/handheld",
	"textures": {
		"layer0": "item/soulseeker/scythe"
	},
	"display": {
		"thirdperson_righthand": {
			"rotation": [0, -90, 45],
			"translation": [-0.25, -0.7, 1.25],
			"scale": [2.1, 2.1, 1.2]
		},
		"thirdperson_lefthand": {
			"rotation": [0, 90, -45],
			"translation": [-0.25, -0.7, 1.25],
			"scale": [2.1, 2.1, 1.2]
		},
		"firstperson_righthand": {
			"rotation": [0, -100, 45],
			"translation": [3.25, 2.25, 0],
			"scale": [2.1, 2.1, 1.2]
		},
		"firstperson_lefthand": {
			"rotation": [0, 100, -45],
			"translation": [3.25, 2.25, 0],
			"scale": [2.1, 2.1, 1.2]
		},
		"ground": {
			"rotation": [-90, 0, 0],
			"translation": [0, -2.75, 0],
			"scale": [2.1, 2.1, 1.2]
		},
		"head": {
			"rotation": [0, -90, 45],
			"translation": [-0.25, -0.7, 1.25],
			"scale": [2.1, 2.1, 1.2]
		},
		"fixed": {
			"scale": [1.5, 1.5, 1]
		}
	}
}