{
	"credit": "Made with Blockbench",
	"parent": "item/handheld",
	"textures": {
		"layer0": "item/demori/tiers/tier4"
	},
	"display": {
		"thirdperson_righthand": {
			"rotation": [0, -90, 55],
			"translation": [0, 1.75, 0.75],
			"scale": [1.6, 1.6, 1.1]
		},
		"thirdperson_lefthand": {
			"rotation": [0, 90, -55],
			"translation": [0, 1.75, 0.75],
			"scale": [1.6, 1.6, 1.1]
		},
		"firstperson_righthand": {
			"rotation": [0, -90, 135],
			"translation": [1.13, 12.45, 2.38],
			"scale": [1.28, 1.28, 1.24]
		},
		"firstperson_lefthand": {
			"rotation": [0, 90, -135],
			"translation": [1.13, 12.45, 2.38],
			"scale": [1.28, 1.28, 1.24]
		},
		"ground": {
			"translation": [0, 2, 0],
			"scale": [0.5, 0.5, 0.5]
		},
		"head": {
			"rotation": [0, 180, 0],
			"translation": [0, 13, 7]
		},
		"fixed": {
			"rotation": [0, 180, 0],
			"translation": [0, 0, -0.5]
		}
	}
}