{
	"credit": "Made with Blockbench",
	"textures": {
		"0": "entity/miikun_assets",
		"particle": "entity/miikun_assets"
	},
	"elements": [
		{
			"name": "head",
			"from": [4, 15, 2],
			"to": [15, 26, 13],
			"faces": {
				"north": {"uv": [13, 3.5, 15.75, 6.25], "texture": "#0"},
				"east": {"uv": [0.25, 9.25, 3, 12], "texture": "#0"},
				"south": {"uv": [0.25, 6.25, 3, 9], "texture": "#0"},
				"west": {"uv": [0.25, 3.25, 3, 6], "texture": "#0"},
				"up": {"uv": [3.25, 0.25, 6, 3], "texture": "#0"},
				"down": {"uv": [0.25, 12.25, 3, 15], "texture": "#0"}
			}
		}
	],
	"display": {
		"thirdperson_righthand": {
			"rotation": [90, 0, 0],
			"translation": [-6.5, -2.5, -8.25],
			"scale": [0.5, 0.5, 0.5]
		},
		"head": {
			"translation": [-0.75, -26.5, 0.5],
			"scale": [0.5, 0.5, 0.5]
		}
	}
}