{
	"credit": "Made with Blockbench",
	"texture_size": [32, 32],
	"textures": {
		"0": "item/arrohel/tiers/tier1",
		"1": "item/arrohel/tiers/extras/tier1",
		"particle": "item/arrohel/tiers/tier1"
	},
	"elements": [
		{
			"from": [9, -16, 7.5],
			"to": [10, -15, 8.5],
			"rotation": {"angle": 0, "axis": "y", "origin": [-1, -1, 8]},
			"faces": {
				"north": {"uv": [1, 13.5, 1.5, 14], "texture": "#0"},
				"east": {"uv": [1, 13.5, 1.5, 14], "texture": "#0"},
				"south": {"uv": [1.5, 13.5, 1, 14], "texture": "#0"},
				"west": {"uv": [1.5, 13.5, 1, 14], "texture": "#0"},
				"up": {"uv": [1.5, 13.5, 1, 14], "texture": "#0"},
				"down": {"uv": [1.5, 14, 1, 13.5], "texture": "#0"}
			}
		},
		{
			"from": [9, -15, 7.5],
			"to": [10, -14, 8.5],
			"rotation": {"angle": 0, "axis": "y", "origin": [-1, -1, 8]},
			"faces": {
				"north": {"uv": [1, 13, 1.5, 13.5], "texture": "#0"},
				"east": {"uv": [1, 13, 1.5, 13.5], "texture": "#0"},
				"south": {"uv": [1.5, 13, 1, 13.5], "texture": "#0"},
				"west": {"uv": [1.5, 13, 1, 13.5], "texture": "#0"},
				"up": {"uv": [1.5, 13, 1, 13.5], "texture": "#0"},
				"down": {"uv": [1.5, 13.5, 1, 13], "texture": "#0"}
			}
		},
		{
			"from": [9, -14, 7.5],
			"to": [10, -13, 8.5],
			"rotation": {"angle": 0, "axis": "y", "origin": [-1, -1, 8]},
			"faces": {
				"north": {"uv": [1, 12.5, 1.5, 13], "texture": "#0"},
				"east": {"uv": [1, 12.5, 1.5, 13], "texture": "#0"},
				"south": {"uv": [1.5, 12.5, 1, 13], "texture": "#0"},
				"west": {"uv": [1.5, 12.5, 1, 13], "texture": "#0"},
				"up": {"uv": [1.5, 12.5, 1, 13], "texture": "#0"},
				"down": {"uv": [1.5, 13, 1, 12.5], "texture": "#0"}
			}
		},
		{
			"from": [9, -13, 7.5],
			"to": [10, -12, 8.5],
			"rotation": {"angle": 0, "axis": "y", "origin": [-1, -1, 8]},
			"faces": {
				"north": {"uv": [1, 12, 1.5, 12.5], "texture": "#0"},
				"east": {"uv": [1, 12, 1.5, 12.5], "texture": "#0"},
				"south": {"uv": [1.5, 12, 1, 12.5], "texture": "#0"},
				"west": {"uv": [1.5, 12, 1, 12.5], "texture": "#0"},
				"up": {"uv": [1.5, 12, 1, 12.5], "texture": "#0"},
				"down": {"uv": [1.5, 12.5, 1, 12], "texture": "#0"}
			}
		},
		{
			"from": [9, -12, 7.5],
			"to": [10, -11, 8.5],
			"rotation": {"angle": 0, "axis": "y", "origin": [-1, -1, 8]},
			"faces": {
				"north": {"uv": [1, 11.5, 1.5, 12], "texture": "#0"},
				"east": {"uv": [1, 11.5, 1.5, 12], "texture": "#0"},
				"south": {"uv": [1.5, 11.5, 1, 12], "texture": "#0"},
				"west": {"uv": [1.5, 11.5, 1, 12], "texture": "#0"},
				"up": {"uv": [1.5, 11.5, 1, 12], "texture": "#0"},
				"down": {"uv": [1.5, 12, 1, 11.5], "texture": "#0"}
			}
		},
		{
			"from": [9, -11, 7.5],
			"to": [10, -10, 8.5],
			"rotation": {"angle": 0, "axis": "y", "origin": [-1, -1, 8]},
			"faces": {
				"north": {"uv": [1, 11, 1.5, 11.5], "texture": "#0"},
				"east": {"uv": [1, 11, 1.5, 11.5], "texture": "#0"},
				"south": {"uv": [1.5, 11, 1, 11.5], "texture": "#0"},
				"west": {"uv": [1.5, 11, 1, 11.5], "texture": "#0"},
				"up": {"uv": [1.5, 11, 1, 11.5], "texture": "#0"},
				"down": {"uv": [1.5, 11.5, 1, 11], "texture": "#0"}
			}
		},
		{
			"from": [9, -10, 7.5],
			"to": [10, -9, 8.5],
			"rotation": {"angle": 0, "axis": "y", "origin": [-1, -1, 8]},
			"faces": {
				"north": {"uv": [1, 10.5, 1.5, 11], "texture": "#0"},
				"east": {"uv": [1, 10.5, 1.5, 11], "texture": "#0"},
				"south": {"uv": [1.5, 10.5, 1, 11], "texture": "#0"},
				"west": {"uv": [1.5, 10.5, 1, 11], "texture": "#0"},
				"up": {"uv": [1.5, 10.5, 1, 11], "texture": "#0"},
				"down": {"uv": [1.5, 11, 1, 10.5], "texture": "#0"}
			}
		},
		{
			"from": [9, -9, 7.5],
			"to": [10, -8, 8.5],
			"rotation": {"angle": 0, "axis": "y", "origin": [-1, -1, 8]},
			"faces": {
				"north": {"uv": [1, 10, 1.5, 10.5], "texture": "#0"},
				"east": {"uv": [1, 10, 1.5, 10.5], "texture": "#0"},
				"south": {"uv": [1.5, 10, 1, 10.5], "texture": "#0"},
				"west": {"uv": [1.5, 10, 1, 10.5], "texture": "#0"},
				"up": {"uv": [1.5, 10, 1, 10.5], "texture": "#0"},
				"down": {"uv": [1.5, 10.5, 1, 10], "texture": "#0"}
			}
		},
		{
			"from": [9, -8, 7.5],
			"to": [10, -7, 8.5],
			"rotation": {"angle": 0, "axis": "y", "origin": [-1, -1, 8]},
			"faces": {
				"north": {"uv": [1, 9.5, 1.5, 10], "texture": "#0"},
				"east": {"uv": [1, 9.5, 1.5, 10], "texture": "#0"},
				"south": {"uv": [1.5, 9.5, 1, 10], "texture": "#0"},
				"west": {"uv": [1.5, 9.5, 1, 10], "texture": "#0"},
				"up": {"uv": [1.5, 9.5, 1, 10], "texture": "#0"},
				"down": {"uv": [1.5, 10, 1, 9.5], "texture": "#0"}
			}
		},
		{
			"from": [9, -7, 7.5],
			"to": [11, -6, 8.5],
			"rotation": {"angle": 0, "axis": "y", "origin": [-1, -1, 8]},
			"faces": {
				"north": {"uv": [0.5, 9, 1.5, 9.5], "texture": "#0"},
				"east": {"uv": [0.5, 9, 1, 9.5], "texture": "#0"},
				"south": {"uv": [1.5, 9, 0.5, 9.5], "texture": "#0"},
				"west": {"uv": [1.5, 9, 1, 9.5], "texture": "#0"},
				"up": {"uv": [1.5, 9, 0.5, 9.5], "texture": "#0"},
				"down": {"uv": [1.5, 9.5, 0.5, 9], "texture": "#0"}
			}
		},
		{
			"from": [8, -6, 7.5],
			"to": [11, -5, 8.5],
			"rotation": {"angle": 0, "axis": "y", "origin": [-1, -1, 8]},
			"faces": {
				"north": {"uv": [0.5, 8.5, 2, 9], "texture": "#0"},
				"east": {"uv": [0.5, 8.5, 1, 9], "texture": "#0"},
				"south": {"uv": [2, 8.5, 0.5, 9], "texture": "#0"},
				"west": {"uv": [2, 8.5, 1.5, 9], "texture": "#0"},
				"up": {"uv": [2, 8.5, 0.5, 9], "texture": "#0"},
				"down": {"uv": [2, 9, 0.5, 8.5], "texture": "#0"}
			}
		},
		{
			"from": [8, -5, 7.5],
			"to": [11, -4, 8.5],
			"rotation": {"angle": 0, "axis": "y", "origin": [-1, -1, 8]},
			"faces": {
				"north": {"uv": [0.5, 8, 2, 8.5], "texture": "#0"},
				"east": {"uv": [0.5, 8, 1, 8.5], "texture": "#0"},
				"south": {"uv": [2, 8, 0.5, 8.5], "texture": "#0"},
				"west": {"uv": [2, 8, 1.5, 8.5], "texture": "#0"},
				"up": {"uv": [2, 8, 0.5, 8.5], "texture": "#0"},
				"down": {"uv": [2, 8.5, 0.5, 8], "texture": "#0"}
			}
		},
		{
			"from": [8, -4, 7.5],
			"to": [11, -3, 8.5],
			"rotation": {"angle": 0, "axis": "y", "origin": [-1, -1, 8]},
			"faces": {
				"north": {"uv": [0.5, 7.5, 2, 8], "texture": "#0"},
				"east": {"uv": [0.5, 7.5, 1, 8], "texture": "#0"},
				"south": {"uv": [2, 7.5, 0.5, 8], "texture": "#0"},
				"west": {"uv": [2, 7.5, 1.5, 8], "texture": "#0"},
				"up": {"uv": [2, 7.5, 0.5, 8], "texture": "#0"},
				"down": {"uv": [2, 8, 0.5, 7.5], "texture": "#0"}
			}
		},
		{
			"from": [8, -3, 7.5],
			"to": [11, -2, 8.5],
			"rotation": {"angle": 0, "axis": "y", "origin": [-1, -1, 8]},
			"faces": {
				"north": {"uv": [0.5, 7, 2, 7.5], "texture": "#0"},
				"east": {"uv": [0.5, 7, 1, 7.5], "texture": "#0"},
				"south": {"uv": [2, 7, 0.5, 7.5], "texture": "#0"},
				"west": {"uv": [2, 7, 1.5, 7.5], "texture": "#0"},
				"up": {"uv": [2, 7, 0.5, 7.5], "texture": "#0"},
				"down": {"uv": [2, 7.5, 0.5, 7], "texture": "#0"}
			}
		},
		{
			"from": [1, -2, 7.5],
			"to": [11, -1, 8.5],
			"rotation": {"angle": 0, "axis": "y", "origin": [-1, -1, 8]},
			"faces": {
				"north": {"uv": [0.5, 6.5, 5.5, 7], "texture": "#0"},
				"east": {"uv": [0.5, 6.5, 1, 7], "texture": "#0"},
				"south": {"uv": [5.5, 6.5, 0.5, 7], "texture": "#0"},
				"west": {"uv": [5.5, 6.5, 5, 7], "texture": "#0"},
				"up": {"uv": [5.5, 6.5, 0.5, 7], "texture": "#0"},
				"down": {"uv": [5.5, 7, 0.5, 6.5], "texture": "#0"}
			}
		},
		{
			"from": [6, -1, 7.5],
			"to": [11, 0, 8.5],
			"rotation": {"angle": 0, "axis": "y", "origin": [-1, -1, 8]},
			"faces": {
				"north": {"uv": [0.5, 6, 3, 6.5], "texture": "#0"},
				"east": {"uv": [0.5, 6, 1, 6.5], "texture": "#0"},
				"south": {"uv": [3, 6, 0.5, 6.5], "texture": "#0"},
				"west": {"uv": [3, 6, 2.5, 6.5], "texture": "#0"},
				"up": {"uv": [3, 6, 0.5, 6.5], "texture": "#0"},
				"down": {"uv": [3, 6.5, 0.5, 6], "texture": "#0"}
			}
		},
		{
			"from": [0, -3, 7.5],
			"to": [6, -2, 8.5],
			"rotation": {"angle": 0, "axis": "y", "origin": [-1, -1, 8]},
			"faces": {
				"north": {"uv": [3, 7, 6, 7.5], "texture": "#0"},
				"east": {"uv": [3, 7, 3.5, 7.5], "texture": "#0"},
				"south": {"uv": [6, 7, 3, 7.5], "texture": "#0"},
				"west": {"uv": [6, 7, 5.5, 7.5], "texture": "#0"},
				"up": {"uv": [6, 7, 3, 7.5], "texture": "#0"},
				"down": {"uv": [6, 7.5, 3, 7], "texture": "#0"}
			}
		},
		{
			"from": [-1, -4, 7.5],
			"to": [3, -3, 8.5],
			"rotation": {"angle": 0, "axis": "y", "origin": [-1, -1, 8]},
			"faces": {
				"north": {"uv": [4.5, 7.5, 6.5, 8], "texture": "#0"},
				"east": {"uv": [4.5, 7.5, 5, 8], "texture": "#0"},
				"south": {"uv": [6.5, 7.5, 4.5, 8], "texture": "#0"},
				"west": {"uv": [6.5, 7.5, 6, 8], "texture": "#0"},
				"up": {"uv": [6.5, 7.5, 4.5, 8], "texture": "#0"},
				"down": {"uv": [6.5, 8, 4.5, 7.5], "texture": "#0"}
			}
		},
		{
			"from": [-4, -1, 7.5],
			"to": [-3, 3, 8.5],
			"rotation": {"angle": 0, "axis": "z", "origin": [-1, -1, 8]},
			"faces": {
				"north": {"uv": [7.5, 4.5, 8, 6.5], "texture": "#0"},
				"east": {"uv": [7.5, 4.5, 8, 6.5], "texture": "#0"},
				"south": {"uv": [8, 4.5, 7.5, 6.5], "texture": "#0"},
				"west": {"uv": [8, 4.5, 7.5, 6.5], "texture": "#0"},
				"up": {"uv": [8, 4.5, 7.5, 5], "texture": "#0"},
				"down": {"uv": [8, 6.5, 7.5, 6], "texture": "#0"}
			}
		},
		{
			"from": [-3, 0, 7.5],
			"to": [-2, 6, 8.5],
			"rotation": {"angle": 0, "axis": "z", "origin": [-1, -1, 8]},
			"faces": {
				"north": {"uv": [7, 3, 7.5, 6], "texture": "#0"},
				"east": {"uv": [7, 3, 7.5, 6], "texture": "#0"},
				"south": {"uv": [7.5, 3, 7, 6], "texture": "#0"},
				"west": {"uv": [7.5, 3, 7, 6], "texture": "#0"},
				"up": {"uv": [7.5, 3, 7, 3.5], "texture": "#0"},
				"down": {"uv": [7.5, 6, 7, 5.5], "texture": "#0"}
			}
		},
		{
			"from": [-2, 1, 7.5],
			"to": [-1, 11, 8.5],
			"rotation": {"angle": 0, "axis": "z", "origin": [-1, -1, 8]},
			"faces": {
				"north": {"uv": [6.5, 0.5, 7, 5.5], "texture": "#0"},
				"east": {"uv": [6.5, 0.5, 7, 5.5], "texture": "#0"},
				"south": {"uv": [7, 0.5, 6.5, 5.5], "texture": "#0"},
				"west": {"uv": [7, 0.5, 6.5, 5.5], "texture": "#0"},
				"up": {"uv": [7, 0.5, 6.5, 1], "texture": "#0"},
				"down": {"uv": [7, 5.5, 6.5, 5], "texture": "#0"}
			}
		},
		{
			"from": [-1, 6, 7.5],
			"to": [0, 11, 8.5],
			"rotation": {"angle": 0, "axis": "z", "origin": [-1, -1, 8]},
			"faces": {
				"north": {"uv": [6, 0.5, 6.5, 3], "texture": "#0"},
				"east": {"uv": [6, 0.5, 6.5, 3], "texture": "#0"},
				"south": {"uv": [6.5, 0.5, 6, 3], "texture": "#0"},
				"west": {"uv": [6.5, 0.5, 6, 3], "texture": "#0"},
				"up": {"uv": [6.5, 0.5, 6, 1], "texture": "#0"},
				"down": {"uv": [6.5, 3, 6, 2.5], "texture": "#0"}
			}
		},
		{
			"from": [-3, 8, 7.5],
			"to": [-2, 11, 8.5],
			"rotation": {"angle": 0, "axis": "z", "origin": [-1, -1, 8]},
			"faces": {
				"north": {"uv": [7, 0.5, 7.5, 2], "texture": "#0"},
				"east": {"uv": [7, 0.5, 7.5, 2], "texture": "#0"},
				"south": {"uv": [7.5, 0.5, 7, 2], "texture": "#0"},
				"west": {"uv": [7.5, 0.5, 7, 2], "texture": "#0"},
				"up": {"uv": [7.5, 0.5, 7, 1], "texture": "#0"},
				"down": {"uv": [7.5, 2, 7, 1.5], "texture": "#0"}
			}
		},
		{
			"from": [-4, 8, 7.5],
			"to": [-3, 11, 8.5],
			"rotation": {"angle": 0, "axis": "z", "origin": [-1, -1, 8]},
			"faces": {
				"north": {"uv": [7.5, 0.5, 8, 2], "texture": "#0"},
				"east": {"uv": [7.5, 0.5, 8, 2], "texture": "#0"},
				"south": {"uv": [8, 0.5, 7.5, 2], "texture": "#0"},
				"west": {"uv": [8, 0.5, 7.5, 2], "texture": "#0"},
				"up": {"uv": [8, 0.5, 7.5, 1], "texture": "#0"},
				"down": {"uv": [8, 2, 7.5, 1.5], "texture": "#0"}
			}
		},
		{
			"from": [-5, 8, 7.5],
			"to": [-4, 11, 8.5],
			"rotation": {"angle": 0, "axis": "z", "origin": [-1, -1, 8]},
			"faces": {
				"north": {"uv": [8, 0.5, 8.5, 2], "texture": "#0"},
				"east": {"uv": [8, 0.5, 8.5, 2], "texture": "#0"},
				"south": {"uv": [8.5, 0.5, 8, 2], "texture": "#0"},
				"west": {"uv": [8.5, 0.5, 8, 2], "texture": "#0"},
				"up": {"uv": [8.5, 0.5, 8, 1], "texture": "#0"},
				"down": {"uv": [8.5, 2, 8, 1.5], "texture": "#0"}
			}
		},
		{
			"from": [-6, 8, 7.5],
			"to": [-5, 11, 8.5],
			"rotation": {"angle": 0, "axis": "z", "origin": [-1, -1, 8]},
			"faces": {
				"north": {"uv": [8.5, 0.5, 9, 2], "texture": "#0"},
				"east": {"uv": [8.5, 0.5, 9, 2], "texture": "#0"},
				"south": {"uv": [9, 0.5, 8.5, 2], "texture": "#0"},
				"west": {"uv": [9, 0.5, 8.5, 2], "texture": "#0"},
				"up": {"uv": [9, 0.5, 8.5, 1], "texture": "#0"},
				"down": {"uv": [9, 2, 8.5, 1.5], "texture": "#0"}
			}
		},
		{
			"from": [-7, 9, 7.5],
			"to": [-6, 11, 8.5],
			"rotation": {"angle": 0, "axis": "z", "origin": [-1, -1, 8]},
			"faces": {
				"north": {"uv": [9, 0.5, 9.5, 1.5], "texture": "#0"},
				"east": {"uv": [9, 0.5, 9.5, 1.5], "texture": "#0"},
				"south": {"uv": [9.5, 0.5, 9, 1.5], "texture": "#0"},
				"west": {"uv": [9.5, 0.5, 9, 1.5], "texture": "#0"},
				"up": {"uv": [9.5, 0.5, 9, 1], "texture": "#0"},
				"down": {"uv": [9.5, 1.5, 9, 1], "texture": "#0"}
			}
		},
		{
			"from": [-8, 9, 7.5],
			"to": [-7, 10, 8.5],
			"rotation": {"angle": 0, "axis": "z", "origin": [-1, -1, 8]},
			"faces": {
				"north": {"uv": [9.5, 1, 10, 1.5], "texture": "#0"},
				"east": {"uv": [9.5, 1, 10, 1.5], "texture": "#0"},
				"south": {"uv": [10, 1, 9.5, 1.5], "texture": "#0"},
				"west": {"uv": [10, 1, 9.5, 1.5], "texture": "#0"},
				"up": {"uv": [10, 1, 9.5, 1.5], "texture": "#0"},
				"down": {"uv": [10, 1.5, 9.5, 1], "texture": "#0"}
			}
		},
		{
			"from": [-9, 9, 7.5],
			"to": [-8, 10, 8.5],
			"rotation": {"angle": 0, "axis": "z", "origin": [-1, -1, 8]},
			"faces": {
				"north": {"uv": [10, 1, 10.5, 1.5], "texture": "#0"},
				"east": {"uv": [10, 1, 10.5, 1.5], "texture": "#0"},
				"south": {"uv": [10.5, 1, 10, 1.5], "texture": "#0"},
				"west": {"uv": [10.5, 1, 10, 1.5], "texture": "#0"},
				"up": {"uv": [10.5, 1, 10, 1.5], "texture": "#0"},
				"down": {"uv": [10.5, 1.5, 10, 1], "texture": "#0"}
			}
		},
		{
			"from": [-10, 9, 7.5],
			"to": [-9, 10, 8.5],
			"rotation": {"angle": 0, "axis": "z", "origin": [-1, -1, 8]},
			"faces": {
				"north": {"uv": [10.5, 1, 11, 1.5], "texture": "#0"},
				"east": {"uv": [10.5, 1, 11, 1.5], "texture": "#0"},
				"south": {"uv": [11, 1, 10.5, 1.5], "texture": "#0"},
				"west": {"uv": [11, 1, 10.5, 1.5], "texture": "#0"},
				"up": {"uv": [11, 1, 10.5, 1.5], "texture": "#0"},
				"down": {"uv": [11, 1.5, 10.5, 1], "texture": "#0"}
			}
		},
		{
			"from": [-11, 9, 7.5],
			"to": [-10, 10, 8.5],
			"rotation": {"angle": 0, "axis": "z", "origin": [-1, -1, 8]},
			"faces": {
				"north": {"uv": [11, 1, 11.5, 1.5], "texture": "#0"},
				"east": {"uv": [11, 1, 11.5, 1.5], "texture": "#0"},
				"south": {"uv": [11.5, 1, 11, 1.5], "texture": "#0"},
				"west": {"uv": [11.5, 1, 11, 1.5], "texture": "#0"},
				"up": {"uv": [11.5, 1, 11, 1.5], "texture": "#0"},
				"down": {"uv": [11.5, 1.5, 11, 1], "texture": "#0"}
			}
		},
		{
			"from": [-12, 9, 7.5],
			"to": [-11, 10, 8.5],
			"rotation": {"angle": 0, "axis": "z", "origin": [-1, -1, 8]},
			"faces": {
				"north": {"uv": [11.5, 1, 12, 1.5], "texture": "#0"},
				"east": {"uv": [11.5, 1, 12, 1.5], "texture": "#0"},
				"south": {"uv": [12, 1, 11.5, 1.5], "texture": "#0"},
				"west": {"uv": [12, 1, 11.5, 1.5], "texture": "#0"},
				"up": {"uv": [12, 1, 11.5, 1.5], "texture": "#0"},
				"down": {"uv": [12, 1.5, 11.5, 1], "texture": "#0"}
			}
		},
		{
			"from": [-13, 9, 7.5],
			"to": [-12, 10, 8.5],
			"rotation": {"angle": 0, "axis": "z", "origin": [-1, -1, 8]},
			"faces": {
				"north": {"uv": [12, 1, 12.5, 1.5], "texture": "#0"},
				"east": {"uv": [12, 1, 12.5, 1.5], "texture": "#0"},
				"south": {"uv": [12.5, 1, 12, 1.5], "texture": "#0"},
				"west": {"uv": [12.5, 1, 12, 1.5], "texture": "#0"},
				"up": {"uv": [12.5, 1, 12, 1.5], "texture": "#0"},
				"down": {"uv": [12.5, 1.5, 12, 1], "texture": "#0"}
			}
		},
		{
			"from": [-14, 9, 7.5],
			"to": [-13, 10, 8.5],
			"rotation": {"angle": 0, "axis": "z", "origin": [-1, -1, 8]},
			"faces": {
				"north": {"uv": [12.5, 1, 13, 1.5], "texture": "#0"},
				"east": {"uv": [12.5, 1, 13, 1.5], "texture": "#0"},
				"south": {"uv": [13, 1, 12.5, 1.5], "texture": "#0"},
				"west": {"uv": [13, 1, 12.5, 1.5], "texture": "#0"},
				"up": {"uv": [13, 1, 12.5, 1.5], "texture": "#0"},
				"down": {"uv": [13, 1.5, 12.5, 1], "texture": "#0"}
			}
		},
		{
			"from": [-15, 9, 7.5],
			"to": [-14, 10, 8.5],
			"rotation": {"angle": 0, "axis": "z", "origin": [-1, -1, 8]},
			"faces": {
				"north": {"uv": [13, 1, 13.5, 1.5], "texture": "#0"},
				"east": {"uv": [13, 1, 13.5, 1.5], "texture": "#0"},
				"south": {"uv": [13.5, 1, 13, 1.5], "texture": "#0"},
				"west": {"uv": [13.5, 1, 13, 1.5], "texture": "#0"},
				"up": {"uv": [13.5, 1, 13, 1.5], "texture": "#0"},
				"down": {"uv": [13.5, 1.5, 13, 1], "texture": "#0"}
			}
		},
		{
			"from": [-16, 9, 7.5],
			"to": [-15, 10, 8.5],
			"rotation": {"angle": 0, "axis": "z", "origin": [-1, -1, 8]},
			"faces": {
				"north": {"uv": [13.5, 1, 14, 1.5], "texture": "#0"},
				"east": {"uv": [13.5, 1, 14, 1.5], "texture": "#0"},
				"south": {"uv": [14, 1, 13.5, 1.5], "texture": "#0"},
				"west": {"uv": [14, 1, 13.5, 1.5], "texture": "#0"},
				"up": {"uv": [14, 1, 13.5, 1.5], "texture": "#0"},
				"down": {"uv": [14, 1.5, 13.5, 1], "texture": "#0"}
			}
		},
		{
			"from": [-3, -1, 7.5],
			"to": [-2, 0, 8.5],
			"rotation": {"angle": 0, "axis": "z", "origin": [12, -11, 8]},
			"faces": {
				"north": {"uv": [7, 6, 7.5, 6.5], "texture": "#0"},
				"east": {"uv": [7, 6, 7.5, 6.5], "texture": "#0"},
				"south": {"uv": [7.5, 6, 7, 6.5], "texture": "#0"},
				"west": {"uv": [7.5, 6, 7, 6.5], "texture": "#0"},
				"up": {"uv": [7.5, 6, 7, 6.5], "texture": "#0"},
				"down": {"uv": [7.5, 6.5, 7, 6], "texture": "#0"}
			}
		},
		{
			"from": [-2, -2, 7.5],
			"to": [-1, 1, 8.5],
			"rotation": {"angle": 0, "axis": "z", "origin": [13, -11, 8]},
			"faces": {
				"north": {"uv": [6.5, 5.5, 7, 7], "texture": "#0"},
				"east": {"uv": [6.5, 5.5, 7, 7], "texture": "#0"},
				"south": {"uv": [7, 5.5, 6.5, 7], "texture": "#0"},
				"west": {"uv": [7, 5.5, 6.5, 7], "texture": "#0"},
				"up": {"uv": [7, 5.5, 6.5, 6], "texture": "#0"},
				"down": {"uv": [7, 7, 6.5, 6.5], "texture": "#0"}
			}
		},
		{
			"from": [-1, -3, 7.5],
			"to": [0, 0, 8.5],
			"rotation": {"angle": 0, "axis": "z", "origin": [14, -12, 8]},
			"faces": {
				"north": {"uv": [6, 6, 6.5, 7.5], "texture": "#0"},
				"east": {"uv": [6, 6, 6.5, 7.5], "texture": "#0"},
				"south": {"uv": [6.5, 6, 6, 7.5], "texture": "#0"},
				"west": {"uv": [6.5, 6, 6, 7.5], "texture": "#0"},
				"up": {"uv": [6.5, 6, 6, 6.5], "texture": "#0"},
				"down": {"uv": [6.5, 7.5, 6, 7], "texture": "#0"}
			}
		},
		{
			"from": [0, -2, 7.5],
			"to": [1, -1, 8.5],
			"rotation": {"angle": 0, "axis": "z", "origin": [15, -12, 8]},
			"faces": {
				"north": {"uv": [5.5, 6.5, 6, 7], "texture": "#0"},
				"east": {"uv": [5.5, 6.5, 6, 7], "texture": "#0"},
				"south": {"uv": [6, 6.5, 5.5, 7], "texture": "#0"},
				"west": {"uv": [6, 6.5, 5.5, 7], "texture": "#0"},
				"up": {"uv": [6, 6.5, 5.5, 7], "texture": "#0"},
				"down": {"uv": [6, 7, 5.5, 6.5], "texture": "#0"}
			}
		},
		{
			"from": [0, 4, 7.5],
			"to": [1, 6, 8.5],
			"rotation": {"angle": 0, "axis": "z", "origin": [15, -5, 8]},
			"faces": {
				"north": {"uv": [5.5, 3, 6, 4], "texture": "#0"},
				"east": {"uv": [5.5, 3, 6, 4], "texture": "#0"},
				"south": {"uv": [6, 3, 5.5, 4], "texture": "#0"},
				"west": {"uv": [6, 3, 5.5, 4], "texture": "#0"},
				"up": {"uv": [6, 3, 5.5, 3.5], "texture": "#0"},
				"down": {"uv": [6, 4, 5.5, 3.5], "texture": "#0"}
			}
		},
		{
			"from": [-1, 3, 7.5],
			"to": [0, 5, 8.5],
			"rotation": {"angle": 0, "axis": "z", "origin": [14, -6, 8]},
			"faces": {
				"north": {"uv": [6, 3.5, 6.5, 4.5], "texture": "#0"},
				"east": {"uv": [6, 3.5, 6.5, 4.5], "texture": "#0"},
				"south": {"uv": [6.5, 3.5, 6, 4.5], "texture": "#0"},
				"west": {"uv": [6.5, 3.5, 6, 4.5], "texture": "#0"},
				"up": {"uv": [6.5, 3.5, 6, 4], "texture": "#0"},
				"down": {"uv": [6.5, 4.5, 6, 4], "texture": "#0"}
			}
		},
		{
			"from": [-1, 1, 7.5],
			"to": [0, 2, 8.5],
			"rotation": {"angle": 0, "axis": "z", "origin": [14, -9, 8]},
			"faces": {
				"north": {"uv": [6, 5, 6.5, 5.5], "texture": "#0"},
				"east": {"uv": [6, 5, 6.5, 5.5], "texture": "#0"},
				"south": {"uv": [6.5, 5, 6, 5.5], "texture": "#0"},
				"west": {"uv": [6.5, 5, 6, 5.5], "texture": "#0"},
				"up": {"uv": [6.5, 5, 6, 5.5], "texture": "#0"},
				"down": {"uv": [6.5, 5.5, 6, 5], "texture": "#0"}
			}
		},
		{
			"from": [1, -1, 7.5],
			"to": [2, 0, 8.5],
			"rotation": {"angle": 0, "axis": "z", "origin": [16, -11, 8]},
			"faces": {
				"north": {"uv": [5, 6, 5.5, 6.5], "texture": "#0"},
				"east": {"uv": [5, 6, 5.5, 6.5], "texture": "#0"},
				"south": {"uv": [5.5, 6, 5, 6.5], "texture": "#0"},
				"west": {"uv": [5.5, 6, 5, 6.5], "texture": "#0"},
				"up": {"uv": [5.5, 6, 5, 6.5], "texture": "#0"},
				"down": {"uv": [5.5, 6.5, 5, 6], "texture": "#0"}
			}
		},
		{
			"from": [3, -1, 7.5],
			"to": [5, 0, 8.5],
			"rotation": {"angle": 0, "axis": "z", "origin": [18, -11, 8]},
			"faces": {
				"north": {"uv": [3.5, 6, 4.5, 6.5], "texture": "#0"},
				"east": {"uv": [3.5, 6, 4, 6.5], "texture": "#0"},
				"south": {"uv": [4.5, 6, 3.5, 6.5], "texture": "#0"},
				"west": {"uv": [4.5, 6, 4, 6.5], "texture": "#0"},
				"up": {"uv": [4.5, 6, 3.5, 6.5], "texture": "#0"},
				"down": {"uv": [4.5, 6.5, 3.5, 6], "texture": "#0"}
			}
		},
		{
			"from": [4, 0, 7.5],
			"to": [6, 1, 8.5],
			"rotation": {"angle": 0, "axis": "z", "origin": [19, -10, 8]},
			"faces": {
				"north": {"uv": [3, 5.5, 4, 6], "texture": "#0"},
				"east": {"uv": [3, 5.5, 3.5, 6], "texture": "#0"},
				"south": {"uv": [4, 5.5, 3, 6], "texture": "#0"},
				"west": {"uv": [4, 5.5, 3.5, 6], "texture": "#0"},
				"up": {"uv": [4, 5.5, 3, 6], "texture": "#0"},
				"down": {"uv": [4, 6, 3, 5.5], "texture": "#0"}
			}
		},
		{
			"from": [-4, 5, 7.5],
			"to": [-3, 6, 8.5],
			"rotation": {"angle": 0, "axis": "z", "origin": [11, -5, 8]},
			"faces": {
				"north": {"uv": [7.5, 3, 8, 3.5], "texture": "#0"},
				"east": {"uv": [7.5, 3, 8, 3.5], "texture": "#0"},
				"south": {"uv": [8, 3, 7.5, 3.5], "texture": "#0"},
				"west": {"uv": [8, 3, 7.5, 3.5], "texture": "#0"},
				"up": {"uv": [8, 3, 7.5, 3.5], "texture": "#0"},
				"down": {"uv": [8, 3.5, 7.5, 3], "texture": "#0"}
			}
		},
		{
			"from": [-5, 6, 7.5],
			"to": [-4, 7, 8.5],
			"rotation": {"angle": 0, "axis": "z", "origin": [10, -4, 8]},
			"faces": {
				"north": {"uv": [8, 2.5, 8.5, 3], "texture": "#0"},
				"east": {"uv": [8, 2.5, 8.5, 3], "texture": "#0"},
				"south": {"uv": [8.5, 2.5, 8, 3], "texture": "#0"},
				"west": {"uv": [8.5, 2.5, 8, 3], "texture": "#0"},
				"up": {"uv": [8.5, 2.5, 8, 3], "texture": "#0"},
				"down": {"uv": [8.5, 3, 8, 2.5], "texture": "#0"}
			}
		},
		{
			"from": [-6, 7, 7.5],
			"to": [-5, 8, 8.5],
			"rotation": {"angle": 0, "axis": "z", "origin": [9, -3, 8]},
			"faces": {
				"north": {"uv": [8.5, 2, 9, 2.5], "texture": "#0"},
				"east": {"uv": [8.5, 2, 9, 2.5], "texture": "#0"},
				"south": {"uv": [9, 2, 8.5, 2.5], "texture": "#0"},
				"west": {"uv": [9, 2, 8.5, 2.5], "texture": "#0"},
				"up": {"uv": [9, 2, 8.5, 2.5], "texture": "#0"},
				"down": {"uv": [9, 2.5, 8.5, 2], "texture": "#0"}
			}
		},
		{
			"from": [-7, 8, 7.5],
			"to": [-6, 9, 8.5],
			"rotation": {"angle": 0, "axis": "z", "origin": [8, -2, 8]},
			"faces": {
				"north": {"uv": [9, 1.5, 9.5, 2], "texture": "#0"},
				"east": {"uv": [9, 1.5, 9.5, 2], "texture": "#0"},
				"south": {"uv": [9.5, 1.5, 9, 2], "texture": "#0"},
				"west": {"uv": [9.5, 1.5, 9, 2], "texture": "#0"},
				"up": {"uv": [9.5, 1.5, 9, 2], "texture": "#0"},
				"down": {"uv": [9.5, 2, 9, 1.5], "texture": "#0"}
			}
		},
		{
			"from": [6, -5, 7.5],
			"to": [7, -4, 8.5],
			"rotation": {"angle": 0, "axis": "z", "origin": [21, -15, 8]},
			"faces": {
				"north": {"uv": [2.5, 8, 3, 8.5], "texture": "#0"},
				"east": {"uv": [2.5, 8, 3, 8.5], "texture": "#0"},
				"south": {"uv": [3, 8, 2.5, 8.5], "texture": "#0"},
				"west": {"uv": [3, 8, 2.5, 8.5], "texture": "#0"},
				"up": {"uv": [3, 8, 2.5, 8.5], "texture": "#0"},
				"down": {"uv": [3, 8.5, 2.5, 8], "texture": "#0"}
			}
		},
		{
			"from": [7, -6, 7.5],
			"to": [8, -5, 8.5],
			"rotation": {"angle": 0, "axis": "z", "origin": [22, -16, 8]},
			"faces": {
				"north": {"uv": [2, 8.5, 2.5, 9], "texture": "#0"},
				"east": {"uv": [2, 8.5, 2.5, 9], "texture": "#0"},
				"south": {"uv": [2.5, 8.5, 2, 9], "texture": "#0"},
				"west": {"uv": [2.5, 8.5, 2, 9], "texture": "#0"},
				"up": {"uv": [2.5, 8.5, 2, 9], "texture": "#0"},
				"down": {"uv": [2.5, 9, 2, 8.5], "texture": "#0"}
			}
		},
		{
			"from": [8, -7, 7.5],
			"to": [9, -6, 8.5],
			"rotation": {"angle": 0, "axis": "z", "origin": [23, -17, 8]},
			"faces": {
				"north": {"uv": [1.5, 9, 2, 9.5], "texture": "#0"},
				"east": {"uv": [1.5, 9, 2, 9.5], "texture": "#0"},
				"south": {"uv": [2, 9, 1.5, 9.5], "texture": "#0"},
				"west": {"uv": [2, 9, 1.5, 9.5], "texture": "#0"},
				"up": {"uv": [2, 9, 1.5, 9.5], "texture": "#0"},
				"down": {"uv": [2, 9.5, 1.5, 9], "texture": "#0"}
			}
		},
		{
			"from": [5, -4, 7.5],
			"to": [6, -3, 8.5],
			"rotation": {"angle": 0, "axis": "z", "origin": [20, -14, 8]},
			"faces": {
				"north": {"uv": [3, 7.5, 3.5, 8], "texture": "#0"},
				"east": {"uv": [3, 7.5, 3.5, 8], "texture": "#0"},
				"south": {"uv": [3.5, 7.5, 3, 8], "texture": "#0"},
				"west": {"uv": [3.5, 7.5, 3, 8], "texture": "#0"},
				"up": {"uv": [3.5, 7.5, 3, 8], "texture": "#0"},
				"down": {"uv": [3.5, 8, 3, 7.5], "texture": "#0"}
			}
		},
		{
			"from": [8, -16, 7.5],
			"to": [9, -15, 8.5],
			"rotation": {"angle": 0, "axis": "y", "origin": [16, -8, 15.5]},
			"faces": {
				"north": {"uv": [0, 15.5, 0.5, 16], "texture": "#1"},
				"east": {"uv": [0, 15.5, 0.5, 16], "texture": "#1"},
				"south": {"uv": [0, 15.5, 0.5, 16], "texture": "#1"},
				"west": {"uv": [0, 15.5, 0.5, 16], "texture": "#1"},
				"up": {"uv": [0, 15.5, 0.5, 16], "texture": "#1"},
				"down": {"uv": [0, 15.5, 0.5, 16], "texture": "#1"}
			}
		},
		{
			"from": [7, -15, 7.5],
			"to": [8, -14, 8.5],
			"rotation": {"angle": 0, "axis": "y", "origin": [15, -7, 15.5]},
			"faces": {
				"north": {"uv": [0.5, 15.5, 1, 16], "texture": "#1"},
				"east": {"uv": [0.5, 15.5, 1, 16], "texture": "#1"},
				"south": {"uv": [0.5, 15.5, 1, 16], "texture": "#1"},
				"west": {"uv": [0.5, 15.5, 1, 16], "texture": "#1"},
				"up": {"uv": [0.5, 15.5, 1, 16], "texture": "#1"},
				"down": {"uv": [0.5, 15.5, 1, 16], "texture": "#1"}
			}
		},
		{
			"from": [6, -14, 7.5],
			"to": [7, -13, 8.5],
			"rotation": {"angle": 0, "axis": "y", "origin": [14, -6, 15.5]},
			"faces": {
				"north": {"uv": [1, 15.5, 1.5, 16], "texture": "#1"},
				"east": {"uv": [1, 15.5, 1.5, 16], "texture": "#1"},
				"south": {"uv": [1, 15.5, 1.5, 16], "texture": "#1"},
				"west": {"uv": [1, 15.5, 1.5, 16], "texture": "#1"},
				"up": {"uv": [1, 15.5, 1.5, 16], "texture": "#1"},
				"down": {"uv": [1, 15.5, 1.5, 16], "texture": "#1"}
			}
		},
		{
			"from": [5, -13, 7.5],
			"to": [6, -12, 8.5],
			"rotation": {"angle": 0, "axis": "y", "origin": [13, -5, 15.5]},
			"faces": {
				"north": {"uv": [1.5, 15.5, 2, 16], "texture": "#1"},
				"east": {"uv": [1.5, 15.5, 2, 16], "texture": "#1"},
				"south": {"uv": [1.5, 15.5, 2, 16], "texture": "#1"},
				"west": {"uv": [1.5, 15.5, 2, 16], "texture": "#1"},
				"up": {"uv": [1.5, 15.5, 2, 16], "texture": "#1"},
				"down": {"uv": [1.5, 15.5, 2, 16], "texture": "#1"}
			}
		},
		{
			"from": [4, -12, 7.5],
			"to": [5, -11, 8.5],
			"rotation": {"angle": 0, "axis": "y", "origin": [12, -4, 15.5]},
			"faces": {
				"north": {"uv": [2, 15.5, 2.5, 16], "texture": "#1"},
				"east": {"uv": [2, 15.5, 2.5, 16], "texture": "#1"},
				"south": {"uv": [2, 15.5, 2.5, 16], "texture": "#1"},
				"west": {"uv": [2, 15.5, 2.5, 16], "texture": "#1"},
				"up": {"uv": [2, 15.5, 2.5, 16], "texture": "#1"},
				"down": {"uv": [2, 15.5, 2.5, 16], "texture": "#1"}
			}
		},
		{
			"from": [3, -11, 7.5],
			"to": [4, -10, 8.5],
			"rotation": {"angle": 0, "axis": "y", "origin": [11, -3, 15.5]},
			"faces": {
				"north": {"uv": [2.5, 15.5, 3, 16], "texture": "#1"},
				"east": {"uv": [2.5, 15.5, 3, 16], "texture": "#1"},
				"south": {"uv": [2.5, 15.5, 3, 16], "texture": "#1"},
				"west": {"uv": [2.5, 15.5, 3, 16], "texture": "#1"},
				"up": {"uv": [2.5, 15.5, 3, 16], "texture": "#1"},
				"down": {"uv": [2.5, 15.5, 3, 16], "texture": "#1"}
			}
		},
		{
			"from": [2, -10, 7.5],
			"to": [3, -9, 8.5],
			"rotation": {"angle": 0, "axis": "y", "origin": [10, -2, 15.5]},
			"faces": {
				"north": {"uv": [3, 15.5, 3.5, 16], "texture": "#1"},
				"east": {"uv": [3, 15.5, 3.5, 16], "texture": "#1"},
				"south": {"uv": [3, 15.5, 3.5, 16], "texture": "#1"},
				"west": {"uv": [3, 15.5, 3.5, 16], "texture": "#1"},
				"up": {"uv": [3, 15.5, 3.5, 16], "texture": "#1"},
				"down": {"uv": [3, 15.5, 3.5, 16], "texture": "#1"}
			}
		},
		{
			"from": [1, -9, 7.5],
			"to": [2, -8, 8.5],
			"rotation": {"angle": 0, "axis": "y", "origin": [9, -1, 15.5]},
			"faces": {
				"north": {"uv": [3.5, 15.5, 4, 16], "texture": "#1"},
				"east": {"uv": [3.5, 15.5, 4, 16], "texture": "#1"},
				"south": {"uv": [3.5, 15.5, 4, 16], "texture": "#1"},
				"west": {"uv": [3.5, 15.5, 4, 16], "texture": "#1"},
				"up": {"uv": [3.5, 15.5, 4, 16], "texture": "#1"},
				"down": {"uv": [3.5, 15.5, 4, 16], "texture": "#1"}
			}
		},
		{
			"from": [0, -8, 7.5],
			"to": [1, -7, 8.5],
			"rotation": {"angle": 0, "axis": "y", "origin": [8, 0, 15.5]},
			"faces": {
				"north": {"uv": [4, 15.5, 4.5, 16], "texture": "#1"},
				"east": {"uv": [4, 15.5, 4.5, 16], "texture": "#1"},
				"south": {"uv": [4, 15.5, 4.5, 16], "texture": "#1"},
				"west": {"uv": [4, 15.5, 4.5, 16], "texture": "#1"},
				"up": {"uv": [4, 15.5, 4.5, 16], "texture": "#1"},
				"down": {"uv": [4, 15.5, 4.5, 16], "texture": "#1"}
			}
		},
		{
			"from": [-1, -7, 7.5],
			"to": [0, -6, 8.5],
			"rotation": {"angle": 0, "axis": "y", "origin": [7, 1, 15.5]},
			"faces": {
				"north": {"uv": [4.5, 15.5, 5, 16], "texture": "#1"},
				"east": {"uv": [4.5, 15.5, 5, 16], "texture": "#1"},
				"south": {"uv": [4.5, 15.5, 5, 16], "texture": "#1"},
				"west": {"uv": [4.5, 15.5, 5, 16], "texture": "#1"},
				"up": {"uv": [4.5, 15.5, 5, 16], "texture": "#1"},
				"down": {"uv": [4.5, 15.5, 5, 16], "texture": "#1"}
			}
		},
		{
			"from": [-2, -6, 7.5],
			"to": [-1, -5, 8.5],
			"rotation": {"angle": 0, "axis": "y", "origin": [6, 2, 15.5]},
			"faces": {
				"north": {"uv": [5, 15.5, 5.5, 16], "texture": "#1"},
				"east": {"uv": [5, 15.5, 5.5, 16], "texture": "#1"},
				"south": {"uv": [5, 15.5, 5.5, 16], "texture": "#1"},
				"west": {"uv": [5, 15.5, 5.5, 16], "texture": "#1"},
				"up": {"uv": [5, 15.5, 5.5, 16], "texture": "#1"},
				"down": {"uv": [5, 15.5, 5.5, 16], "texture": "#1"}
			}
		},
		{
			"from": [-3, -5, 7.5],
			"to": [-2, -4, 8.5],
			"rotation": {"angle": 0, "axis": "y", "origin": [5, 3, 15.5]},
			"faces": {
				"north": {"uv": [5.5, 15.5, 6, 16], "texture": "#1"},
				"east": {"uv": [5.5, 15.5, 6, 16], "texture": "#1"},
				"south": {"uv": [5.5, 15.5, 6, 16], "texture": "#1"},
				"west": {"uv": [5.5, 15.5, 6, 16], "texture": "#1"},
				"up": {"uv": [5.5, 15.5, 6, 16], "texture": "#1"},
				"down": {"uv": [5.5, 15.5, 6, 16], "texture": "#1"}
			}
		},
		{
			"from": [-4, -4, 7.5],
			"to": [-3, -3, 8.5],
			"rotation": {"angle": 0, "axis": "y", "origin": [4, 4, 15.5]},
			"faces": {
				"north": {"uv": [7.5, 15.5, 8, 16], "texture": "#1"},
				"east": {"uv": [7.5, 15.5, 8, 16], "texture": "#1"},
				"south": {"uv": [7.5, 15.5, 8, 16], "texture": "#1"},
				"west": {"uv": [7.5, 15.5, 8, 16], "texture": "#1"},
				"up": {"uv": [7.5, 15.5, 8, 16], "texture": "#1"},
				"down": {"uv": [7.5, 15.5, 8, 16], "texture": "#1"}
			}
		},
		{
			"from": [-5, -3, 7.5],
			"to": [-4, -2, 8.5],
			"rotation": {"angle": 0, "axis": "y", "origin": [3, 5, 15.5]},
			"faces": {
				"north": {"uv": [9.5, 15.5, 10, 16], "texture": "#1"},
				"east": {"uv": [9.5, 15.5, 10, 16], "texture": "#1"},
				"south": {"uv": [9.5, 15.5, 10, 16], "texture": "#1"},
				"west": {"uv": [9.5, 15.5, 10, 16], "texture": "#1"},
				"up": {"uv": [9.5, 15.5, 10, 16], "texture": "#1"},
				"down": {"uv": [9.5, 15.5, 10, 16], "texture": "#1"}
			}
		},
		{
			"from": [-6, -2, 7.5],
			"to": [-5, -1, 8.5],
			"rotation": {"angle": 0, "axis": "y", "origin": [2, 6, 15.5]},
			"faces": {
				"north": {"uv": [10, 15.5, 10.5, 16], "texture": "#1"},
				"east": {"uv": [10, 15.5, 10.5, 16], "texture": "#1"},
				"south": {"uv": [10, 15.5, 10.5, 16], "texture": "#1"},
				"west": {"uv": [10, 15.5, 10.5, 16], "texture": "#1"},
				"up": {"uv": [10, 15.5, 10.5, 16], "texture": "#1"},
				"down": {"uv": [10, 15.5, 10.5, 16], "texture": "#1"}
			}
		},
		{
			"from": [-7, -1, 7.5],
			"to": [-6, 0, 8.5],
			"rotation": {"angle": 0, "axis": "y", "origin": [1, 7, 15.5]},
			"faces": {
				"north": {"uv": [10.5, 15.5, 11, 16], "texture": "#1"},
				"east": {"uv": [10.5, 15.5, 11, 16], "texture": "#1"},
				"south": {"uv": [10.5, 15.5, 11, 16], "texture": "#1"},
				"west": {"uv": [10.5, 15.5, 11, 16], "texture": "#1"},
				"up": {"uv": [10.5, 15.5, 11, 16], "texture": "#1"},
				"down": {"uv": [10.5, 15.5, 11, 16], "texture": "#1"}
			}
		},
		{
			"from": [-8, 0, 7.5],
			"to": [-7, 1, 8.5],
			"rotation": {"angle": 0, "axis": "y", "origin": [0, 8, 15.5]},
			"faces": {
				"north": {"uv": [11, 15.5, 11.5, 16], "texture": "#1"},
				"east": {"uv": [11, 15.5, 11.5, 16], "texture": "#1"},
				"south": {"uv": [11, 15.5, 11.5, 16], "texture": "#1"},
				"west": {"uv": [11, 15.5, 11.5, 16], "texture": "#1"},
				"up": {"uv": [11, 15.5, 11.5, 16], "texture": "#1"},
				"down": {"uv": [11, 15.5, 11.5, 16], "texture": "#1"}
			}
		},
		{
			"from": [-9, 1, 7.5],
			"to": [-8, 2, 8.5],
			"rotation": {"angle": 0, "axis": "y", "origin": [-1, 9, 15.5]},
			"faces": {
				"north": {"uv": [11.5, 15.5, 12, 16], "texture": "#1"},
				"east": {"uv": [11.5, 15.5, 12, 16], "texture": "#1"},
				"south": {"uv": [11.5, 15.5, 12, 16], "texture": "#1"},
				"west": {"uv": [11.5, 15.5, 12, 16], "texture": "#1"},
				"up": {"uv": [11.5, 15.5, 12, 16], "texture": "#1"},
				"down": {"uv": [11.5, 15.5, 12, 16], "texture": "#1"}
			}
		},
		{
			"from": [-10, 2, 7.5],
			"to": [-9, 3, 8.5],
			"rotation": {"angle": 0, "axis": "y", "origin": [-2, 10, 15.5]},
			"faces": {
				"north": {"uv": [12, 15.5, 12.5, 16], "texture": "#1"},
				"east": {"uv": [12, 15.5, 12.5, 16], "texture": "#1"},
				"south": {"uv": [12, 15.5, 12.5, 16], "texture": "#1"},
				"west": {"uv": [12, 15.5, 12.5, 16], "texture": "#1"},
				"up": {"uv": [12, 15.5, 12.5, 16], "texture": "#1"},
				"down": {"uv": [12, 15.5, 12.5, 16], "texture": "#1"}
			}
		},
		{
			"from": [-11, 3, 7.5],
			"to": [-10, 4, 8.5],
			"rotation": {"angle": 0, "axis": "y", "origin": [-3, 11, 15.5]},
			"faces": {
				"north": {"uv": [12.5, 15.5, 13, 16], "texture": "#1"},
				"east": {"uv": [12.5, 15.5, 13, 16], "texture": "#1"},
				"south": {"uv": [12.5, 15.5, 13, 16], "texture": "#1"},
				"west": {"uv": [12.5, 15.5, 13, 16], "texture": "#1"},
				"up": {"uv": [12.5, 15.5, 13, 16], "texture": "#1"},
				"down": {"uv": [12.5, 15.5, 13, 16], "texture": "#1"}
			}
		},
		{
			"from": [-12, 4, 7.5],
			"to": [-11, 5, 8.5],
			"rotation": {"angle": 0, "axis": "y", "origin": [-4, 12, 15.5]},
			"faces": {
				"north": {"uv": [13, 15.5, 13.5, 16], "texture": "#1"},
				"east": {"uv": [13, 15.5, 13.5, 16], "texture": "#1"},
				"south": {"uv": [13, 15.5, 13.5, 16], "texture": "#1"},
				"west": {"uv": [13, 15.5, 13.5, 16], "texture": "#1"},
				"up": {"uv": [13, 15.5, 13.5, 16], "texture": "#1"},
				"down": {"uv": [13, 15.5, 13.5, 16], "texture": "#1"}
			}
		},
		{
			"from": [-13, 5, 7.5],
			"to": [-12, 6, 8.5],
			"rotation": {"angle": 0, "axis": "y", "origin": [-5, 13, 15.5]},
			"faces": {
				"north": {"uv": [13.5, 15.5, 14, 16], "texture": "#1"},
				"east": {"uv": [13.5, 15.5, 14, 16], "texture": "#1"},
				"south": {"uv": [13.5, 15.5, 14, 16], "texture": "#1"},
				"west": {"uv": [13.5, 15.5, 14, 16], "texture": "#1"},
				"up": {"uv": [13.5, 15.5, 14, 16], "texture": "#1"},
				"down": {"uv": [13.5, 15.5, 14, 16], "texture": "#1"}
			}
		},
		{
			"from": [-14, 6, 7.5],
			"to": [-13, 7, 8.5],
			"rotation": {"angle": 0, "axis": "y", "origin": [-6, 14, 15.5]},
			"faces": {
				"north": {"uv": [14, 15.5, 14.5, 16], "texture": "#1"},
				"east": {"uv": [14, 15.5, 14.5, 16], "texture": "#1"},
				"south": {"uv": [14, 15.5, 14.5, 16], "texture": "#1"},
				"west": {"uv": [14, 15.5, 14.5, 16], "texture": "#1"},
				"up": {"uv": [14, 15.5, 14.5, 16], "texture": "#1"},
				"down": {"uv": [14, 15.5, 14.5, 16], "texture": "#1"}
			}
		},
		{
			"from": [-15, 7, 7.5],
			"to": [-14, 8, 8.5],
			"rotation": {"angle": 0, "axis": "y", "origin": [-7, 15, 15.5]},
			"faces": {
				"north": {"uv": [14.5, 15.5, 15, 16], "texture": "#1"},
				"east": {"uv": [14.5, 15.5, 15, 16], "texture": "#1"},
				"south": {"uv": [14.5, 15.5, 15, 16], "texture": "#1"},
				"west": {"uv": [14.5, 15.5, 15, 16], "texture": "#1"},
				"up": {"uv": [14.5, 15.5, 15, 16], "texture": "#1"},
				"down": {"uv": [14.5, 15.5, 15, 16], "texture": "#1"}
			}
		},
		{
			"from": [-16, 8, 7.5],
			"to": [-15, 9, 8.5],
			"rotation": {"angle": 0, "axis": "y", "origin": [-8, 16, 15.5]},
			"faces": {
				"north": {"uv": [15, 15.5, 15.5, 16], "texture": "#1"},
				"east": {"uv": [15, 15.5, 15.5, 16], "texture": "#1"},
				"south": {"uv": [15, 15.5, 15.5, 16], "texture": "#1"},
				"west": {"uv": [15, 15.5, 15.5, 16], "texture": "#1"},
				"up": {"uv": [15, 15.5, 15.5, 16], "texture": "#1"},
				"down": {"uv": [15, 15.5, 15.5, 16], "texture": "#1"}
			}
		}
	],
	"gui_light": "front",
	"display": {
		"thirdperson_righthand": {
			"rotation": [0, 90, -45],
			"translation": [0, -1.75, -11]
		},
		"thirdperson_lefthand": {
			"rotation": [0, -90, 45],
			"translation": [0, -1.75, -11]
		},
		"firstperson_righthand": {
			"rotation": [0, 90, -90],
			"translation": [0, -8, 0],
			"scale": [0.8, 0.8, 0.8]
		},
		"firstperson_lefthand": {
			"rotation": [0, -90, 90],
			"translation": [0, -8, 0],
			"scale": [0.8, 0.8, 0.8]
		},
		"ground": {
			"translation": [8, 8.25, 0],
			"scale": [0.5, 0.5, 0.5]
		},
		"gui": {
			"translation": [-5.25, 5.25, 0],
			"scale": [0.5, 0.5, 0.5],
			"rotation": [0, 0, 90]
		},
		"head": {
			"rotation": [0, 180, 0],
			"translation": [-16, 30, 8]
		},
		"fixed": {
			"rotation": [0, 180, 0],
			"translation": [-4, 4, 0],
			"scale": [0.5, 0.5, 0.5]
		}
	},
	"groups": [
		{
			"name": "bow",
			"origin": [43, 3, 8],
			"children": [0, 1, 2, 3, 4, 5, 6, 7, 8, 9, 10, 11, 12, 13, 14, 15, 16, 17, 18, 19, 20, 21, 22, 23, 24, 25, 26, 27, 28, 29, 30, 31, 32, 33, 34, 35, 36, 37, 38, 39, 40, 41, 42, 43, 44, 45,
				{
					"name": "rod",
					"origin": [28, 18, 8],
					"children": [46, 47, 48, 49]
				},
				{
					"name": "rod",
					"origin": [40, 6, 8],
					"children": [50, 51, 52, 53]
				}
			]
		},
		{
			"name": "string",
			"origin": [8, 8, 15.5],
			"children": [54, 55, 56, 57, 58, 59, 60, 61, 62, 63, 64, 65, 66, 67, 68, 69, 70, 71, 72, 73, 74, 75, 76, 77, 78]
		}
	]
}