{
	"credit": "Made with Blockbench",
	"texture_size": [64, 64],
	"textures": {
		"0": "item/entity/rat/idle",
		"particle": "item/entity/rat/idle"
	},
	"elements": [
		{
			"name": "body",
			"from": [4, 4, 6],
			"to": [12, 14, 12],
			"rotation": {"angle": -22.5, "axis": "x", "origin": [16, 13, 12]},
			"faces": {
				"north": {"uv": [9, 0, 11, 2.5], "rotation": 180, "texture": "#0"},
				"east": {"uv": [4.5, 1.5, 7, 3], "rotation": 270, "texture": "#0"},
				"south": {"uv": [7, 0, 9, 2.5], "texture": "#0"},
				"west": {"uv": [4.5, 0, 7, 1.5], "rotation": 90, "texture": "#0"},
				"up": {"uv": [2.5, 0, 4.5, 1.5], "rotation": 180, "texture": "#0"},
				"down": {"uv": [2.5, 1.5, 4.5, 3], "texture": "#0"}
			}
		},
		{
			"name": "head",
			"from": [6, 11, 2],
			"to": [10, 15, 8],
			"rotation": {"angle": 0, "axis": "y", "origin": [13, 12, 13]},
			"faces": {
				"north": {"uv": [0, 5, 1, 6], "texture": "#0"},
				"east": {"uv": [1.5, 6, 3, 7], "texture": "#0"},
				"south": {"uv": [1, 5, 2, 6], "texture": "#0"},
				"west": {"uv": [0, 6, 1.5, 7], "texture": "#0"},
				"up": {"uv": [0, 7, 1, 8.5], "texture": "#0"},
				"down": {"uv": [1, 7, 2, 8.5], "texture": "#0"}
			}
		},
		{
			"name": "lear",
			"from": [6, 15, 2],
			"to": [7, 16, 4],
			"rotation": {"angle": 0, "axis": "y", "origin": [13, 12, 13]},
			"faces": {
				"north": {"uv": [1.25, 0.25, 1.5, 0.5], "texture": "#0"},
				"east": {"uv": [0.75, 0.25, 1.25, 0.5], "texture": "#0"},
				"south": {"uv": [1.25, 0, 1.5, 0.25], "texture": "#0"},
				"west": {"uv": [0.75, 0, 1.25, 0.25], "texture": "#0"},
				"up": {"uv": [1.5, 0, 1.75, 0.5], "texture": "#0"},
				"down": {"uv": [1.75, 0, 2, 0.5], "texture": "#0"}
			}
		},
		{
			"name": "rear",
			"from": [9, 15, 2],
			"to": [10, 16, 4],
			"rotation": {"angle": 0, "axis": "y", "origin": [13, 12, 13]},
			"faces": {
				"north": {"uv": [1.25, 0.25, 1.5, 0.5], "texture": "#0"},
				"east": {"uv": [0.75, 0, 1.25, 0.25], "texture": "#0"},
				"south": {"uv": [1.25, 0, 1.5, 0.25], "texture": "#0"},
				"west": {"uv": [0.75, 0.25, 1.25, 0.5], "texture": "#0"},
				"up": {"uv": [1.5, 0, 1.75, 0.5], "texture": "#0"},
				"down": {"uv": [1.75, 0, 2, 0.5], "texture": "#0"}
			}
		},
		{
			"name": "lbfoot",
			"from": [4, 0, 10],
			"to": [6, 3, 11],
			"rotation": {"angle": 0, "axis": "x", "origin": [8, 3, 8]},
			"faces": {
				"north": {"uv": [0, 4.25, 0.5, 5], "rotation": 180, "texture": "#0"},
				"east": {"uv": [0.75, 4, 1.5, 4.25], "rotation": 90, "texture": "#0"},
				"south": {"uv": [0.5, 4.25, 1, 5], "texture": "#0"},
				"west": {"uv": [0, 4, 0.75, 4.25], "rotation": 270, "texture": "#0"},
				"up": {"uv": [0.5, 3.75, 1, 4], "texture": "#0"},
				"down": {"uv": [0, 3.75, 0.5, 4], "rotation": 180, "texture": "#0"}
			}
		},
		{
			"name": "rbfoot",
			"from": [10, 0, 10],
			"to": [12, 3, 11],
			"rotation": {"angle": 0, "axis": "x", "origin": [8, 3, 8]},
			"faces": {
				"north": {"uv": [0, 4.25, 0.5, 5], "rotation": 180, "texture": "#0"},
				"east": {"uv": [0.75, 4, 1.5, 4.25], "rotation": 90, "texture": "#0"},
				"south": {"uv": [0.5, 4.25, 1, 5], "texture": "#0"},
				"west": {"uv": [0, 4, 0.75, 4.25], "rotation": 270, "texture": "#0"},
				"up": {"uv": [0.5, 3.75, 1, 4], "texture": "#0"},
				"down": {"uv": [0, 3.75, 0.5, 4], "rotation": 180, "texture": "#0"}
			}
		},
		{
			"name": "rffoot",
			"from": [10, 8, 6],
			"to": [12, 11, 7],
			"rotation": {"angle": 22.5, "axis": "x", "origin": [8, 11, 6]},
			"faces": {
				"north": {"uv": [0, 4.25, 0.5, 5], "rotation": 180, "texture": "#0"},
				"east": {"uv": [0.75, 4, 1.5, 4.25], "rotation": 90, "texture": "#0"},
				"south": {"uv": [0.5, 4.25, 1, 5], "texture": "#0"},
				"west": {"uv": [0, 4, 0.75, 4.25], "rotation": 270, "texture": "#0"},
				"up": {"uv": [0.5, 3.75, 1, 4], "texture": "#0"},
				"down": {"uv": [0, 3.75, 0.5, 4], "rotation": 180, "texture": "#0"}
			}
		},
		{
			"name": "lffoot",
			"from": [4, 8, 6],
			"to": [6, 11, 7],
			"rotation": {"angle": 22.5, "axis": "x", "origin": [8, 11, 6]},
			"faces": {
				"north": {"uv": [0, 4.25, 0.5, 5], "rotation": 180, "texture": "#0"},
				"east": {"uv": [0.75, 4, 1.5, 4.25], "rotation": 90, "texture": "#0"},
				"south": {"uv": [0.5, 4.25, 1, 5], "texture": "#0"},
				"west": {"uv": [0, 4, 0.75, 4.25], "rotation": 270, "texture": "#0"},
				"up": {"uv": [0.5, 3.75, 1, 4], "texture": "#0"},
				"down": {"uv": [0, 3.75, 0.5, 4], "rotation": 180, "texture": "#0"}
			}
		},
		{
			"name": "tail",
			"from": [7, -5, 11],
			"to": [9, 5, 13],
			"rotation": {"angle": 22.5, "axis": "x", "origin": [15, 4, 10]},
			"faces": {
				"north": {"uv": [0, 3.25, 2.5, 3.75], "rotation": 270, "texture": "#0"},
				"east": {"uv": [0, 2.25, 2.5, 2.75], "rotation": 270, "texture": "#0"},
				"south": {"uv": [0, 2.75, 2.5, 3.25], "rotation": 90, "texture": "#0"},
				"west": {"uv": [0, 1.75, 2.5, 2.25], "rotation": 90, "texture": "#0"},
				"up": {"uv": [0, 1.25, 0.5, 1.75], "rotation": 180, "texture": "#0"},
				"down": {"uv": [0.5, 1.25, 1, 1.75], "texture": "#0"}
			}
		},
		{
			"name": "nose",
			"from": [7, 12, 1.5],
			"to": [9, 13, 2.5],
			"rotation": {"angle": 0, "axis": "y", "origin": [13, 12, 13]},
			"faces": {
				"north": {"uv": [0, 0, 0.5, 0.25], "texture": "#0"},
				"east": {"uv": [0.5, 0.25, 0.75, 0.5], "texture": "#0"},
				"south": {"uv": [0, 0.5, 0.5, 0.75], "texture": "#0"},
				"west": {"uv": [0.5, 0, 0.75, 0.25], "texture": "#0"},
				"up": {"uv": [0, 0.25, 0.5, 0.5], "texture": "#0"},
				"down": {"uv": [0, 0.75, 0.5, 1], "texture": "#0"}
			}
		}
	],
	"display": {
		"head": {
			"translation": [0, 2, -2.25]
		}
	}
}