{
	"credit": "Made with Blockbench",
	"parent": "item/handheld",
	"textures": {
		"layer0": "item/soulseeker/skins/retro/katana"
	},
	"display": {
		"thirdperson_righthand": {
			"rotation": [0, -90, 45],
			"translation": [-0.25, 7.8, 1.25],
			"scale": [1.37, 1.37, 0.8]
		},
		"thirdperson_lefthand": {
			"rotation": [0, 90, -45],
			"translation": [-0.25, 7.8, 1.25],
			"scale": [1.37, 1.37, 0.8]
		},
		"firstperson_righthand": {
			"rotation": [0, -90, 25],
			"translation": [1.13, 5.45, 2.63],
			"scale": [1.1, 1.1, 0.68]
		},
		"firstperson_lefthand": {
			"rotation": [0, 90, -25],
			"translation": [1.13, 5.45, 2.63],
			"scale": [1.1, 1.1, 0.68]
		},
		"ground": {
			"rotation": [-90, 0, 0],
			"translation": [0, -2.75, 0],
			"scale": [1.35, 1.35, 1]
		},
		"head": {
			"rotation": [0, 0, 45],
			"scale": [4, 4, 2]
		}
	}
}