{
	"credit": "Made with Blockbench",
	"texture_size": [32, 32],
	"textures": {
		"0": "item/magic_items/dehydration_staff",
		"particle": "item/magic_items/dehydration_staff"
	},
	"elements": [
		{
			"from": [3, 27, 7.5],
			"to": [4, 29, 8.5],
			"rotation": {"angle": 0, "axis": "y", "origin": [11, 35, 15.5]},
			"faces": {
				"north": {"uv": [14, 1.5, 14.5, 2.5], "texture": "#0"},
				"east": {"uv": [14, 1.5, 14.5, 2.5], "texture": "#0"},
				"south": {"uv": [14.5, 1.5, 14, 2.5], "texture": "#0"},
				"west": {"uv": [14.5, 1.5, 14, 2.5], "texture": "#0"},
				"up": {"uv": [14.5, 1.5, 14, 2], "texture": "#0"},
				"down": {"uv": [14.5, 2.5, 14, 2], "texture": "#0"}
			}
		},
		{
			"from": [4, 25, 7.5],
			"to": [5, 27, 8.5],
			"rotation": {"angle": 0, "axis": "y", "origin": [12, 33, 15.5]},
			"faces": {
				"north": {"uv": [13.5, 2.5, 14, 3.5], "texture": "#0"},
				"east": {"uv": [13.5, 2.5, 14, 3.5], "texture": "#0"},
				"south": {"uv": [14, 2.5, 13.5, 3.5], "texture": "#0"},
				"west": {"uv": [14, 2.5, 13.5, 3.5], "texture": "#0"},
				"up": {"uv": [14, 2.5, 13.5, 3], "texture": "#0"},
				"down": {"uv": [14, 3.5, 13.5, 3], "texture": "#0"}
			}
		},
		{
			"from": [7, 24, 7.5],
			"to": [8, 26, 8.5],
			"rotation": {"angle": 0, "axis": "y", "origin": [15, 32, 15.5]},
			"faces": {
				"north": {"uv": [12, 3, 12.5, 4], "texture": "#0"},
				"east": {"uv": [12, 3, 12.5, 4], "texture": "#0"},
				"south": {"uv": [12.5, 3, 12, 4], "texture": "#0"},
				"west": {"uv": [12.5, 3, 12, 4], "texture": "#0"},
				"up": {"uv": [12.5, 3, 12, 3.5], "texture": "#0"},
				"down": {"uv": [12.5, 4, 12, 3.5], "texture": "#0"}
			}
		},
		{
			"from": [6, 26, 7.5],
			"to": [7, 28, 8.5],
			"rotation": {"angle": 0, "axis": "y", "origin": [14, 34, 15.5]},
			"faces": {
				"north": {"uv": [12.5, 2, 13, 3], "texture": "#0"},
				"east": {"uv": [12.5, 2, 13, 3], "texture": "#0"},
				"south": {"uv": [13, 2, 12.5, 3], "texture": "#0"},
				"west": {"uv": [13, 2, 12.5, 3], "texture": "#0"},
				"up": {"uv": [13, 2, 12.5, 2.5], "texture": "#0"},
				"down": {"uv": [13, 3, 12.5, 2.5], "texture": "#0"}
			}
		},
		{
			"from": [6, 24, 7.5],
			"to": [7, 25, 8.5],
			"rotation": {"angle": 0, "axis": "y", "origin": [14, 32, 15.5]},
			"faces": {
				"north": {"uv": [12.5, 3.5, 13, 4], "texture": "#0"},
				"east": {"uv": [12.5, 3.5, 13, 4], "texture": "#0"},
				"south": {"uv": [13, 3.5, 12.5, 4], "texture": "#0"},
				"west": {"uv": [13, 3.5, 12.5, 4], "texture": "#0"},
				"up": {"uv": [13, 3.5, 12.5, 4], "texture": "#0"},
				"down": {"uv": [13, 4, 12.5, 3.5], "texture": "#0"}
			}
		},
		{
			"from": [4, 28, 7.5],
			"to": [5, 29, 8.5],
			"rotation": {"angle": 0, "axis": "y", "origin": [12, 36, 15.5]},
			"faces": {
				"north": {"uv": [13.5, 1.5, 14, 2], "texture": "#0"},
				"east": {"uv": [13.5, 1.5, 14, 2], "texture": "#0"},
				"south": {"uv": [14, 1.5, 13.5, 2], "texture": "#0"},
				"west": {"uv": [14, 1.5, 13.5, 2], "texture": "#0"},
				"up": {"uv": [14, 1.5, 13.5, 2], "texture": "#0"},
				"down": {"uv": [14, 2, 13.5, 1.5], "texture": "#0"}
			}
		},
		{
			"from": [5, 25, 7.5],
			"to": [6, 26, 8.5],
			"rotation": {"angle": 0, "axis": "y", "origin": [13, 33, 15.5]},
			"faces": {
				"north": {"uv": [13, 3, 13.5, 3.5], "texture": "#0"},
				"east": {"uv": [13, 3, 13.5, 3.5], "texture": "#0"},
				"south": {"uv": [13.5, 3, 13, 3.5], "texture": "#0"},
				"west": {"uv": [13.5, 3, 13, 3.5], "texture": "#0"},
				"up": {"uv": [13.5, 3, 13, 3.5], "texture": "#0"},
				"down": {"uv": [13.5, 3.5, 13, 3], "texture": "#0"}
			}
		},
		{
			"from": [5, 26, 7],
			"to": [6, 27, 9],
			"rotation": {"angle": 0, "axis": "y", "origin": [13, 34, 15.5]},
			"faces": {
				"north": {"uv": [13, 2.5, 13.5, 3], "texture": "#0"},
				"east": {"uv": [13, 2.5, 13.5, 3], "texture": "#0"},
				"south": {"uv": [13.5, 2.5, 13, 3], "texture": "#0"},
				"west": {"uv": [13.5, 2.5, 13, 3], "texture": "#0"},
				"up": {"uv": [13.5, 2.5, 13, 3], "texture": "#0"},
				"down": {"uv": [13.5, 3, 13, 2.5], "texture": "#0"}
			}
		},
		{
			"from": [6, 25, 7],
			"to": [7, 26, 9],
			"rotation": {"angle": 0, "axis": "y", "origin": [14, 33, 15.5]},
			"faces": {
				"north": {"uv": [12.5, 3, 13, 3.5], "texture": "#0"},
				"east": {"uv": [12.5, 3, 13, 3.5], "texture": "#0"},
				"south": {"uv": [13, 3, 12.5, 3.5], "texture": "#0"},
				"west": {"uv": [13, 3, 12.5, 3.5], "texture": "#0"},
				"up": {"uv": [13, 3, 12.5, 3.5], "texture": "#0"},
				"down": {"uv": [13, 3.5, 12.5, 3], "texture": "#0"}
			}
		},
		{
			"from": [10, 22, 7],
			"to": [11, 23, 9],
			"rotation": {"angle": 0, "axis": "y", "origin": [18, 30, 15.5]},
			"faces": {
				"north": {"uv": [10.5, 4.5, 11, 5], "texture": "#0"},
				"east": {"uv": [10.5, 4.5, 11, 5], "texture": "#0"},
				"south": {"uv": [11, 4.5, 10.5, 5], "texture": "#0"},
				"west": {"uv": [11, 4.5, 10.5, 5], "texture": "#0"},
				"up": {"uv": [11, 4.5, 10.5, 5], "texture": "#0"},
				"down": {"uv": [11, 5, 10.5, 4.5], "texture": "#0"}
			}
		},
		{
			"from": [9, 21, 7],
			"to": [10, 22, 9],
			"rotation": {"angle": 0, "axis": "y", "origin": [17, 29, 15.5]},
			"faces": {
				"north": {"uv": [11, 5, 11.5, 5.5], "texture": "#0"},
				"east": {"uv": [11, 5, 11.5, 5.5], "texture": "#0"},
				"south": {"uv": [11.5, 5, 11, 5.5], "texture": "#0"},
				"west": {"uv": [11.5, 5, 11, 5.5], "texture": "#0"},
				"up": {"uv": [11.5, 5, 11, 5.5], "texture": "#0"},
				"down": {"uv": [11.5, 5.5, 11, 5], "texture": "#0"}
			}
		},
		{
			"from": [11, 20, 7],
			"to": [12, 21, 9],
			"rotation": {"angle": 0, "axis": "y", "origin": [19, 28, 15.5]},
			"faces": {
				"north": {"uv": [10, 5.5, 10.5, 6], "texture": "#0"},
				"east": {"uv": [10, 5.5, 10.5, 6], "texture": "#0"},
				"south": {"uv": [10.5, 5.5, 10, 6], "texture": "#0"},
				"west": {"uv": [10.5, 5.5, 10, 6], "texture": "#0"},
				"up": {"uv": [10.5, 5.5, 10, 6], "texture": "#0"},
				"down": {"uv": [10.5, 6, 10, 5.5], "texture": "#0"}
			}
		},
		{
			"from": [19, 12, 7],
			"to": [20, 13, 9],
			"rotation": {"angle": 0, "axis": "y", "origin": [27, 20, 15.5]},
			"faces": {
				"north": {"uv": [6, 9.5, 6.5, 10], "texture": "#0"},
				"east": {"uv": [6, 9.5, 6.5, 10], "texture": "#0"},
				"south": {"uv": [6.5, 9.5, 6, 10], "texture": "#0"},
				"west": {"uv": [6.5, 9.5, 6, 10], "texture": "#0"},
				"up": {"uv": [6.5, 9.5, 6, 10], "texture": "#0"},
				"down": {"uv": [6.5, 10, 6, 9.5], "texture": "#0"}
			}
		},
		{
			"from": [15, 16, 7],
			"to": [16, 17, 9],
			"rotation": {"angle": 0, "axis": "y", "origin": [23, 24, 15.5]},
			"faces": {
				"north": {"uv": [8, 7.5, 8.5, 8], "texture": "#0"},
				"east": {"uv": [8, 7.5, 8.5, 8], "texture": "#0"},
				"south": {"uv": [8.5, 7.5, 8, 8], "texture": "#0"},
				"west": {"uv": [8.5, 7.5, 8, 8], "texture": "#0"},
				"up": {"uv": [8.5, 7.5, 8, 8], "texture": "#0"},
				"down": {"uv": [8.5, 8, 8, 7.5], "texture": "#0"}
			}
		},
		{
			"from": [23, 8, 7],
			"to": [24, 9, 9],
			"rotation": {"angle": 0, "axis": "y", "origin": [31, 16, 15.5]},
			"faces": {
				"north": {"uv": [4, 11.5, 4.5, 12], "texture": "#0"},
				"east": {"uv": [4, 11.5, 4.5, 12], "texture": "#0"},
				"south": {"uv": [4.5, 11.5, 4, 12], "texture": "#0"},
				"west": {"uv": [4.5, 11.5, 4, 12], "texture": "#0"},
				"up": {"uv": [4.5, 11.5, 4, 12], "texture": "#0"},
				"down": {"uv": [4.5, 12, 4, 11.5], "texture": "#0"}
			}
		},
		{
			"from": [13, 18, 7],
			"to": [14, 19, 9],
			"rotation": {"angle": 0, "axis": "y", "origin": [21, 26, 15.5]},
			"faces": {
				"north": {"uv": [9, 6.5, 9.5, 7], "texture": "#0"},
				"east": {"uv": [9, 6.5, 9.5, 7], "texture": "#0"},
				"south": {"uv": [9.5, 6.5, 9, 7], "texture": "#0"},
				"west": {"uv": [9.5, 6.5, 9, 7], "texture": "#0"},
				"up": {"uv": [9.5, 6.5, 9, 7], "texture": "#0"},
				"down": {"uv": [9.5, 7, 9, 6.5], "texture": "#0"}
			}
		},
		{
			"from": [21, 10, 7],
			"to": [22, 11, 9],
			"rotation": {"angle": 0, "axis": "y", "origin": [29, 18, 15.5]},
			"faces": {
				"north": {"uv": [5, 10.5, 5.5, 11], "texture": "#0"},
				"east": {"uv": [5, 10.5, 5.5, 11], "texture": "#0"},
				"south": {"uv": [5.5, 10.5, 5, 11], "texture": "#0"},
				"west": {"uv": [5.5, 10.5, 5, 11], "texture": "#0"},
				"up": {"uv": [5.5, 10.5, 5, 11], "texture": "#0"},
				"down": {"uv": [5.5, 11, 5, 10.5], "texture": "#0"}
			}
		},
		{
			"from": [17, 14, 7],
			"to": [18, 15, 9],
			"rotation": {"angle": 0, "axis": "y", "origin": [25, 22, 15.5]},
			"faces": {
				"north": {"uv": [7, 8.5, 7.5, 9], "texture": "#0"},
				"east": {"uv": [7, 8.5, 7.5, 9], "texture": "#0"},
				"south": {"uv": [7.5, 8.5, 7, 9], "texture": "#0"},
				"west": {"uv": [7.5, 8.5, 7, 9], "texture": "#0"},
				"up": {"uv": [7.5, 8.5, 7, 9], "texture": "#0"},
				"down": {"uv": [7.5, 9, 7, 8.5], "texture": "#0"}
			}
		},
		{
			"from": [25, 6, 7],
			"to": [26, 7, 9],
			"rotation": {"angle": 0, "axis": "y", "origin": [33, 14, 15.5]},
			"faces": {
				"north": {"uv": [3, 12.5, 3.5, 13], "texture": "#0"},
				"east": {"uv": [3, 12.5, 3.5, 13], "texture": "#0"},
				"south": {"uv": [3.5, 12.5, 3, 13], "texture": "#0"},
				"west": {"uv": [3.5, 12.5, 3, 13], "texture": "#0"},
				"up": {"uv": [3.5, 12.5, 3, 13], "texture": "#0"},
				"down": {"uv": [3.5, 13, 3, 12.5], "texture": "#0"}
			}
		},
		{
			"from": [12, 19, 7],
			"to": [13, 20, 9],
			"rotation": {"angle": 0, "axis": "y", "origin": [20, 27, 15.5]},
			"faces": {
				"north": {"uv": [9.5, 6, 10, 6.5], "texture": "#0"},
				"east": {"uv": [9.5, 6, 10, 6.5], "texture": "#0"},
				"south": {"uv": [10, 6, 9.5, 6.5], "texture": "#0"},
				"west": {"uv": [10, 6, 9.5, 6.5], "texture": "#0"},
				"up": {"uv": [10, 6, 9.5, 6.5], "texture": "#0"},
				"down": {"uv": [10, 6.5, 9.5, 6], "texture": "#0"}
			}
		},
		{
			"from": [20, 11, 7],
			"to": [21, 12, 9],
			"rotation": {"angle": 0, "axis": "y", "origin": [28, 19, 15.5]},
			"faces": {
				"north": {"uv": [5.5, 10, 6, 10.5], "texture": "#0"},
				"east": {"uv": [5.5, 10, 6, 10.5], "texture": "#0"},
				"south": {"uv": [6, 10, 5.5, 10.5], "texture": "#0"},
				"west": {"uv": [6, 10, 5.5, 10.5], "texture": "#0"},
				"up": {"uv": [6, 10, 5.5, 10.5], "texture": "#0"},
				"down": {"uv": [6, 10.5, 5.5, 10], "texture": "#0"}
			}
		},
		{
			"from": [16, 15, 7],
			"to": [17, 16, 9],
			"rotation": {"angle": 0, "axis": "y", "origin": [24, 23, 15.5]},
			"faces": {
				"north": {"uv": [7.5, 8, 8, 8.5], "texture": "#0"},
				"east": {"uv": [7.5, 8, 8, 8.5], "texture": "#0"},
				"south": {"uv": [8, 8, 7.5, 8.5], "texture": "#0"},
				"west": {"uv": [8, 8, 7.5, 8.5], "texture": "#0"},
				"up": {"uv": [8, 8, 7.5, 8.5], "texture": "#0"},
				"down": {"uv": [8, 8.5, 7.5, 8], "texture": "#0"}
			}
		},
		{
			"from": [24, 7, 7],
			"to": [25, 8, 9],
			"rotation": {"angle": 0, "axis": "y", "origin": [32, 15, 15.5]},
			"faces": {
				"north": {"uv": [3.5, 12, 4, 12.5], "texture": "#0"},
				"east": {"uv": [3.5, 12, 4, 12.5], "texture": "#0"},
				"south": {"uv": [4, 12, 3.5, 12.5], "texture": "#0"},
				"west": {"uv": [4, 12, 3.5, 12.5], "texture": "#0"},
				"up": {"uv": [4, 12, 3.5, 12.5], "texture": "#0"},
				"down": {"uv": [4, 12.5, 3.5, 12], "texture": "#0"}
			}
		},
		{
			"from": [14, 17, 7],
			"to": [15, 18, 9],
			"rotation": {"angle": 0, "axis": "y", "origin": [22, 25, 15.5]},
			"faces": {
				"north": {"uv": [8.5, 7, 9, 7.5], "texture": "#0"},
				"east": {"uv": [8.5, 7, 9, 7.5], "texture": "#0"},
				"south": {"uv": [9, 7, 8.5, 7.5], "texture": "#0"},
				"west": {"uv": [9, 7, 8.5, 7.5], "texture": "#0"},
				"up": {"uv": [9, 7, 8.5, 7.5], "texture": "#0"},
				"down": {"uv": [9, 7.5, 8.5, 7], "texture": "#0"}
			}
		},
		{
			"from": [22, 9, 7],
			"to": [23, 10, 9],
			"rotation": {"angle": 0, "axis": "y", "origin": [30, 17, 15.5]},
			"faces": {
				"north": {"uv": [4.5, 11, 5, 11.5], "texture": "#0"},
				"east": {"uv": [4.5, 11, 5, 11.5], "texture": "#0"},
				"south": {"uv": [5, 11, 4.5, 11.5], "texture": "#0"},
				"west": {"uv": [5, 11, 4.5, 11.5], "texture": "#0"},
				"up": {"uv": [5, 11, 4.5, 11.5], "texture": "#0"},
				"down": {"uv": [5, 11.5, 4.5, 11], "texture": "#0"}
			}
		},
		{
			"from": [18, 13, 7],
			"to": [19, 14, 9],
			"rotation": {"angle": 0, "axis": "y", "origin": [26, 21, 15.5]},
			"faces": {
				"north": {"uv": [6.5, 9, 7, 9.5], "texture": "#0"},
				"east": {"uv": [6.5, 9, 7, 9.5], "texture": "#0"},
				"south": {"uv": [7, 9, 6.5, 9.5], "texture": "#0"},
				"west": {"uv": [7, 9, 6.5, 9.5], "texture": "#0"},
				"up": {"uv": [7, 9, 6.5, 9.5], "texture": "#0"},
				"down": {"uv": [7, 9.5, 6.5, 9], "texture": "#0"}
			}
		},
		{
			"from": [26, 5, 7],
			"to": [27, 6, 9],
			"rotation": {"angle": 0, "axis": "y", "origin": [34, 13, 15.5]},
			"faces": {
				"north": {"uv": [2.5, 13, 3, 13.5], "texture": "#0"},
				"east": {"uv": [2.5, 13, 3, 13.5], "texture": "#0"},
				"south": {"uv": [3, 13, 2.5, 13.5], "texture": "#0"},
				"west": {"uv": [3, 13, 2.5, 13.5], "texture": "#0"},
				"up": {"uv": [3, 13, 2.5, 13.5], "texture": "#0"},
				"down": {"uv": [3, 13.5, 2.5, 13], "texture": "#0"}
			}
		},
		{
			"from": [28, 4, 7],
			"to": [29, 5, 9],
			"rotation": {"angle": 0, "axis": "y", "origin": [36, 12, 15.5]},
			"faces": {
				"north": {"uv": [1.5, 13.5, 2, 14], "texture": "#0"},
				"east": {"uv": [1.5, 13.5, 2, 14], "texture": "#0"},
				"south": {"uv": [2, 13.5, 1.5, 14], "texture": "#0"},
				"west": {"uv": [2, 13.5, 1.5, 14], "texture": "#0"},
				"up": {"uv": [2, 13.5, 1.5, 14], "texture": "#0"},
				"down": {"uv": [2, 14, 1.5, 13.5], "texture": "#0"}
			}
		},
		{
			"from": [27, 3, 7],
			"to": [28, 4, 9],
			"rotation": {"angle": 0, "axis": "y", "origin": [35, 11, 15.5]},
			"faces": {
				"north": {"uv": [2, 14, 2.5, 14.5], "texture": "#0"},
				"east": {"uv": [2, 14, 2.5, 14.5], "texture": "#0"},
				"south": {"uv": [2.5, 14, 2, 14.5], "texture": "#0"},
				"west": {"uv": [2.5, 14, 2, 14.5], "texture": "#0"},
				"up": {"uv": [2.5, 14, 2, 14.5], "texture": "#0"},
				"down": {"uv": [2.5, 14.5, 2, 14], "texture": "#0"}
			}
		},
		{
			"from": [30, 2, 7],
			"to": [31, 3, 9],
			"rotation": {"angle": 0, "axis": "y", "origin": [38, 10, 15.5]},
			"faces": {
				"north": {"uv": [0.5, 14.5, 1, 15], "texture": "#0"},
				"east": {"uv": [0.5, 14.5, 1, 15], "texture": "#0"},
				"south": {"uv": [1, 14.5, 0.5, 15], "texture": "#0"},
				"west": {"uv": [1, 14.5, 0.5, 15], "texture": "#0"},
				"up": {"uv": [1, 14.5, 0.5, 15], "texture": "#0"},
				"down": {"uv": [1, 15, 0.5, 14.5], "texture": "#0"}
			}
		},
		{
			"from": [30, 0, 7],
			"to": [31, 1, 9],
			"rotation": {"angle": 0, "axis": "y", "origin": [38, 8, 15.5]},
			"faces": {
				"north": {"uv": [0.5, 15.5, 1, 16], "texture": "#0"},
				"east": {"uv": [0.5, 15.5, 1, 16], "texture": "#0"},
				"south": {"uv": [1, 15.5, 0.5, 16], "texture": "#0"},
				"west": {"uv": [1, 15.5, 0.5, 16], "texture": "#0"},
				"up": {"uv": [1, 15.5, 0.5, 16], "texture": "#0"},
				"down": {"uv": [1, 16, 0.5, 15.5], "texture": "#0"}
			}
		},
		{
			"from": [29, 1, 7],
			"to": [30, 2, 9],
			"rotation": {"angle": 0, "axis": "y", "origin": [37, 9, 15.5]},
			"faces": {
				"north": {"uv": [1, 15, 1.5, 15.5], "texture": "#0"},
				"east": {"uv": [1, 15, 1.5, 15.5], "texture": "#0"},
				"south": {"uv": [1.5, 15, 1, 15.5], "texture": "#0"},
				"west": {"uv": [1.5, 15, 1, 15.5], "texture": "#0"},
				"up": {"uv": [1.5, 15, 1, 15.5], "texture": "#0"},
				"down": {"uv": [1.5, 15.5, 1, 15], "texture": "#0"}
			}
		},
		{
			"from": [31, 0, 7],
			"to": [32, 2, 9],
			"rotation": {"angle": 0, "axis": "y", "origin": [39, 9, 15.5]},
			"faces": {
				"north": {"uv": [0, 15, 0.5, 16], "texture": "#0"},
				"east": {"uv": [0, 15, 0.5, 16], "texture": "#0"},
				"south": {"uv": [0.5, 15, 0, 16], "texture": "#0"},
				"west": {"uv": [0.5, 15, 0, 16], "texture": "#0"},
				"up": {"uv": [0.5, 15, 0, 15.5], "texture": "#0"},
				"down": {"uv": [0.5, 16, 0, 15.5], "texture": "#0"}
			}
		},
		{
			"from": [7, 20, 7],
			"to": [10, 21, 9],
			"rotation": {"angle": 0, "axis": "y", "origin": [17, 28, 15.5]},
			"faces": {
				"north": {"uv": [11, 5.5, 12.5, 6], "texture": "#0"},
				"east": {"uv": [11, 5.5, 11.5, 6], "texture": "#0"},
				"south": {"uv": [12.5, 5.5, 11, 6], "texture": "#0"},
				"west": {"uv": [12.5, 5.5, 12, 6], "texture": "#0"},
				"up": {"uv": [12.5, 5.5, 11, 6], "texture": "#0"},
				"down": {"uv": [12.5, 6, 11, 5.5], "texture": "#0"}
			}
		},
		{
			"from": [4, 19, 7],
			"to": [7, 20, 9],
			"rotation": {"angle": 0, "axis": "y", "origin": [14, 27, 15.5]},
			"faces": {
				"north": {"uv": [12.5, 6, 14, 6.5], "texture": "#0"},
				"east": {"uv": [12.5, 6, 13, 6.5], "texture": "#0"},
				"south": {"uv": [14, 6, 12.5, 6.5], "texture": "#0"},
				"west": {"uv": [14, 6, 13.5, 6.5], "texture": "#0"},
				"up": {"uv": [14, 6, 12.5, 6.5], "texture": "#0"},
				"down": {"uv": [14, 6.5, 12.5, 6], "texture": "#0"}
			}
		},
		{
			"from": [2, 18, 7],
			"to": [4, 19, 9],
			"rotation": {"angle": 0, "axis": "y", "origin": [12, 26, 15.5]},
			"faces": {
				"north": {"uv": [14, 6.5, 15, 7], "texture": "#0"},
				"east": {"uv": [14, 6.5, 14.5, 7], "texture": "#0"},
				"south": {"uv": [15, 6.5, 14, 7], "texture": "#0"},
				"west": {"uv": [15, 6.5, 14.5, 7], "texture": "#0"},
				"up": {"uv": [15, 6.5, 14, 7], "texture": "#0"},
				"down": {"uv": [15, 7, 14, 6.5], "texture": "#0"}
			}
		},
		{
			"from": [13, 28, 7],
			"to": [14, 30, 9],
			"rotation": {"angle": 0, "axis": "y", "origin": [21, 37, 15.5]},
			"faces": {
				"north": {"uv": [9, 1, 9.5, 2], "texture": "#0"},
				"east": {"uv": [9, 1, 9.5, 2], "texture": "#0"},
				"south": {"uv": [9.5, 1, 9, 2], "texture": "#0"},
				"west": {"uv": [9.5, 1, 9, 2], "texture": "#0"},
				"up": {"uv": [9.5, 1, 9, 1.5], "texture": "#0"},
				"down": {"uv": [9.5, 2, 9, 1.5], "texture": "#0"}
			}
		},
		{
			"from": [12, 25, 7],
			"to": [13, 28, 9],
			"rotation": {"angle": 0, "axis": "y", "origin": [20, 35, 15.5]},
			"faces": {
				"north": {"uv": [9.5, 2, 10, 3.5], "texture": "#0"},
				"east": {"uv": [9.5, 2, 10, 3.5], "texture": "#0"},
				"south": {"uv": [10, 2, 9.5, 3.5], "texture": "#0"},
				"west": {"uv": [10, 2, 9.5, 3.5], "texture": "#0"},
				"up": {"uv": [10, 2, 9.5, 2.5], "texture": "#0"},
				"down": {"uv": [10, 3.5, 9.5, 3], "texture": "#0"}
			}
		},
		{
			"from": [11, 22, 7],
			"to": [12, 25, 9],
			"rotation": {"angle": 0, "axis": "y", "origin": [19, 32, 15.5]},
			"faces": {
				"north": {"uv": [10, 3.5, 10.5, 5], "texture": "#0"},
				"east": {"uv": [10, 3.5, 10.5, 5], "texture": "#0"},
				"south": {"uv": [10.5, 3.5, 10, 5], "texture": "#0"},
				"west": {"uv": [10.5, 3.5, 10, 5], "texture": "#0"},
				"up": {"uv": [10.5, 3.5, 10, 4], "texture": "#0"},
				"down": {"uv": [10.5, 5, 10, 4.5], "texture": "#0"}
			}
		},
		{
			"from": [11, 25, 6.5],
			"to": [12, 28, 9.5],
			"rotation": {"angle": 0, "axis": "y", "origin": [19, 33, 15.5]},
			"faces": {
				"north": {"uv": [10, 2, 10.5, 3.5], "texture": "#0"},
				"east": {"uv": [10, 2, 10.5, 3.5], "texture": "#0"},
				"south": {"uv": [10.5, 2, 10, 3.5], "texture": "#0"},
				"west": {"uv": [10.5, 2, 10, 3.5], "texture": "#0"},
				"up": {"uv": [10.5, 2, 10, 2.5], "texture": "#0"},
				"down": {"uv": [10.5, 3.5, 10, 3], "texture": "#0"}
			}
		},
		{
			"from": [10, 23, 6.5],
			"to": [11, 25, 9.5],
			"rotation": {"angle": 0, "axis": "y", "origin": [18, 30, 15.5]},
			"faces": {
				"north": {"uv": [10.5, 3.5, 11, 4.5], "texture": "#0"},
				"east": {"uv": [10.5, 3.5, 11, 4.5], "texture": "#0"},
				"south": {"uv": [11, 3.5, 10.5, 4.5], "texture": "#0"},
				"west": {"uv": [11, 3.5, 10.5, 4.5], "texture": "#0"},
				"up": {"uv": [11, 3.5, 10.5, 4], "texture": "#0"},
				"down": {"uv": [11, 4.5, 10.5, 4], "texture": "#0"}
			}
		},
		{
			"from": [9, 22, 6.5],
			"to": [10, 23, 9.5],
			"rotation": {"angle": 0, "axis": "y", "origin": [17, 29, 15.5]},
			"faces": {
				"north": {"uv": [11, 4.5, 11.5, 5], "texture": "#0"},
				"east": {"uv": [11, 4.5, 11.5, 5], "texture": "#0"},
				"south": {"uv": [11.5, 4.5, 11, 5], "texture": "#0"},
				"west": {"uv": [11.5, 4.5, 11, 5], "texture": "#0"},
				"up": {"uv": [11.5, 4.5, 11, 5], "texture": "#0"},
				"down": {"uv": [11.5, 5, 11, 4.5], "texture": "#0"}
			}
		},
		{
			"from": [10, 21, 6.5],
			"to": [11, 22, 9.5],
			"rotation": {"angle": 0, "axis": "y", "origin": [18, 28, 15.5]},
			"faces": {
				"north": {"uv": [10.5, 5, 11, 5.5], "texture": "#0"},
				"east": {"uv": [10.5, 5, 11, 5.5], "texture": "#0"},
				"south": {"uv": [11, 5, 10.5, 5.5], "texture": "#0"},
				"west": {"uv": [11, 5, 10.5, 5.5], "texture": "#0"},
				"up": {"uv": [11, 5, 10.5, 5.5], "texture": "#0"},
				"down": {"uv": [11, 5.5, 10.5, 5], "texture": "#0"}
			}
		},
		{
			"from": [27, 4, 6.5],
			"to": [28, 5, 9.5],
			"rotation": {"angle": 0, "axis": "y", "origin": [35, 11, 15.5]},
			"faces": {
				"north": {"uv": [2, 13.5, 2.5, 14], "texture": "#0"},
				"east": {"uv": [2, 13.5, 2.5, 14], "texture": "#0"},
				"south": {"uv": [2.5, 13.5, 2, 14], "texture": "#0"},
				"west": {"uv": [2.5, 13.5, 2, 14], "texture": "#0"},
				"up": {"uv": [2.5, 13.5, 2, 14], "texture": "#0"},
				"down": {"uv": [2.5, 14, 2, 13.5], "texture": "#0"}
			}
		},
		{
			"from": [28, 2, 6.5],
			"to": [30, 4, 9.5],
			"rotation": {"angle": 0, "axis": "y", "origin": [36, 10, 15.5]},
			"faces": {
				"north": {"uv": [1, 14, 2, 15], "texture": "#0"},
				"east": {"uv": [1, 14, 1.5, 15], "texture": "#0"},
				"south": {"uv": [2, 14, 1, 15], "texture": "#0"},
				"west": {"uv": [2, 14, 1.5, 15], "texture": "#0"},
				"up": {"uv": [2, 14, 1, 14.5], "texture": "#0"},
				"down": {"uv": [2, 15, 1, 14.5], "texture": "#0"}
			}
		},
		{
			"from": [30, 1, 6.5],
			"to": [31, 2, 9.5],
			"rotation": {"angle": 0, "axis": "y", "origin": [38, 8, 15.5]},
			"faces": {
				"north": {"uv": [0.5, 15, 1, 15.5], "texture": "#0"},
				"east": {"uv": [0.5, 15, 1, 15.5], "texture": "#0"},
				"south": {"uv": [1, 15, 0.5, 15.5], "texture": "#0"},
				"west": {"uv": [1, 15, 0.5, 15.5], "texture": "#0"},
				"up": {"uv": [1, 15, 0.5, 15.5], "texture": "#0"},
				"down": {"uv": [1, 15.5, 0.5, 15], "texture": "#0"}
			}
		},
		{
			"from": [0, 20, 6.5],
			"to": [1, 21, 9.5],
			"rotation": {"angle": 0, "axis": "y", "origin": [8, 27, 15.5]},
			"faces": {
				"north": {"uv": [15.5, 5.5, 16, 6], "texture": "#0"},
				"east": {"uv": [15.5, 5.5, 16, 6], "texture": "#0"},
				"south": {"uv": [16, 5.5, 15.5, 6], "texture": "#0"},
				"west": {"uv": [16, 5.5, 15.5, 6], "texture": "#0"},
				"up": {"uv": [16, 5.5, 15.5, 6], "texture": "#0"},
				"down": {"uv": [16, 6, 15.5, 5.5], "texture": "#0"}
			}
		},
		{
			"from": [7, 21, 6.5],
			"to": [9, 22, 9.5],
			"rotation": {"angle": 0, "axis": "y", "origin": [16, 28, 15.5]},
			"faces": {
				"north": {"uv": [11.5, 5, 12.5, 5.5], "texture": "#0"},
				"east": {"uv": [11.5, 5, 12, 5.5], "texture": "#0"},
				"south": {"uv": [12.5, 5, 11.5, 5.5], "texture": "#0"},
				"west": {"uv": [12.5, 5, 12, 5.5], "texture": "#0"},
				"up": {"uv": [12.5, 5, 11.5, 5.5], "texture": "#0"},
				"down": {"uv": [12.5, 5.5, 11.5, 5], "texture": "#0"}
			}
		},
		{
			"from": [4, 20, 6.5],
			"to": [7, 21, 9.5],
			"rotation": {"angle": 0, "axis": "y", "origin": [14, 27, 15.5]},
			"faces": {
				"north": {"uv": [12.5, 5.5, 14, 6], "texture": "#0"},
				"east": {"uv": [12.5, 5.5, 13, 6], "texture": "#0"},
				"south": {"uv": [14, 5.5, 12.5, 6], "texture": "#0"},
				"west": {"uv": [14, 5.5, 13.5, 6], "texture": "#0"},
				"up": {"uv": [14, 5.5, 12.5, 6], "texture": "#0"},
				"down": {"uv": [14, 6, 12.5, 5.5], "texture": "#0"}
			}
		},
		{
			"from": [0, 19, 6.5],
			"to": [4, 20, 9.5],
			"rotation": {"angle": 0, "axis": "y", "origin": [11, 26, 15.5]},
			"faces": {
				"north": {"uv": [14, 6, 16, 6.5], "texture": "#0"},
				"east": {"uv": [14, 6, 14.5, 6.5], "texture": "#0"},
				"south": {"uv": [16, 6, 14, 6.5], "texture": "#0"},
				"west": {"uv": [16, 6, 15.5, 6.5], "texture": "#0"},
				"up": {"uv": [16, 6, 14, 6.5], "texture": "#0"},
				"down": {"uv": [16, 6.5, 14, 6], "texture": "#0"}
			}
		},
		{
			"from": [12, 28, 6.5],
			"to": [13, 32, 9.5],
			"rotation": {"angle": 0, "axis": "y", "origin": [20, 36, 15.5]},
			"faces": {
				"north": {"uv": [9.5, 0, 10, 2], "texture": "#0"},
				"east": {"uv": [9.5, 0, 10, 2], "texture": "#0"},
				"south": {"uv": [10, 0, 9.5, 2], "texture": "#0"},
				"west": {"uv": [10, 0, 9.5, 2], "texture": "#0"},
				"up": {"uv": [10, 0, 9.5, 0.5], "texture": "#0"},
				"down": {"uv": [10, 2, 9.5, 1.5], "texture": "#0"}
			}
		},
		{
			"from": [11, 31, 6.5],
			"to": [12, 32, 9.5],
			"rotation": {"angle": 0, "axis": "y", "origin": [19, 36, 15.5]},
			"faces": {
				"north": {"uv": [10, 0, 10.5, 0.5], "texture": "#0"},
				"east": {"uv": [10, 0, 10.5, 0.5], "texture": "#0"},
				"south": {"uv": [10.5, 0, 10, 0.5], "texture": "#0"},
				"west": {"uv": [10.5, 0, 10, 0.5], "texture": "#0"},
				"up": {"uv": [10.5, 0, 10, 0.5], "texture": "#0"},
				"down": {"uv": [10.5, 0.5, 10, 0], "texture": "#0"}
			}
		},
		{
			"from": [4, 27, 7],
			"to": [5, 28, 9],
			"rotation": {"angle": 0, "axis": "y", "origin": [12, 35, 15.5]},
			"faces": {
				"north": {"uv": [13.5, 2, 14, 2.5], "texture": "#0"},
				"east": {"uv": [13.5, 2, 14, 2.5], "texture": "#0"},
				"south": {"uv": [14, 2, 13.5, 2.5], "texture": "#0"},
				"west": {"uv": [14, 2, 13.5, 2.5], "texture": "#0"},
				"up": {"uv": [14, 2, 13.5, 2.5], "texture": "#0"},
				"down": {"uv": [14, 2.5, 13.5, 2], "texture": "#0"}
			}
		},
		{
			"from": [5, 27, 7.5],
			"to": [6, 28, 8.5],
			"rotation": {"angle": 0, "axis": "y", "origin": [13, 35, 15.5]},
			"faces": {
				"north": {"uv": [13, 2, 13.5, 2.5], "texture": "#0"},
				"east": {"uv": [13, 2, 13.5, 2.5], "texture": "#0"},
				"south": {"uv": [13.5, 2, 13, 2.5], "texture": "#0"},
				"west": {"uv": [13.5, 2, 13, 2.5], "texture": "#0"},
				"up": {"uv": [13.5, 2, 13, 2.5], "texture": "#0"},
				"down": {"uv": [13.5, 2.5, 13, 2], "texture": "#0"}
			}
		},
		{
			"from": [14, 27, 7.5],
			"to": [15, 29, 8.5],
			"rotation": {"angle": 0, "axis": "y", "origin": [22, 36, 15.5]},
			"faces": {
				"north": {"uv": [8.5, 1.5, 9, 2.5], "texture": "#0"},
				"east": {"uv": [8.5, 1.5, 9, 2.5], "texture": "#0"},
				"south": {"uv": [9, 1.5, 8.5, 2.5], "texture": "#0"},
				"west": {"uv": [9, 1.5, 8.5, 2.5], "texture": "#0"},
				"up": {"uv": [9, 1.5, 8.5, 2], "texture": "#0"},
				"down": {"uv": [9, 2.5, 8.5, 2], "texture": "#0"}
			}
		},
		{
			"from": [13, 24, 7.5],
			"to": [14, 26, 8.5],
			"rotation": {"angle": 0, "axis": "y", "origin": [21, 33, 15.5]},
			"faces": {
				"north": {"uv": [9, 3, 9.5, 4], "texture": "#0"},
				"east": {"uv": [9, 3, 9.5, 4], "texture": "#0"},
				"south": {"uv": [9.5, 3, 9, 4], "texture": "#0"},
				"west": {"uv": [9.5, 3, 9, 4], "texture": "#0"},
				"up": {"uv": [9.5, 3, 9, 3.5], "texture": "#0"},
				"down": {"uv": [9.5, 4, 9, 3.5], "texture": "#0"}
			}
		},
		{
			"from": [15, 26, 7.5],
			"to": [16, 28, 8.5],
			"rotation": {"angle": 0, "axis": "y", "origin": [23, 35, 15.5]},
			"faces": {
				"north": {"uv": [8, 2, 8.5, 3], "texture": "#0"},
				"east": {"uv": [8, 2, 8.5, 3], "texture": "#0"},
				"south": {"uv": [8.5, 2, 8, 3], "texture": "#0"},
				"west": {"uv": [8.5, 2, 8, 3], "texture": "#0"},
				"up": {"uv": [8.5, 2, 8, 2.5], "texture": "#0"},
				"down": {"uv": [8.5, 3, 8, 2.5], "texture": "#0"}
			}
		},
		{
			"from": [14, 23, 7.5],
			"to": [15, 25, 8.5],
			"rotation": {"angle": 0, "axis": "y", "origin": [22, 32, 15.5]},
			"faces": {
				"north": {"uv": [8.5, 3.5, 9, 4.5], "texture": "#0"},
				"east": {"uv": [8.5, 3.5, 9, 4.5], "texture": "#0"},
				"south": {"uv": [9, 3.5, 8.5, 4.5], "texture": "#0"},
				"west": {"uv": [9, 3.5, 8.5, 4.5], "texture": "#0"},
				"up": {"uv": [9, 3.5, 8.5, 4], "texture": "#0"},
				"down": {"uv": [9, 4.5, 8.5, 4], "texture": "#0"}
			}
		},
		{
			"from": [16, 26, 7.5],
			"to": [17, 27, 8.5],
			"rotation": {"angle": 0, "axis": "y", "origin": [24, 35, 15.5]},
			"faces": {
				"north": {"uv": [7.5, 2.5, 8, 3], "texture": "#0"},
				"east": {"uv": [7.5, 2.5, 8, 3], "texture": "#0"},
				"south": {"uv": [8, 2.5, 7.5, 3], "texture": "#0"},
				"west": {"uv": [8, 2.5, 7.5, 3], "texture": "#0"},
				"up": {"uv": [8, 2.5, 7.5, 3], "texture": "#0"},
				"down": {"uv": [8, 3, 7.5, 2.5], "texture": "#0"}
			}
		},
		{
			"from": [15, 23, 7.5],
			"to": [16, 24, 8.5],
			"rotation": {"angle": 0, "axis": "y", "origin": [23, 32, 15.5]},
			"faces": {
				"north": {"uv": [8, 4, 8.5, 4.5], "texture": "#0"},
				"east": {"uv": [8, 4, 8.5, 4.5], "texture": "#0"},
				"south": {"uv": [8.5, 4, 8, 4.5], "texture": "#0"},
				"west": {"uv": [8.5, 4, 8, 4.5], "texture": "#0"},
				"up": {"uv": [8.5, 4, 8, 4.5], "texture": "#0"},
				"down": {"uv": [8.5, 4.5, 8, 4], "texture": "#0"}
			}
		},
		{
			"from": [6, 18, 7.5],
			"to": [7, 19, 8.5],
			"rotation": {"angle": 0, "axis": "y", "origin": [14, 27, 15.5]},
			"faces": {
				"north": {"uv": [12.5, 6.5, 13, 7], "texture": "#0"},
				"east": {"uv": [12.5, 6.5, 13, 7], "texture": "#0"},
				"south": {"uv": [13, 6.5, 12.5, 7], "texture": "#0"},
				"west": {"uv": [13, 6.5, 12.5, 7], "texture": "#0"},
				"up": {"uv": [13, 6.5, 12.5, 7], "texture": "#0"},
				"down": {"uv": [13, 7, 12.5, 6.5], "texture": "#0"}
			}
		},
		{
			"from": [10, 20, 7.5],
			"to": [11, 21, 8.5],
			"rotation": {"angle": 0, "axis": "y", "origin": [18, 29, 15.5]},
			"faces": {
				"north": {"uv": [10.5, 5.5, 11, 6], "texture": "#0"},
				"east": {"uv": [10.5, 5.5, 11, 6], "texture": "#0"},
				"south": {"uv": [11, 5.5, 10.5, 6], "texture": "#0"},
				"west": {"uv": [11, 5.5, 10.5, 6], "texture": "#0"},
				"up": {"uv": [11, 5.5, 10.5, 6], "texture": "#0"},
				"down": {"uv": [11, 6, 10.5, 5.5], "texture": "#0"}
			}
		},
		{
			"from": [11, 21, 7.5],
			"to": [12, 22, 8.5],
			"rotation": {"angle": 0, "axis": "y", "origin": [19, 30, 15.5]},
			"faces": {
				"north": {"uv": [10, 5, 10.5, 5.5], "texture": "#0"},
				"east": {"uv": [10, 5, 10.5, 5.5], "texture": "#0"},
				"south": {"uv": [10.5, 5, 10, 5.5], "texture": "#0"},
				"west": {"uv": [10.5, 5, 10, 5.5], "texture": "#0"},
				"up": {"uv": [10.5, 5, 10, 5.5], "texture": "#0"},
				"down": {"uv": [10.5, 5.5, 10, 5], "texture": "#0"}
			}
		},
		{
			"from": [18, 12, 7.5],
			"to": [19, 13, 8.5],
			"rotation": {"angle": 0, "axis": "y", "origin": [26, 21, 15.5]},
			"faces": {
				"north": {"uv": [6.5, 9.5, 7, 10], "texture": "#0"},
				"east": {"uv": [6.5, 9.5, 7, 10], "texture": "#0"},
				"south": {"uv": [7, 9.5, 6.5, 10], "texture": "#0"},
				"west": {"uv": [7, 9.5, 6.5, 10], "texture": "#0"},
				"up": {"uv": [7, 9.5, 6.5, 10], "texture": "#0"},
				"down": {"uv": [7, 10, 6.5, 9.5], "texture": "#0"}
			}
		},
		{
			"from": [19, 13, 7.5],
			"to": [20, 14, 8.5],
			"rotation": {"angle": 0, "axis": "y", "origin": [27, 22, 15.5]},
			"faces": {
				"north": {"uv": [6, 9, 6.5, 9.5], "texture": "#0"},
				"east": {"uv": [6, 9, 6.5, 9.5], "texture": "#0"},
				"south": {"uv": [6.5, 9, 6, 9.5], "texture": "#0"},
				"west": {"uv": [6.5, 9, 6, 9.5], "texture": "#0"},
				"up": {"uv": [6.5, 9, 6, 9.5], "texture": "#0"},
				"down": {"uv": [6.5, 9.5, 6, 9], "texture": "#0"}
			}
		},
		{
			"from": [14, 16, 7.5],
			"to": [15, 17, 8.5],
			"rotation": {"angle": 0, "axis": "y", "origin": [22, 25, 15.5]},
			"faces": {
				"north": {"uv": [8.5, 7.5, 9, 8], "texture": "#0"},
				"east": {"uv": [8.5, 7.5, 9, 8], "texture": "#0"},
				"south": {"uv": [9, 7.5, 8.5, 8], "texture": "#0"},
				"west": {"uv": [9, 7.5, 8.5, 8], "texture": "#0"},
				"up": {"uv": [9, 7.5, 8.5, 8], "texture": "#0"},
				"down": {"uv": [9, 8, 8.5, 7.5], "texture": "#0"}
			}
		},
		{
			"from": [15, 17, 7.5],
			"to": [16, 18, 8.5],
			"rotation": {"angle": 0, "axis": "y", "origin": [23, 26, 15.5]},
			"faces": {
				"north": {"uv": [8, 7, 8.5, 7.5], "texture": "#0"},
				"east": {"uv": [8, 7, 8.5, 7.5], "texture": "#0"},
				"south": {"uv": [8.5, 7, 8, 7.5], "texture": "#0"},
				"west": {"uv": [8.5, 7, 8, 7.5], "texture": "#0"},
				"up": {"uv": [8.5, 7, 8, 7.5], "texture": "#0"},
				"down": {"uv": [8.5, 7.5, 8, 7], "texture": "#0"}
			}
		},
		{
			"from": [22, 8, 7.5],
			"to": [23, 9, 8.5],
			"rotation": {"angle": 0, "axis": "y", "origin": [30, 17, 15.5]},
			"faces": {
				"north": {"uv": [4.5, 11.5, 5, 12], "texture": "#0"},
				"east": {"uv": [4.5, 11.5, 5, 12], "texture": "#0"},
				"south": {"uv": [5, 11.5, 4.5, 12], "texture": "#0"},
				"west": {"uv": [5, 11.5, 4.5, 12], "texture": "#0"},
				"up": {"uv": [5, 11.5, 4.5, 12], "texture": "#0"},
				"down": {"uv": [5, 12, 4.5, 11.5], "texture": "#0"}
			}
		},
		{
			"from": [23, 9, 7.5],
			"to": [24, 10, 8.5],
			"rotation": {"angle": 0, "axis": "y", "origin": [31, 18, 15.5]},
			"faces": {
				"north": {"uv": [4, 11, 4.5, 11.5], "texture": "#0"},
				"east": {"uv": [4, 11, 4.5, 11.5], "texture": "#0"},
				"south": {"uv": [4.5, 11, 4, 11.5], "texture": "#0"},
				"west": {"uv": [4.5, 11, 4, 11.5], "texture": "#0"},
				"up": {"uv": [4.5, 11, 4, 11.5], "texture": "#0"},
				"down": {"uv": [4.5, 11.5, 4, 11], "texture": "#0"}
			}
		},
		{
			"from": [12, 18, 7.5],
			"to": [13, 19, 8.5],
			"rotation": {"angle": 0, "axis": "y", "origin": [20, 27, 15.5]},
			"faces": {
				"north": {"uv": [9.5, 6.5, 10, 7], "texture": "#0"},
				"east": {"uv": [9.5, 6.5, 10, 7], "texture": "#0"},
				"south": {"uv": [10, 6.5, 9.5, 7], "texture": "#0"},
				"west": {"uv": [10, 6.5, 9.5, 7], "texture": "#0"},
				"up": {"uv": [10, 6.5, 9.5, 7], "texture": "#0"},
				"down": {"uv": [10, 7, 9.5, 6.5], "texture": "#0"}
			}
		},
		{
			"from": [13, 19, 7.5],
			"to": [14, 20, 8.5],
			"rotation": {"angle": 0, "axis": "y", "origin": [21, 28, 15.5]},
			"faces": {
				"north": {"uv": [9, 6, 9.5, 6.5], "texture": "#0"},
				"east": {"uv": [9, 6, 9.5, 6.5], "texture": "#0"},
				"south": {"uv": [9.5, 6, 9, 6.5], "texture": "#0"},
				"west": {"uv": [9.5, 6, 9, 6.5], "texture": "#0"},
				"up": {"uv": [9.5, 6, 9, 6.5], "texture": "#0"},
				"down": {"uv": [9.5, 6.5, 9, 6], "texture": "#0"}
			}
		},
		{
			"from": [20, 10, 7.5],
			"to": [21, 11, 8.5],
			"rotation": {"angle": 0, "axis": "y", "origin": [28, 19, 15.5]},
			"faces": {
				"north": {"uv": [5.5, 10.5, 6, 11], "texture": "#0"},
				"east": {"uv": [5.5, 10.5, 6, 11], "texture": "#0"},
				"south": {"uv": [6, 10.5, 5.5, 11], "texture": "#0"},
				"west": {"uv": [6, 10.5, 5.5, 11], "texture": "#0"},
				"up": {"uv": [6, 10.5, 5.5, 11], "texture": "#0"},
				"down": {"uv": [6, 11, 5.5, 10.5], "texture": "#0"}
			}
		},
		{
			"from": [21, 11, 7.5],
			"to": [22, 12, 8.5],
			"rotation": {"angle": 0, "axis": "y", "origin": [29, 20, 15.5]},
			"faces": {
				"north": {"uv": [5, 10, 5.5, 10.5], "texture": "#0"},
				"east": {"uv": [5, 10, 5.5, 10.5], "texture": "#0"},
				"south": {"uv": [5.5, 10, 5, 10.5], "texture": "#0"},
				"west": {"uv": [5.5, 10, 5, 10.5], "texture": "#0"},
				"up": {"uv": [5.5, 10, 5, 10.5], "texture": "#0"},
				"down": {"uv": [5.5, 10.5, 5, 10], "texture": "#0"}
			}
		},
		{
			"from": [16, 14, 7.5],
			"to": [17, 15, 8.5],
			"rotation": {"angle": 0, "axis": "y", "origin": [24, 23, 15.5]},
			"faces": {
				"north": {"uv": [7.5, 8.5, 8, 9], "texture": "#0"},
				"east": {"uv": [7.5, 8.5, 8, 9], "texture": "#0"},
				"south": {"uv": [8, 8.5, 7.5, 9], "texture": "#0"},
				"west": {"uv": [8, 8.5, 7.5, 9], "texture": "#0"},
				"up": {"uv": [8, 8.5, 7.5, 9], "texture": "#0"},
				"down": {"uv": [8, 9, 7.5, 8.5], "texture": "#0"}
			}
		},
		{
			"from": [17, 15, 7.5],
			"to": [18, 16, 8.5],
			"rotation": {"angle": 0, "axis": "y", "origin": [25, 24, 15.5]},
			"faces": {
				"north": {"uv": [7, 8, 7.5, 8.5], "texture": "#0"},
				"east": {"uv": [7, 8, 7.5, 8.5], "texture": "#0"},
				"south": {"uv": [7.5, 8, 7, 8.5], "texture": "#0"},
				"west": {"uv": [7.5, 8, 7, 8.5], "texture": "#0"},
				"up": {"uv": [7.5, 8, 7, 8.5], "texture": "#0"},
				"down": {"uv": [7.5, 8.5, 7, 8], "texture": "#0"}
			}
		},
		{
			"from": [24, 6, 7.5],
			"to": [25, 7, 8.5],
			"rotation": {"angle": 0, "axis": "y", "origin": [32, 15, 15.5]},
			"faces": {
				"north": {"uv": [3.5, 12.5, 4, 13], "texture": "#0"},
				"east": {"uv": [3.5, 12.5, 4, 13], "texture": "#0"},
				"south": {"uv": [4, 12.5, 3.5, 13], "texture": "#0"},
				"west": {"uv": [4, 12.5, 3.5, 13], "texture": "#0"},
				"up": {"uv": [4, 12.5, 3.5, 13], "texture": "#0"},
				"down": {"uv": [4, 13, 3.5, 12.5], "texture": "#0"}
			}
		},
		{
			"from": [25, 7, 7.5],
			"to": [26, 8, 8.5],
			"rotation": {"angle": 0, "axis": "y", "origin": [33, 16, 15.5]},
			"faces": {
				"north": {"uv": [3, 12, 3.5, 12.5], "texture": "#0"},
				"east": {"uv": [3, 12, 3.5, 12.5], "texture": "#0"},
				"south": {"uv": [3.5, 12, 3, 12.5], "texture": "#0"},
				"west": {"uv": [3.5, 12, 3, 12.5], "texture": "#0"},
				"up": {"uv": [3.5, 12, 3, 12.5], "texture": "#0"},
				"down": {"uv": [3.5, 12.5, 3, 12], "texture": "#0"}
			}
		},
		{
			"from": [11, 19, 7.5],
			"to": [12, 20, 8.5],
			"rotation": {"angle": 0, "axis": "y", "origin": [19, 28, 15.5]},
			"faces": {
				"north": {"uv": [10, 6, 10.5, 6.5], "texture": "#0"},
				"east": {"uv": [10, 6, 10.5, 6.5], "texture": "#0"},
				"south": {"uv": [10.5, 6, 10, 6.5], "texture": "#0"},
				"west": {"uv": [10.5, 6, 10, 6.5], "texture": "#0"},
				"up": {"uv": [10.5, 6, 10, 6.5], "texture": "#0"},
				"down": {"uv": [10.5, 6.5, 10, 6], "texture": "#0"}
			}
		},
		{
			"from": [12, 20, 7.5],
			"to": [13, 21, 8.5],
			"rotation": {"angle": 0, "axis": "y", "origin": [20, 29, 15.5]},
			"faces": {
				"north": {"uv": [9.5, 5.5, 10, 6], "texture": "#0"},
				"east": {"uv": [9.5, 5.5, 10, 6], "texture": "#0"},
				"south": {"uv": [10, 5.5, 9.5, 6], "texture": "#0"},
				"west": {"uv": [10, 5.5, 9.5, 6], "texture": "#0"},
				"up": {"uv": [10, 5.5, 9.5, 6], "texture": "#0"},
				"down": {"uv": [10, 6, 9.5, 5.5], "texture": "#0"}
			}
		},
		{
			"from": [19, 11, 7.5],
			"to": [20, 12, 8.5],
			"rotation": {"angle": 0, "axis": "y", "origin": [27, 20, 15.5]},
			"faces": {
				"north": {"uv": [6, 10, 6.5, 10.5], "texture": "#0"},
				"east": {"uv": [6, 10, 6.5, 10.5], "texture": "#0"},
				"south": {"uv": [6.5, 10, 6, 10.5], "texture": "#0"},
				"west": {"uv": [6.5, 10, 6, 10.5], "texture": "#0"},
				"up": {"uv": [6.5, 10, 6, 10.5], "texture": "#0"},
				"down": {"uv": [6.5, 10.5, 6, 10], "texture": "#0"}
			}
		},
		{
			"from": [20, 12, 7.5],
			"to": [21, 13, 8.5],
			"rotation": {"angle": 0, "axis": "y", "origin": [28, 21, 15.5]},
			"faces": {
				"north": {"uv": [5.5, 9.5, 6, 10], "texture": "#0"},
				"east": {"uv": [5.5, 9.5, 6, 10], "texture": "#0"},
				"south": {"uv": [6, 9.5, 5.5, 10], "texture": "#0"},
				"west": {"uv": [6, 9.5, 5.5, 10], "texture": "#0"},
				"up": {"uv": [6, 9.5, 5.5, 10], "texture": "#0"},
				"down": {"uv": [6, 10, 5.5, 9.5], "texture": "#0"}
			}
		},
		{
			"from": [15, 15, 7.5],
			"to": [16, 16, 8.5],
			"rotation": {"angle": 0, "axis": "y", "origin": [23, 24, 15.5]},
			"faces": {
				"north": {"uv": [8, 8, 8.5, 8.5], "texture": "#0"},
				"east": {"uv": [8, 8, 8.5, 8.5], "texture": "#0"},
				"south": {"uv": [8.5, 8, 8, 8.5], "texture": "#0"},
				"west": {"uv": [8.5, 8, 8, 8.5], "texture": "#0"},
				"up": {"uv": [8.5, 8, 8, 8.5], "texture": "#0"},
				"down": {"uv": [8.5, 8.5, 8, 8], "texture": "#0"}
			}
		},
		{
			"from": [16, 16, 7.5],
			"to": [17, 17, 8.5],
			"rotation": {"angle": 0, "axis": "y", "origin": [24, 25, 15.5]},
			"faces": {
				"north": {"uv": [7.5, 7.5, 8, 8], "texture": "#0"},
				"east": {"uv": [7.5, 7.5, 8, 8], "texture": "#0"},
				"south": {"uv": [8, 7.5, 7.5, 8], "texture": "#0"},
				"west": {"uv": [8, 7.5, 7.5, 8], "texture": "#0"},
				"up": {"uv": [8, 7.5, 7.5, 8], "texture": "#0"},
				"down": {"uv": [8, 8, 7.5, 7.5], "texture": "#0"}
			}
		},
		{
			"from": [23, 7, 7.5],
			"to": [24, 8, 8.5],
			"rotation": {"angle": 0, "axis": "y", "origin": [31, 16, 15.5]},
			"faces": {
				"north": {"uv": [4, 12, 4.5, 12.5], "texture": "#0"},
				"east": {"uv": [4, 12, 4.5, 12.5], "texture": "#0"},
				"south": {"uv": [4.5, 12, 4, 12.5], "texture": "#0"},
				"west": {"uv": [4.5, 12, 4, 12.5], "texture": "#0"},
				"up": {"uv": [4.5, 12, 4, 12.5], "texture": "#0"},
				"down": {"uv": [4.5, 12.5, 4, 12], "texture": "#0"}
			}
		},
		{
			"from": [24, 8, 7.5],
			"to": [25, 9, 8.5],
			"rotation": {"angle": 0, "axis": "y", "origin": [32, 17, 15.5]},
			"faces": {
				"north": {"uv": [3.5, 11.5, 4, 12], "texture": "#0"},
				"east": {"uv": [3.5, 11.5, 4, 12], "texture": "#0"},
				"south": {"uv": [4, 11.5, 3.5, 12], "texture": "#0"},
				"west": {"uv": [4, 11.5, 3.5, 12], "texture": "#0"},
				"up": {"uv": [4, 11.5, 3.5, 12], "texture": "#0"},
				"down": {"uv": [4, 12, 3.5, 11.5], "texture": "#0"}
			}
		},
		{
			"from": [13, 17, 7.5],
			"to": [14, 18, 8.5],
			"rotation": {"angle": 0, "axis": "y", "origin": [21, 26, 15.5]},
			"faces": {
				"north": {"uv": [9, 7, 9.5, 7.5], "texture": "#0"},
				"east": {"uv": [9, 7, 9.5, 7.5], "texture": "#0"},
				"south": {"uv": [9.5, 7, 9, 7.5], "texture": "#0"},
				"west": {"uv": [9.5, 7, 9, 7.5], "texture": "#0"},
				"up": {"uv": [9.5, 7, 9, 7.5], "texture": "#0"},
				"down": {"uv": [9.5, 7.5, 9, 7], "texture": "#0"}
			}
		},
		{
			"from": [14, 18, 7.5],
			"to": [15, 19, 8.5],
			"rotation": {"angle": 0, "axis": "y", "origin": [22, 27, 15.5]},
			"faces": {
				"north": {"uv": [8.5, 6.5, 9, 7], "texture": "#0"},
				"east": {"uv": [8.5, 6.5, 9, 7], "texture": "#0"},
				"south": {"uv": [9, 6.5, 8.5, 7], "texture": "#0"},
				"west": {"uv": [9, 6.5, 8.5, 7], "texture": "#0"},
				"up": {"uv": [9, 6.5, 8.5, 7], "texture": "#0"},
				"down": {"uv": [9, 7, 8.5, 6.5], "texture": "#0"}
			}
		},
		{
			"from": [21, 9, 7.5],
			"to": [22, 10, 8.5],
			"rotation": {"angle": 0, "axis": "y", "origin": [29, 18, 15.5]},
			"faces": {
				"north": {"uv": [5, 11, 5.5, 11.5], "texture": "#0"},
				"east": {"uv": [5, 11, 5.5, 11.5], "texture": "#0"},
				"south": {"uv": [5.5, 11, 5, 11.5], "texture": "#0"},
				"west": {"uv": [5.5, 11, 5, 11.5], "texture": "#0"},
				"up": {"uv": [5.5, 11, 5, 11.5], "texture": "#0"},
				"down": {"uv": [5.5, 11.5, 5, 11], "texture": "#0"}
			}
		},
		{
			"from": [22, 10, 7.5],
			"to": [23, 11, 8.5],
			"rotation": {"angle": 0, "axis": "y", "origin": [30, 19, 15.5]},
			"faces": {
				"north": {"uv": [4.5, 10.5, 5, 11], "texture": "#0"},
				"east": {"uv": [4.5, 10.5, 5, 11], "texture": "#0"},
				"south": {"uv": [5, 10.5, 4.5, 11], "texture": "#0"},
				"west": {"uv": [5, 10.5, 4.5, 11], "texture": "#0"},
				"up": {"uv": [5, 10.5, 4.5, 11], "texture": "#0"},
				"down": {"uv": [5, 11, 4.5, 10.5], "texture": "#0"}
			}
		},
		{
			"from": [17, 13, 7.5],
			"to": [18, 14, 8.5],
			"rotation": {"angle": 0, "axis": "y", "origin": [25, 22, 15.5]},
			"faces": {
				"north": {"uv": [7, 9, 7.5, 9.5], "texture": "#0"},
				"east": {"uv": [7, 9, 7.5, 9.5], "texture": "#0"},
				"south": {"uv": [7.5, 9, 7, 9.5], "texture": "#0"},
				"west": {"uv": [7.5, 9, 7, 9.5], "texture": "#0"},
				"up": {"uv": [7.5, 9, 7, 9.5], "texture": "#0"},
				"down": {"uv": [7.5, 9.5, 7, 9], "texture": "#0"}
			}
		},
		{
			"from": [18, 14, 7.5],
			"to": [19, 15, 8.5],
			"rotation": {"angle": 0, "axis": "y", "origin": [26, 23, 15.5]},
			"faces": {
				"north": {"uv": [6.5, 8.5, 7, 9], "texture": "#0"},
				"east": {"uv": [6.5, 8.5, 7, 9], "texture": "#0"},
				"south": {"uv": [7, 8.5, 6.5, 9], "texture": "#0"},
				"west": {"uv": [7, 8.5, 6.5, 9], "texture": "#0"},
				"up": {"uv": [7, 8.5, 6.5, 9], "texture": "#0"},
				"down": {"uv": [7, 9, 6.5, 8.5], "texture": "#0"}
			}
		},
		{
			"from": [25, 5, 7.5],
			"to": [26, 6, 8.5],
			"rotation": {"angle": 0, "axis": "y", "origin": [33, 14, 15.5]},
			"faces": {
				"north": {"uv": [3, 13, 3.5, 13.5], "texture": "#0"},
				"east": {"uv": [3, 13, 3.5, 13.5], "texture": "#0"},
				"south": {"uv": [3.5, 13, 3, 13.5], "texture": "#0"},
				"west": {"uv": [3.5, 13, 3, 13.5], "texture": "#0"},
				"up": {"uv": [3.5, 13, 3, 13.5], "texture": "#0"},
				"down": {"uv": [3.5, 13.5, 3, 13], "texture": "#0"}
			}
		},
		{
			"from": [26, 6, 7.5],
			"to": [27, 7, 8.5],
			"rotation": {"angle": 0, "axis": "y", "origin": [34, 15, 15.5]},
			"faces": {
				"north": {"uv": [2.5, 12.5, 3, 13], "texture": "#0"},
				"east": {"uv": [2.5, 12.5, 3, 13], "texture": "#0"},
				"south": {"uv": [3, 12.5, 2.5, 13], "texture": "#0"},
				"west": {"uv": [3, 12.5, 2.5, 13], "texture": "#0"},
				"up": {"uv": [3, 12.5, 2.5, 13], "texture": "#0"},
				"down": {"uv": [3, 13, 2.5, 12.5], "texture": "#0"}
			}
		},
		{
			"from": [26, 4, 7.5],
			"to": [27, 5, 8.5],
			"rotation": {"angle": 0, "axis": "y", "origin": [34, 13, 15.5]},
			"faces": {
				"north": {"uv": [2.5, 13.5, 3, 14], "texture": "#0"},
				"east": {"uv": [2.5, 13.5, 3, 14], "texture": "#0"},
				"south": {"uv": [3, 13.5, 2.5, 14], "texture": "#0"},
				"west": {"uv": [3, 13.5, 2.5, 14], "texture": "#0"},
				"up": {"uv": [3, 13.5, 2.5, 14], "texture": "#0"},
				"down": {"uv": [3, 14, 2.5, 13.5], "texture": "#0"}
			}
		},
		{
			"from": [27, 5, 7.5],
			"to": [28, 6, 8.5],
			"rotation": {"angle": 0, "axis": "y", "origin": [35, 14, 15.5]},
			"faces": {
				"north": {"uv": [2, 13, 2.5, 13.5], "texture": "#0"},
				"east": {"uv": [2, 13, 2.5, 13.5], "texture": "#0"},
				"south": {"uv": [2.5, 13, 2, 13.5], "texture": "#0"},
				"west": {"uv": [2.5, 13, 2, 13.5], "texture": "#0"},
				"up": {"uv": [2.5, 13, 2, 13.5], "texture": "#0"},
				"down": {"uv": [2.5, 13.5, 2, 13], "texture": "#0"}
			}
		},
		{
			"from": [3, 17, 7.5],
			"to": [4, 18, 8.5],
			"rotation": {"angle": 0, "axis": "y", "origin": [11, 26, 15.5]},
			"faces": {
				"north": {"uv": [14, 7, 14.5, 7.5], "texture": "#0"},
				"east": {"uv": [14, 7, 14.5, 7.5], "texture": "#0"},
				"south": {"uv": [14.5, 7, 14, 7.5], "texture": "#0"},
				"west": {"uv": [14.5, 7, 14, 7.5], "texture": "#0"},
				"up": {"uv": [14.5, 7, 14, 7.5], "texture": "#0"},
				"down": {"uv": [14.5, 7.5, 14, 7], "texture": "#0"}
			}
		},
		{
			"from": [7, 17, 7.5],
			"to": [8, 19, 8.5],
			"rotation": {"angle": 0, "axis": "y", "origin": [15, 27, 15.5]},
			"faces": {
				"north": {"uv": [12, 6.5, 12.5, 7.5], "texture": "#0"},
				"east": {"uv": [12, 6.5, 12.5, 7.5], "texture": "#0"},
				"south": {"uv": [12.5, 6.5, 12, 7.5], "texture": "#0"},
				"west": {"uv": [12.5, 6.5, 12, 7.5], "texture": "#0"},
				"up": {"uv": [12.5, 6.5, 12, 7], "texture": "#0"},
				"down": {"uv": [12.5, 7.5, 12, 7], "texture": "#0"}
			}
		},
		{
			"from": [4, 16, 7.5],
			"to": [5, 18, 8.5],
			"rotation": {"angle": 0, "axis": "y", "origin": [12, 26, 15.5]},
			"faces": {
				"north": {"uv": [13.5, 7, 14, 8], "texture": "#0"},
				"east": {"uv": [13.5, 7, 14, 8], "texture": "#0"},
				"south": {"uv": [14, 7, 13.5, 8], "texture": "#0"},
				"west": {"uv": [14, 7, 13.5, 8], "texture": "#0"},
				"up": {"uv": [14, 7, 13.5, 7.5], "texture": "#0"},
				"down": {"uv": [14, 8, 13.5, 7.5], "texture": "#0"}
			}
		},
		{
			"from": [8, 16, 7.5],
			"to": [9, 18, 8.5],
			"rotation": {"angle": 0, "axis": "y", "origin": [16, 26, 15.5]},
			"faces": {
				"north": {"uv": [11.5, 7, 12, 8], "texture": "#0"},
				"east": {"uv": [11.5, 7, 12, 8], "texture": "#0"},
				"south": {"uv": [12, 7, 11.5, 8], "texture": "#0"},
				"west": {"uv": [12, 7, 11.5, 8], "texture": "#0"},
				"up": {"uv": [12, 7, 11.5, 7.5], "texture": "#0"},
				"down": {"uv": [12, 8, 11.5, 7.5], "texture": "#0"}
			}
		},
		{
			"from": [5, 15, 7.5],
			"to": [6, 17, 8.5],
			"rotation": {"angle": 0, "axis": "y", "origin": [13, 25, 15.5]},
			"faces": {
				"north": {"uv": [13, 7.5, 13.5, 8.5], "texture": "#0"},
				"east": {"uv": [13, 7.5, 13.5, 8.5], "texture": "#0"},
				"south": {"uv": [13.5, 7.5, 13, 8.5], "texture": "#0"},
				"west": {"uv": [13.5, 7.5, 13, 8.5], "texture": "#0"},
				"up": {"uv": [13.5, 7.5, 13, 8], "texture": "#0"},
				"down": {"uv": [13.5, 8.5, 13, 8], "texture": "#0"}
			}
		}
	],
	"gui_light": "front",
	"display": {
		"thirdperson_righthand": {
			"rotation": [0, -90, -55],
			"translation": [0, 4, -5.75],
			"scale": [0.7, 0.7, 0.7]
		},
		"thirdperson_lefthand": {
			"rotation": [0, 90, 55],
			"translation": [0, 4, -5.75],
			"scale": [0.7, 0.7, 0.7]
		},
		"firstperson_righthand": {
			"rotation": [0, 90, -25],
			"translation": [1.13, 2.5, 9],
			"scale": [0.56, 0.56, 0.56]
		},
		"firstperson_lefthand": {
			"rotation": [0, -90, 25],
			"translation": [1.13, 2.5, 9],
			"scale": [0.56, 0.56, 0.56]
		},
		"ground": {
			"translation": [-5, 2, 0],
			"scale": [0.5, 0.5, 0.5]
		},
		"gui": {
			"rotation": [0, -180, 0],
			"translation": [4, -4, 0],
			"scale": [0.5, 0.5, 0.5]
		},
		"head": {
			"rotation": [0, 180, 0],
			"translation": [5.5, 10.5, 7],
			"scale": [0.5, 0.5, 0.5]
		},
		"fixed": {
			"translation": [-4, -4, 0],
			"scale": [0.5, 0.5, 0.5]
		}
	}
}