{
	"credit": "Made with Blockbench",
	"textures": {
		"0": "item/diamond_sword",
		"particle": "item/diamond_sword"
	},
	"elements": [
		{
			"from": [0, 0, 8],
			"to": [3, 3, 7],
			"rotation": {"angle": 0, "axis": "z", "origin": [8, 10, 25.5]},
			"faces": {
				"north": {"uv": [0, 13, 3, 16], "rotation": 270, "texture": "#0"},
				"east": {"uv": [3, 13, 0, 14], "rotation": 90, "texture": "#0"},
				"south": {"uv": [3, 13, 0, 16], "rotation": 90, "texture": "#0"},
				"west": {"uv": [0, 16, 3, 15], "rotation": 90, "texture": "#0"},
				"up": {"uv": [3, 13, 2, 16], "rotation": 90, "texture": "#0"},
				"down": {"uv": [0, 13, 1, 16], "rotation": 90, "texture": "#0"}
			}
		},
		{
			"from": [2, 3, 8],
			"to": [5, 4, 7],
			"rotation": {"angle": 0, "axis": "z", "origin": [8, 10, 25.5]},
			"faces": {
				"north": {"uv": [3, 11, 4, 14], "rotation": 270, "texture": "#0"},
				"east": {"uv": [4, 11, 3, 12], "rotation": 90, "texture": "#0"},
				"south": {"uv": [4, 11, 3, 14], "rotation": 90, "texture": "#0"},
				"west": {"uv": [3, 14, 4, 13], "rotation": 90, "texture": "#0"},
				"up": {"uv": [4, 11, 3, 14], "rotation": 90, "texture": "#0"},
				"down": {"uv": [3, 11, 4, 14], "rotation": 90, "texture": "#0"}
			}
		},
		{
			"from": [3, 4, 8],
			"to": [9, 5, 7],
			"rotation": {"angle": 0, "axis": "z", "origin": [8, 10, 25.5]},
			"faces": {
				"north": {"uv": [4, 7, 5, 13], "rotation": 270, "texture": "#0"},
				"east": {"uv": [5, 7, 4, 8], "rotation": 90, "texture": "#0"},
				"south": {"uv": [5, 7, 4, 13], "rotation": 90, "texture": "#0"},
				"west": {"uv": [4, 13, 5, 12], "rotation": 90, "texture": "#0"},
				"up": {"uv": [5, 7, 4, 13], "rotation": 90, "texture": "#0"},
				"down": {"uv": [4, 7, 5, 13], "rotation": 90, "texture": "#0"}
			}
		},
		{
			"from": [4, 5, 8],
			"to": [8, 6, 7],
			"rotation": {"angle": 0, "axis": "z", "origin": [8, 10, 25.5]},
			"faces": {
				"north": {"uv": [5, 8, 6, 12], "rotation": 270, "texture": "#0"},
				"east": {"uv": [6, 8, 5, 9], "rotation": 90, "texture": "#0"},
				"south": {"uv": [6, 8, 5, 12], "rotation": 90, "texture": "#0"},
				"west": {"uv": [5, 12, 6, 11], "rotation": 90, "texture": "#0"},
				"up": {"uv": [6, 8, 5, 12], "rotation": 90, "texture": "#0"},
				"down": {"uv": [5, 8, 6, 12], "rotation": 90, "texture": "#0"}
			}
		},
		{
			"from": [3, 6, 8],
			"to": [9, 7, 7],
			"rotation": {"angle": 0, "axis": "z", "origin": [8, 10, 25.5]},
			"faces": {
				"north": {"uv": [6, 7, 7, 13], "rotation": 270, "texture": "#0"},
				"east": {"uv": [7, 7, 6, 8], "rotation": 90, "texture": "#0"},
				"south": {"uv": [7, 7, 6, 13], "rotation": 90, "texture": "#0"},
				"west": {"uv": [6, 13, 7, 12], "rotation": 90, "texture": "#0"},
				"up": {"uv": [7, 7, 6, 13], "rotation": 90, "texture": "#0"},
				"down": {"uv": [6, 7, 7, 13], "rotation": 90, "texture": "#0"}
			}
		},
		{
			"from": [3, 7, 8],
			"to": [10, 8, 7],
			"rotation": {"angle": 0, "axis": "z", "origin": [8, 10, 25.5]},
			"faces": {
				"north": {"uv": [7, 6, 8, 13], "rotation": 270, "texture": "#0"},
				"east": {"uv": [8, 6, 7, 7], "rotation": 90, "texture": "#0"},
				"south": {"uv": [8, 6, 7, 13], "rotation": 90, "texture": "#0"},
				"west": {"uv": [7, 13, 8, 12], "rotation": 90, "texture": "#0"},
				"up": {"uv": [8, 6, 7, 13], "rotation": 90, "texture": "#0"},
				"down": {"uv": [7, 6, 8, 13], "rotation": 90, "texture": "#0"}
			}
		},
		{
			"from": [2, 8, 8],
			"to": [5, 9, 7],
			"rotation": {"angle": 0, "axis": "z", "origin": [8, 10, 25.5]},
			"faces": {
				"north": {"uv": [8, 11, 9, 14], "rotation": 270, "texture": "#0"},
				"east": {"uv": [9, 11, 8, 12], "rotation": 90, "texture": "#0"},
				"south": {"uv": [9, 11, 8, 14], "rotation": 90, "texture": "#0"},
				"west": {"uv": [8, 14, 9, 13], "rotation": 90, "texture": "#0"},
				"up": {"uv": [9, 11, 8, 14], "rotation": 90, "texture": "#0"},
				"down": {"uv": [8, 11, 9, 14], "rotation": 90, "texture": "#0"}
			}
		},
		{
			"from": [2, 9, 8],
			"to": [4, 10, 7],
			"rotation": {"angle": 0, "axis": "z", "origin": [8, 10, 25.5]},
			"faces": {
				"north": {"uv": [9, 12, 10, 14], "rotation": 270, "texture": "#0"},
				"east": {"uv": [10, 12, 9, 13], "rotation": 90, "texture": "#0"},
				"south": {"uv": [10, 12, 9, 14], "rotation": 90, "texture": "#0"},
				"west": {"uv": [9, 14, 10, 13], "rotation": 90, "texture": "#0"},
				"up": {"uv": [10, 12, 9, 14], "rotation": 90, "texture": "#0"},
				"down": {"uv": [9, 12, 10, 14], "rotation": 90, "texture": "#0"}
			}
		},
		{
			"from": [6, 8, 8],
			"to": [11, 9, 7],
			"rotation": {"angle": 0, "axis": "z", "origin": [8, 10, 25.5]},
			"faces": {
				"north": {"uv": [8, 5, 9, 10], "rotation": 270, "texture": "#0"},
				"east": {"uv": [9, 5, 8, 6], "rotation": 90, "texture": "#0"},
				"south": {"uv": [9, 5, 8, 10], "rotation": 90, "texture": "#0"},
				"west": {"uv": [8, 10, 9, 9], "rotation": 90, "texture": "#0"},
				"up": {"uv": [9, 5, 8, 10], "rotation": 90, "texture": "#0"},
				"down": {"uv": [8, 5, 9, 10], "rotation": 90, "texture": "#0"}
			}
		},
		{
			"from": [7, 9, 8],
			"to": [12, 10, 7],
			"rotation": {"angle": 0, "axis": "z", "origin": [8, 10, 25.5]},
			"faces": {
				"north": {"uv": [9, 4, 10, 9], "rotation": 270, "texture": "#0"},
				"east": {"uv": [10, 4, 9, 5], "rotation": 90, "texture": "#0"},
				"south": {"uv": [10, 4, 9, 9], "rotation": 90, "texture": "#0"},
				"west": {"uv": [9, 9, 10, 8], "rotation": 90, "texture": "#0"},
				"up": {"uv": [10, 4, 9, 9], "rotation": 90, "texture": "#0"},
				"down": {"uv": [9, 4, 10, 9], "rotation": 90, "texture": "#0"}
			}
		},
		{
			"from": [8, 10, 8],
			"to": [13, 11, 7],
			"rotation": {"angle": 0, "axis": "z", "origin": [8, 10, 25.5]},
			"faces": {
				"north": {"uv": [10, 3, 11, 8], "rotation": 270, "texture": "#0"},
				"east": {"uv": [11, 3, 10, 4], "rotation": 90, "texture": "#0"},
				"south": {"uv": [11, 3, 10, 8], "rotation": 90, "texture": "#0"},
				"west": {"uv": [10, 8, 11, 7], "rotation": 90, "texture": "#0"},
				"up": {"uv": [11, 3, 10, 8], "rotation": 90, "texture": "#0"},
				"down": {"uv": [10, 3, 11, 8], "rotation": 90, "texture": "#0"}
			}
		},
		{
			"from": [9, 11, 8],
			"to": [14, 12, 7],
			"rotation": {"angle": 0, "axis": "z", "origin": [8, 10, 25.5]},
			"faces": {
				"north": {"uv": [11, 2, 12, 7], "rotation": 270, "texture": "#0"},
				"east": {"uv": [12, 2, 11, 3], "rotation": 90, "texture": "#0"},
				"south": {"uv": [12, 2, 11, 7], "rotation": 90, "texture": "#0"},
				"west": {"uv": [11, 7, 12, 6], "rotation": 90, "texture": "#0"},
				"up": {"uv": [12, 2, 11, 7], "rotation": 90, "texture": "#0"},
				"down": {"uv": [11, 2, 12, 7], "rotation": 90, "texture": "#0"}
			}
		},
		{
			"from": [10, 12, 8],
			"to": [15, 13, 7],
			"rotation": {"angle": 0, "axis": "z", "origin": [8, 10, 25.5]},
			"faces": {
				"north": {"uv": [12, 1, 13, 6], "rotation": 270, "texture": "#0"},
				"east": {"uv": [13, 1, 12, 2], "rotation": 90, "texture": "#0"},
				"south": {"uv": [13, 1, 12, 6], "rotation": 90, "texture": "#0"},
				"west": {"uv": [12, 6, 13, 5], "rotation": 90, "texture": "#0"},
				"up": {"uv": [13, 1, 12, 6], "rotation": 90, "texture": "#0"},
				"down": {"uv": [12, 1, 13, 6], "rotation": 90, "texture": "#0"}
			}
		},
		{
			"from": [11, 13, 8],
			"to": [16, 14, 7],
			"rotation": {"angle": 0, "axis": "z", "origin": [8, 10, 25.5]},
			"faces": {
				"north": {"uv": [13, 0, 14, 5], "rotation": 270, "texture": "#0"},
				"east": {"uv": [14, 0, 13, 1], "rotation": 90, "texture": "#0"},
				"south": {"uv": [14, 0, 13, 5], "rotation": 90, "texture": "#0"},
				"west": {"uv": [13, 5, 14, 4], "rotation": 90, "texture": "#0"},
				"up": {"uv": [14, 0, 13, 5], "rotation": 90, "texture": "#0"},
				"down": {"uv": [13, 0, 14, 5], "rotation": 90, "texture": "#0"}
			}
		},
		{
			"from": [12, 14, 8],
			"to": [16, 15, 7],
			"rotation": {"angle": 0, "axis": "z", "origin": [8, 10, 25.5]},
			"faces": {
				"north": {"uv": [14, 0, 15, 4], "rotation": 270, "texture": "#0"},
				"east": {"uv": [15, 0, 14, 1], "rotation": 90, "texture": "#0"},
				"south": {"uv": [15, 0, 14, 4], "rotation": 90, "texture": "#0"},
				"west": {"uv": [14, 4, 15, 3], "rotation": 90, "texture": "#0"},
				"up": {"uv": [15, 0, 14, 4], "rotation": 90, "texture": "#0"},
				"down": {"uv": [14, 0, 15, 4], "rotation": 90, "texture": "#0"}
			}
		},
		{
			"from": [13, 15, 8],
			"to": [16, 16, 7],
			"rotation": {"angle": 0, "axis": "z", "origin": [8, 10, 25.5]},
			"faces": {
				"north": {"uv": [15, 0, 16, 3], "rotation": 270, "texture": "#0"},
				"east": {"uv": [16, 0, 15, 1], "rotation": 90, "texture": "#0"},
				"south": {"uv": [16, 0, 15, 3], "rotation": 90, "texture": "#0"},
				"west": {"uv": [15, 3, 16, 2], "rotation": 90, "texture": "#0"},
				"up": {"uv": [16, 0, 15, 3], "rotation": 90, "texture": "#0"},
				"down": {"uv": [15, 0, 16, 3], "rotation": 90, "texture": "#0"}
			}
		},
		{
			"from": [6, 3, 8],
			"to": [10, 4, 7],
			"rotation": {"angle": 0, "axis": "z", "origin": [8, 10, 25.5]},
			"faces": {
				"north": {"uv": [3, 6, 4, 10], "rotation": 270, "texture": "#0"},
				"east": {"uv": [4, 6, 3, 7], "rotation": 90, "texture": "#0"},
				"south": {"uv": [4, 6, 3, 10], "rotation": 90, "texture": "#0"},
				"west": {"uv": [3, 10, 4, 9], "rotation": 90, "texture": "#0"},
				"up": {"uv": [4, 6, 3, 10], "rotation": 90, "texture": "#0"},
				"down": {"uv": [3, 6, 4, 10], "rotation": 90, "texture": "#0"}
			}
		},
		{
			"from": [8, 2, 8],
			"to": [10, 3, 7],
			"rotation": {"angle": 0, "axis": "z", "origin": [8, 10, 25.5]},
			"faces": {
				"north": {"uv": [2, 6, 3, 8], "rotation": 270, "texture": "#0"},
				"east": {"uv": [3, 6, 2, 7], "rotation": 90, "texture": "#0"},
				"south": {"uv": [3, 6, 2, 8], "rotation": 90, "texture": "#0"},
				"west": {"uv": [2, 8, 3, 7], "rotation": 90, "texture": "#0"},
				"up": {"uv": [3, 6, 2, 8], "rotation": 90, "texture": "#0"},
				"down": {"uv": [2, 6, 3, 8], "rotation": 90, "texture": "#0"}
			}
		},
		{
			"from": [3, 2, 8],
			"to": [4, 3, 7],
			"rotation": {"angle": 0, "axis": "z", "origin": [8, 10, 25.5]},
			"faces": {
				"north": {"uv": [2, 12, 3, 13], "rotation": 270, "texture": "#0"},
				"east": {"uv": [3, 12, 2, 13], "rotation": 90, "texture": "#0"},
				"south": {"uv": [3, 12, 2, 13], "rotation": 90, "texture": "#0"},
				"west": {"uv": [2, 13, 3, 12], "rotation": 90, "texture": "#0"},
				"up": {"uv": [3, 12, 2, 13], "rotation": 90, "texture": "#0"},
				"down": {"uv": [2, 12, 3, 13], "rotation": 90, "texture": "#0"}
			}
		}
	],
	"display": {
		"thirdperson_righthand": {
			"rotation": [0, -90, 55],
			"translation": [0, 4, 0.5],
			"scale": [0.85, 0.85, 0.85]
		},
		"thirdperson_lefthand": {
			"rotation": [0, 90, -55],
			"translation": [0, 4, 0.5],
			"scale": [0.85, 0.85, 0.85]
		},
		"firstperson_righthand": {
			"rotation": [0, -90, 25],
			"translation": [1.13, 3.2, 1.13],
			"scale": [0.68, 0.68, 0.68]
		},
		"firstperson_lefthand": {
			"rotation": [0, 90, -25],
			"translation": [1.13, 3.2, 1.13],
			"scale": [0.68, 0.68, 0.68]
		}
	}
}