{
	"credit": "Made with Blockbench",
	"textures": {
		"0": "item/magic_items/rykers_wrath",
		"particle": "item/magic_items/rykers_wrath"
	},
	"elements": [
		{
			"from": [0, 13, 7.75],
			"to": [0.5, 16, 8.25],
			"rotation": {"angle": 0, "axis": "y", "origin": [7.84278, 6.70103, 8]},
			"faces": {
				"north": {"uv": [15.5, 0, 16, 3], "texture": "#0"},
				"east": {"uv": [15.5, 0, 16, 3], "texture": "#0"},
				"south": {"uv": [16, 0, 15.5, 3], "texture": "#0"},
				"west": {"uv": [16, 0, 15.5, 3], "texture": "#0"},
				"up": {"uv": [16, 0, 15.5, 0.5], "texture": "#0"},
				"down": {"uv": [16, 3, 15.5, 2.5], "texture": "#0"}
			}
		},
		{
			"from": [0.5, 15.5, 7.75],
			"to": [3, 16, 8.25],
			"rotation": {"angle": 0, "axis": "y", "origin": [8.34278, 6.70103, 8]},
			"faces": {
				"north": {"uv": [13, 0, 15.5, 0.5], "texture": "#0"},
				"east": {"uv": [13, 0, 13.5, 0.5], "texture": "#0"},
				"south": {"uv": [15.5, 0, 13, 0.5], "texture": "#0"},
				"west": {"uv": [15.5, 0, 15, 0.5], "texture": "#0"},
				"up": {"uv": [15.5, 0, 13, 0.5], "texture": "#0"},
				"down": {"uv": [15.5, 0.5, 13, 0], "texture": "#0"}
			}
		},
		{
			"from": [0.5, 12.5, 7.75],
			"to": [1, 13, 8.25],
			"rotation": {"angle": 0, "axis": "y", "origin": [7.84278, 6.70103, 8]},
			"faces": {
				"north": {"uv": [15, 3, 15.5, 3.5], "texture": "#0"},
				"east": {"uv": [15, 3, 15.5, 3.5], "texture": "#0"},
				"south": {"uv": [15.5, 3, 15, 3.5], "texture": "#0"},
				"west": {"uv": [15.5, 3, 15, 3.5], "texture": "#0"},
				"up": {"uv": [15.5, 3, 15, 3.5], "texture": "#0"},
				"down": {"uv": [15.5, 3.5, 15, 3], "texture": "#0"}
			}
		},
		{
			"from": [3, 15, 7.75],
			"to": [3.5, 15.5, 8.25],
			"rotation": {"angle": 0, "axis": "y", "origin": [10.34278, 9.20103, 8]},
			"faces": {
				"north": {"uv": [12.5, 0.5, 13, 1], "texture": "#0"},
				"east": {"uv": [12.5, 0.5, 13, 1], "texture": "#0"},
				"south": {"uv": [13, 0.5, 12.5, 1], "texture": "#0"},
				"west": {"uv": [13, 0.5, 12.5, 1], "texture": "#0"},
				"up": {"uv": [13, 0.5, 12.5, 1], "texture": "#0"},
				"down": {"uv": [13, 1, 12.5, 0.5], "texture": "#0"}
			}
		},
		{
			"from": [3.5, 14.5, 7.75],
			"to": [4, 15, 8.25],
			"rotation": {"angle": 0, "axis": "y", "origin": [10.84278, 8.70103, 8]},
			"faces": {
				"north": {"uv": [12, 1, 12.5, 1.5], "texture": "#0"},
				"east": {"uv": [12, 1, 12.5, 1.5], "texture": "#0"},
				"south": {"uv": [12.5, 1, 12, 1.5], "texture": "#0"},
				"west": {"uv": [12.5, 1, 12, 1.5], "texture": "#0"},
				"up": {"uv": [12.5, 1, 12, 1.5], "texture": "#0"},
				"down": {"uv": [12.5, 1.5, 12, 1], "texture": "#0"}
			}
		},
		{
			"from": [4, 14, 7.75],
			"to": [4.5, 14.5, 8.25],
			"rotation": {"angle": 0, "axis": "y", "origin": [11.34278, 8.20103, 8]},
			"faces": {
				"north": {"uv": [11.5, 1.5, 12, 2], "texture": "#0"},
				"east": {"uv": [11.5, 1.5, 12, 2], "texture": "#0"},
				"south": {"uv": [12, 1.5, 11.5, 2], "texture": "#0"},
				"west": {"uv": [12, 1.5, 11.5, 2], "texture": "#0"},
				"up": {"uv": [12, 1.5, 11.5, 2], "texture": "#0"},
				"down": {"uv": [12, 2, 11.5, 1.5], "texture": "#0"}
			}
		},
		{
			"from": [4.5, 13.5, 7.75],
			"to": [5, 14, 8.25],
			"rotation": {"angle": 0, "axis": "y", "origin": [11.84278, 7.70103, 8]},
			"faces": {
				"north": {"uv": [11, 2, 11.5, 2.5], "texture": "#0"},
				"east": {"uv": [11, 2, 11.5, 2.5], "texture": "#0"},
				"south": {"uv": [11.5, 2, 11, 2.5], "texture": "#0"},
				"west": {"uv": [11.5, 2, 11, 2.5], "texture": "#0"},
				"up": {"uv": [11.5, 2, 11, 2.5], "texture": "#0"},
				"down": {"uv": [11.5, 2.5, 11, 2], "texture": "#0"}
			}
		},
		{
			"from": [5, 13, 7.75],
			"to": [5.5, 13.5, 8.25],
			"rotation": {"angle": 0, "axis": "y", "origin": [12.34278, 7.20103, 8]},
			"faces": {
				"north": {"uv": [10.5, 2.5, 11, 3], "texture": "#0"},
				"east": {"uv": [10.5, 2.5, 11, 3], "texture": "#0"},
				"south": {"uv": [11, 2.5, 10.5, 3], "texture": "#0"},
				"west": {"uv": [11, 2.5, 10.5, 3], "texture": "#0"},
				"up": {"uv": [11, 2.5, 10.5, 3], "texture": "#0"},
				"down": {"uv": [11, 3, 10.5, 2.5], "texture": "#0"}
			}
		},
		{
			"from": [5.5, 12.5, 7.75],
			"to": [6, 13, 8.25],
			"rotation": {"angle": 0, "axis": "y", "origin": [12.84278, 6.70103, 8]},
			"faces": {
				"north": {"uv": [10, 3, 10.5, 3.5], "texture": "#0"},
				"east": {"uv": [10, 3, 10.5, 3.5], "texture": "#0"},
				"south": {"uv": [10.5, 3, 10, 3.5], "texture": "#0"},
				"west": {"uv": [10.5, 3, 10, 3.5], "texture": "#0"},
				"up": {"uv": [10.5, 3, 10, 3.5], "texture": "#0"},
				"down": {"uv": [10.5, 3.5, 10, 3], "texture": "#0"}
			}
		},
		{
			"from": [7, 11.5, 7.75],
			"to": [7.5, 12, 8.25],
			"rotation": {"angle": 0, "axis": "y", "origin": [14.34278, 5.70103, 8]},
			"faces": {
				"north": {"uv": [8.5, 4, 9, 4.5], "texture": "#0"},
				"east": {"uv": [8.5, 4, 9, 4.5], "texture": "#0"},
				"south": {"uv": [9, 4, 8.5, 4.5], "texture": "#0"},
				"west": {"uv": [9, 4, 8.5, 4.5], "texture": "#0"},
				"up": {"uv": [9, 4, 8.5, 4.5], "texture": "#0"},
				"down": {"uv": [9, 4.5, 8.5, 4], "texture": "#0"}
			}
		},
		{
			"from": [7.5, 11, 7.75],
			"to": [8, 11.5, 8.25],
			"rotation": {"angle": 0, "axis": "y", "origin": [14.84278, 5.20103, 8]},
			"faces": {
				"north": {"uv": [8, 4.5, 8.5, 5], "texture": "#0"},
				"east": {"uv": [8, 4.5, 8.5, 5], "texture": "#0"},
				"south": {"uv": [8.5, 4.5, 8, 5], "texture": "#0"},
				"west": {"uv": [8.5, 4.5, 8, 5], "texture": "#0"},
				"up": {"uv": [8.5, 4.5, 8, 5], "texture": "#0"},
				"down": {"uv": [8.5, 5, 8, 4.5], "texture": "#0"}
			}
		},
		{
			"from": [8, 10.5, 7.75],
			"to": [8.5, 11, 8.25],
			"rotation": {"angle": 0, "axis": "y", "origin": [15.34278, 4.70103, 8]},
			"faces": {
				"north": {"uv": [7.5, 5, 8, 5.5], "texture": "#0"},
				"east": {"uv": [7.5, 5, 8, 5.5], "texture": "#0"},
				"south": {"uv": [8, 5, 7.5, 5.5], "texture": "#0"},
				"west": {"uv": [8, 5, 7.5, 5.5], "texture": "#0"},
				"up": {"uv": [8, 5, 7.5, 5.5], "texture": "#0"},
				"down": {"uv": [8, 5.5, 7.5, 5], "texture": "#0"}
			}
		},
		{
			"from": [8.5, 10, 7.75],
			"to": [9, 10.5, 8.25],
			"rotation": {"angle": 0, "axis": "y", "origin": [15.84278, 4.20103, 8]},
			"faces": {
				"north": {"uv": [7, 5.5, 7.5, 6], "texture": "#0"},
				"east": {"uv": [7, 5.5, 7.5, 6], "texture": "#0"},
				"south": {"uv": [7.5, 5.5, 7, 6], "texture": "#0"},
				"west": {"uv": [7.5, 5.5, 7, 6], "texture": "#0"},
				"up": {"uv": [7.5, 5.5, 7, 6], "texture": "#0"},
				"down": {"uv": [7.5, 6, 7, 5.5], "texture": "#0"}
			}
		},
		{
			"from": [9, 9.5, 7.75],
			"to": [9.5, 10, 8.25],
			"rotation": {"angle": 0, "axis": "y", "origin": [16.34278, 3.70103, 8]},
			"faces": {
				"north": {"uv": [6.5, 6, 7, 6.5], "texture": "#0"},
				"east": {"uv": [6.5, 6, 7, 6.5], "texture": "#0"},
				"south": {"uv": [7, 6, 6.5, 6.5], "texture": "#0"},
				"west": {"uv": [7, 6, 6.5, 6.5], "texture": "#0"},
				"up": {"uv": [7, 6, 6.5, 6.5], "texture": "#0"},
				"down": {"uv": [7, 6.5, 6.5, 6], "texture": "#0"}
			}
		},
		{
			"from": [9.5, 9, 7.75],
			"to": [10, 9.5, 8.25],
			"rotation": {"angle": 0, "axis": "y", "origin": [16.84278, 3.20103, 8]},
			"faces": {
				"north": {"uv": [6, 6.5, 6.5, 7], "texture": "#0"},
				"east": {"uv": [6, 6.5, 6.5, 7], "texture": "#0"},
				"south": {"uv": [6.5, 6.5, 6, 7], "texture": "#0"},
				"west": {"uv": [6.5, 6.5, 6, 7], "texture": "#0"},
				"up": {"uv": [6.5, 6.5, 6, 7], "texture": "#0"},
				"down": {"uv": [6.5, 7, 6, 6.5], "texture": "#0"}
			}
		},
		{
			"from": [10, 8.5, 7.75],
			"to": [10.5, 9, 8.25],
			"rotation": {"angle": 0, "axis": "y", "origin": [17.34278, 2.70103, 8]},
			"faces": {
				"north": {"uv": [5.5, 7, 6, 7.5], "texture": "#0"},
				"east": {"uv": [5.5, 7, 6, 7.5], "texture": "#0"},
				"south": {"uv": [6, 7, 5.5, 7.5], "texture": "#0"},
				"west": {"uv": [6, 7, 5.5, 7.5], "texture": "#0"},
				"up": {"uv": [6, 7, 5.5, 7.5], "texture": "#0"},
				"down": {"uv": [6, 7.5, 5.5, 7], "texture": "#0"}
			}
		},
		{
			"from": [11, 6.5, 7.75],
			"to": [11.5, 7, 8.25],
			"rotation": {"angle": 0, "axis": "y", "origin": [18.34278, 0.70103, 8]},
			"faces": {
				"north": {"uv": [4.5, 9, 5, 9.5], "texture": "#0"},
				"east": {"uv": [4.5, 9, 5, 9.5], "texture": "#0"},
				"south": {"uv": [5, 9, 4.5, 9.5], "texture": "#0"},
				"west": {"uv": [5, 9, 4.5, 9.5], "texture": "#0"},
				"up": {"uv": [5, 9, 4.5, 9.5], "texture": "#0"},
				"down": {"uv": [5, 9.5, 4.5, 9], "texture": "#0"}
			}
		},
		{
			"from": [11.5, 6, 7.75],
			"to": [12, 6.5, 8.25],
			"rotation": {"angle": 0, "axis": "y", "origin": [18.84278, 0.20103, 8]},
			"faces": {
				"north": {"uv": [4, 9.5, 4.5, 10], "texture": "#0"},
				"east": {"uv": [4, 9.5, 4.5, 10], "texture": "#0"},
				"south": {"uv": [4.5, 9.5, 4, 10], "texture": "#0"},
				"west": {"uv": [4.5, 9.5, 4, 10], "texture": "#0"},
				"up": {"uv": [4.5, 9.5, 4, 10], "texture": "#0"},
				"down": {"uv": [4.5, 10, 4, 9.5], "texture": "#0"}
			}
		},
		{
			"from": [13, 6, 7.75],
			"to": [13.5, 6.5, 8.25],
			"rotation": {"angle": 0, "axis": "y", "origin": [20.34278, 0.20103, 8]},
			"faces": {
				"north": {"uv": [2.5, 9.5, 3, 10], "texture": "#0"},
				"east": {"uv": [2.5, 9.5, 3, 10], "texture": "#0"},
				"south": {"uv": [3, 9.5, 2.5, 10], "texture": "#0"},
				"west": {"uv": [3, 9.5, 2.5, 10], "texture": "#0"},
				"up": {"uv": [3, 9.5, 2.5, 10], "texture": "#0"},
				"down": {"uv": [3, 10, 2.5, 9.5], "texture": "#0"}
			}
		},
		{
			"from": [13.5, 6.5, 7.75],
			"to": [14, 7, 8.25],
			"rotation": {"angle": 0, "axis": "y", "origin": [20.84278, 0.70103, 8]},
			"faces": {
				"north": {"uv": [2, 9, 2.5, 9.5], "texture": "#0"},
				"east": {"uv": [2, 9, 2.5, 9.5], "texture": "#0"},
				"south": {"uv": [2.5, 9, 2, 9.5], "texture": "#0"},
				"west": {"uv": [2.5, 9, 2, 9.5], "texture": "#0"},
				"up": {"uv": [2.5, 9, 2, 9.5], "texture": "#0"},
				"down": {"uv": [2.5, 9.5, 2, 9], "texture": "#0"}
			}
		},
		{
			"from": [14, 7, 7.75],
			"to": [14.5, 7.5, 8.25],
			"rotation": {"angle": 0, "axis": "y", "origin": [21.34278, 1.20103, 8]},
			"faces": {
				"north": {"uv": [1.5, 8.5, 2, 9], "texture": "#0"},
				"east": {"uv": [1.5, 8.5, 2, 9], "texture": "#0"},
				"south": {"uv": [2, 8.5, 1.5, 9], "texture": "#0"},
				"west": {"uv": [2, 8.5, 1.5, 9], "texture": "#0"},
				"up": {"uv": [2, 8.5, 1.5, 9], "texture": "#0"},
				"down": {"uv": [2, 9, 1.5, 8.5], "texture": "#0"}
			}
		},
		{
			"from": [12, 5.5, 7.75],
			"to": [13, 6, 8.25],
			"rotation": {"angle": 0, "axis": "y", "origin": [19.34278, -0.29897, 8]},
			"faces": {
				"north": {"uv": [3, 10, 4, 10.5], "texture": "#0"},
				"east": {"uv": [3, 10, 3.5, 10.5], "texture": "#0"},
				"south": {"uv": [4, 10, 3, 10.5], "texture": "#0"},
				"west": {"uv": [4, 10, 3.5, 10.5], "texture": "#0"},
				"up": {"uv": [4, 10, 3, 10.5], "texture": "#0"},
				"down": {"uv": [4, 10.5, 3, 10], "texture": "#0"}
			}
		},
		{
			"from": [10.5, 7, 7.75],
			"to": [11, 8.5, 8.25],
			"rotation": {"angle": 0, "axis": "y", "origin": [17.84278, 2.20103, 8]},
			"faces": {
				"north": {"uv": [5, 7.5, 5.5, 9], "texture": "#0"},
				"east": {"uv": [5, 7.5, 5.5, 9], "texture": "#0"},
				"south": {"uv": [5.5, 7.5, 5, 9], "texture": "#0"},
				"west": {"uv": [5.5, 7.5, 5, 9], "texture": "#0"},
				"up": {"uv": [5.5, 7.5, 5, 8], "texture": "#0"},
				"down": {"uv": [5.5, 9, 5, 8.5], "texture": "#0"}
			}
		},
		{
			"from": [6, 12, 7.75],
			"to": [7, 12.5, 8.25],
			"rotation": {"angle": 0, "axis": "y", "origin": [13.34278, 6.20103, 8]},
			"faces": {
				"north": {"uv": [9, 3.5, 10, 4], "texture": "#0"},
				"east": {"uv": [9, 3.5, 9.5, 4], "texture": "#0"},
				"south": {"uv": [10, 3.5, 9, 4], "texture": "#0"},
				"west": {"uv": [10, 3.5, 9.5, 4], "texture": "#0"},
				"up": {"uv": [10, 3.5, 9, 4], "texture": "#0"},
				"down": {"uv": [10, 4, 9, 3.5], "texture": "#0"}
			}
		},
		{
			"from": [1, 12, 7.75],
			"to": [1.5, 12.5, 8.25],
			"rotation": {"angle": 0, "axis": "y", "origin": [7.84278, 6.70103, 8]},
			"faces": {
				"north": {"uv": [14.5, 3.5, 15, 4], "texture": "#0"},
				"east": {"uv": [14.5, 3.5, 15, 4], "texture": "#0"},
				"south": {"uv": [15, 3.5, 14.5, 4], "texture": "#0"},
				"west": {"uv": [15, 3.5, 14.5, 4], "texture": "#0"},
				"up": {"uv": [15, 3.5, 14.5, 4], "texture": "#0"},
				"down": {"uv": [15, 4, 14.5, 3.5], "texture": "#0"}
			}
		},
		{
			"from": [1.5, 11.5, 7.75],
			"to": [2, 12, 8.25],
			"rotation": {"angle": 0, "axis": "y", "origin": [7.84278, 6.70103, 8]},
			"faces": {
				"north": {"uv": [14, 4, 14.5, 4.5], "texture": "#0"},
				"east": {"uv": [14, 4, 14.5, 4.5], "texture": "#0"},
				"south": {"uv": [14.5, 4, 14, 4.5], "texture": "#0"},
				"west": {"uv": [14.5, 4, 14, 4.5], "texture": "#0"},
				"up": {"uv": [14.5, 4, 14, 4.5], "texture": "#0"},
				"down": {"uv": [14.5, 4.5, 14, 4], "texture": "#0"}
			}
		},
		{
			"from": [2, 11, 7.75],
			"to": [2.5, 11.5, 8.25],
			"rotation": {"angle": 0, "axis": "y", "origin": [7.84278, 6.70103, 8]},
			"faces": {
				"north": {"uv": [13.5, 4.5, 14, 5], "texture": "#0"},
				"east": {"uv": [13.5, 4.5, 14, 5], "texture": "#0"},
				"south": {"uv": [14, 4.5, 13.5, 5], "texture": "#0"},
				"west": {"uv": [14, 4.5, 13.5, 5], "texture": "#0"},
				"up": {"uv": [14, 4.5, 13.5, 5], "texture": "#0"},
				"down": {"uv": [14, 5, 13.5, 4.5], "texture": "#0"}
			}
		},
		{
			"from": [2.5, 10.5, 7.75],
			"to": [3, 11, 8.25],
			"rotation": {"angle": 0, "axis": "y", "origin": [7.84278, 6.70103, 8]},
			"faces": {
				"north": {"uv": [13, 5, 13.5, 5.5], "texture": "#0"},
				"east": {"uv": [13, 5, 13.5, 5.5], "texture": "#0"},
				"south": {"uv": [13.5, 5, 13, 5.5], "texture": "#0"},
				"west": {"uv": [13.5, 5, 13, 5.5], "texture": "#0"},
				"up": {"uv": [13.5, 5, 13, 5.5], "texture": "#0"},
				"down": {"uv": [13.5, 5.5, 13, 5], "texture": "#0"}
			}
		},
		{
			"from": [3, 10, 7.75],
			"to": [3.5, 10.5, 8.25],
			"rotation": {"angle": 0, "axis": "y", "origin": [7.84278, 6.70103, 8]},
			"faces": {
				"north": {"uv": [12.5, 5.5, 13, 6], "texture": "#0"},
				"east": {"uv": [12.5, 5.5, 13, 6], "texture": "#0"},
				"south": {"uv": [13, 5.5, 12.5, 6], "texture": "#0"},
				"west": {"uv": [13, 5.5, 12.5, 6], "texture": "#0"},
				"up": {"uv": [13, 5.5, 12.5, 6], "texture": "#0"},
				"down": {"uv": [13, 6, 12.5, 5.5], "texture": "#0"}
			}
		},
		{
			"from": [4, 8.5, 7.75],
			"to": [4.5, 9, 8.25],
			"rotation": {"angle": 0, "axis": "y", "origin": [7.84278, 6.70103, 8]},
			"faces": {
				"north": {"uv": [11.5, 7, 12, 7.5], "texture": "#0"},
				"east": {"uv": [11.5, 7, 12, 7.5], "texture": "#0"},
				"south": {"uv": [12, 7, 11.5, 7.5], "texture": "#0"},
				"west": {"uv": [12, 7, 11.5, 7.5], "texture": "#0"},
				"up": {"uv": [12, 7, 11.5, 7.5], "texture": "#0"},
				"down": {"uv": [12, 7.5, 11.5, 7], "texture": "#0"}
			}
		},
		{
			"from": [4.5, 8, 7.75],
			"to": [5, 8.5, 8.25],
			"rotation": {"angle": 0, "axis": "y", "origin": [7.84278, 6.70103, 8]},
			"faces": {
				"north": {"uv": [11, 7.5, 11.5, 8], "texture": "#0"},
				"east": {"uv": [11, 7.5, 11.5, 8], "texture": "#0"},
				"south": {"uv": [11.5, 7.5, 11, 8], "texture": "#0"},
				"west": {"uv": [11.5, 7.5, 11, 8], "texture": "#0"},
				"up": {"uv": [11.5, 7.5, 11, 8], "texture": "#0"},
				"down": {"uv": [11.5, 8, 11, 7.5], "texture": "#0"}
			}
		},
		{
			"from": [5, 7.5, 7.75],
			"to": [5.5, 8, 8.25],
			"rotation": {"angle": 0, "axis": "y", "origin": [7.84278, 6.70103, 8]},
			"faces": {
				"north": {"uv": [10.5, 8, 11, 8.5], "texture": "#0"},
				"east": {"uv": [10.5, 8, 11, 8.5], "texture": "#0"},
				"south": {"uv": [11, 8, 10.5, 8.5], "texture": "#0"},
				"west": {"uv": [11, 8, 10.5, 8.5], "texture": "#0"},
				"up": {"uv": [11, 8, 10.5, 8.5], "texture": "#0"},
				"down": {"uv": [11, 8.5, 10.5, 8], "texture": "#0"}
			}
		},
		{
			"from": [5.5, 7, 7.75],
			"to": [6, 7.5, 8.25],
			"rotation": {"angle": 0, "axis": "y", "origin": [7.84278, 6.70103, 8]},
			"faces": {
				"north": {"uv": [10, 8.5, 10.5, 9], "texture": "#0"},
				"east": {"uv": [10, 8.5, 10.5, 9], "texture": "#0"},
				"south": {"uv": [10.5, 8.5, 10, 9], "texture": "#0"},
				"west": {"uv": [10.5, 8.5, 10, 9], "texture": "#0"},
				"up": {"uv": [10.5, 8.5, 10, 9], "texture": "#0"},
				"down": {"uv": [10.5, 9, 10, 8.5], "texture": "#0"}
			}
		},
		{
			"from": [6, 6.5, 7.75],
			"to": [6.5, 7, 8.25],
			"rotation": {"angle": 0, "axis": "y", "origin": [7.84278, 6.70103, 8]},
			"faces": {
				"north": {"uv": [9.5, 9, 10, 9.5], "texture": "#0"},
				"east": {"uv": [9.5, 9, 10, 9.5], "texture": "#0"},
				"south": {"uv": [10, 9, 9.5, 9.5], "texture": "#0"},
				"west": {"uv": [10, 9, 9.5, 9.5], "texture": "#0"},
				"up": {"uv": [10, 9, 9.5, 9.5], "texture": "#0"},
				"down": {"uv": [10, 9.5, 9.5, 9], "texture": "#0"}
			}
		},
		{
			"from": [6.5, 6, 7.75],
			"to": [7, 6.5, 8.25],
			"rotation": {"angle": 0, "axis": "y", "origin": [7.84278, 6.70103, 8]},
			"faces": {
				"north": {"uv": [9, 9.5, 9.5, 10], "texture": "#0"},
				"east": {"uv": [9, 9.5, 9.5, 10], "texture": "#0"},
				"south": {"uv": [9.5, 9.5, 9, 10], "texture": "#0"},
				"west": {"uv": [9.5, 9.5, 9, 10], "texture": "#0"},
				"up": {"uv": [9.5, 9.5, 9, 10], "texture": "#0"},
				"down": {"uv": [9.5, 10, 9, 9.5], "texture": "#0"}
			}
		},
		{
			"from": [7, 5.5, 7.75],
			"to": [7.5, 6, 8.25],
			"rotation": {"angle": 0, "axis": "y", "origin": [7.84278, 6.70103, 8]},
			"faces": {
				"north": {"uv": [8.5, 10, 9, 10.5], "texture": "#0"},
				"east": {"uv": [8.5, 10, 9, 10.5], "texture": "#0"},
				"south": {"uv": [9, 10, 8.5, 10.5], "texture": "#0"},
				"west": {"uv": [9, 10, 8.5, 10.5], "texture": "#0"},
				"up": {"uv": [9, 10, 8.5, 10.5], "texture": "#0"},
				"down": {"uv": [9, 10.5, 8.5, 10], "texture": "#0"}
			}
		},
		{
			"from": [9, 4.5, 7.75],
			"to": [9.5, 5, 8.25],
			"rotation": {"angle": 0, "axis": "y", "origin": [7.84278, 6.70103, 8]},
			"faces": {
				"north": {"uv": [6.5, 11, 7, 11.5], "texture": "#0"},
				"east": {"uv": [6.5, 11, 7, 11.5], "texture": "#0"},
				"south": {"uv": [7, 11, 6.5, 11.5], "texture": "#0"},
				"west": {"uv": [7, 11, 6.5, 11.5], "texture": "#0"},
				"up": {"uv": [7, 11, 6.5, 11.5], "texture": "#0"},
				"down": {"uv": [7, 11.5, 6.5, 11], "texture": "#0"}
			}
		},
		{
			"from": [9.5, 4, 7.75],
			"to": [10, 4.5, 8.25],
			"rotation": {"angle": 0, "axis": "y", "origin": [7.84278, 6.70103, 8]},
			"faces": {
				"north": {"uv": [6, 11.5, 6.5, 12], "texture": "#0"},
				"east": {"uv": [6, 11.5, 6.5, 12], "texture": "#0"},
				"south": {"uv": [6.5, 11.5, 6, 12], "texture": "#0"},
				"west": {"uv": [6.5, 11.5, 6, 12], "texture": "#0"},
				"up": {"uv": [6.5, 11.5, 6, 12], "texture": "#0"},
				"down": {"uv": [6.5, 12, 6, 11.5], "texture": "#0"}
			}
		},
		{
			"from": [9.5, 2.5, 7.75],
			"to": [10, 3, 8.25],
			"rotation": {"angle": 0, "axis": "y", "origin": [7.84278, 6.70103, 8]},
			"faces": {
				"north": {"uv": [6, 13, 6.5, 13.5], "texture": "#0"},
				"east": {"uv": [6, 13, 6.5, 13.5], "texture": "#0"},
				"south": {"uv": [6.5, 13, 6, 13.5], "texture": "#0"},
				"west": {"uv": [6.5, 13, 6, 13.5], "texture": "#0"},
				"up": {"uv": [6.5, 13, 6, 13.5], "texture": "#0"},
				"down": {"uv": [6.5, 13.5, 6, 13], "texture": "#0"}
			}
		},
		{
			"from": [11.5, 3.5, 7.75],
			"to": [12, 4, 8.25],
			"rotation": {"angle": 0, "axis": "y", "origin": [7.84278, 6.70103, 8]},
			"faces": {
				"north": {"uv": [4, 12, 4.5, 12.5], "texture": "#0"},
				"east": {"uv": [4, 12, 4.5, 12.5], "texture": "#0"},
				"south": {"uv": [4.5, 12, 4, 12.5], "texture": "#0"},
				"west": {"uv": [4.5, 12, 4, 12.5], "texture": "#0"},
				"up": {"uv": [4.5, 12, 4, 12.5], "texture": "#0"},
				"down": {"uv": [4.5, 12.5, 4, 12], "texture": "#0"}
			}
		},
		{
			"from": [12, 4, 7.75],
			"to": [12.5, 4.5, 8.25],
			"rotation": {"angle": 0, "axis": "y", "origin": [8.34278, 7.20103, 8]},
			"faces": {
				"north": {"uv": [3.5, 11.5, 4, 12], "texture": "#0"},
				"east": {"uv": [3.5, 11.5, 4, 12], "texture": "#0"},
				"south": {"uv": [4, 11.5, 3.5, 12], "texture": "#0"},
				"west": {"uv": [4, 11.5, 3.5, 12], "texture": "#0"},
				"up": {"uv": [4, 11.5, 3.5, 12], "texture": "#0"},
				"down": {"uv": [4, 12, 3.5, 11.5], "texture": "#0"}
			}
		},
		{
			"from": [12, 3, 7.75],
			"to": [12.5, 3.5, 8.25],
			"rotation": {"angle": 0, "axis": "y", "origin": [7.84278, 6.70103, 8]},
			"faces": {
				"north": {"uv": [3.5, 12.5, 4, 13], "texture": "#0"},
				"east": {"uv": [3.5, 12.5, 4, 13], "texture": "#0"},
				"south": {"uv": [4, 12.5, 3.5, 13], "texture": "#0"},
				"west": {"uv": [4, 12.5, 3.5, 13], "texture": "#0"},
				"up": {"uv": [4, 12.5, 3.5, 13], "texture": "#0"},
				"down": {"uv": [4, 13, 3.5, 12.5], "texture": "#0"}
			}
		},
		{
			"from": [12.5, 3.5, 7.75],
			"to": [13, 4, 8.25],
			"rotation": {"angle": 0, "axis": "y", "origin": [8.34278, 7.20103, 8]},
			"faces": {
				"north": {"uv": [3, 12, 3.5, 12.5], "texture": "#0"},
				"east": {"uv": [3, 12, 3.5, 12.5], "texture": "#0"},
				"south": {"uv": [3.5, 12, 3, 12.5], "texture": "#0"},
				"west": {"uv": [3.5, 12, 3, 12.5], "texture": "#0"},
				"up": {"uv": [3.5, 12, 3, 12.5], "texture": "#0"},
				"down": {"uv": [3.5, 12.5, 3, 12], "texture": "#0"}
			}
		},
		{
			"from": [12.5, 2.5, 7.75],
			"to": [13, 3, 8.25],
			"rotation": {"angle": 0, "axis": "y", "origin": [7.84278, 6.70103, 8]},
			"faces": {
				"north": {"uv": [3, 13, 3.5, 13.5], "texture": "#0"},
				"east": {"uv": [3, 13, 3.5, 13.5], "texture": "#0"},
				"south": {"uv": [3.5, 13, 3, 13.5], "texture": "#0"},
				"west": {"uv": [3.5, 13, 3, 13.5], "texture": "#0"},
				"up": {"uv": [3.5, 13, 3, 13.5], "texture": "#0"},
				"down": {"uv": [3.5, 13.5, 3, 13], "texture": "#0"}
			}
		},
		{
			"from": [13, 3, 7.75],
			"to": [13.5, 3.5, 8.25],
			"rotation": {"angle": 0, "axis": "y", "origin": [8.34278, 7.20103, 8]},
			"faces": {
				"north": {"uv": [2.5, 12.5, 3, 13], "texture": "#0"},
				"east": {"uv": [2.5, 12.5, 3, 13], "texture": "#0"},
				"south": {"uv": [3, 12.5, 2.5, 13], "texture": "#0"},
				"west": {"uv": [3, 12.5, 2.5, 13], "texture": "#0"},
				"up": {"uv": [3, 12.5, 2.5, 13], "texture": "#0"},
				"down": {"uv": [3, 13, 2.5, 12.5], "texture": "#0"}
			}
		},
		{
			"from": [13, 2, 7.75],
			"to": [13.5, 2.5, 8.25],
			"rotation": {"angle": 0, "axis": "y", "origin": [7.84278, 6.70103, 8]},
			"faces": {
				"north": {"uv": [2.5, 13.5, 3, 14], "texture": "#0"},
				"east": {"uv": [2.5, 13.5, 3, 14], "texture": "#0"},
				"south": {"uv": [3, 13.5, 2.5, 14], "texture": "#0"},
				"west": {"uv": [3, 13.5, 2.5, 14], "texture": "#0"},
				"up": {"uv": [3, 13.5, 2.5, 14], "texture": "#0"},
				"down": {"uv": [3, 14, 2.5, 13.5], "texture": "#0"}
			}
		},
		{
			"from": [13.5, 2.5, 7.75],
			"to": [14, 3, 8.25],
			"rotation": {"angle": 0, "axis": "y", "origin": [8.34278, 7.20103, 8]},
			"faces": {
				"north": {"uv": [2, 13, 2.5, 13.5], "texture": "#0"},
				"east": {"uv": [2, 13, 2.5, 13.5], "texture": "#0"},
				"south": {"uv": [2.5, 13, 2, 13.5], "texture": "#0"},
				"west": {"uv": [2.5, 13, 2, 13.5], "texture": "#0"},
				"up": {"uv": [2.5, 13, 2, 13.5], "texture": "#0"},
				"down": {"uv": [2.5, 13.5, 2, 13], "texture": "#0"}
			}
		},
		{
			"from": [13.5, 1.5, 7.75],
			"to": [14, 2, 8.25],
			"rotation": {"angle": 0, "axis": "y", "origin": [7.84278, 6.70103, 8]},
			"faces": {
				"north": {"uv": [2, 14, 2.5, 14.5], "texture": "#0"},
				"east": {"uv": [2, 14, 2.5, 14.5], "texture": "#0"},
				"south": {"uv": [2.5, 14, 2, 14.5], "texture": "#0"},
				"west": {"uv": [2.5, 14, 2, 14.5], "texture": "#0"},
				"up": {"uv": [2.5, 14, 2, 14.5], "texture": "#0"},
				"down": {"uv": [2.5, 14.5, 2, 14], "texture": "#0"}
			}
		},
		{
			"from": [14, 2, 7.75],
			"to": [14.5, 2.5, 8.25],
			"rotation": {"angle": 0, "axis": "y", "origin": [8.34278, 7.20103, 8]},
			"faces": {
				"north": {"uv": [1.5, 13.5, 2, 14], "texture": "#0"},
				"east": {"uv": [1.5, 13.5, 2, 14], "texture": "#0"},
				"south": {"uv": [2, 13.5, 1.5, 14], "texture": "#0"},
				"west": {"uv": [2, 13.5, 1.5, 14], "texture": "#0"},
				"up": {"uv": [2, 13.5, 1.5, 14], "texture": "#0"},
				"down": {"uv": [2, 14, 1.5, 13.5], "texture": "#0"}
			}
		},
		{
			"from": [14, 1, 7.75],
			"to": [14.5, 1.5, 8.25],
			"rotation": {"angle": 0, "axis": "y", "origin": [7.84278, 6.70103, 8]},
			"faces": {
				"north": {"uv": [1.5, 14.5, 2, 15], "texture": "#0"},
				"east": {"uv": [1.5, 14.5, 2, 15], "texture": "#0"},
				"south": {"uv": [2, 14.5, 1.5, 15], "texture": "#0"},
				"west": {"uv": [2, 14.5, 1.5, 15], "texture": "#0"},
				"up": {"uv": [2, 14.5, 1.5, 15], "texture": "#0"},
				"down": {"uv": [2, 15, 1.5, 14.5], "texture": "#0"}
			}
		},
		{
			"from": [14.5, 1.5, 7.75],
			"to": [15, 2, 8.25],
			"rotation": {"angle": 0, "axis": "y", "origin": [8.34278, 7.20103, 8]},
			"faces": {
				"north": {"uv": [1, 14, 1.5, 14.5], "texture": "#0"},
				"east": {"uv": [1, 14, 1.5, 14.5], "texture": "#0"},
				"south": {"uv": [1.5, 14, 1, 14.5], "texture": "#0"},
				"west": {"uv": [1.5, 14, 1, 14.5], "texture": "#0"},
				"up": {"uv": [1.5, 14, 1, 14.5], "texture": "#0"},
				"down": {"uv": [1.5, 14.5, 1, 14], "texture": "#0"}
			}
		},
		{
			"from": [15.5, 1, 7.75],
			"to": [16, 1.5, 8.25],
			"rotation": {"angle": 0, "axis": "y", "origin": [7.84278, 6.70103, 8]},
			"faces": {
				"north": {"uv": [0, 14.5, 0.5, 15], "texture": "#0"},
				"east": {"uv": [0, 14.5, 0.5, 15], "texture": "#0"},
				"south": {"uv": [0.5, 14.5, 0, 15], "texture": "#0"},
				"west": {"uv": [0.5, 14.5, 0, 15], "texture": "#0"},
				"up": {"uv": [0.5, 14.5, 0, 15], "texture": "#0"},
				"down": {"uv": [0.5, 15, 0, 14.5], "texture": "#0"}
			}
		},
		{
			"from": [15.5, 0, 7.75],
			"to": [16, 0.5, 8.25],
			"rotation": {"angle": 0, "axis": "y", "origin": [7.84278, 6.70103, 8]},
			"faces": {
				"north": {"uv": [0, 15.5, 0.5, 16], "texture": "#0"},
				"east": {"uv": [0, 15.5, 0.5, 16], "texture": "#0"},
				"south": {"uv": [0.5, 15.5, 0, 16], "texture": "#0"},
				"west": {"uv": [0.5, 15.5, 0, 16], "texture": "#0"},
				"up": {"uv": [0.5, 15.5, 0, 16], "texture": "#0"},
				"down": {"uv": [0.5, 16, 0, 15.5], "texture": "#0"}
			}
		},
		{
			"from": [14.5, 0, 7.75],
			"to": [15, 0.5, 8.25],
			"rotation": {"angle": 0, "axis": "y", "origin": [7.84278, 6.70103, 8]},
			"faces": {
				"north": {"uv": [1, 15.5, 1.5, 16], "texture": "#0"},
				"east": {"uv": [1, 15.5, 1.5, 16], "texture": "#0"},
				"south": {"uv": [1.5, 15.5, 1, 16], "texture": "#0"},
				"west": {"uv": [1.5, 15.5, 1, 16], "texture": "#0"},
				"up": {"uv": [1.5, 15.5, 1, 16], "texture": "#0"},
				"down": {"uv": [1.5, 16, 1, 15.5], "texture": "#0"}
			}
		},
		{
			"from": [9, 2, 7.75],
			"to": [9.5, 2.5, 8.25],
			"rotation": {"angle": 0, "axis": "y", "origin": [7.84278, 6.70103, 8]},
			"faces": {
				"north": {"uv": [6.5, 13.5, 7, 14], "texture": "#0"},
				"east": {"uv": [6.5, 13.5, 7, 14], "texture": "#0"},
				"south": {"uv": [7, 13.5, 6.5, 14], "texture": "#0"},
				"west": {"uv": [7, 13.5, 6.5, 14], "texture": "#0"},
				"up": {"uv": [7, 13.5, 6.5, 14], "texture": "#0"},
				"down": {"uv": [7, 14, 6.5, 13.5], "texture": "#0"}
			}
		},
		{
			"from": [8.5, 1.5, 7.75],
			"to": [9, 2, 8.25],
			"rotation": {"angle": 0, "axis": "y", "origin": [7.84278, 6.70103, 8]},
			"faces": {
				"north": {"uv": [7, 14, 7.5, 14.5], "texture": "#0"},
				"east": {"uv": [7, 14, 7.5, 14.5], "texture": "#0"},
				"south": {"uv": [7.5, 14, 7, 14.5], "texture": "#0"},
				"west": {"uv": [7.5, 14, 7, 14.5], "texture": "#0"},
				"up": {"uv": [7.5, 14, 7, 14.5], "texture": "#0"},
				"down": {"uv": [7.5, 14.5, 7, 14], "texture": "#0"}
			}
		},
		{
			"from": [9, 1.5, 7.5],
			"to": [11, 2, 8.5],
			"rotation": {"angle": 0, "axis": "y", "origin": [7.84278, 6.70103, 8]},
			"faces": {
				"north": {"uv": [5, 14, 7, 14.5], "texture": "#0"},
				"east": {"uv": [5, 14, 5.5, 14.5], "texture": "#0"},
				"south": {"uv": [7, 14, 5, 14.5], "texture": "#0"},
				"west": {"uv": [7, 14, 6.5, 14.5], "texture": "#0"},
				"up": {"uv": [7, 14, 5, 14.5], "texture": "#0"},
				"down": {"uv": [7, 14.5, 5, 14], "texture": "#0"}
			}
		},
		{
			"from": [10.5, 2, 7.5],
			"to": [11.5, 2.5, 8.5],
			"rotation": {"angle": 0, "axis": "y", "origin": [7.84278, 6.70103, 8]},
			"faces": {
				"north": {"uv": [4.5, 13.5, 5.5, 14], "texture": "#0"},
				"east": {"uv": [4.5, 13.5, 5, 14], "texture": "#0"},
				"south": {"uv": [5.5, 13.5, 4.5, 14], "texture": "#0"},
				"west": {"uv": [5.5, 13.5, 5, 14], "texture": "#0"},
				"up": {"uv": [5.5, 13.5, 4.5, 14], "texture": "#0"},
				"down": {"uv": [5.5, 14, 4.5, 13.5], "texture": "#0"}
			}
		},
		{
			"from": [14.5, 0.5, 7.5],
			"to": [15, 1.5, 8.5],
			"rotation": {"angle": 0, "axis": "y", "origin": [7.84278, 6.70103, 8]},
			"faces": {
				"north": {"uv": [1, 14.5, 1.5, 15.5], "texture": "#0"},
				"east": {"uv": [1, 14.5, 1.5, 15.5], "texture": "#0"},
				"south": {"uv": [1.5, 14.5, 1, 15.5], "texture": "#0"},
				"west": {"uv": [1.5, 14.5, 1, 15.5], "texture": "#0"},
				"up": {"uv": [1.5, 14.5, 1, 15], "texture": "#0"},
				"down": {"uv": [1.5, 15.5, 1, 15], "texture": "#0"}
			}
		},
		{
			"from": [15, 1, 7.5],
			"to": [15.5, 1.5, 8.5],
			"rotation": {"angle": 0, "axis": "y", "origin": [7.84278, 6.70103, 8]},
			"faces": {
				"north": {"uv": [0.5, 14.5, 1, 15], "texture": "#0"},
				"east": {"uv": [0.5, 14.5, 1, 15], "texture": "#0"},
				"south": {"uv": [1, 14.5, 0.5, 15], "texture": "#0"},
				"west": {"uv": [1, 14.5, 0.5, 15], "texture": "#0"},
				"up": {"uv": [1, 14.5, 0.5, 15], "texture": "#0"},
				"down": {"uv": [1, 15, 0.5, 14.5], "texture": "#0"}
			}
		},
		{
			"from": [14, 1.5, 7.5],
			"to": [14.5, 2, 8.5],
			"rotation": {"angle": 0, "axis": "y", "origin": [7.84278, 6.70103, 8]},
			"faces": {
				"north": {"uv": [1.5, 14, 2, 14.5], "texture": "#0"},
				"east": {"uv": [1.5, 14, 2, 14.5], "texture": "#0"},
				"south": {"uv": [2, 14, 1.5, 14.5], "texture": "#0"},
				"west": {"uv": [2, 14, 1.5, 14.5], "texture": "#0"},
				"up": {"uv": [2, 14, 1.5, 14.5], "texture": "#0"},
				"down": {"uv": [2, 14.5, 1.5, 14], "texture": "#0"}
			}
		},
		{
			"from": [13.5, 2, 7.5],
			"to": [14, 2.5, 8.5],
			"rotation": {"angle": 0, "axis": "y", "origin": [7.84278, 6.70103, 8]},
			"faces": {
				"north": {"uv": [2, 13.5, 2.5, 14], "texture": "#0"},
				"east": {"uv": [2, 13.5, 2.5, 14], "texture": "#0"},
				"south": {"uv": [2.5, 13.5, 2, 14], "texture": "#0"},
				"west": {"uv": [2.5, 13.5, 2, 14], "texture": "#0"},
				"up": {"uv": [2.5, 13.5, 2, 14], "texture": "#0"},
				"down": {"uv": [2.5, 14, 2, 13.5], "texture": "#0"}
			}
		},
		{
			"from": [13, 2.5, 7.5],
			"to": [13.5, 3, 8.5],
			"rotation": {"angle": 0, "axis": "y", "origin": [7.84278, 6.70103, 8]},
			"faces": {
				"north": {"uv": [2.5, 13, 3, 13.5], "texture": "#0"},
				"east": {"uv": [2.5, 13, 3, 13.5], "texture": "#0"},
				"south": {"uv": [3, 13, 2.5, 13.5], "texture": "#0"},
				"west": {"uv": [3, 13, 2.5, 13.5], "texture": "#0"},
				"up": {"uv": [3, 13, 2.5, 13.5], "texture": "#0"},
				"down": {"uv": [3, 13.5, 2.5, 13], "texture": "#0"}
			}
		},
		{
			"from": [12.5, 3, 7.5],
			"to": [13, 3.5, 8.5],
			"rotation": {"angle": 0, "axis": "y", "origin": [7.84278, 6.70103, 8]},
			"faces": {
				"north": {"uv": [3, 12.5, 3.5, 13], "texture": "#0"},
				"east": {"uv": [3, 12.5, 3.5, 13], "texture": "#0"},
				"south": {"uv": [3.5, 12.5, 3, 13], "texture": "#0"},
				"west": {"uv": [3.5, 12.5, 3, 13], "texture": "#0"},
				"up": {"uv": [3.5, 12.5, 3, 13], "texture": "#0"},
				"down": {"uv": [3.5, 13, 3, 12.5], "texture": "#0"}
			}
		},
		{
			"from": [12, 3.5, 7.5],
			"to": [12.5, 4, 8.5],
			"rotation": {"angle": 0, "axis": "y", "origin": [7.84278, 6.70103, 8]},
			"faces": {
				"north": {"uv": [3.5, 12, 4, 12.5], "texture": "#0"},
				"east": {"uv": [3.5, 12, 4, 12.5], "texture": "#0"},
				"south": {"uv": [4, 12, 3.5, 12.5], "texture": "#0"},
				"west": {"uv": [4, 12, 3.5, 12.5], "texture": "#0"},
				"up": {"uv": [4, 12, 3.5, 12.5], "texture": "#0"},
				"down": {"uv": [4, 12.5, 3.5, 12], "texture": "#0"}
			}
		},
		{
			"from": [13.5, 5, 7.5],
			"to": [14.5, 5.5, 8.5],
			"rotation": {"angle": 0, "axis": "y", "origin": [9.34278, 8.20103, 8]},
			"faces": {
				"north": {"uv": [1.5, 10.5, 2.5, 11], "texture": "#0"},
				"east": {"uv": [1.5, 10.5, 2, 11], "texture": "#0"},
				"south": {"uv": [2.5, 10.5, 1.5, 11], "texture": "#0"},
				"west": {"uv": [2.5, 10.5, 2, 11], "texture": "#0"},
				"up": {"uv": [2.5, 10.5, 1.5, 11], "texture": "#0"},
				"down": {"uv": [2.5, 11, 1.5, 10.5], "texture": "#0"}
			}
		},
		{
			"from": [12, 4.5, 7.5],
			"to": [14, 5, 8.5],
			"rotation": {"angle": 0, "axis": "y", "origin": [7.84278, 7.70103, 8]},
			"faces": {
				"north": {"uv": [2, 11, 4, 11.5], "texture": "#0"},
				"east": {"uv": [2, 11, 2.5, 11.5], "texture": "#0"},
				"south": {"uv": [4, 11, 2, 11.5], "texture": "#0"},
				"west": {"uv": [4, 11, 3.5, 11.5], "texture": "#0"},
				"up": {"uv": [4, 11, 2, 11.5], "texture": "#0"},
				"down": {"uv": [4, 11.5, 2, 11], "texture": "#0"}
			}
		},
		{
			"from": [11.5, 4, 7.5],
			"to": [12, 4.5, 8.5],
			"rotation": {"angle": 0, "axis": "y", "origin": [7.84278, 6.70103, 8]},
			"faces": {
				"north": {"uv": [4, 11.5, 4.5, 12], "texture": "#0"},
				"east": {"uv": [4, 11.5, 4.5, 12], "texture": "#0"},
				"south": {"uv": [4.5, 11.5, 4, 12], "texture": "#0"},
				"west": {"uv": [4.5, 11.5, 4, 12], "texture": "#0"},
				"up": {"uv": [4.5, 11.5, 4, 12], "texture": "#0"},
				"down": {"uv": [4.5, 12, 4, 11.5], "texture": "#0"}
			}
		},
		{
			"from": [14, 5.5, 7.5],
			"to": [14.5, 7, 8.5],
			"rotation": {"angle": 0, "axis": "y", "origin": [10.34278, 8.20103, 8]},
			"faces": {
				"north": {"uv": [1.5, 9, 2, 10.5], "texture": "#0"},
				"east": {"uv": [1.5, 9, 2, 10.5], "texture": "#0"},
				"south": {"uv": [2, 9, 1.5, 10.5], "texture": "#0"},
				"west": {"uv": [2, 9, 1.5, 10.5], "texture": "#0"},
				"up": {"uv": [2, 9, 1.5, 9.5], "texture": "#0"},
				"down": {"uv": [2, 10.5, 1.5, 10], "texture": "#0"}
			}
		},
		{
			"from": [0.5, 13, 7.5],
			"to": [1, 15.5, 8.5],
			"rotation": {"angle": 0, "axis": "y", "origin": [7.84278, 6.70103, 8]},
			"faces": {
				"north": {"uv": [15, 0.5, 15.5, 3], "texture": "#0"},
				"east": {"uv": [15, 0.5, 15.5, 3], "texture": "#0"},
				"south": {"uv": [15.5, 0.5, 15, 3], "texture": "#0"},
				"west": {"uv": [15.5, 0.5, 15, 3], "texture": "#0"},
				"up": {"uv": [15.5, 0.5, 15, 1], "texture": "#0"},
				"down": {"uv": [15.5, 3, 15, 2.5], "texture": "#0"}
			}
		},
		{
			"from": [1, 12.5, 7.5],
			"to": [1.5, 13, 8.5],
			"rotation": {"angle": 0, "axis": "y", "origin": [7.84278, 6.70103, 8]},
			"faces": {
				"north": {"uv": [14.5, 3, 15, 3.5], "texture": "#0"},
				"east": {"uv": [14.5, 3, 15, 3.5], "texture": "#0"},
				"south": {"uv": [15, 3, 14.5, 3.5], "texture": "#0"},
				"west": {"uv": [15, 3, 14.5, 3.5], "texture": "#0"},
				"up": {"uv": [15, 3, 14.5, 3.5], "texture": "#0"},
				"down": {"uv": [15, 3.5, 14.5, 3], "texture": "#0"}
			}
		},
		{
			"from": [1.5, 12, 7.5],
			"to": [2, 12.5, 8.5],
			"rotation": {"angle": 0, "axis": "y", "origin": [7.84278, 6.70103, 8]},
			"faces": {
				"north": {"uv": [14, 3.5, 14.5, 4], "texture": "#0"},
				"east": {"uv": [14, 3.5, 14.5, 4], "texture": "#0"},
				"south": {"uv": [14.5, 3.5, 14, 4], "texture": "#0"},
				"west": {"uv": [14.5, 3.5, 14, 4], "texture": "#0"},
				"up": {"uv": [14.5, 3.5, 14, 4], "texture": "#0"},
				"down": {"uv": [14.5, 4, 14, 3.5], "texture": "#0"}
			}
		},
		{
			"from": [2, 11.5, 7.5],
			"to": [2.5, 12, 8.5],
			"rotation": {"angle": 0, "axis": "y", "origin": [7.84278, 6.70103, 8]},
			"faces": {
				"north": {"uv": [13.5, 4, 14, 4.5], "texture": "#0"},
				"east": {"uv": [13.5, 4, 14, 4.5], "texture": "#0"},
				"south": {"uv": [14, 4, 13.5, 4.5], "texture": "#0"},
				"west": {"uv": [14, 4, 13.5, 4.5], "texture": "#0"},
				"up": {"uv": [14, 4, 13.5, 4.5], "texture": "#0"},
				"down": {"uv": [14, 4.5, 13.5, 4], "texture": "#0"}
			}
		},
		{
			"from": [2.5, 11, 7.5],
			"to": [3, 11.5, 8.5],
			"rotation": {"angle": 0, "axis": "y", "origin": [7.84278, 6.70103, 8]},
			"faces": {
				"north": {"uv": [13, 4.5, 13.5, 5], "texture": "#0"},
				"east": {"uv": [13, 4.5, 13.5, 5], "texture": "#0"},
				"south": {"uv": [13.5, 4.5, 13, 5], "texture": "#0"},
				"west": {"uv": [13.5, 4.5, 13, 5], "texture": "#0"},
				"up": {"uv": [13.5, 4.5, 13, 5], "texture": "#0"},
				"down": {"uv": [13.5, 5, 13, 4.5], "texture": "#0"}
			}
		},
		{
			"from": [3, 10.5, 7.5],
			"to": [3.5, 11, 8.5],
			"rotation": {"angle": 0, "axis": "y", "origin": [7.84278, 6.70103, 8]},
			"faces": {
				"north": {"uv": [12.5, 5, 13, 5.5], "texture": "#0"},
				"east": {"uv": [12.5, 5, 13, 5.5], "texture": "#0"},
				"south": {"uv": [13, 5, 12.5, 5.5], "texture": "#0"},
				"west": {"uv": [13, 5, 12.5, 5.5], "texture": "#0"},
				"up": {"uv": [13, 5, 12.5, 5.5], "texture": "#0"},
				"down": {"uv": [13, 5.5, 12.5, 5], "texture": "#0"}
			}
		},
		{
			"from": [3.5, 10, 7.5],
			"to": [4, 10.5, 8.5],
			"rotation": {"angle": 0, "axis": "y", "origin": [7.84278, 6.70103, 8]},
			"faces": {
				"north": {"uv": [12, 5.5, 12.5, 6], "texture": "#0"},
				"east": {"uv": [12, 5.5, 12.5, 6], "texture": "#0"},
				"south": {"uv": [12.5, 5.5, 12, 6], "texture": "#0"},
				"west": {"uv": [12.5, 5.5, 12, 6], "texture": "#0"},
				"up": {"uv": [12.5, 5.5, 12, 6], "texture": "#0"},
				"down": {"uv": [12.5, 6, 12, 5.5], "texture": "#0"}
			}
		},
		{
			"from": [4.5, 8.5, 7.5],
			"to": [5, 9, 8.5],
			"rotation": {"angle": 0, "axis": "y", "origin": [7.84278, 6.70103, 8]},
			"faces": {
				"north": {"uv": [11, 7, 11.5, 7.5], "texture": "#0"},
				"east": {"uv": [11, 7, 11.5, 7.5], "texture": "#0"},
				"south": {"uv": [11.5, 7, 11, 7.5], "texture": "#0"},
				"west": {"uv": [11.5, 7, 11, 7.5], "texture": "#0"},
				"up": {"uv": [11.5, 7, 11, 7.5], "texture": "#0"},
				"down": {"uv": [11.5, 7.5, 11, 7], "texture": "#0"}
			}
		},
		{
			"from": [5, 8, 7.5],
			"to": [5.5, 8.5, 8.5],
			"rotation": {"angle": 0, "axis": "y", "origin": [7.84278, 6.70103, 8]},
			"faces": {
				"north": {"uv": [10.5, 7.5, 11, 8], "texture": "#0"},
				"east": {"uv": [10.5, 7.5, 11, 8], "texture": "#0"},
				"south": {"uv": [11, 7.5, 10.5, 8], "texture": "#0"},
				"west": {"uv": [11, 7.5, 10.5, 8], "texture": "#0"},
				"up": {"uv": [11, 7.5, 10.5, 8], "texture": "#0"},
				"down": {"uv": [11, 8, 10.5, 7.5], "texture": "#0"}
			}
		},
		{
			"from": [5.5, 7.5, 7.5],
			"to": [6, 8, 8.5],
			"rotation": {"angle": 0, "axis": "y", "origin": [7.84278, 6.70103, 8]},
			"faces": {
				"north": {"uv": [10, 8, 10.5, 8.5], "texture": "#0"},
				"east": {"uv": [10, 8, 10.5, 8.5], "texture": "#0"},
				"south": {"uv": [10.5, 8, 10, 8.5], "texture": "#0"},
				"west": {"uv": [10.5, 8, 10, 8.5], "texture": "#0"},
				"up": {"uv": [10.5, 8, 10, 8.5], "texture": "#0"},
				"down": {"uv": [10.5, 8.5, 10, 8], "texture": "#0"}
			}
		},
		{
			"from": [6, 7, 7.5],
			"to": [6.5, 7.5, 8.5],
			"rotation": {"angle": 0, "axis": "y", "origin": [7.84278, 6.70103, 8]},
			"faces": {
				"north": {"uv": [9.5, 8.5, 10, 9], "texture": "#0"},
				"east": {"uv": [9.5, 8.5, 10, 9], "texture": "#0"},
				"south": {"uv": [10, 8.5, 9.5, 9], "texture": "#0"},
				"west": {"uv": [10, 8.5, 9.5, 9], "texture": "#0"},
				"up": {"uv": [10, 8.5, 9.5, 9], "texture": "#0"},
				"down": {"uv": [10, 9, 9.5, 8.5], "texture": "#0"}
			}
		},
		{
			"from": [6.5, 6.5, 7.5],
			"to": [7, 7, 8.5],
			"rotation": {"angle": 0, "axis": "y", "origin": [7.84278, 6.70103, 8]},
			"faces": {
				"north": {"uv": [9, 9, 9.5, 9.5], "texture": "#0"},
				"east": {"uv": [9, 9, 9.5, 9.5], "texture": "#0"},
				"south": {"uv": [9.5, 9, 9, 9.5], "texture": "#0"},
				"west": {"uv": [9.5, 9, 9, 9.5], "texture": "#0"},
				"up": {"uv": [9.5, 9, 9, 9.5], "texture": "#0"},
				"down": {"uv": [9.5, 9.5, 9, 9], "texture": "#0"}
			}
		},
		{
			"from": [7, 6, 7.5],
			"to": [7.5, 6.5, 8.5],
			"rotation": {"angle": 0, "axis": "y", "origin": [7.84278, 6.70103, 8]},
			"faces": {
				"north": {"uv": [8.5, 9.5, 9, 10], "texture": "#0"},
				"east": {"uv": [8.5, 9.5, 9, 10], "texture": "#0"},
				"south": {"uv": [9, 9.5, 8.5, 10], "texture": "#0"},
				"west": {"uv": [9, 9.5, 8.5, 10], "texture": "#0"},
				"up": {"uv": [9, 9.5, 8.5, 10], "texture": "#0"},
				"down": {"uv": [9, 10, 8.5, 9.5], "texture": "#0"}
			}
		},
		{
			"from": [9, 5, 7.5],
			"to": [9.5, 5.5, 8.5],
			"rotation": {"angle": 0, "axis": "y", "origin": [7.84278, 6.70103, 8]},
			"faces": {
				"north": {"uv": [6.5, 10.5, 7, 11], "texture": "#0"},
				"east": {"uv": [6.5, 10.5, 7, 11], "texture": "#0"},
				"south": {"uv": [7, 10.5, 6.5, 11], "texture": "#0"},
				"west": {"uv": [7, 10.5, 6.5, 11], "texture": "#0"},
				"up": {"uv": [7, 10.5, 6.5, 11], "texture": "#0"},
				"down": {"uv": [7, 11, 6.5, 10.5], "texture": "#0"}
			}
		},
		{
			"from": [9.5, 4.5, 7.5],
			"to": [10, 5, 8.5],
			"rotation": {"angle": 0, "axis": "y", "origin": [7.84278, 6.70103, 8]},
			"faces": {
				"north": {"uv": [6, 11, 6.5, 11.5], "texture": "#0"},
				"east": {"uv": [6, 11, 6.5, 11.5], "texture": "#0"},
				"south": {"uv": [6.5, 11, 6, 11.5], "texture": "#0"},
				"west": {"uv": [6.5, 11, 6, 11.5], "texture": "#0"},
				"up": {"uv": [6.5, 11, 6, 11.5], "texture": "#0"},
				"down": {"uv": [6.5, 11.5, 6, 11], "texture": "#0"}
			}
		},
		{
			"from": [10, 4, 7.5],
			"to": [10.5, 4.5, 8.5],
			"rotation": {"angle": 0, "axis": "y", "origin": [7.84278, 6.70103, 8]},
			"faces": {
				"north": {"uv": [5.5, 11.5, 6, 12], "texture": "#0"},
				"east": {"uv": [5.5, 11.5, 6, 12], "texture": "#0"},
				"south": {"uv": [6, 11.5, 5.5, 12], "texture": "#0"},
				"west": {"uv": [6, 11.5, 5.5, 12], "texture": "#0"},
				"up": {"uv": [6, 11.5, 5.5, 12], "texture": "#0"},
				"down": {"uv": [6, 12, 5.5, 11.5], "texture": "#0"}
			}
		},
		{
			"from": [11.5, 5.5, 7.5],
			"to": [12, 6, 8.5],
			"rotation": {"angle": 0, "axis": "y", "origin": [9.34278, 8.20103, 8]},
			"faces": {
				"north": {"uv": [4, 10, 4.5, 10.5], "texture": "#0"},
				"east": {"uv": [4, 10, 4.5, 10.5], "texture": "#0"},
				"south": {"uv": [4.5, 10, 4, 10.5], "texture": "#0"},
				"west": {"uv": [4.5, 10, 4, 10.5], "texture": "#0"},
				"up": {"uv": [4.5, 10, 4, 10.5], "texture": "#0"},
				"down": {"uv": [4.5, 10.5, 4, 10], "texture": "#0"}
			}
		},
		{
			"from": [11, 6, 7.5],
			"to": [11.5, 6.5, 8.5],
			"rotation": {"angle": 0, "axis": "y", "origin": [8.84278, 8.70103, 8]},
			"faces": {
				"north": {"uv": [4.5, 9.5, 5, 10], "texture": "#0"},
				"east": {"uv": [4.5, 9.5, 5, 10], "texture": "#0"},
				"south": {"uv": [5, 9.5, 4.5, 10], "texture": "#0"},
				"west": {"uv": [5, 9.5, 4.5, 10], "texture": "#0"},
				"up": {"uv": [5, 9.5, 4.5, 10], "texture": "#0"},
				"down": {"uv": [5, 10, 4.5, 9.5], "texture": "#0"}
			}
		},
		{
			"from": [10.5, 6.5, 7.5],
			"to": [11, 7, 8.5],
			"rotation": {"angle": 0, "axis": "y", "origin": [8.34278, 9.20103, 8]},
			"faces": {
				"north": {"uv": [5, 9, 5.5, 9.5], "texture": "#0"},
				"east": {"uv": [5, 9, 5.5, 9.5], "texture": "#0"},
				"south": {"uv": [5.5, 9, 5, 9.5], "texture": "#0"},
				"west": {"uv": [5.5, 9, 5, 9.5], "texture": "#0"},
				"up": {"uv": [5.5, 9, 5, 9.5], "texture": "#0"},
				"down": {"uv": [5.5, 9.5, 5, 9], "texture": "#0"}
			}
		},
		{
			"from": [9.5, 8.5, 7.5],
			"to": [10, 9, 8.5],
			"rotation": {"angle": 0, "axis": "y", "origin": [7.34278, 11.20103, 8]},
			"faces": {
				"north": {"uv": [6, 7, 6.5, 7.5], "texture": "#0"},
				"east": {"uv": [6, 7, 6.5, 7.5], "texture": "#0"},
				"south": {"uv": [6.5, 7, 6, 7.5], "texture": "#0"},
				"west": {"uv": [6.5, 7, 6, 7.5], "texture": "#0"},
				"up": {"uv": [6.5, 7, 6, 7.5], "texture": "#0"},
				"down": {"uv": [6.5, 7.5, 6, 7], "texture": "#0"}
			}
		},
		{
			"from": [9, 9, 7.5],
			"to": [9.5, 9.5, 8.5],
			"rotation": {"angle": 0, "axis": "y", "origin": [6.84278, 11.70103, 8]},
			"faces": {
				"north": {"uv": [6.5, 6.5, 7, 7], "texture": "#0"},
				"east": {"uv": [6.5, 6.5, 7, 7], "texture": "#0"},
				"south": {"uv": [7, 6.5, 6.5, 7], "texture": "#0"},
				"west": {"uv": [7, 6.5, 6.5, 7], "texture": "#0"},
				"up": {"uv": [7, 6.5, 6.5, 7], "texture": "#0"},
				"down": {"uv": [7, 7, 6.5, 6.5], "texture": "#0"}
			}
		},
		{
			"from": [8.5, 9.5, 7.5],
			"to": [9, 10, 8.5],
			"rotation": {"angle": 0, "axis": "y", "origin": [6.34278, 12.20103, 8]},
			"faces": {
				"north": {"uv": [7, 6, 7.5, 6.5], "texture": "#0"},
				"east": {"uv": [7, 6, 7.5, 6.5], "texture": "#0"},
				"south": {"uv": [7.5, 6, 7, 6.5], "texture": "#0"},
				"west": {"uv": [7.5, 6, 7, 6.5], "texture": "#0"},
				"up": {"uv": [7.5, 6, 7, 6.5], "texture": "#0"},
				"down": {"uv": [7.5, 6.5, 7, 6], "texture": "#0"}
			}
		},
		{
			"from": [8, 10, 7.5],
			"to": [8.5, 10.5, 8.5],
			"rotation": {"angle": 0, "axis": "y", "origin": [5.84278, 12.70103, 8]},
			"faces": {
				"north": {"uv": [7.5, 5.5, 8, 6], "texture": "#0"},
				"east": {"uv": [7.5, 5.5, 8, 6], "texture": "#0"},
				"south": {"uv": [8, 5.5, 7.5, 6], "texture": "#0"},
				"west": {"uv": [8, 5.5, 7.5, 6], "texture": "#0"},
				"up": {"uv": [8, 5.5, 7.5, 6], "texture": "#0"},
				"down": {"uv": [8, 6, 7.5, 5.5], "texture": "#0"}
			}
		},
		{
			"from": [7.5, 10.5, 7.5],
			"to": [8, 11, 8.5],
			"rotation": {"angle": 0, "axis": "y", "origin": [5.34278, 13.20103, 8]},
			"faces": {
				"north": {"uv": [8, 5, 8.5, 5.5], "texture": "#0"},
				"east": {"uv": [8, 5, 8.5, 5.5], "texture": "#0"},
				"south": {"uv": [8.5, 5, 8, 5.5], "texture": "#0"},
				"west": {"uv": [8.5, 5, 8, 5.5], "texture": "#0"},
				"up": {"uv": [8.5, 5, 8, 5.5], "texture": "#0"},
				"down": {"uv": [8.5, 5.5, 8, 5], "texture": "#0"}
			}
		},
		{
			"from": [7, 11, 7.5],
			"to": [7.5, 11.5, 8.5],
			"rotation": {"angle": 0, "axis": "y", "origin": [4.84278, 13.70103, 8]},
			"faces": {
				"north": {"uv": [8.5, 4.5, 9, 5], "texture": "#0"},
				"east": {"uv": [8.5, 4.5, 9, 5], "texture": "#0"},
				"south": {"uv": [9, 4.5, 8.5, 5], "texture": "#0"},
				"west": {"uv": [9, 4.5, 8.5, 5], "texture": "#0"},
				"up": {"uv": [9, 4.5, 8.5, 5], "texture": "#0"},
				"down": {"uv": [9, 5, 8.5, 4.5], "texture": "#0"}
			}
		},
		{
			"from": [5.5, 12, 7.5],
			"to": [6, 12.5, 8.5],
			"rotation": {"angle": 0, "axis": "y", "origin": [3.34278, 14.70103, 8]},
			"faces": {
				"north": {"uv": [10, 3.5, 10.5, 4], "texture": "#0"},
				"east": {"uv": [10, 3.5, 10.5, 4], "texture": "#0"},
				"south": {"uv": [10.5, 3.5, 10, 4], "texture": "#0"},
				"west": {"uv": [10.5, 3.5, 10, 4], "texture": "#0"},
				"up": {"uv": [10.5, 3.5, 10, 4], "texture": "#0"},
				"down": {"uv": [10.5, 4, 10, 3.5], "texture": "#0"}
			}
		},
		{
			"from": [5, 12.5, 7.5],
			"to": [5.5, 13, 8.5],
			"rotation": {"angle": 0, "axis": "y", "origin": [2.84278, 15.20103, 8]},
			"faces": {
				"north": {"uv": [10.5, 3, 11, 3.5], "texture": "#0"},
				"east": {"uv": [10.5, 3, 11, 3.5], "texture": "#0"},
				"south": {"uv": [11, 3, 10.5, 3.5], "texture": "#0"},
				"west": {"uv": [11, 3, 10.5, 3.5], "texture": "#0"},
				"up": {"uv": [11, 3, 10.5, 3.5], "texture": "#0"},
				"down": {"uv": [11, 3.5, 10.5, 3], "texture": "#0"}
			}
		},
		{
			"from": [4.5, 13, 7.5],
			"to": [5, 13.5, 8.5],
			"rotation": {"angle": 0, "axis": "y", "origin": [2.34278, 15.70103, 8]},
			"faces": {
				"north": {"uv": [11, 2.5, 11.5, 3], "texture": "#0"},
				"east": {"uv": [11, 2.5, 11.5, 3], "texture": "#0"},
				"south": {"uv": [11.5, 2.5, 11, 3], "texture": "#0"},
				"west": {"uv": [11.5, 2.5, 11, 3], "texture": "#0"},
				"up": {"uv": [11.5, 2.5, 11, 3], "texture": "#0"},
				"down": {"uv": [11.5, 3, 11, 2.5], "texture": "#0"}
			}
		},
		{
			"from": [4, 13.5, 7.5],
			"to": [4.5, 14, 8.5],
			"rotation": {"angle": 0, "axis": "y", "origin": [1.84278, 16.20103, 8]},
			"faces": {
				"north": {"uv": [11.5, 2, 12, 2.5], "texture": "#0"},
				"east": {"uv": [11.5, 2, 12, 2.5], "texture": "#0"},
				"south": {"uv": [12, 2, 11.5, 2.5], "texture": "#0"},
				"west": {"uv": [12, 2, 11.5, 2.5], "texture": "#0"},
				"up": {"uv": [12, 2, 11.5, 2.5], "texture": "#0"},
				"down": {"uv": [12, 2.5, 11.5, 2], "texture": "#0"}
			}
		},
		{
			"from": [3.5, 14, 7.5],
			"to": [4, 14.5, 8.5],
			"rotation": {"angle": 0, "axis": "y", "origin": [1.34278, 16.70103, 8]},
			"faces": {
				"north": {"uv": [12, 1.5, 12.5, 2], "texture": "#0"},
				"east": {"uv": [12, 1.5, 12.5, 2], "texture": "#0"},
				"south": {"uv": [12.5, 1.5, 12, 2], "texture": "#0"},
				"west": {"uv": [12.5, 1.5, 12, 2], "texture": "#0"},
				"up": {"uv": [12.5, 1.5, 12, 2], "texture": "#0"},
				"down": {"uv": [12.5, 2, 12, 1.5], "texture": "#0"}
			}
		},
		{
			"from": [3, 14.5, 7.5],
			"to": [3.5, 15, 8.5],
			"rotation": {"angle": 0, "axis": "y", "origin": [0.84278, 17.20103, 8]},
			"faces": {
				"north": {"uv": [12.5, 1, 13, 1.5], "texture": "#0"},
				"east": {"uv": [12.5, 1, 13, 1.5], "texture": "#0"},
				"south": {"uv": [13, 1, 12.5, 1.5], "texture": "#0"},
				"west": {"uv": [13, 1, 12.5, 1.5], "texture": "#0"},
				"up": {"uv": [13, 1, 12.5, 1.5], "texture": "#0"},
				"down": {"uv": [13, 1.5, 12.5, 1], "texture": "#0"}
			}
		},
		{
			"from": [1, 15, 7.5],
			"to": [3, 15.5, 8.5],
			"rotation": {"angle": 0, "axis": "y", "origin": [0.34278, 17.70103, 8]},
			"faces": {
				"north": {"uv": [13, 0.5, 15, 1], "texture": "#0"},
				"east": {"uv": [13, 0.5, 13.5, 1], "texture": "#0"},
				"south": {"uv": [15, 0.5, 13, 1], "texture": "#0"},
				"west": {"uv": [15, 0.5, 14.5, 1], "texture": "#0"},
				"up": {"uv": [15, 0.5, 13, 1], "texture": "#0"},
				"down": {"uv": [15, 1, 13, 0.5], "texture": "#0"}
			}
		},
		{
			"from": [6, 11.5, 7.5],
			"to": [7, 12, 8.5],
			"rotation": {"angle": 0, "axis": "y", "origin": [4.34278, 14.20103, 8]},
			"faces": {
				"north": {"uv": [9, 4, 10, 4.5], "texture": "#0"},
				"east": {"uv": [9, 4, 9.5, 4.5], "texture": "#0"},
				"south": {"uv": [10, 4, 9, 4.5], "texture": "#0"},
				"west": {"uv": [10, 4, 9.5, 4.5], "texture": "#0"},
				"up": {"uv": [10, 4, 9, 4.5], "texture": "#0"},
				"down": {"uv": [10, 4.5, 9, 4], "texture": "#0"}
			}
		},
		{
			"from": [10, 7, 7.5],
			"to": [10.5, 8.5, 8.5],
			"rotation": {"angle": 0, "axis": "y", "origin": [7.84278, 9.70103, 8]},
			"faces": {
				"north": {"uv": [5.5, 7.5, 6, 9], "texture": "#0"},
				"east": {"uv": [5.5, 7.5, 6, 9], "texture": "#0"},
				"south": {"uv": [6, 7.5, 5.5, 9], "texture": "#0"},
				"west": {"uv": [6, 7.5, 5.5, 9], "texture": "#0"},
				"up": {"uv": [6, 7.5, 5.5, 8], "texture": "#0"},
				"down": {"uv": [6, 9, 5.5, 8.5], "texture": "#0"}
			}
		},
		{
			"from": [7.5, 5.5, 7.5],
			"to": [9, 6, 8.5],
			"rotation": {"angle": 0, "axis": "y", "origin": [7.84278, 6.70103, 8]},
			"faces": {
				"north": {"uv": [7, 10, 8.5, 10.5], "texture": "#0"},
				"east": {"uv": [7, 10, 7.5, 10.5], "texture": "#0"},
				"south": {"uv": [8.5, 10, 7, 10.5], "texture": "#0"},
				"west": {"uv": [8.5, 10, 8, 10.5], "texture": "#0"},
				"up": {"uv": [8.5, 10, 7, 10.5], "texture": "#0"},
				"down": {"uv": [8.5, 10.5, 7, 10], "texture": "#0"}
			}
		},
		{
			"from": [4, 9, 7.5],
			"to": [4.5, 10, 8.5],
			"rotation": {"angle": 0, "axis": "y", "origin": [7.84278, 6.70103, 8]},
			"faces": {
				"north": {"uv": [11.5, 6, 12, 7], "texture": "#0"},
				"east": {"uv": [11.5, 6, 12, 7], "texture": "#0"},
				"south": {"uv": [12, 6, 11.5, 7], "texture": "#0"},
				"west": {"uv": [12, 6, 11.5, 7], "texture": "#0"},
				"up": {"uv": [12, 6, 11.5, 6.5], "texture": "#0"},
				"down": {"uv": [12, 7, 11.5, 6.5], "texture": "#0"}
			}
		},
		{
			"from": [15, 0.5, 7.25],
			"to": [15.5, 1, 8.75],
			"rotation": {"angle": 0, "axis": "y", "origin": [7.84278, 6.70103, 8]},
			"faces": {
				"north": {"uv": [0.5, 15, 1, 15.5], "texture": "#0"},
				"east": {"uv": [0.5, 15, 1, 15.5], "texture": "#0"},
				"south": {"uv": [1, 15, 0.5, 15.5], "texture": "#0"},
				"west": {"uv": [1, 15, 0.5, 15.5], "texture": "#0"},
				"up": {"uv": [1, 15, 0.5, 15.5], "texture": "#0"},
				"down": {"uv": [1, 15.5, 0.5, 15], "texture": "#0"}
			}
		},
		{
			"from": [1, 13, 7.25],
			"to": [1.5, 15, 8.75],
			"rotation": {"angle": 0, "axis": "y", "origin": [7.84278, 6.70103, 8]},
			"faces": {
				"north": {"uv": [14.5, 1, 15, 3], "texture": "#0"},
				"east": {"uv": [14.5, 1, 15, 3], "texture": "#0"},
				"south": {"uv": [15, 1, 14.5, 3], "texture": "#0"},
				"west": {"uv": [15, 1, 14.5, 3], "texture": "#0"},
				"up": {"uv": [15, 1, 14.5, 1.5], "texture": "#0"},
				"down": {"uv": [15, 3, 14.5, 2.5], "texture": "#0"}
			}
		},
		{
			"from": [1.5, 12.5, 7.25],
			"to": [2, 15, 8.75],
			"rotation": {"angle": 0, "axis": "y", "origin": [7.84278, 6.70103, 8]},
			"faces": {
				"north": {"uv": [14, 1, 14.5, 3.5], "texture": "#0"},
				"east": {"uv": [14, 1, 14.5, 3.5], "texture": "#0"},
				"south": {"uv": [14.5, 1, 14, 3.5], "texture": "#0"},
				"west": {"uv": [14.5, 1, 14, 3.5], "texture": "#0"},
				"up": {"uv": [14.5, 1, 14, 1.5], "texture": "#0"},
				"down": {"uv": [14.5, 3.5, 14, 3], "texture": "#0"}
			}
		},
		{
			"from": [2, 12, 7.25],
			"to": [2.5, 15, 8.75],
			"rotation": {"angle": 0, "axis": "y", "origin": [7.84278, 6.70103, 8]},
			"faces": {
				"north": {"uv": [13.5, 1, 14, 4], "texture": "#0"},
				"east": {"uv": [13.5, 1, 14, 4], "texture": "#0"},
				"south": {"uv": [14, 1, 13.5, 4], "texture": "#0"},
				"west": {"uv": [14, 1, 13.5, 4], "texture": "#0"},
				"up": {"uv": [14, 1, 13.5, 1.5], "texture": "#0"},
				"down": {"uv": [14, 4, 13.5, 3.5], "texture": "#0"}
			}
		},
		{
			"from": [2.5, 11.5, 7.25],
			"to": [3, 15, 8.75],
			"rotation": {"angle": 0, "axis": "y", "origin": [7.84278, 6.70103, 8]},
			"faces": {
				"north": {"uv": [13, 1, 13.5, 4.5], "texture": "#0"},
				"east": {"uv": [13, 1, 13.5, 4.5], "texture": "#0"},
				"south": {"uv": [13.5, 1, 13, 4.5], "texture": "#0"},
				"west": {"uv": [13.5, 1, 13, 4.5], "texture": "#0"},
				"up": {"uv": [13.5, 1, 13, 1.5], "texture": "#0"},
				"down": {"uv": [13.5, 4.5, 13, 4], "texture": "#0"}
			}
		},
		{
			"from": [3, 13, 7.25],
			"to": [3.5, 14.5, 8.75],
			"rotation": {"angle": 0, "axis": "y", "origin": [8.34278, 6.70103, 8]},
			"faces": {
				"north": {"uv": [12.5, 1.5, 13, 3], "texture": "#0"},
				"east": {"uv": [12.5, 1.5, 13, 3], "texture": "#0"},
				"south": {"uv": [13, 1.5, 12.5, 3], "texture": "#0"},
				"west": {"uv": [13, 1.5, 12.5, 3], "texture": "#0"},
				"up": {"uv": [13, 1.5, 12.5, 2], "texture": "#0"},
				"down": {"uv": [13, 3, 12.5, 2.5], "texture": "#0"}
			}
		},
		{
			"from": [3.5, 13, 7.25],
			"to": [4, 14, 8.75],
			"rotation": {"angle": 0, "axis": "y", "origin": [8.84278, 6.70103, 8]},
			"faces": {
				"north": {"uv": [12, 2, 12.5, 3], "texture": "#0"},
				"east": {"uv": [12, 2, 12.5, 3], "texture": "#0"},
				"south": {"uv": [12.5, 2, 12, 3], "texture": "#0"},
				"west": {"uv": [12.5, 2, 12, 3], "texture": "#0"},
				"up": {"uv": [12.5, 2, 12, 2.5], "texture": "#0"},
				"down": {"uv": [12.5, 3, 12, 2.5], "texture": "#0"}
			}
		},
		{
			"from": [4, 12.5, 7.25],
			"to": [4.5, 13.5, 8.75],
			"rotation": {"angle": 0, "axis": "y", "origin": [9.34278, 6.20103, 8]},
			"faces": {
				"north": {"uv": [11.5, 2.5, 12, 3.5], "texture": "#0"},
				"east": {"uv": [11.5, 2.5, 12, 3.5], "texture": "#0"},
				"south": {"uv": [12, 2.5, 11.5, 3.5], "texture": "#0"},
				"west": {"uv": [12, 2.5, 11.5, 3.5], "texture": "#0"},
				"up": {"uv": [12, 2.5, 11.5, 3], "texture": "#0"},
				"down": {"uv": [12, 3.5, 11.5, 3], "texture": "#0"}
			}
		},
		{
			"from": [4.5, 12, 7.25],
			"to": [5, 13, 8.75],
			"rotation": {"angle": 0, "axis": "y", "origin": [9.84278, 5.70103, 8]},
			"faces": {
				"north": {"uv": [11, 3, 11.5, 4], "texture": "#0"},
				"east": {"uv": [11, 3, 11.5, 4], "texture": "#0"},
				"south": {"uv": [11.5, 3, 11, 4], "texture": "#0"},
				"west": {"uv": [11.5, 3, 11, 4], "texture": "#0"},
				"up": {"uv": [11.5, 3, 11, 3.5], "texture": "#0"},
				"down": {"uv": [11.5, 4, 11, 3.5], "texture": "#0"}
			}
		},
		{
			"from": [3, 11, 7.25],
			"to": [3.5, 12, 8.75],
			"rotation": {"angle": 0, "axis": "y", "origin": [7.84278, 6.70103, 8]},
			"faces": {
				"north": {"uv": [12.5, 4, 13, 5], "texture": "#0"},
				"east": {"uv": [12.5, 4, 13, 5], "texture": "#0"},
				"south": {"uv": [13, 4, 12.5, 5], "texture": "#0"},
				"west": {"uv": [13, 4, 12.5, 5], "texture": "#0"},
				"up": {"uv": [13, 4, 12.5, 4.5], "texture": "#0"},
				"down": {"uv": [13, 5, 12.5, 4.5], "texture": "#0"}
			}
		},
		{
			"from": [3, 12, 7],
			"to": [3.5, 13, 9],
			"rotation": {"angle": 0, "axis": "y", "origin": [7.84278, 6.70103, 8]},
			"faces": {
				"north": {"uv": [12.5, 3, 13, 4], "texture": "#0"},
				"east": {"uv": [12.5, 3, 13, 4], "texture": "#0"},
				"south": {"uv": [13, 3, 12.5, 4], "texture": "#0"},
				"west": {"uv": [13, 3, 12.5, 4], "texture": "#0"},
				"up": {"uv": [13, 3, 12.5, 3.5], "texture": "#0"},
				"down": {"uv": [13, 4, 12.5, 3.5], "texture": "#0"}
			}
		},
		{
			"from": [3.5, 11.5, 7],
			"to": [4, 13, 9],
			"rotation": {"angle": 0, "axis": "y", "origin": [7.84278, 6.70103, 8]},
			"faces": {
				"north": {"uv": [12, 3, 12.5, 4.5], "texture": "#0"},
				"east": {"uv": [12, 3, 12.5, 4.5], "texture": "#0"},
				"south": {"uv": [12.5, 3, 12, 4.5], "texture": "#0"},
				"west": {"uv": [12.5, 3, 12, 4.5], "texture": "#0"},
				"up": {"uv": [12.5, 3, 12, 3.5], "texture": "#0"},
				"down": {"uv": [12.5, 4.5, 12, 4], "texture": "#0"}
			}
		},
		{
			"from": [4, 11, 7],
			"to": [4.5, 12.5, 9],
			"rotation": {"angle": 0, "axis": "y", "origin": [7.84278, 6.70103, 8]},
			"faces": {
				"north": {"uv": [11.5, 3.5, 12, 5], "texture": "#0"},
				"east": {"uv": [11.5, 3.5, 12, 5], "texture": "#0"},
				"south": {"uv": [12, 3.5, 11.5, 5], "texture": "#0"},
				"west": {"uv": [12, 3.5, 11.5, 5], "texture": "#0"},
				"up": {"uv": [12, 3.5, 11.5, 4], "texture": "#0"},
				"down": {"uv": [12, 5, 11.5, 4.5], "texture": "#0"}
			}
		},
		{
			"from": [4.5, 11, 7],
			"to": [5, 12, 9],
			"rotation": {"angle": 0, "axis": "y", "origin": [7.84278, 6.70103, 8]},
			"faces": {
				"north": {"uv": [11, 4, 11.5, 5], "texture": "#0"},
				"east": {"uv": [11, 4, 11.5, 5], "texture": "#0"},
				"south": {"uv": [11.5, 4, 11, 5], "texture": "#0"},
				"west": {"uv": [11.5, 4, 11, 5], "texture": "#0"},
				"up": {"uv": [11.5, 4, 11, 4.5], "texture": "#0"},
				"down": {"uv": [11.5, 5, 11, 4.5], "texture": "#0"}
			}
		},
		{
			"from": [7.5, 7, 7],
			"to": [8, 8.5, 9],
			"rotation": {"angle": 0, "axis": "y", "origin": [7.84278, 6.70103, 8]},
			"faces": {
				"north": {"uv": [8, 7.5, 8.5, 9], "texture": "#0"},
				"east": {"uv": [8, 7.5, 8.5, 9], "texture": "#0"},
				"south": {"uv": [8.5, 7.5, 8, 9], "texture": "#0"},
				"west": {"uv": [8.5, 7.5, 8, 9], "texture": "#0"},
				"up": {"uv": [8.5, 7.5, 8, 8], "texture": "#0"},
				"down": {"uv": [8.5, 9, 8, 8.5], "texture": "#0"}
			}
		},
		{
			"from": [8, 6.5, 7],
			"to": [8.5, 8.5, 9],
			"rotation": {"angle": 0, "axis": "y", "origin": [7.84278, 6.70103, 8]},
			"faces": {
				"north": {"uv": [7.5, 7.5, 8, 9.5], "texture": "#0"},
				"east": {"uv": [7.5, 7.5, 8, 9.5], "texture": "#0"},
				"south": {"uv": [8, 7.5, 7.5, 9.5], "texture": "#0"},
				"west": {"uv": [8, 7.5, 7.5, 9.5], "texture": "#0"},
				"up": {"uv": [8, 7.5, 7.5, 8], "texture": "#0"},
				"down": {"uv": [8, 9.5, 7.5, 9], "texture": "#0"}
			}
		},
		{
			"from": [8.5, 6, 7],
			"to": [9, 8.5, 9],
			"rotation": {"angle": 0, "axis": "y", "origin": [7.84278, 6.70103, 8]},
			"faces": {
				"north": {"uv": [7, 7.5, 7.5, 10], "texture": "#0"},
				"east": {"uv": [7, 7.5, 7.5, 10], "texture": "#0"},
				"south": {"uv": [7.5, 7.5, 7, 10], "texture": "#0"},
				"west": {"uv": [7.5, 7.5, 7, 10], "texture": "#0"},
				"up": {"uv": [7.5, 7.5, 7, 8], "texture": "#0"},
				"down": {"uv": [7.5, 10, 7, 9.5], "texture": "#0"}
			}
		},
		{
			"from": [9, 6, 7],
			"to": [9.5, 8, 9],
			"rotation": {"angle": 0, "axis": "y", "origin": [7.84278, 6.70103, 8]},
			"faces": {
				"north": {"uv": [6.5, 8, 7, 10], "texture": "#0"},
				"east": {"uv": [6.5, 8, 7, 10], "texture": "#0"},
				"south": {"uv": [7, 8, 6.5, 10], "texture": "#0"},
				"west": {"uv": [7, 8, 6.5, 10], "texture": "#0"},
				"up": {"uv": [7, 8, 6.5, 8.5], "texture": "#0"},
				"down": {"uv": [7, 10, 6.5, 9.5], "texture": "#0"}
			}
		},
		{
			"from": [9.5, 5.5, 7],
			"to": [10, 7.5, 9],
			"rotation": {"angle": 0, "axis": "y", "origin": [7.84278, 6.70103, 8]},
			"faces": {
				"north": {"uv": [6, 8.5, 6.5, 10.5], "texture": "#0"},
				"east": {"uv": [6, 8.5, 6.5, 10.5], "texture": "#0"},
				"south": {"uv": [6.5, 8.5, 6, 10.5], "texture": "#0"},
				"west": {"uv": [6.5, 8.5, 6, 10.5], "texture": "#0"},
				"up": {"uv": [6.5, 8.5, 6, 9], "texture": "#0"},
				"down": {"uv": [6.5, 10.5, 6, 10], "texture": "#0"}
			}
		},
		{
			"from": [10, 5, 7],
			"to": [10.5, 6.5, 9],
			"rotation": {"angle": 0, "axis": "y", "origin": [7.84278, 6.70103, 8]},
			"faces": {
				"north": {"uv": [5.5, 9.5, 6, 11], "texture": "#0"},
				"east": {"uv": [5.5, 9.5, 6, 11], "texture": "#0"},
				"south": {"uv": [6, 9.5, 5.5, 11], "texture": "#0"},
				"west": {"uv": [6, 9.5, 5.5, 11], "texture": "#0"},
				"up": {"uv": [6, 9.5, 5.5, 10], "texture": "#0"},
				"down": {"uv": [6, 11, 5.5, 10.5], "texture": "#0"}
			}
		},
		{
			"from": [10.5, 4.5, 7],
			"to": [11, 6, 9],
			"rotation": {"angle": 0, "axis": "y", "origin": [7.84278, 6.70103, 8]},
			"faces": {
				"north": {"uv": [5, 10, 5.5, 11.5], "texture": "#0"},
				"east": {"uv": [5, 10, 5.5, 11.5], "texture": "#0"},
				"south": {"uv": [5.5, 10, 5, 11.5], "texture": "#0"},
				"west": {"uv": [5.5, 10, 5, 11.5], "texture": "#0"},
				"up": {"uv": [5.5, 10, 5, 10.5], "texture": "#0"},
				"down": {"uv": [5.5, 11.5, 5, 11], "texture": "#0"}
			}
		},
		{
			"from": [11, 4.5, 7],
			"to": [11.5, 5.5, 9],
			"rotation": {"angle": 0, "axis": "y", "origin": [7.84278, 6.70103, 8]},
			"faces": {
				"north": {"uv": [4.5, 10.5, 5, 11.5], "texture": "#0"},
				"east": {"uv": [4.5, 10.5, 5, 11.5], "texture": "#0"},
				"south": {"uv": [5, 10.5, 4.5, 11.5], "texture": "#0"},
				"west": {"uv": [5, 10.5, 4.5, 11.5], "texture": "#0"},
				"up": {"uv": [5, 10.5, 4.5, 11], "texture": "#0"},
				"down": {"uv": [5, 11.5, 4.5, 11], "texture": "#0"}
			}
		},
		{
			"from": [3.5, 10.5, 7.25],
			"to": [4, 11.5, 8.75],
			"rotation": {"angle": 0, "axis": "y", "origin": [7.84278, 6.70103, 8]},
			"faces": {
				"north": {"uv": [12, 4.5, 12.5, 5.5], "texture": "#0"},
				"east": {"uv": [12, 4.5, 12.5, 5.5], "texture": "#0"},
				"south": {"uv": [12.5, 4.5, 12, 5.5], "texture": "#0"},
				"west": {"uv": [12.5, 4.5, 12, 5.5], "texture": "#0"},
				"up": {"uv": [12.5, 4.5, 12, 5], "texture": "#0"},
				"down": {"uv": [12.5, 5.5, 12, 5], "texture": "#0"}
			}
		},
		{
			"from": [4, 10, 7.25],
			"to": [4.5, 11, 8.75],
			"rotation": {"angle": 0, "axis": "y", "origin": [7.84278, 6.70103, 8]},
			"faces": {
				"north": {"uv": [11.5, 5, 12, 6], "texture": "#0"},
				"east": {"uv": [11.5, 5, 12, 6], "texture": "#0"},
				"south": {"uv": [12, 5, 11.5, 6], "texture": "#0"},
				"west": {"uv": [12, 5, 11.5, 6], "texture": "#0"},
				"up": {"uv": [12, 5, 11.5, 5.5], "texture": "#0"},
				"down": {"uv": [12, 6, 11.5, 5.5], "texture": "#0"}
			}
		},
		{
			"from": [4.5, 9, 7.25],
			"to": [5, 11, 8.75],
			"rotation": {"angle": 0, "axis": "y", "origin": [7.84278, 6.70103, 8]},
			"faces": {
				"north": {"uv": [11, 5, 11.5, 7], "texture": "#0"},
				"east": {"uv": [11, 5, 11.5, 7], "texture": "#0"},
				"south": {"uv": [11.5, 5, 11, 7], "texture": "#0"},
				"west": {"uv": [11.5, 5, 11, 7], "texture": "#0"},
				"up": {"uv": [11.5, 5, 11, 5.5], "texture": "#0"},
				"down": {"uv": [11.5, 7, 11, 6.5], "texture": "#0"}
			}
		},
		{
			"from": [5, 8.5, 7.25],
			"to": [5.5, 12.5, 8.75],
			"rotation": {"angle": 0, "axis": "y", "origin": [7.84278, 6.70103, 8]},
			"faces": {
				"north": {"uv": [10.5, 3.5, 11, 7.5], "texture": "#0"},
				"east": {"uv": [10.5, 3.5, 11, 7.5], "texture": "#0"},
				"south": {"uv": [11, 3.5, 10.5, 7.5], "texture": "#0"},
				"west": {"uv": [11, 3.5, 10.5, 7.5], "texture": "#0"},
				"up": {"uv": [11, 3.5, 10.5, 4], "texture": "#0"},
				"down": {"uv": [11, 7.5, 10.5, 7], "texture": "#0"}
			}
		},
		{
			"from": [5.5, 8, 7.25],
			"to": [6, 12, 8.75],
			"rotation": {"angle": 0, "axis": "y", "origin": [7.84278, 6.70103, 8]},
			"faces": {
				"north": {"uv": [10, 4, 10.5, 8], "texture": "#0"},
				"east": {"uv": [10, 4, 10.5, 8], "texture": "#0"},
				"south": {"uv": [10.5, 4, 10, 8], "texture": "#0"},
				"west": {"uv": [10.5, 4, 10, 8], "texture": "#0"},
				"up": {"uv": [10.5, 4, 10, 4.5], "texture": "#0"},
				"down": {"uv": [10.5, 8, 10, 7.5], "texture": "#0"}
			}
		},
		{
			"from": [6, 7.5, 7.25],
			"to": [6.5, 11.5, 8.75],
			"rotation": {"angle": 0, "axis": "y", "origin": [7.84278, 6.70103, 8]},
			"faces": {
				"north": {"uv": [9.5, 4.5, 10, 8.5], "texture": "#0"},
				"east": {"uv": [9.5, 4.5, 10, 8.5], "texture": "#0"},
				"south": {"uv": [10, 4.5, 9.5, 8.5], "texture": "#0"},
				"west": {"uv": [10, 4.5, 9.5, 8.5], "texture": "#0"},
				"up": {"uv": [10, 4.5, 9.5, 5], "texture": "#0"},
				"down": {"uv": [10, 8.5, 9.5, 8], "texture": "#0"}
			}
		},
		{
			"from": [6.5, 7, 7.25],
			"to": [7, 11.5, 8.75],
			"rotation": {"angle": 0, "axis": "y", "origin": [7.84278, 6.70103, 8]},
			"faces": {
				"north": {"uv": [9, 4.5, 9.5, 9], "texture": "#0"},
				"east": {"uv": [9, 4.5, 9.5, 9], "texture": "#0"},
				"south": {"uv": [9.5, 4.5, 9, 9], "texture": "#0"},
				"west": {"uv": [9.5, 4.5, 9, 9], "texture": "#0"},
				"up": {"uv": [9.5, 4.5, 9, 5], "texture": "#0"},
				"down": {"uv": [9.5, 9, 9, 8.5], "texture": "#0"}
			}
		},
		{
			"from": [7, 6.5, 7.25],
			"to": [7.5, 11, 8.75],
			"rotation": {"angle": 0, "axis": "y", "origin": [7.84278, 6.70103, 8]},
			"faces": {
				"north": {"uv": [8.5, 5, 9, 9.5], "texture": "#0"},
				"east": {"uv": [8.5, 5, 9, 9.5], "texture": "#0"},
				"south": {"uv": [9, 5, 8.5, 9.5], "texture": "#0"},
				"west": {"uv": [9, 5, 8.5, 9.5], "texture": "#0"},
				"up": {"uv": [9, 5, 8.5, 5.5], "texture": "#0"},
				"down": {"uv": [9, 9.5, 8.5, 9], "texture": "#0"}
			}
		},
		{
			"from": [7.5, 6, 7.25],
			"to": [8, 7, 8.75],
			"rotation": {"angle": 0, "axis": "y", "origin": [7.84278, 6.70103, 8]},
			"faces": {
				"north": {"uv": [8, 9, 8.5, 10], "texture": "#0"},
				"east": {"uv": [8, 9, 8.5, 10], "texture": "#0"},
				"south": {"uv": [8.5, 9, 8, 10], "texture": "#0"},
				"west": {"uv": [8.5, 9, 8, 10], "texture": "#0"},
				"up": {"uv": [8.5, 9, 8, 9.5], "texture": "#0"},
				"down": {"uv": [8.5, 10, 8, 9.5], "texture": "#0"}
			}
		},
		{
			"from": [8, 6, 7.25],
			"to": [8.5, 6.5, 8.75],
			"rotation": {"angle": 0, "axis": "y", "origin": [7.84278, 6.70103, 8]},
			"faces": {
				"north": {"uv": [7.5, 9.5, 8, 10], "texture": "#0"},
				"east": {"uv": [7.5, 9.5, 8, 10], "texture": "#0"},
				"south": {"uv": [8, 9.5, 7.5, 10], "texture": "#0"},
				"west": {"uv": [8, 9.5, 7.5, 10], "texture": "#0"},
				"up": {"uv": [8, 9.5, 7.5, 10], "texture": "#0"},
				"down": {"uv": [8, 10, 7.5, 9.5], "texture": "#0"}
			}
		},
		{
			"from": [9, 5.5, 7.25],
			"to": [9.5, 6, 8.75],
			"rotation": {"angle": 0, "axis": "y", "origin": [7.84278, 6.70103, 8]},
			"faces": {
				"north": {"uv": [6.5, 10, 7, 10.5], "texture": "#0"},
				"east": {"uv": [6.5, 10, 7, 10.5], "texture": "#0"},
				"south": {"uv": [7, 10, 6.5, 10.5], "texture": "#0"},
				"west": {"uv": [7, 10, 6.5, 10.5], "texture": "#0"},
				"up": {"uv": [7, 10, 6.5, 10.5], "texture": "#0"},
				"down": {"uv": [7, 10.5, 6.5, 10], "texture": "#0"}
			}
		},
		{
			"from": [11, 5.5, 7.25],
			"to": [11.5, 6, 8.75],
			"rotation": {"angle": 0, "axis": "y", "origin": [9.84278, 6.70103, 8]},
			"faces": {
				"north": {"uv": [4.5, 10, 5, 10.5], "texture": "#0"},
				"east": {"uv": [4.5, 10, 5, 10.5], "texture": "#0"},
				"south": {"uv": [5, 10, 4.5, 10.5], "texture": "#0"},
				"west": {"uv": [5, 10, 4.5, 10.5], "texture": "#0"},
				"up": {"uv": [5, 10, 4.5, 10.5], "texture": "#0"},
				"down": {"uv": [5, 10.5, 4.5, 10], "texture": "#0"}
			}
		},
		{
			"from": [10.5, 6, 7.25],
			"to": [11, 6.5, 8.75],
			"rotation": {"angle": 0, "axis": "y", "origin": [9.34278, 7.20103, 8]},
			"faces": {
				"north": {"uv": [5, 9.5, 5.5, 10], "texture": "#0"},
				"east": {"uv": [5, 9.5, 5.5, 10], "texture": "#0"},
				"south": {"uv": [5.5, 9.5, 5, 10], "texture": "#0"},
				"west": {"uv": [5.5, 9.5, 5, 10], "texture": "#0"},
				"up": {"uv": [5.5, 9.5, 5, 10], "texture": "#0"},
				"down": {"uv": [5.5, 10, 5, 9.5], "texture": "#0"}
			}
		},
		{
			"from": [10, 6.5, 7.25],
			"to": [10.5, 7, 8.75],
			"rotation": {"angle": 0, "axis": "y", "origin": [8.84278, 7.70103, 8]},
			"faces": {
				"north": {"uv": [5.5, 9, 6, 9.5], "texture": "#0"},
				"east": {"uv": [5.5, 9, 6, 9.5], "texture": "#0"},
				"south": {"uv": [6, 9, 5.5, 9.5], "texture": "#0"},
				"west": {"uv": [6, 9, 5.5, 9.5], "texture": "#0"},
				"up": {"uv": [6, 9, 5.5, 9.5], "texture": "#0"},
				"down": {"uv": [6, 9.5, 5.5, 9], "texture": "#0"}
			}
		},
		{
			"from": [9.5, 7.5, 7.25],
			"to": [10, 8.5, 8.75],
			"rotation": {"angle": 0, "axis": "y", "origin": [8.34278, 8.70103, 8]},
			"faces": {
				"north": {"uv": [6, 7.5, 6.5, 8.5], "texture": "#0"},
				"east": {"uv": [6, 7.5, 6.5, 8.5], "texture": "#0"},
				"south": {"uv": [6.5, 7.5, 6, 8.5], "texture": "#0"},
				"west": {"uv": [6.5, 7.5, 6, 8.5], "texture": "#0"},
				"up": {"uv": [6.5, 7.5, 6, 8], "texture": "#0"},
				"down": {"uv": [6.5, 8.5, 6, 8], "texture": "#0"}
			}
		},
		{
			"from": [9, 8, 7.25],
			"to": [9.5, 9, 8.75],
			"rotation": {"angle": 0, "axis": "y", "origin": [7.84278, 9.20103, 8]},
			"faces": {
				"north": {"uv": [6.5, 7, 7, 8], "texture": "#0"},
				"east": {"uv": [6.5, 7, 7, 8], "texture": "#0"},
				"south": {"uv": [7, 7, 6.5, 8], "texture": "#0"},
				"west": {"uv": [7, 7, 6.5, 8], "texture": "#0"},
				"up": {"uv": [7, 7, 6.5, 7.5], "texture": "#0"},
				"down": {"uv": [7, 8, 6.5, 7.5], "texture": "#0"}
			}
		},
		{
			"from": [8.5, 8.5, 7.25],
			"to": [9, 9.5, 8.75],
			"rotation": {"angle": 0, "axis": "y", "origin": [7.34278, 9.70103, 8]},
			"faces": {
				"north": {"uv": [7, 6.5, 7.5, 7.5], "texture": "#0"},
				"east": {"uv": [7, 6.5, 7.5, 7.5], "texture": "#0"},
				"south": {"uv": [7.5, 6.5, 7, 7.5], "texture": "#0"},
				"west": {"uv": [7.5, 6.5, 7, 7.5], "texture": "#0"},
				"up": {"uv": [7.5, 6.5, 7, 7], "texture": "#0"},
				"down": {"uv": [7.5, 7.5, 7, 7], "texture": "#0"}
			}
		},
		{
			"from": [8, 8.5, 7.25],
			"to": [8.5, 10, 8.75],
			"rotation": {"angle": 0, "axis": "y", "origin": [6.84278, 9.70103, 8]},
			"faces": {
				"north": {"uv": [7.5, 6, 8, 7.5], "texture": "#0"},
				"east": {"uv": [7.5, 6, 8, 7.5], "texture": "#0"},
				"south": {"uv": [8, 6, 7.5, 7.5], "texture": "#0"},
				"west": {"uv": [8, 6, 7.5, 7.5], "texture": "#0"},
				"up": {"uv": [8, 6, 7.5, 6.5], "texture": "#0"},
				"down": {"uv": [8, 7.5, 7.5, 7], "texture": "#0"}
			}
		},
		{
			"from": [7.5, 8.5, 7.25],
			"to": [8, 10.5, 8.75],
			"rotation": {"angle": 0, "axis": "y", "origin": [6.34278, 9.70103, 8]},
			"faces": {
				"north": {"uv": [8, 5.5, 8.5, 7.5], "texture": "#0"},
				"east": {"uv": [8, 5.5, 8.5, 7.5], "texture": "#0"},
				"south": {"uv": [8.5, 5.5, 8, 7.5], "texture": "#0"},
				"west": {"uv": [8.5, 5.5, 8, 7.5], "texture": "#0"},
				"up": {"uv": [8.5, 5.5, 8, 6], "texture": "#0"},
				"down": {"uv": [8.5, 7.5, 8, 7], "texture": "#0"}
			}
		},
		{
			"from": [9.5, 5, 7.25],
			"to": [10, 5.5, 8.75],
			"rotation": {"angle": 0, "axis": "y", "origin": [7.84278, 6.70103, 8]},
			"faces": {
				"north": {"uv": [6, 10.5, 6.5, 11], "texture": "#0"},
				"east": {"uv": [6, 10.5, 6.5, 11], "texture": "#0"},
				"south": {"uv": [6.5, 10.5, 6, 11], "texture": "#0"},
				"west": {"uv": [6.5, 10.5, 6, 11], "texture": "#0"},
				"up": {"uv": [6.5, 10.5, 6, 11], "texture": "#0"},
				"down": {"uv": [6.5, 11, 6, 10.5], "texture": "#0"}
			}
		},
		{
			"from": [10, 4.5, 7.25],
			"to": [10.5, 5, 8.75],
			"rotation": {"angle": 0, "axis": "y", "origin": [7.84278, 6.70103, 8]},
			"faces": {
				"north": {"uv": [5.5, 11, 6, 11.5], "texture": "#0"},
				"east": {"uv": [5.5, 11, 6, 11.5], "texture": "#0"},
				"south": {"uv": [6, 11, 5.5, 11.5], "texture": "#0"},
				"west": {"uv": [6, 11, 5.5, 11.5], "texture": "#0"},
				"up": {"uv": [6, 11, 5.5, 11.5], "texture": "#0"},
				"down": {"uv": [6, 11.5, 5.5, 11], "texture": "#0"}
			}
		},
		{
			"from": [13.5, 5.5, 7.25],
			"to": [14, 6.5, 8.75],
			"rotation": {"angle": 0, "axis": "y", "origin": [11.34278, 8.20103, 8]},
			"faces": {
				"north": {"uv": [2, 9.5, 2.5, 10.5], "texture": "#0"},
				"east": {"uv": [2, 9.5, 2.5, 10.5], "texture": "#0"},
				"south": {"uv": [2.5, 9.5, 2, 10.5], "texture": "#0"},
				"west": {"uv": [2.5, 9.5, 2, 10.5], "texture": "#0"},
				"up": {"uv": [2.5, 9.5, 2, 10], "texture": "#0"},
				"down": {"uv": [2.5, 10.5, 2, 10], "texture": "#0"}
			}
		},
		{
			"from": [13, 5, 7.25],
			"to": [13.5, 6, 8.75],
			"rotation": {"angle": 0, "axis": "y", "origin": [10.84278, 7.70103, 8]},
			"faces": {
				"north": {"uv": [2.5, 10, 3, 11], "texture": "#0"},
				"east": {"uv": [2.5, 10, 3, 11], "texture": "#0"},
				"south": {"uv": [3, 10, 2.5, 11], "texture": "#0"},
				"west": {"uv": [3, 10, 2.5, 11], "texture": "#0"},
				"up": {"uv": [3, 10, 2.5, 10.5], "texture": "#0"},
				"down": {"uv": [3, 11, 2.5, 10.5], "texture": "#0"}
			}
		},
		{
			"from": [11.5, 5, 7.25],
			"to": [13, 5.5, 8.75],
			"rotation": {"angle": 0, "axis": "y", "origin": [10.34278, 7.70103, 8]},
			"faces": {
				"north": {"uv": [3, 10.5, 4.5, 11], "texture": "#0"},
				"east": {"uv": [3, 10.5, 3.5, 11], "texture": "#0"},
				"south": {"uv": [4.5, 10.5, 3, 11], "texture": "#0"},
				"west": {"uv": [4.5, 10.5, 4, 11], "texture": "#0"},
				"up": {"uv": [4.5, 10.5, 3, 11], "texture": "#0"},
				"down": {"uv": [4.5, 11, 3, 10.5], "texture": "#0"}
			}
		},
		{
			"from": [11, 4, 7.25],
			"to": [11.5, 4.5, 8.75],
			"rotation": {"angle": 0, "axis": "y", "origin": [7.84278, 6.70103, 8]},
			"faces": {
				"north": {"uv": [4.5, 11.5, 5, 12], "texture": "#0"},
				"east": {"uv": [4.5, 11.5, 5, 12], "texture": "#0"},
				"south": {"uv": [5, 11.5, 4.5, 12], "texture": "#0"},
				"west": {"uv": [5, 11.5, 4.5, 12], "texture": "#0"},
				"up": {"uv": [5, 11.5, 4.5, 12], "texture": "#0"},
				"down": {"uv": [5, 12, 4.5, 11.5], "texture": "#0"}
			}
		},
		{
			"from": [11.5, 4.5, 7.25],
			"to": [12, 5, 8.75],
			"rotation": {"angle": 0, "axis": "y", "origin": [8.34278, 7.20103, 8]},
			"faces": {
				"north": {"uv": [4, 11, 4.5, 11.5], "texture": "#0"},
				"east": {"uv": [4, 11, 4.5, 11.5], "texture": "#0"},
				"south": {"uv": [4.5, 11, 4, 11.5], "texture": "#0"},
				"west": {"uv": [4.5, 11, 4, 11.5], "texture": "#0"},
				"up": {"uv": [4.5, 11, 4, 11.5], "texture": "#0"},
				"down": {"uv": [4.5, 11.5, 4, 11], "texture": "#0"}
			}
		},
		{
			"from": [9.5, 2, 7.25],
			"to": [10.5, 2.5, 8.75],
			"rotation": {"angle": 0, "axis": "y", "origin": [7.84278, 6.70103, 8]},
			"faces": {
				"north": {"uv": [5.5, 13.5, 6.5, 14], "texture": "#0"},
				"east": {"uv": [5.5, 13.5, 6, 14], "texture": "#0"},
				"south": {"uv": [6.5, 13.5, 5.5, 14], "texture": "#0"},
				"west": {"uv": [6.5, 13.5, 6, 14], "texture": "#0"},
				"up": {"uv": [6.5, 13.5, 5.5, 14], "texture": "#0"},
				"down": {"uv": [6.5, 14, 5.5, 13.5], "texture": "#0"}
			}
		},
		{
			"from": [10, 2.5, 7.25],
			"to": [11, 3, 8.75],
			"rotation": {"angle": 0, "axis": "y", "origin": [7.84278, 6.70103, 8]},
			"faces": {
				"north": {"uv": [5, 13, 6, 13.5], "texture": "#0"},
				"east": {"uv": [5, 13, 5.5, 13.5], "texture": "#0"},
				"south": {"uv": [6, 13, 5, 13.5], "texture": "#0"},
				"west": {"uv": [6, 13, 5.5, 13.5], "texture": "#0"},
				"up": {"uv": [6, 13, 5, 13.5], "texture": "#0"},
				"down": {"uv": [6, 13.5, 5, 13], "texture": "#0"}
			}
		},
		{
			"from": [10.5, 3, 7.25],
			"to": [11, 4.5, 8.75],
			"rotation": {"angle": 0, "axis": "y", "origin": [7.84278, 6.70103, 8]},
			"faces": {
				"north": {"uv": [5, 11.5, 5.5, 13], "texture": "#0"},
				"east": {"uv": [5, 11.5, 5.5, 13], "texture": "#0"},
				"south": {"uv": [5.5, 11.5, 5, 13], "texture": "#0"},
				"west": {"uv": [5.5, 11.5, 5, 13], "texture": "#0"},
				"up": {"uv": [5.5, 11.5, 5, 12], "texture": "#0"},
				"down": {"uv": [5.5, 13, 5, 12.5], "texture": "#0"}
			}
		},
		{
			"from": [15.5, 0.5, 7.5],
			"to": [16, 1, 8.5],
			"rotation": {"angle": 0, "axis": "y", "origin": [7.84278, 6.70103, 8]},
			"faces": {
				"north": {"uv": [0, 15, 0.5, 15.5], "texture": "#0"},
				"east": {"uv": [0, 15, 0.5, 15.5], "texture": "#0"},
				"south": {"uv": [0.5, 15, 0, 15.5], "texture": "#0"},
				"west": {"uv": [0.5, 15, 0, 15.5], "texture": "#0"},
				"up": {"uv": [0.5, 15, 0, 15.5], "texture": "#0"},
				"down": {"uv": [0.5, 15.5, 0, 15], "texture": "#0"}
			}
		},
		{
			"from": [15, 0, 7.5],
			"to": [15.5, 0.5, 8.5],
			"rotation": {"angle": 0, "axis": "y", "origin": [7.84278, 6.70103, 8]},
			"faces": {
				"north": {"uv": [0.5, 15.5, 1, 16], "texture": "#0"},
				"east": {"uv": [0.5, 15.5, 1, 16], "texture": "#0"},
				"south": {"uv": [1, 15.5, 0.5, 16], "texture": "#0"},
				"west": {"uv": [1, 15.5, 0.5, 16], "texture": "#0"},
				"up": {"uv": [1, 15.5, 0.5, 16], "texture": "#0"},
				"down": {"uv": [1, 16, 0.5, 15.5], "texture": "#0"}
			}
		},
		{
			"from": [11, 2.5, 7.5],
			"to": [11.5, 4, 8.5],
			"rotation": {"angle": 0, "axis": "y", "origin": [7.84278, 6.70103, 8]},
			"faces": {
				"north": {"uv": [4.5, 12, 5, 13.5], "texture": "#0"},
				"east": {"uv": [4.5, 12, 5, 13.5], "texture": "#0"},
				"south": {"uv": [5, 12, 4.5, 13.5], "texture": "#0"},
				"west": {"uv": [5, 12, 4.5, 13.5], "texture": "#0"},
				"up": {"uv": [5, 12, 4.5, 12.5], "texture": "#0"},
				"down": {"uv": [5, 13.5, 4.5, 13], "texture": "#0"}
			}
		},
		{
			"from": [10, 3, 7.75],
			"to": [10.5, 4, 8.25],
			"rotation": {"angle": 0, "axis": "y", "origin": [7.84278, 6.70103, 8]},
			"faces": {
				"north": {"uv": [5.5, 12, 6, 13], "texture": "#0"},
				"east": {"uv": [5.5, 12, 6, 13], "texture": "#0"},
				"south": {"uv": [6, 12, 5.5, 13], "texture": "#0"},
				"west": {"uv": [6, 12, 5.5, 13], "texture": "#0"},
				"up": {"uv": [6, 12, 5.5, 12.5], "texture": "#0"},
				"down": {"uv": [6, 13, 5.5, 12.5], "texture": "#0"}
			}
		},
		{
			"from": [7.5, 5, 7.75],
			"to": [9, 5.5, 8.25],
			"rotation": {"angle": 0, "axis": "y", "origin": [7.84278, 6.70103, 8]},
			"faces": {
				"north": {"uv": [7, 10.5, 8.5, 11], "texture": "#0"},
				"east": {"uv": [7, 10.5, 7.5, 11], "texture": "#0"},
				"south": {"uv": [8.5, 10.5, 7, 11], "texture": "#0"},
				"west": {"uv": [8.5, 10.5, 8, 11], "texture": "#0"},
				"up": {"uv": [8.5, 10.5, 7, 11], "texture": "#0"},
				"down": {"uv": [8.5, 11, 7, 10.5], "texture": "#0"}
			}
		},
		{
			"from": [3.5, 9, 7.75],
			"to": [4, 10, 8.25],
			"rotation": {"angle": 0, "axis": "y", "origin": [7.84278, 6.70103, 8]},
			"faces": {
				"north": {"uv": [12, 6, 12.5, 7], "texture": "#0"},
				"east": {"uv": [12, 6, 12.5, 7], "texture": "#0"},
				"south": {"uv": [12.5, 6, 12, 7], "texture": "#0"},
				"west": {"uv": [12.5, 6, 12, 7], "texture": "#0"},
				"up": {"uv": [12.5, 6, 12, 6.5], "texture": "#0"},
				"down": {"uv": [12.5, 7, 12, 6.5], "texture": "#0"}
			}
		}
	],
	"gui_light":"front",
	"display": {
		"thirdperson_righthand": {
			"rotation": [0, -90, -45],
			"translation": [0, 7.25, 1],
			"scale": [1.2, 1.2, 1]
		},
		"thirdperson_lefthand": {
			"rotation": [0, 90, 45],
			"translation": [0, 7.25, 1],
			"scale": [1.2, 1.2, 1]
		},
		"firstperson_righthand": {
			"rotation": [0, 90, -25],
			"translation": [1.13, 5.45, 1.63],
			"scale": [0.96, 0.96, 0.8]
		},
		"firstperson_lefthand": {
			"rotation": [0, -90, 25],
			"translation": [1.13, 5.45, 1.63],
			"scale": [0.96, 0.96, 0.8]
		},
		"ground": {
			"translation": [0, 2, 0],
			"scale": [0.5, 0.5, 0.5]
		},
		"gui": {
			"rotation": [0, -180, 0]
		},
		"head": {
			"rotation": [0, 180, 0],
			"translation": [0, 13, 7]
		}
	}
}