{
	"credit": "Made with Blockbench",
	"texture_size": [32, 32],
	"textures": {
		"0": "item/magic_items/stratosphere",
		"1": "item/magic_items/stratosphere/carving",
		"particle": "item/magic_items/stratosphere"
	},
	"elements": [
		{
			"from": [29, 0, 8.5],
			"to": [31, 1, 9.5],
			"rotation": {"angle": 0, "axis": "y", "origin": [38, 8, 16.5]},
			"faces": {
				"north": {"uv": [0.5, 15.5, 1.5, 16], "texture": "#0"},
				"east": {"uv": [0.5, 15.5, 1, 16], "texture": "#0"},
				"south": {"uv": [1.5, 15.5, 0.5, 16], "texture": "#0"},
				"west": {"uv": [1.5, 15.5, 1, 16], "texture": "#0"},
				"up": {"uv": [1.5, 15.5, 0.5, 16], "texture": "#0"},
				"down": {"uv": [1.5, 16, 0.5, 15.5], "texture": "#0"}
			}
		},
		{
			"from": [29, 1, 8.25],
			"to": [30, 2, 9.75],
			"rotation": {"angle": 0, "axis": "y", "origin": [38, 9, 16.5]},
			"faces": {
				"north": {"uv": [1, 15, 1.5, 15.5], "texture": "#0"},
				"east": {"uv": [1, 15, 1.5, 15.5], "texture": "#0"},
				"south": {"uv": [1.5, 15, 1, 15.5], "texture": "#0"},
				"west": {"uv": [1.5, 15, 1, 15.5], "texture": "#0"},
				"up": {"uv": [1.5, 15, 1, 15.5], "texture": "#0"},
				"down": {"uv": [1.5, 15.5, 1, 15], "texture": "#0"}
			}
		},
		{
			"from": [30, 1, 8],
			"to": [31, 2, 10],
			"rotation": {"angle": 0, "axis": "y", "origin": [39, 9, 16.5]},
			"faces": {
				"north": {"uv": [0.5, 15, 1, 15.5], "texture": "#0"},
				"east": {"uv": [0.5, 15, 1, 15.5], "texture": "#0"},
				"south": {"uv": [1, 15, 0.5, 15.5], "texture": "#0"},
				"west": {"uv": [1, 15, 0.5, 15.5], "texture": "#0"},
				"up": {"uv": [1, 15, 0.5, 15.5], "texture": "#0"},
				"down": {"uv": [1, 15.5, 0.5, 15], "texture": "#0"}
			}
		},
		{
			"from": [29, 2, 8],
			"to": [30, 3, 10],
			"rotation": {"angle": 0, "axis": "y", "origin": [38, 10, 16.5]},
			"faces": {
				"north": {"uv": [1, 14.5, 1.5, 15], "texture": "#0"},
				"east": {"uv": [1, 14.5, 1.5, 15], "texture": "#0"},
				"south": {"uv": [1.5, 14.5, 1, 15], "texture": "#0"},
				"west": {"uv": [1.5, 14.5, 1, 15], "texture": "#0"},
				"up": {"uv": [1.5, 14.5, 1, 15], "texture": "#0"},
				"down": {"uv": [1.5, 15, 1, 14.5], "texture": "#0"}
			}
		},
		{
			"from": [27, 4, 8],
			"to": [28, 5, 10],
			"rotation": {"angle": 0, "axis": "y", "origin": [36, 12, 16.5]},
			"faces": {
				"north": {"uv": [2, 13.5, 2.5, 14], "texture": "#0"},
				"east": {"uv": [2, 13.5, 2.5, 14], "texture": "#0"},
				"south": {"uv": [2.5, 13.5, 2, 14], "texture": "#0"},
				"west": {"uv": [2.5, 13.5, 2, 14], "texture": "#0"},
				"up": {"uv": [2.5, 13.5, 2, 14], "texture": "#0"},
				"down": {"uv": [2.5, 14, 2, 13.5], "texture": "#0"}
			}
		},
		{
			"from": [26, 5, 8],
			"to": [27, 6, 10],
			"rotation": {"angle": 0, "axis": "y", "origin": [35, 13, 16.5]},
			"faces": {
				"north": {"uv": [2.5, 13, 3, 13.5], "texture": "#0"},
				"east": {"uv": [2.5, 13, 3, 13.5], "texture": "#0"},
				"south": {"uv": [3, 13, 2.5, 13.5], "texture": "#0"},
				"west": {"uv": [3, 13, 2.5, 13.5], "texture": "#0"},
				"up": {"uv": [3, 13, 2.5, 13.5], "texture": "#0"},
				"down": {"uv": [3, 13.5, 2.5, 13], "texture": "#0"}
			}
		},
		{
			"from": [24, 7, 8],
			"to": [25, 8, 10],
			"rotation": {"angle": 0, "axis": "y", "origin": [33, 15, 16.5]},
			"faces": {
				"north": {"uv": [3.5, 12, 4, 12.5], "texture": "#0"},
				"east": {"uv": [3.5, 12, 4, 12.5], "texture": "#0"},
				"south": {"uv": [4, 12, 3.5, 12.5], "texture": "#0"},
				"west": {"uv": [4, 12, 3.5, 12.5], "texture": "#0"},
				"up": {"uv": [4, 12, 3.5, 12.5], "texture": "#0"},
				"down": {"uv": [4, 12.5, 3.5, 12], "texture": "#0"}
			}
		},
		{
			"from": [23, 8, 8],
			"to": [24, 9, 10],
			"rotation": {"angle": 0, "axis": "y", "origin": [32, 16, 16.5]},
			"faces": {
				"north": {"uv": [4, 11.5, 4.5, 12], "texture": "#0"},
				"east": {"uv": [4, 11.5, 4.5, 12], "texture": "#0"},
				"south": {"uv": [4.5, 11.5, 4, 12], "texture": "#0"},
				"west": {"uv": [4.5, 11.5, 4, 12], "texture": "#0"},
				"up": {"uv": [4.5, 11.5, 4, 12], "texture": "#0"},
				"down": {"uv": [4.5, 12, 4, 11.5], "texture": "#0"}
			}
		},
		{
			"from": [21, 9, 8],
			"to": [22, 11, 10],
			"rotation": {"angle": 0, "axis": "y", "origin": [30, 17, 16.5]},
			"faces": {
				"north": {"uv": [5, 10.5, 5.5, 11.5], "texture": "#0"},
				"east": {"uv": [5, 10.5, 5.5, 11.5], "texture": "#0"},
				"south": {"uv": [5.5, 10.5, 5, 11.5], "texture": "#0"},
				"west": {"uv": [5.5, 10.5, 5, 11.5], "texture": "#0"},
				"up": {"uv": [5.5, 10.5, 5, 11], "texture": "#0"},
				"down": {"uv": [5.5, 11.5, 5, 11], "texture": "#0"}
			}
		},
		{
			"from": [22, 10, 8],
			"to": [23, 11, 10],
			"rotation": {"angle": 0, "axis": "y", "origin": [31, 18, 16.5]},
			"faces": {
				"north": {"uv": [4.5, 10.5, 5, 11], "texture": "#0"},
				"east": {"uv": [4.5, 10.5, 5, 11], "texture": "#0"},
				"south": {"uv": [5, 10.5, 4.5, 11], "texture": "#0"},
				"west": {"uv": [5, 10.5, 4.5, 11], "texture": "#0"},
				"up": {"uv": [5, 10.5, 4.5, 11], "texture": "#0"},
				"down": {"uv": [5, 11, 4.5, 10.5], "texture": "#0"}
			}
		},
		{
			"from": [21, 14, 8],
			"to": [22, 15, 10],
			"rotation": {"angle": 0, "axis": "y", "origin": [30, 22, 16.5]},
			"faces": {
				"north": {"uv": [5, 8.5, 5.5, 9], "texture": "#0"},
				"east": {"uv": [5, 8.5, 5.5, 9], "texture": "#0"},
				"south": {"uv": [5.5, 8.5, 5, 9], "texture": "#0"},
				"west": {"uv": [5.5, 8.5, 5, 9], "texture": "#0"},
				"up": {"uv": [5.5, 8.5, 5, 9], "texture": "#0"},
				"down": {"uv": [5.5, 9, 5, 8.5], "texture": "#0"}
			}
		},
		{
			"from": [20, 15, 8],
			"to": [21, 16, 10],
			"rotation": {"angle": 0, "axis": "y", "origin": [29, 23, 16.5]},
			"faces": {
				"north": {"uv": [5.5, 8, 6, 8.5], "texture": "#0"},
				"east": {"uv": [5.5, 8, 6, 8.5], "texture": "#0"},
				"south": {"uv": [6, 8, 5.5, 8.5], "texture": "#0"},
				"west": {"uv": [6, 8, 5.5, 8.5], "texture": "#0"},
				"up": {"uv": [6, 8, 5.5, 8.5], "texture": "#0"},
				"down": {"uv": [6, 8.5, 5.5, 8], "texture": "#0"}
			}
		},
		{
			"from": [19, 16, 8],
			"to": [20, 17, 10],
			"rotation": {"angle": 0, "axis": "y", "origin": [28, 24, 16.5]},
			"faces": {
				"north": {"uv": [6, 7.5, 6.5, 8], "texture": "#0"},
				"east": {"uv": [6, 7.5, 6.5, 8], "texture": "#0"},
				"south": {"uv": [6.5, 7.5, 6, 8], "texture": "#0"},
				"west": {"uv": [6.5, 7.5, 6, 8], "texture": "#0"},
				"up": {"uv": [6.5, 7.5, 6, 8], "texture": "#0"},
				"down": {"uv": [6.5, 8, 6, 7.5], "texture": "#0"}
			}
		},
		{
			"from": [18, 17, 8],
			"to": [19, 18, 10],
			"rotation": {"angle": 0, "axis": "y", "origin": [27, 25, 16.5]},
			"faces": {
				"north": {"uv": [6.5, 7, 7, 7.5], "texture": "#0"},
				"east": {"uv": [6.5, 7, 7, 7.5], "texture": "#0"},
				"south": {"uv": [7, 7, 6.5, 7.5], "texture": "#0"},
				"west": {"uv": [7, 7, 6.5, 7.5], "texture": "#0"},
				"up": {"uv": [7, 7, 6.5, 7.5], "texture": "#0"},
				"down": {"uv": [7, 7.5, 6.5, 7], "texture": "#0"}
			}
		},
		{
			"from": [17, 18, 8],
			"to": [18, 19, 10],
			"rotation": {"angle": 0, "axis": "y", "origin": [26, 26, 16.5]},
			"faces": {
				"north": {"uv": [7, 6.5, 7.5, 7], "texture": "#0"},
				"east": {"uv": [7, 6.5, 7.5, 7], "texture": "#0"},
				"south": {"uv": [7.5, 6.5, 7, 7], "texture": "#0"},
				"west": {"uv": [7.5, 6.5, 7, 7], "texture": "#0"},
				"up": {"uv": [7.5, 6.5, 7, 7], "texture": "#0"},
				"down": {"uv": [7.5, 7, 7, 6.5], "texture": "#0"}
			}
		},
		{
			"from": [16, 19, 8],
			"to": [17, 20, 10],
			"rotation": {"angle": 0, "axis": "y", "origin": [25, 27, 16.5]},
			"faces": {
				"north": {"uv": [7.5, 6, 8, 6.5], "texture": "#0"},
				"east": {"uv": [7.5, 6, 8, 6.5], "texture": "#0"},
				"south": {"uv": [8, 6, 7.5, 6.5], "texture": "#0"},
				"west": {"uv": [8, 6, 7.5, 6.5], "texture": "#0"},
				"up": {"uv": [8, 6, 7.5, 6.5], "texture": "#0"},
				"down": {"uv": [8, 6.5, 7.5, 6], "texture": "#0"}
			}
		},
		{
			"from": [15, 20, 8],
			"to": [16, 21, 10],
			"rotation": {"angle": 0, "axis": "y", "origin": [24, 28, 16.5]},
			"faces": {
				"north": {"uv": [8, 5.5, 8.5, 6], "texture": "#0"},
				"east": {"uv": [8, 5.5, 8.5, 6], "texture": "#0"},
				"south": {"uv": [8.5, 5.5, 8, 6], "texture": "#0"},
				"west": {"uv": [8.5, 5.5, 8, 6], "texture": "#0"},
				"up": {"uv": [8.5, 5.5, 8, 6], "texture": "#0"},
				"down": {"uv": [8.5, 6, 8, 5.5], "texture": "#0"}
			}
		},
		{
			"from": [14, 21, 8],
			"to": [15, 22, 10],
			"rotation": {"angle": 0, "axis": "y", "origin": [23, 29, 16.5]},
			"faces": {
				"north": {"uv": [8.5, 5, 9, 5.5], "texture": "#0"},
				"east": {"uv": [8.5, 5, 9, 5.5], "texture": "#0"},
				"south": {"uv": [9, 5, 8.5, 5.5], "texture": "#0"},
				"west": {"uv": [9, 5, 8.5, 5.5], "texture": "#0"},
				"up": {"uv": [9, 5, 8.5, 5.5], "texture": "#0"},
				"down": {"uv": [9, 5.5, 8.5, 5], "texture": "#0"}
			}
		},
		{
			"from": [13, 22, 8],
			"to": [14, 23, 10],
			"rotation": {"angle": 0, "axis": "y", "origin": [22, 30, 16.5]},
			"faces": {
				"north": {"uv": [9, 4.5, 9.5, 5], "texture": "#0"},
				"east": {"uv": [9, 4.5, 9.5, 5], "texture": "#0"},
				"south": {"uv": [9.5, 4.5, 9, 5], "texture": "#0"},
				"west": {"uv": [9.5, 4.5, 9, 5], "texture": "#0"},
				"up": {"uv": [9.5, 4.5, 9, 5], "texture": "#0"},
				"down": {"uv": [9.5, 5, 9, 4.5], "texture": "#0"}
			}
		},
		{
			"from": [12, 23, 8],
			"to": [13, 24, 10],
			"rotation": {"angle": 0, "axis": "y", "origin": [21, 31, 16.5]},
			"faces": {
				"north": {"uv": [9.5, 4, 10, 4.5], "texture": "#0"},
				"east": {"uv": [9.5, 4, 10, 4.5], "texture": "#0"},
				"south": {"uv": [10, 4, 9.5, 4.5], "texture": "#0"},
				"west": {"uv": [10, 4, 9.5, 4.5], "texture": "#0"},
				"up": {"uv": [10, 4, 9.5, 4.5], "texture": "#0"},
				"down": {"uv": [10, 4.5, 9.5, 4], "texture": "#0"}
			}
		},
		{
			"from": [11, 24, 8],
			"to": [12, 25, 10],
			"rotation": {"angle": 0, "axis": "y", "origin": [20, 32, 16.5]},
			"faces": {
				"north": {"uv": [10, 3.5, 10.5, 4], "texture": "#0"},
				"east": {"uv": [10, 3.5, 10.5, 4], "texture": "#0"},
				"south": {"uv": [10.5, 3.5, 10, 4], "texture": "#0"},
				"west": {"uv": [10.5, 3.5, 10, 4], "texture": "#0"},
				"up": {"uv": [10.5, 3.5, 10, 4], "texture": "#0"},
				"down": {"uv": [10.5, 4, 10, 3.5], "texture": "#0"}
			}
		},
		{
			"from": [10, 25, 8],
			"to": [11, 26, 10],
			"rotation": {"angle": 0, "axis": "y", "origin": [19, 33, 16.5]},
			"faces": {
				"north": {"uv": [10.5, 3, 11, 3.5], "texture": "#0"},
				"east": {"uv": [10.5, 3, 11, 3.5], "texture": "#0"},
				"south": {"uv": [11, 3, 10.5, 3.5], "texture": "#0"},
				"west": {"uv": [11, 3, 10.5, 3.5], "texture": "#0"},
				"up": {"uv": [11, 3, 10.5, 3.5], "texture": "#0"},
				"down": {"uv": [11, 3.5, 10.5, 3], "texture": "#0"}
			}
		},
		{
			"from": [9, 26, 8],
			"to": [10, 27, 10],
			"rotation": {"angle": 0, "axis": "y", "origin": [18, 34, 16.5]},
			"faces": {
				"north": {"uv": [11, 2.5, 11.5, 3], "texture": "#0"},
				"east": {"uv": [11, 2.5, 11.5, 3], "texture": "#0"},
				"south": {"uv": [11.5, 2.5, 11, 3], "texture": "#0"},
				"west": {"uv": [11.5, 2.5, 11, 3], "texture": "#0"},
				"up": {"uv": [11.5, 2.5, 11, 3], "texture": "#0"},
				"down": {"uv": [11.5, 3, 11, 2.5], "texture": "#0"}
			}
		},
		{
			"from": [8, 27, 8],
			"to": [9, 28, 10],
			"rotation": {"angle": 0, "axis": "y", "origin": [17, 35, 16.5]},
			"faces": {
				"north": {"uv": [11.5, 2, 12, 2.5], "texture": "#0"},
				"east": {"uv": [11.5, 2, 12, 2.5], "texture": "#0"},
				"south": {"uv": [12, 2, 11.5, 2.5], "texture": "#0"},
				"west": {"uv": [12, 2, 11.5, 2.5], "texture": "#0"},
				"up": {"uv": [12, 2, 11.5, 2.5], "texture": "#0"},
				"down": {"uv": [12, 2.5, 11.5, 2], "texture": "#0"}
			}
		},
		{
			"from": [7, 28, 8],
			"to": [8, 29, 10],
			"rotation": {"angle": 0, "axis": "y", "origin": [16, 36, 16.5]},
			"faces": {
				"north": {"uv": [12, 1.5, 12.5, 2], "texture": "#0"},
				"east": {"uv": [12, 1.5, 12.5, 2], "texture": "#0"},
				"south": {"uv": [12.5, 1.5, 12, 2], "texture": "#0"},
				"west": {"uv": [12.5, 1.5, 12, 2], "texture": "#0"},
				"up": {"uv": [12.5, 1.5, 12, 2], "texture": "#0"},
				"down": {"uv": [12.5, 2, 12, 1.5], "texture": "#0"}
			}
		},
		{
			"from": [7, 20, 8],
			"to": [8, 21, 10],
			"rotation": {"angle": 0, "axis": "y", "origin": [16, 28, 16.5]},
			"faces": {
				"north": {"uv": [12, 5.5, 12.5, 6], "texture": "#0"},
				"east": {"uv": [12, 5.5, 12.5, 6], "texture": "#0"},
				"south": {"uv": [12.5, 5.5, 12, 6], "texture": "#0"},
				"west": {"uv": [12.5, 5.5, 12, 6], "texture": "#0"},
				"up": {"uv": [12.5, 5.5, 12, 6], "texture": "#0"},
				"down": {"uv": [12.5, 6, 12, 5.5], "texture": "#0"}
			}
		},
		{
			"from": [8, 19, 8],
			"to": [9, 20, 10],
			"rotation": {"angle": 0, "axis": "y", "origin": [17, 27, 16.5]},
			"faces": {
				"north": {"uv": [11.5, 6, 12, 6.5], "texture": "#0"},
				"east": {"uv": [11.5, 6, 12, 6.5], "texture": "#0"},
				"south": {"uv": [12, 6, 11.5, 6.5], "texture": "#0"},
				"west": {"uv": [12, 6, 11.5, 6.5], "texture": "#0"},
				"up": {"uv": [12, 6, 11.5, 6.5], "texture": "#0"},
				"down": {"uv": [12, 6.5, 11.5, 6], "texture": "#0"}
			}
		},
		{
			"from": [9, 18, 8],
			"to": [10, 19, 10],
			"rotation": {"angle": 0, "axis": "y", "origin": [18, 26, 16.5]},
			"faces": {
				"north": {"uv": [11, 6.5, 11.5, 7], "texture": "#0"},
				"east": {"uv": [11, 6.5, 11.5, 7], "texture": "#0"},
				"south": {"uv": [11.5, 6.5, 11, 7], "texture": "#0"},
				"west": {"uv": [11.5, 6.5, 11, 7], "texture": "#0"},
				"up": {"uv": [11.5, 6.5, 11, 7], "texture": "#0"},
				"down": {"uv": [11.5, 7, 11, 6.5], "texture": "#0"}
			}
		},
		{
			"from": [10, 17, 8],
			"to": [11, 18, 10],
			"rotation": {"angle": 0, "axis": "y", "origin": [19, 25, 16.5]},
			"faces": {
				"north": {"uv": [10.5, 7, 11, 7.5], "texture": "#0"},
				"east": {"uv": [10.5, 7, 11, 7.5], "texture": "#0"},
				"south": {"uv": [11, 7, 10.5, 7.5], "texture": "#0"},
				"west": {"uv": [11, 7, 10.5, 7.5], "texture": "#0"},
				"up": {"uv": [11, 7, 10.5, 7.5], "texture": "#0"},
				"down": {"uv": [11, 7.5, 10.5, 7], "texture": "#0"}
			}
		},
		{
			"from": [11, 16, 8],
			"to": [12, 17, 10],
			"rotation": {"angle": 0, "axis": "y", "origin": [20, 24, 16.5]},
			"faces": {
				"north": {"uv": [10, 7.5, 10.5, 8], "texture": "#0"},
				"east": {"uv": [10, 7.5, 10.5, 8], "texture": "#0"},
				"south": {"uv": [10.5, 7.5, 10, 8], "texture": "#0"},
				"west": {"uv": [10.5, 7.5, 10, 8], "texture": "#0"},
				"up": {"uv": [10.5, 7.5, 10, 8], "texture": "#0"},
				"down": {"uv": [10.5, 8, 10, 7.5], "texture": "#0"}
			}
		},
		{
			"from": [12, 15, 8],
			"to": [13, 16, 10],
			"rotation": {"angle": 0, "axis": "y", "origin": [21, 23, 16.5]},
			"faces": {
				"north": {"uv": [9.5, 8, 10, 8.5], "texture": "#0"},
				"east": {"uv": [9.5, 8, 10, 8.5], "texture": "#0"},
				"south": {"uv": [10, 8, 9.5, 8.5], "texture": "#0"},
				"west": {"uv": [10, 8, 9.5, 8.5], "texture": "#0"},
				"up": {"uv": [10, 8, 9.5, 8.5], "texture": "#0"},
				"down": {"uv": [10, 8.5, 9.5, 8], "texture": "#0"}
			}
		},
		{
			"from": [13, 14, 8],
			"to": [14, 15, 10],
			"rotation": {"angle": 0, "axis": "y", "origin": [22, 22, 16.5]},
			"faces": {
				"north": {"uv": [9, 8.5, 9.5, 9], "texture": "#0"},
				"east": {"uv": [9, 8.5, 9.5, 9], "texture": "#0"},
				"south": {"uv": [9.5, 8.5, 9, 9], "texture": "#0"},
				"west": {"uv": [9.5, 8.5, 9, 9], "texture": "#0"},
				"up": {"uv": [9.5, 8.5, 9, 9], "texture": "#0"},
				"down": {"uv": [9.5, 9, 9, 8.5], "texture": "#0"}
			}
		},
		{
			"from": [14, 13, 8],
			"to": [15, 14, 10],
			"rotation": {"angle": 0, "axis": "y", "origin": [23, 21, 16.5]},
			"faces": {
				"north": {"uv": [8.5, 9, 9, 9.5], "texture": "#0"},
				"east": {"uv": [8.5, 9, 9, 9.5], "texture": "#0"},
				"south": {"uv": [9, 9, 8.5, 9.5], "texture": "#0"},
				"west": {"uv": [9, 9, 8.5, 9.5], "texture": "#0"},
				"up": {"uv": [9, 9, 8.5, 9.5], "texture": "#0"},
				"down": {"uv": [9, 9.5, 8.5, 9], "texture": "#0"}
			}
		},
		{
			"from": [15, 12, 8],
			"to": [16, 13, 10],
			"rotation": {"angle": 0, "axis": "y", "origin": [24, 20, 16.5]},
			"faces": {
				"north": {"uv": [8, 9.5, 8.5, 10], "texture": "#0"},
				"east": {"uv": [8, 9.5, 8.5, 10], "texture": "#0"},
				"south": {"uv": [8.5, 9.5, 8, 10], "texture": "#0"},
				"west": {"uv": [8.5, 9.5, 8, 10], "texture": "#0"},
				"up": {"uv": [8.5, 9.5, 8, 10], "texture": "#0"},
				"down": {"uv": [8.5, 10, 8, 9.5], "texture": "#0"}
			}
		},
		{
			"from": [16, 11, 8],
			"to": [17, 12, 10],
			"rotation": {"angle": 0, "axis": "y", "origin": [25, 19, 16.5]},
			"faces": {
				"north": {"uv": [7.5, 10, 8, 10.5], "texture": "#0"},
				"east": {"uv": [7.5, 10, 8, 10.5], "texture": "#0"},
				"south": {"uv": [8, 10, 7.5, 10.5], "texture": "#0"},
				"west": {"uv": [8, 10, 7.5, 10.5], "texture": "#0"},
				"up": {"uv": [8, 10, 7.5, 10.5], "texture": "#0"},
				"down": {"uv": [8, 10.5, 7.5, 10], "texture": "#0"}
			}
		},
		{
			"from": [17, 10, 8],
			"to": [18, 11, 10],
			"rotation": {"angle": 0, "axis": "y", "origin": [26, 18, 16.5]},
			"faces": {
				"north": {"uv": [7, 10.5, 7.5, 11], "texture": "#0"},
				"east": {"uv": [7, 10.5, 7.5, 11], "texture": "#0"},
				"south": {"uv": [7.5, 10.5, 7, 11], "texture": "#0"},
				"west": {"uv": [7.5, 10.5, 7, 11], "texture": "#0"},
				"up": {"uv": [7.5, 10.5, 7, 11], "texture": "#0"},
				"down": {"uv": [7.5, 11, 7, 10.5], "texture": "#0"}
			}
		},
		{
			"from": [18, 0, 8],
			"to": [19, 2, 10],
			"rotation": {"angle": 0, "axis": "y", "origin": [27, 9, 16.5]},
			"faces": {
				"north": {"uv": [6.5, 15, 7, 16], "texture": "#0"},
				"east": {"uv": [6.5, 15, 7, 16], "texture": "#0"},
				"south": {"uv": [7, 15, 6.5, 16], "texture": "#0"},
				"west": {"uv": [7, 15, 6.5, 16], "texture": "#0"},
				"up": {"uv": [7, 15, 6.5, 15.5], "texture": "#0"},
				"down": {"uv": [7, 16, 6.5, 15.5], "texture": "#0"}
			}
		},
		{
			"from": [30, 13, 8],
			"to": [32, 14, 10],
			"rotation": {"angle": 0, "axis": "y", "origin": [39, 21, 16.5]},
			"faces": {
				"north": {"uv": [0, 9, 1, 9.5], "texture": "#0"},
				"east": {"uv": [0, 9, 0.5, 9.5], "texture": "#0"},
				"south": {"uv": [1, 9, 0, 9.5], "texture": "#0"},
				"west": {"uv": [1, 9, 0.5, 9.5], "texture": "#0"},
				"up": {"uv": [1, 9, 0, 9.5], "texture": "#0"},
				"down": {"uv": [1, 9.5, 0, 9], "texture": "#0"}
			}
		},
		{
			"from": [26, 12, 8],
			"to": [28, 13, 10],
			"rotation": {"angle": 0, "axis": "y", "origin": [35, 20, 16.5]},
			"faces": {
				"north": {"uv": [2, 9.5, 3, 10], "texture": "#0"},
				"east": {"uv": [2, 9.5, 2.5, 10], "texture": "#0"},
				"south": {"uv": [3, 9.5, 2, 10], "texture": "#0"},
				"west": {"uv": [3, 9.5, 2.5, 10], "texture": "#0"},
				"up": {"uv": [3, 9.5, 2, 10], "texture": "#0"},
				"down": {"uv": [3, 10, 2, 9.5], "texture": "#0"}
			}
		},
		{
			"from": [23, 11, 8],
			"to": [26, 13, 10],
			"rotation": {"angle": 0, "axis": "y", "origin": [33, 20, 16.5]},
			"faces": {
				"north": {"uv": [3, 9.5, 4.5, 10.5], "texture": "#0"},
				"east": {"uv": [3, 9.5, 3.5, 10.5], "texture": "#0"},
				"south": {"uv": [4.5, 9.5, 3, 10.5], "texture": "#0"},
				"west": {"uv": [4.5, 9.5, 4, 10.5], "texture": "#0"},
				"up": {"uv": [4.5, 9.5, 3, 10], "texture": "#0"},
				"down": {"uv": [4.5, 10.5, 3, 10], "texture": "#0"}
			}
		},
		{
			"from": [19, 4, 8],
			"to": [20, 6, 10],
			"rotation": {"angle": 0, "axis": "y", "origin": [28, 13, 16.5]},
			"faces": {
				"north": {"uv": [6, 13, 6.5, 14], "texture": "#0"},
				"east": {"uv": [6, 13, 6.5, 14], "texture": "#0"},
				"south": {"uv": [6.5, 13, 6, 14], "texture": "#0"},
				"west": {"uv": [6.5, 13, 6, 14], "texture": "#0"},
				"up": {"uv": [6.5, 13, 6, 13.5], "texture": "#0"},
				"down": {"uv": [6.5, 14, 6, 13.5], "texture": "#0"}
			}
		},
		{
			"from": [19, 6, 8],
			"to": [21, 9, 10],
			"rotation": {"angle": 0, "axis": "y", "origin": [28, 15, 16.5]},
			"faces": {
				"north": {"uv": [5.5, 11.5, 6.5, 13], "texture": "#0"},
				"east": {"uv": [5.5, 11.5, 6, 13], "texture": "#0"},
				"south": {"uv": [6.5, 11.5, 5.5, 13], "texture": "#0"},
				"west": {"uv": [6.5, 11.5, 6, 13], "texture": "#0"},
				"up": {"uv": [6.5, 11.5, 5.5, 12], "texture": "#0"},
				"down": {"uv": [6.5, 13, 5.5, 12.5], "texture": "#0"}
			}
		},
		{
			"from": [17, 11, 7.75],
			"to": [19, 12, 10.25],
			"rotation": {"angle": 0, "axis": "y", "origin": [26, 19, 16.5]},
			"faces": {
				"north": {"uv": [6.5, 10, 7.5, 10.5], "texture": "#0"},
				"east": {"uv": [6.5, 10, 7, 10.5], "texture": "#0"},
				"south": {"uv": [7.5, 10, 6.5, 10.5], "texture": "#0"},
				"west": {"uv": [7.5, 10, 7, 10.5], "texture": "#0"},
				"up": {"uv": [7.5, 10, 6.5, 10.5], "texture": "#0"},
				"down": {"uv": [7.5, 10.5, 6.5, 10], "texture": "#0"}
			}
		},
		{
			"from": [19, 11, 7.5],
			"to": [20, 12, 10.5],
			"rotation": {"angle": 0, "axis": "y", "origin": [27, 19, 16.5]},
			"faces": {
				"north": {"uv": [6, 10, 6.5, 10.5], "texture": "#0"},
				"east": {"uv": [6, 10, 6.5, 10.5], "texture": "#0"},
				"south": {"uv": [6.5, 10, 6, 10.5], "texture": "#0"},
				"west": {"uv": [6.5, 10, 6, 10.5], "texture": "#0"},
				"up": {"uv": [6.5, 10, 6, 10.5], "texture": "#0"},
				"down": {"uv": [6.5, 10.5, 6, 10], "texture": "#0"}
			}
		},
		{
			"from": [20, 9, 7.5],
			"to": [21, 11, 10.5],
			"rotation": {"angle": 0, "axis": "y", "origin": [28, 18, 16.5]},
			"faces": {
				"north": {"uv": [5.5, 10.5, 6, 11.5], "texture": "#0"},
				"east": {"uv": [5.5, 10.5, 6, 11.5], "texture": "#0"},
				"south": {"uv": [6, 10.5, 5.5, 11.5], "texture": "#0"},
				"west": {"uv": [6, 10.5, 5.5, 11.5], "texture": "#0"},
				"up": {"uv": [6, 10.5, 5.5, 11], "texture": "#0"},
				"down": {"uv": [6, 11.5, 5.5, 11], "texture": "#0"}
			}
		},
		{
			"from": [21, 11, 7.5],
			"to": [23, 12, 10.5],
			"rotation": {"angle": 0, "axis": "y", "origin": [29, 19, 16.5]},
			"faces": {
				"north": {"uv": [4.5, 10, 5.5, 10.5], "texture": "#0"},
				"east": {"uv": [4.5, 10, 5, 10.5], "texture": "#0"},
				"south": {"uv": [5.5, 10, 4.5, 10.5], "texture": "#0"},
				"west": {"uv": [5.5, 10, 5, 10.5], "texture": "#0"},
				"up": {"uv": [5.5, 10, 4.5, 10.5], "texture": "#0"},
				"down": {"uv": [5.5, 10.5, 4.5, 10], "texture": "#0"}
			}
		},
		{
			"from": [18, 9, 7.5],
			"to": [19, 11, 10.5],
			"rotation": {"angle": 0, "axis": "y", "origin": [26, 18, 16.5]},
			"faces": {
				"north": {"uv": [6.5, 10.5, 7, 11.5], "texture": "#0"},
				"east": {"uv": [6.5, 10.5, 7, 11.5], "texture": "#0"},
				"south": {"uv": [7, 10.5, 6.5, 11.5], "texture": "#0"},
				"west": {"uv": [7, 10.5, 6.5, 11.5], "texture": "#0"},
				"up": {"uv": [7, 10.5, 6.5, 11], "texture": "#0"},
				"down": {"uv": [7, 11.5, 6.5, 11], "texture": "#0"}
			}
		},
		{
			"from": [17, 4, 7.5],
			"to": [18, 9, 10.5],
			"rotation": {"angle": 0, "axis": "y", "origin": [25, 16, 16.5]},
			"faces": {
				"north": {"uv": [7, 11.5, 7.5, 14], "texture": "#0"},
				"east": {"uv": [7, 11.5, 7.5, 14], "texture": "#0"},
				"south": {"uv": [7.5, 11.5, 7, 14], "texture": "#0"},
				"west": {"uv": [7.5, 11.5, 7, 14], "texture": "#0"},
				"up": {"uv": [7.5, 11.5, 7, 12], "texture": "#0"},
				"down": {"uv": [7.5, 14, 7, 13.5], "texture": "#0"}
			}
		},
		{
			"from": [20, 12, 7.5],
			"to": [21, 13, 10.5],
			"rotation": {"angle": 0, "axis": "y", "origin": [28, 20, 16.5]},
			"faces": {
				"north": {"uv": [5.5, 9.5, 6, 10], "texture": "#0"},
				"east": {"uv": [5.5, 9.5, 6, 10], "texture": "#0"},
				"south": {"uv": [6, 9.5, 5.5, 10], "texture": "#0"},
				"west": {"uv": [6, 9.5, 5.5, 10], "texture": "#0"},
				"up": {"uv": [6, 9.5, 5.5, 10], "texture": "#0"},
				"down": {"uv": [6, 10, 5.5, 9.5], "texture": "#0"}
			}
		},
		{
			"from": [21, 13, 7.5],
			"to": [23, 14, 10.5],
			"rotation": {"angle": 0, "axis": "y", "origin": [29, 21, 16.5]},
			"faces": {
				"north": {"uv": [4.5, 9, 5.5, 9.5], "texture": "#0"},
				"east": {"uv": [4.5, 9, 5, 9.5], "texture": "#0"},
				"south": {"uv": [5.5, 9, 4.5, 9.5], "texture": "#0"},
				"west": {"uv": [5.5, 9, 5, 9.5], "texture": "#0"},
				"up": {"uv": [5.5, 9, 4.5, 9.5], "texture": "#0"},
				"down": {"uv": [5.5, 9.5, 4.5, 9], "texture": "#0"}
			}
		},
		{
			"from": [23, 14, 7.5],
			"to": [28, 15, 10.5],
			"rotation": {"angle": 0, "axis": "y", "origin": [31, 22, 16.5]},
			"faces": {
				"north": {"uv": [2, 8.5, 4.5, 9], "texture": "#0"},
				"east": {"uv": [2, 8.5, 2.5, 9], "texture": "#0"},
				"south": {"uv": [4.5, 8.5, 2, 9], "texture": "#0"},
				"west": {"uv": [4.5, 8.5, 4, 9], "texture": "#0"},
				"up": {"uv": [4.5, 8.5, 2, 9], "texture": "#0"},
				"down": {"uv": [4.5, 9, 2, 8.5], "texture": "#0"}
			}
		},
		{
			"from": [16, 12, 7.75],
			"to": [20, 13, 10.25],
			"rotation": {"angle": 0, "axis": "y", "origin": [26, 20, 16.5]},
			"faces": {
				"north": {"uv": [6, 9.5, 8, 10], "texture": "#0"},
				"east": {"uv": [6, 9.5, 6.5, 10], "texture": "#0"},
				"south": {"uv": [8, 9.5, 6, 10], "texture": "#0"},
				"west": {"uv": [8, 9.5, 7.5, 10], "texture": "#0"},
				"up": {"uv": [8, 9.5, 6, 10], "texture": "#0"},
				"down": {"uv": [8, 10, 6, 9.5], "texture": "#0"}
			}
		},
		{
			"from": [18, 2, 7.75],
			"to": [19, 9, 10.25],
			"rotation": {"angle": 0, "axis": "y", "origin": [26, 8, 16.5]},
			"faces": {
				"north": {"uv": [6.5, 11.5, 7, 15], "texture": "#0"},
				"east": {"uv": [6.5, 11.5, 7, 15], "texture": "#0"},
				"south": {"uv": [7, 11.5, 6.5, 15], "texture": "#0"},
				"west": {"uv": [7, 11.5, 6.5, 15], "texture": "#0"},
				"up": {"uv": [7, 11.5, 6.5, 12], "texture": "#0"},
				"down": {"uv": [7, 15, 6.5, 14.5], "texture": "#0"}
			}
		},
		{
			"from": [23, 13, 7.75],
			"to": [30, 14, 10.25],
			"rotation": {"angle": 0, "axis": "y", "origin": [39, 18, 16.5]},
			"faces": {
				"north": {"uv": [1, 9, 4.5, 9.5], "texture": "#0"},
				"east": {"uv": [1, 9, 1.5, 9.5], "texture": "#0"},
				"south": {"uv": [4.5, 9, 1, 9.5], "texture": "#0"},
				"west": {"uv": [4.5, 9, 4, 9.5], "texture": "#0"},
				"up": {"uv": [4.5, 9, 1, 9.5], "texture": "#0"},
				"down": {"uv": [4.5, 9.5, 1, 9], "texture": "#0"}
			}
		},
		{
			"from": [21, 12, 7.75],
			"to": [23, 13, 10.25],
			"rotation": {"angle": 0, "axis": "y", "origin": [37, 17, 16.5]},
			"faces": {
				"north": {"uv": [4.5, 9.5, 5.5, 10], "texture": "#0"},
				"east": {"uv": [4.5, 9.5, 5, 10], "texture": "#0"},
				"south": {"uv": [5.5, 9.5, 4.5, 10], "texture": "#0"},
				"west": {"uv": [5.5, 9.5, 5, 10], "texture": "#0"},
				"up": {"uv": [5.5, 9.5, 4.5, 10], "texture": "#0"},
				"down": {"uv": [5.5, 10, 4.5, 9.5], "texture": "#0"}
			}
		},
		{
			"from": [20, 11, 7.75],
			"to": [21, 12, 10.25],
			"rotation": {"angle": 0, "axis": "y", "origin": [36, 16, 16.5]},
			"faces": {
				"north": {"uv": [5.5, 10, 6, 10.5], "texture": "#0"},
				"east": {"uv": [5.5, 10, 6, 10.5], "texture": "#0"},
				"south": {"uv": [6, 10, 5.5, 10.5], "texture": "#0"},
				"west": {"uv": [6, 10, 5.5, 10.5], "texture": "#0"},
				"up": {"uv": [6, 10, 5.5, 10.5], "texture": "#0"},
				"down": {"uv": [6, 10.5, 5.5, 10], "texture": "#0"}
			}
		},
		{
			"from": [19, 9, 7.75],
			"to": [20, 11, 10.25],
			"rotation": {"angle": 0, "axis": "y", "origin": [35, 15, 16.5]},
			"faces": {
				"north": {"uv": [6, 10.5, 6.5, 11.5], "texture": "#0"},
				"east": {"uv": [6, 10.5, 6.5, 11.5], "texture": "#0"},
				"south": {"uv": [6.5, 10.5, 6, 11.5], "texture": "#0"},
				"west": {"uv": [6.5, 10.5, 6, 11.5], "texture": "#0"},
				"up": {"uv": [6.5, 10.5, 6, 11], "texture": "#0"},
				"down": {"uv": [6.5, 11.5, 6, 11], "texture": "#0"}
			}
		},
		{
			"from": [15, 13, 7.75],
			"to": [21, 14, 10.25],
			"rotation": {"angle": 0, "axis": "y", "origin": [26, 21, 16.5]},
			"faces": {
				"north": {"uv": [5.5, 9, 8.5, 9.5], "texture": "#0"},
				"east": {"uv": [5.5, 9, 6, 9.5], "texture": "#0"},
				"south": {"uv": [8.5, 9, 5.5, 9.5], "texture": "#0"},
				"west": {"uv": [8.5, 9, 8, 9.5], "texture": "#0"},
				"up": {"uv": [8.5, 9, 5.5, 9.5], "texture": "#0"},
				"down": {"uv": [8.5, 9.5, 5.5, 9], "texture": "#0"}
			}
		},
		{
			"from": [14, 14, 7.75],
			"to": [21, 15, 10.25],
			"rotation": {"angle": 0, "axis": "y", "origin": [26, 22, 16.5]},
			"faces": {
				"north": {"uv": [5.5, 8.5, 9, 9], "texture": "#0"},
				"east": {"uv": [5.5, 8.5, 6, 9], "texture": "#0"},
				"south": {"uv": [9, 8.5, 5.5, 9], "texture": "#0"},
				"west": {"uv": [9, 8.5, 8.5, 9], "texture": "#0"},
				"up": {"uv": [9, 8.5, 5.5, 9], "texture": "#0"},
				"down": {"uv": [9, 9, 5.5, 8.5], "texture": "#0"}
			}
		},
		{
			"from": [13, 15, 7.75],
			"to": [20, 16, 10.25],
			"rotation": {"angle": 0, "axis": "y", "origin": [25, 23, 16.5]},
			"faces": {
				"north": {"uv": [6, 8, 9.5, 8.5], "texture": "#0"},
				"east": {"uv": [6, 8, 6.5, 8.5], "texture": "#0"},
				"south": {"uv": [9.5, 8, 6, 8.5], "texture": "#0"},
				"west": {"uv": [9.5, 8, 9, 8.5], "texture": "#0"},
				"up": {"uv": [9.5, 8, 6, 8.5], "texture": "#0"},
				"down": {"uv": [9.5, 8.5, 6, 8], "texture": "#0"}
			}
		},
		{
			"from": [12, 16, 7.75],
			"to": [19, 17, 10.25],
			"rotation": {"angle": 0, "axis": "y", "origin": [24, 24, 16.5]},
			"faces": {
				"north": {"uv": [6.5, 7.5, 10, 8], "texture": "#0"},
				"east": {"uv": [6.5, 7.5, 7, 8], "texture": "#0"},
				"south": {"uv": [10, 7.5, 6.5, 8], "texture": "#0"},
				"west": {"uv": [10, 7.5, 9.5, 8], "texture": "#0"},
				"up": {"uv": [10, 7.5, 6.5, 8], "texture": "#0"},
				"down": {"uv": [10, 8, 6.5, 7.5], "texture": "#0"}
			}
		},
		{
			"from": [11, 17, 7.75],
			"to": [18, 18, 10.25],
			"rotation": {"angle": 0, "axis": "y", "origin": [23, 25, 16.5]},
			"faces": {
				"north": {"uv": [7, 7, 10.5, 7.5], "texture": "#0"},
				"east": {"uv": [7, 7, 7.5, 7.5], "texture": "#0"},
				"south": {"uv": [10.5, 7, 7, 7.5], "texture": "#0"},
				"west": {"uv": [10.5, 7, 10, 7.5], "texture": "#0"},
				"up": {"uv": [10.5, 7, 7, 7.5], "texture": "#0"},
				"down": {"uv": [10.5, 7.5, 7, 7], "texture": "#0"}
			}
		},
		{
			"from": [10, 18, 7.75],
			"to": [17, 19, 10.25],
			"rotation": {"angle": 0, "axis": "y", "origin": [22, 26, 16.5]},
			"faces": {
				"north": {"uv": [7.5, 6.5, 11, 7], "texture": "#0"},
				"east": {"uv": [7.5, 6.5, 8, 7], "texture": "#0"},
				"south": {"uv": [11, 6.5, 7.5, 7], "texture": "#0"},
				"west": {"uv": [11, 6.5, 10.5, 7], "texture": "#0"},
				"up": {"uv": [11, 6.5, 7.5, 7], "texture": "#0"},
				"down": {"uv": [11, 7, 7.5, 6.5], "texture": "#0"}
			}
		},
		{
			"from": [9, 19, 7.75],
			"to": [16, 20, 10.25],
			"rotation": {"angle": 0, "axis": "y", "origin": [21, 27, 16.5]},
			"faces": {
				"north": {"uv": [8, 6, 11.5, 6.5], "texture": "#0"},
				"east": {"uv": [8, 6, 8.5, 6.5], "texture": "#0"},
				"south": {"uv": [11.5, 6, 8, 6.5], "texture": "#0"},
				"west": {"uv": [11.5, 6, 11, 6.5], "texture": "#0"},
				"up": {"uv": [11.5, 6, 8, 6.5], "texture": "#0"},
				"down": {"uv": [11.5, 6.5, 8, 6], "texture": "#0"}
			}
		},
		{
			"from": [7, 21, 7.75],
			"to": [14, 22, 10.25],
			"rotation": {"angle": 0, "axis": "y", "origin": [19, 29, 16.5]},
			"faces": {
				"north": {"uv": [9, 5, 12.5, 5.5], "texture": "#0"},
				"east": {"uv": [9, 5, 9.5, 5.5], "texture": "#0"},
				"south": {"uv": [12.5, 5, 9, 5.5], "texture": "#0"},
				"west": {"uv": [12.5, 5, 12, 5.5], "texture": "#0"},
				"up": {"uv": [12.5, 5, 9, 5.5], "texture": "#0"},
				"down": {"uv": [12.5, 5.5, 9, 5], "texture": "#0"}
			}
		},
		{
			"from": [6, 22, 7.75],
			"to": [13, 23, 10.25],
			"rotation": {"angle": 0, "axis": "y", "origin": [18, 30, 16.5]},
			"faces": {
				"north": {"uv": [9.5, 4.5, 13, 5], "texture": "#0"},
				"east": {"uv": [9.5, 4.5, 10, 5], "texture": "#0"},
				"south": {"uv": [13, 4.5, 9.5, 5], "texture": "#0"},
				"west": {"uv": [13, 4.5, 12.5, 5], "texture": "#0"},
				"up": {"uv": [13, 4.5, 9.5, 5], "texture": "#0"},
				"down": {"uv": [13, 5, 9.5, 4.5], "texture": "#0"}
			}
		},
		{
			"from": [5, 23, 7.75],
			"to": [12, 24, 10.25],
			"rotation": {"angle": 0, "axis": "y", "origin": [17, 31, 16.5]},
			"faces": {
				"north": {"uv": [10, 4, 13.5, 4.5], "texture": "#0"},
				"east": {"uv": [10, 4, 10.5, 4.5], "texture": "#0"},
				"south": {"uv": [13.5, 4, 10, 4.5], "texture": "#0"},
				"west": {"uv": [13.5, 4, 13, 4.5], "texture": "#0"},
				"up": {"uv": [13.5, 4, 10, 4.5], "texture": "#0"},
				"down": {"uv": [13.5, 4.5, 10, 4], "texture": "#0"}
			}
		},
		{
			"from": [4, 24, 7.75],
			"to": [11, 25, 10.25],
			"rotation": {"angle": 0, "axis": "y", "origin": [16, 32, 16.5]},
			"faces": {
				"north": {"uv": [10.5, 3.5, 14, 4], "texture": "#0"},
				"east": {"uv": [10.5, 3.5, 11, 4], "texture": "#0"},
				"south": {"uv": [14, 3.5, 10.5, 4], "texture": "#0"},
				"west": {"uv": [14, 3.5, 13.5, 4], "texture": "#0"},
				"up": {"uv": [14, 3.5, 10.5, 4], "texture": "#0"},
				"down": {"uv": [14, 4, 10.5, 3.5], "texture": "#0"}
			}
		},
		{
			"from": [3, 25, 7.75],
			"to": [10, 26, 10.25],
			"rotation": {"angle": 0, "axis": "y", "origin": [15, 33, 16.5]},
			"faces": {
				"north": {"uv": [11, 3, 14.5, 3.5], "texture": "#0"},
				"east": {"uv": [11, 3, 11.5, 3.5], "texture": "#0"},
				"south": {"uv": [14.5, 3, 11, 3.5], "texture": "#0"},
				"west": {"uv": [14.5, 3, 14, 3.5], "texture": "#0"},
				"up": {"uv": [14.5, 3, 11, 3.5], "texture": "#0"},
				"down": {"uv": [14.5, 3.5, 11, 3], "texture": "#0"}
			}
		},
		{
			"from": [2, 27, 7.75],
			"to": [8, 28, 10.25],
			"rotation": {"angle": 0, "axis": "y", "origin": [14, 35, 16.5]},
			"faces": {
				"north": {"uv": [12, 2, 15, 2.5], "texture": "#0"},
				"east": {"uv": [12, 2, 12.5, 2.5], "texture": "#0"},
				"south": {"uv": [15, 2, 12, 2.5], "texture": "#0"},
				"west": {"uv": [15, 2, 14.5, 2.5], "texture": "#0"},
				"up": {"uv": [15, 2, 12, 2.5], "texture": "#0"},
				"down": {"uv": [15, 2.5, 12, 2], "texture": "#0"}
			}
		},
		{
			"from": [2, 28, 7.75],
			"to": [7, 29, 10.25],
			"rotation": {"angle": 0, "axis": "y", "origin": [14, 36, 16.5]},
			"faces": {
				"north": {"uv": [12.5, 1.5, 15, 2], "texture": "#0"},
				"east": {"uv": [12.5, 1.5, 13, 2], "texture": "#0"},
				"south": {"uv": [15, 1.5, 12.5, 2], "texture": "#0"},
				"west": {"uv": [15, 1.5, 14.5, 2], "texture": "#0"},
				"up": {"uv": [15, 1.5, 12.5, 2], "texture": "#0"},
				"down": {"uv": [15, 2, 12.5, 1.5], "texture": "#0"}
			}
		},
		{
			"from": [1, 29, 7.75],
			"to": [5, 30, 10.25],
			"rotation": {"angle": 0, "axis": "y", "origin": [13, 37, 16.5]},
			"faces": {
				"north": {"uv": [13.5, 1, 15.5, 1.5], "texture": "#0"},
				"east": {"uv": [13.5, 1, 14, 1.5], "texture": "#0"},
				"south": {"uv": [15.5, 1, 13.5, 1.5], "texture": "#0"},
				"west": {"uv": [15.5, 1, 15, 1.5], "texture": "#0"},
				"up": {"uv": [15.5, 1, 13.5, 1.5], "texture": "#0"},
				"down": {"uv": [15.5, 1.5, 13.5, 1], "texture": "#0"}
			}
		},
		{
			"from": [1, 30, 7.75],
			"to": [3, 31, 10.25],
			"rotation": {"angle": 0, "axis": "y", "origin": [13, 38, 16.5]},
			"faces": {
				"north": {"uv": [14.5, 0.5, 15.5, 1], "texture": "#0"},
				"east": {"uv": [14.5, 0.5, 15, 1], "texture": "#0"},
				"south": {"uv": [15.5, 0.5, 14.5, 1], "texture": "#0"},
				"west": {"uv": [15.5, 0.5, 15, 1], "texture": "#0"},
				"up": {"uv": [15.5, 0.5, 14.5, 1], "texture": "#0"},
				"down": {"uv": [15.5, 1, 14.5, 0.5], "texture": "#0"}
			}
		},
		{
			"from": [3, 26, 7.75],
			"to": [9, 27, 10.25],
			"rotation": {"angle": 0, "axis": "y", "origin": [15, 34, 16.5]},
			"faces": {
				"north": {"uv": [11.5, 2.5, 14.5, 3], "texture": "#0"},
				"east": {"uv": [11.5, 2.5, 12, 3], "texture": "#0"},
				"south": {"uv": [14.5, 2.5, 11.5, 3], "texture": "#0"},
				"west": {"uv": [14.5, 2.5, 14, 3], "texture": "#0"},
				"up": {"uv": [14.5, 2.5, 11.5, 3], "texture": "#0"},
				"down": {"uv": [14.5, 3, 11.5, 2.5], "texture": "#0"}
			}
		},
		{
			"from": [8, 20, 7.75],
			"to": [15, 21, 10.25],
			"rotation": {"angle": 0, "axis": "y", "origin": [20, 28, 16.5]},
			"faces": {
				"north": {"uv": [8.5, 5.5, 12, 6], "texture": "#0"},
				"east": {"uv": [8.5, 5.5, 9, 6], "texture": "#0"},
				"south": {"uv": [12, 5.5, 8.5, 6], "texture": "#0"},
				"west": {"uv": [12, 5.5, 11.5, 6], "texture": "#0"},
				"up": {"uv": [12, 5.5, 8.5, 6], "texture": "#0"},
				"down": {"uv": [12, 6, 8.5, 5.5], "texture": "#0"}
			}
		},
		{
			"from": [6, 21, 8],
			"to": [7, 22, 10],
			"rotation": {"angle": 0, "axis": "y", "origin": [15, 29, 16.5]},
			"faces": {
				"north": {"uv": [12.5, 5, 13, 5.5], "texture": "#0"},
				"east": {"uv": [12.5, 5, 13, 5.5], "texture": "#0"},
				"south": {"uv": [13, 5, 12.5, 5.5], "texture": "#0"},
				"west": {"uv": [13, 5, 12.5, 5.5], "texture": "#0"},
				"up": {"uv": [13, 5, 12.5, 5.5], "texture": "#0"},
				"down": {"uv": [13, 5.5, 12.5, 5], "texture": "#0"}
			}
		},
		{
			"from": [5, 22, 8],
			"to": [6, 23, 10],
			"rotation": {"angle": 0, "axis": "y", "origin": [14, 30, 16.5]},
			"faces": {
				"north": {"uv": [13, 4.5, 13.5, 5], "texture": "#0"},
				"east": {"uv": [13, 4.5, 13.5, 5], "texture": "#0"},
				"south": {"uv": [13.5, 4.5, 13, 5], "texture": "#0"},
				"west": {"uv": [13.5, 4.5, 13, 5], "texture": "#0"},
				"up": {"uv": [13.5, 4.5, 13, 5], "texture": "#0"},
				"down": {"uv": [13.5, 5, 13, 4.5], "texture": "#0"}
			}
		},
		{
			"from": [4, 23, 8],
			"to": [5, 24, 10],
			"rotation": {"angle": 0, "axis": "y", "origin": [13, 31, 16.5]},
			"faces": {
				"north": {"uv": [13.5, 4, 14, 4.5], "texture": "#0"},
				"east": {"uv": [13.5, 4, 14, 4.5], "texture": "#0"},
				"south": {"uv": [14, 4, 13.5, 4.5], "texture": "#0"},
				"west": {"uv": [14, 4, 13.5, 4.5], "texture": "#0"},
				"up": {"uv": [14, 4, 13.5, 4.5], "texture": "#0"},
				"down": {"uv": [14, 4.5, 13.5, 4], "texture": "#0"}
			}
		},
		{
			"from": [3, 24, 8],
			"to": [4, 25, 10],
			"rotation": {"angle": 0, "axis": "y", "origin": [12, 32, 16.5]},
			"faces": {
				"north": {"uv": [14, 3.5, 14.5, 4], "texture": "#0"},
				"east": {"uv": [14, 3.5, 14.5, 4], "texture": "#0"},
				"south": {"uv": [14.5, 3.5, 14, 4], "texture": "#0"},
				"west": {"uv": [14.5, 3.5, 14, 4], "texture": "#0"},
				"up": {"uv": [14.5, 3.5, 14, 4], "texture": "#0"},
				"down": {"uv": [14.5, 4, 14, 3.5], "texture": "#0"}
			}
		},
		{
			"from": [30, 2, 8.25],
			"to": [31, 3, 9.75],
			"rotation": {"angle": 0, "axis": "y", "origin": [39, 10, 16.5]},
			"faces": {
				"north": {"uv": [0.5, 14.5, 1, 15], "texture": "#0"},
				"east": {"uv": [0.5, 14.5, 1, 15], "texture": "#0"},
				"south": {"uv": [1, 14.5, 0.5, 15], "texture": "#0"},
				"west": {"uv": [1, 14.5, 0.5, 15], "texture": "#0"},
				"up": {"uv": [1, 14.5, 0.5, 15], "texture": "#0"},
				"down": {"uv": [1, 15, 0.5, 14.5], "texture": "#0"}
			}
		},
		{
			"from": [28, 3, 8.25],
			"to": [29, 4, 9.75],
			"rotation": {"angle": 0, "axis": "y", "origin": [37, 11, 16.5]},
			"faces": {
				"north": {"uv": [1.5, 14, 2, 14.5], "texture": "#0"},
				"east": {"uv": [1.5, 14, 2, 14.5], "texture": "#0"},
				"south": {"uv": [2, 14, 1.5, 14.5], "texture": "#0"},
				"west": {"uv": [2, 14, 1.5, 14.5], "texture": "#0"},
				"up": {"uv": [2, 14, 1.5, 14.5], "texture": "#0"},
				"down": {"uv": [2, 14.5, 1.5, 14], "texture": "#0"}
			}
		},
		{
			"from": [27, 5, 8.25],
			"to": [28, 6, 9.75],
			"rotation": {"angle": 0, "axis": "y", "origin": [36, 13, 16.5]},
			"faces": {
				"north": {"uv": [2, 13, 2.5, 13.5], "texture": "#0"},
				"east": {"uv": [2, 13, 2.5, 13.5], "texture": "#0"},
				"south": {"uv": [2.5, 13, 2, 13.5], "texture": "#0"},
				"west": {"uv": [2.5, 13, 2, 13.5], "texture": "#0"},
				"up": {"uv": [2.5, 13, 2, 13.5], "texture": "#0"},
				"down": {"uv": [2.5, 13.5, 2, 13], "texture": "#0"}
			}
		},
		{
			"from": [26, 4, 8.25],
			"to": [27, 5, 9.75],
			"rotation": {"angle": 0, "axis": "y", "origin": [35, 12, 16.5]},
			"faces": {
				"north": {"uv": [2.5, 13.5, 3, 14], "texture": "#0"},
				"east": {"uv": [2.5, 13.5, 3, 14], "texture": "#0"},
				"south": {"uv": [3, 13.5, 2.5, 14], "texture": "#0"},
				"west": {"uv": [3, 13.5, 2.5, 14], "texture": "#0"},
				"up": {"uv": [3, 13.5, 2.5, 14], "texture": "#0"},
				"down": {"uv": [3, 14, 2.5, 13.5], "texture": "#0"}
			}
		},
		{
			"from": [24, 8, 8.25],
			"to": [25, 9, 9.75],
			"rotation": {"angle": 0, "axis": "y", "origin": [33, 16, 16.5]},
			"faces": {
				"north": {"uv": [3.5, 11.5, 4, 12], "texture": "#0"},
				"east": {"uv": [3.5, 11.5, 4, 12], "texture": "#0"},
				"south": {"uv": [4, 11.5, 3.5, 12], "texture": "#0"},
				"west": {"uv": [4, 11.5, 3.5, 12], "texture": "#0"},
				"up": {"uv": [4, 11.5, 3.5, 12], "texture": "#0"},
				"down": {"uv": [4, 12, 3.5, 11.5], "texture": "#0"}
			}
		},
		{
			"from": [22, 14, 8.25],
			"to": [23, 15, 9.75],
			"rotation": {"angle": 0, "axis": "y", "origin": [31, 22, 16.5]},
			"faces": {
				"north": {"uv": [4.5, 8.5, 5, 9], "texture": "#0"},
				"east": {"uv": [4.5, 8.5, 5, 9], "texture": "#0"},
				"south": {"uv": [5, 8.5, 4.5, 9], "texture": "#0"},
				"west": {"uv": [5, 8.5, 4.5, 9], "texture": "#0"},
				"up": {"uv": [5, 8.5, 4.5, 9], "texture": "#0"},
				"down": {"uv": [5, 9, 4.5, 8.5], "texture": "#0"}
			}
		},
		{
			"from": [17, 9, 8.25],
			"to": [18, 10, 9.75],
			"rotation": {"angle": 0, "axis": "y", "origin": [26, 17, 16.5]},
			"faces": {
				"north": {"uv": [7, 11, 7.5, 11.5], "texture": "#0"},
				"east": {"uv": [7, 11, 7.5, 11.5], "texture": "#0"},
				"south": {"uv": [7.5, 11, 7, 11.5], "texture": "#0"},
				"west": {"uv": [7.5, 11, 7, 11.5], "texture": "#0"},
				"up": {"uv": [7.5, 11, 7, 11.5], "texture": "#0"},
				"down": {"uv": [7.5, 11.5, 7, 11], "texture": "#0"}
			}
		},
		{
			"from": [16, 10, 8.25],
			"to": [17, 11, 9.75],
			"rotation": {"angle": 0, "axis": "y", "origin": [25, 18, 16.5]},
			"faces": {
				"north": {"uv": [7.5, 10.5, 8, 11], "texture": "#0"},
				"east": {"uv": [7.5, 10.5, 8, 11], "texture": "#0"},
				"south": {"uv": [8, 10.5, 7.5, 11], "texture": "#0"},
				"west": {"uv": [8, 10.5, 7.5, 11], "texture": "#0"},
				"up": {"uv": [8, 10.5, 7.5, 11], "texture": "#0"},
				"down": {"uv": [8, 11, 7.5, 10.5], "texture": "#0"}
			}
		},
		{
			"from": [15, 11, 8.25],
			"to": [16, 12, 9.75],
			"rotation": {"angle": 0, "axis": "y", "origin": [24, 19, 16.5]},
			"faces": {
				"north": {"uv": [8, 10, 8.5, 10.5], "texture": "#0"},
				"east": {"uv": [8, 10, 8.5, 10.5], "texture": "#0"},
				"south": {"uv": [8.5, 10, 8, 10.5], "texture": "#0"},
				"west": {"uv": [8.5, 10, 8, 10.5], "texture": "#0"},
				"up": {"uv": [8.5, 10, 8, 10.5], "texture": "#0"},
				"down": {"uv": [8.5, 10.5, 8, 10], "texture": "#0"}
			}
		},
		{
			"from": [14, 12, 8.25],
			"to": [15, 13, 9.75],
			"rotation": {"angle": 0, "axis": "y", "origin": [23, 20, 16.5]},
			"faces": {
				"north": {"uv": [8.5, 9.5, 9, 10], "texture": "#0"},
				"east": {"uv": [8.5, 9.5, 9, 10], "texture": "#0"},
				"south": {"uv": [9, 9.5, 8.5, 10], "texture": "#0"},
				"west": {"uv": [9, 9.5, 8.5, 10], "texture": "#0"},
				"up": {"uv": [9, 9.5, 8.5, 10], "texture": "#0"},
				"down": {"uv": [9, 10, 8.5, 9.5], "texture": "#0"}
			}
		},
		{
			"from": [13, 13, 8.25],
			"to": [14, 14, 9.75],
			"rotation": {"angle": 0, "axis": "y", "origin": [22, 21, 16.5]},
			"faces": {
				"north": {"uv": [9, 9, 9.5, 9.5], "texture": "#0"},
				"east": {"uv": [9, 9, 9.5, 9.5], "texture": "#0"},
				"south": {"uv": [9.5, 9, 9, 9.5], "texture": "#0"},
				"west": {"uv": [9.5, 9, 9, 9.5], "texture": "#0"},
				"up": {"uv": [9.5, 9, 9, 9.5], "texture": "#0"},
				"down": {"uv": [9.5, 9.5, 9, 9], "texture": "#0"}
			}
		},
		{
			"from": [12, 14, 8.25],
			"to": [13, 15, 9.75],
			"rotation": {"angle": 0, "axis": "y", "origin": [21, 22, 16.5]},
			"faces": {
				"north": {"uv": [9.5, 8.5, 10, 9], "texture": "#0"},
				"east": {"uv": [9.5, 8.5, 10, 9], "texture": "#0"},
				"south": {"uv": [10, 8.5, 9.5, 9], "texture": "#0"},
				"west": {"uv": [10, 8.5, 9.5, 9], "texture": "#0"},
				"up": {"uv": [10, 8.5, 9.5, 9], "texture": "#0"},
				"down": {"uv": [10, 9, 9.5, 8.5], "texture": "#0"}
			}
		},
		{
			"from": [11, 15, 8.25],
			"to": [12, 16, 9.75],
			"rotation": {"angle": 0, "axis": "y", "origin": [20, 23, 16.5]},
			"faces": {
				"north": {"uv": [10, 8, 10.5, 8.5], "texture": "#0"},
				"east": {"uv": [10, 8, 10.5, 8.5], "texture": "#0"},
				"south": {"uv": [10.5, 8, 10, 8.5], "texture": "#0"},
				"west": {"uv": [10.5, 8, 10, 8.5], "texture": "#0"},
				"up": {"uv": [10.5, 8, 10, 8.5], "texture": "#0"},
				"down": {"uv": [10.5, 8.5, 10, 8], "texture": "#0"}
			}
		},
		{
			"from": [10, 16, 8.25],
			"to": [11, 17, 9.75],
			"rotation": {"angle": 0, "axis": "y", "origin": [19, 24, 16.5]},
			"faces": {
				"north": {"uv": [10.5, 7.5, 11, 8], "texture": "#0"},
				"east": {"uv": [10.5, 7.5, 11, 8], "texture": "#0"},
				"south": {"uv": [11, 7.5, 10.5, 8], "texture": "#0"},
				"west": {"uv": [11, 7.5, 10.5, 8], "texture": "#0"},
				"up": {"uv": [11, 7.5, 10.5, 8], "texture": "#0"},
				"down": {"uv": [11, 8, 10.5, 7.5], "texture": "#0"}
			}
		},
		{
			"from": [9, 17, 8.25],
			"to": [10, 18, 9.75],
			"rotation": {"angle": 0, "axis": "y", "origin": [18, 25, 16.5]},
			"faces": {
				"north": {"uv": [11, 7, 11.5, 7.5], "texture": "#0"},
				"east": {"uv": [11, 7, 11.5, 7.5], "texture": "#0"},
				"south": {"uv": [11.5, 7, 11, 7.5], "texture": "#0"},
				"west": {"uv": [11.5, 7, 11, 7.5], "texture": "#0"},
				"up": {"uv": [11.5, 7, 11, 7.5], "texture": "#0"},
				"down": {"uv": [11.5, 7.5, 11, 7], "texture": "#0"}
			}
		},
		{
			"from": [8, 18, 8.25],
			"to": [9, 19, 9.75],
			"rotation": {"angle": 0, "axis": "y", "origin": [17, 26, 16.5]},
			"faces": {
				"north": {"uv": [11.5, 6.5, 12, 7], "texture": "#0"},
				"east": {"uv": [11.5, 6.5, 12, 7], "texture": "#0"},
				"south": {"uv": [12, 6.5, 11.5, 7], "texture": "#0"},
				"west": {"uv": [12, 6.5, 11.5, 7], "texture": "#0"},
				"up": {"uv": [12, 6.5, 11.5, 7], "texture": "#0"},
				"down": {"uv": [12, 7, 11.5, 6.5], "texture": "#0"}
			}
		},
		{
			"from": [7, 19, 8.25],
			"to": [8, 20, 9.75],
			"rotation": {"angle": 0, "axis": "y", "origin": [16, 27, 16.5]},
			"faces": {
				"north": {"uv": [12, 6, 12.5, 6.5], "texture": "#0"},
				"east": {"uv": [12, 6, 12.5, 6.5], "texture": "#0"},
				"south": {"uv": [12.5, 6, 12, 6.5], "texture": "#0"},
				"west": {"uv": [12.5, 6, 12, 6.5], "texture": "#0"},
				"up": {"uv": [12.5, 6, 12, 6.5], "texture": "#0"},
				"down": {"uv": [12.5, 6.5, 12, 6], "texture": "#0"}
			}
		},
		{
			"from": [6, 20, 8.25],
			"to": [7, 21, 9.75],
			"rotation": {"angle": 0, "axis": "y", "origin": [15, 28, 16.5]},
			"faces": {
				"north": {"uv": [12.5, 5.5, 13, 6], "texture": "#0"},
				"east": {"uv": [12.5, 5.5, 13, 6], "texture": "#0"},
				"south": {"uv": [13, 5.5, 12.5, 6], "texture": "#0"},
				"west": {"uv": [13, 5.5, 12.5, 6], "texture": "#0"},
				"up": {"uv": [13, 5.5, 12.5, 6], "texture": "#0"},
				"down": {"uv": [13, 6, 12.5, 5.5], "texture": "#0"}
			}
		},
		{
			"from": [5, 21, 8.25],
			"to": [6, 22, 9.75],
			"rotation": {"angle": 0, "axis": "y", "origin": [14, 29, 16.5]},
			"faces": {
				"north": {"uv": [13, 5, 13.5, 5.5], "texture": "#0"},
				"east": {"uv": [13, 5, 13.5, 5.5], "texture": "#0"},
				"south": {"uv": [13.5, 5, 13, 5.5], "texture": "#0"},
				"west": {"uv": [13.5, 5, 13, 5.5], "texture": "#0"},
				"up": {"uv": [13.5, 5, 13, 5.5], "texture": "#0"},
				"down": {"uv": [13.5, 5.5, 13, 5], "texture": "#0"}
			}
		},
		{
			"from": [4, 22, 8.25],
			"to": [5, 23, 9.75],
			"rotation": {"angle": 0, "axis": "y", "origin": [13, 30, 16.5]},
			"faces": {
				"north": {"uv": [13.5, 4.5, 14, 5], "texture": "#0"},
				"east": {"uv": [13.5, 4.5, 14, 5], "texture": "#0"},
				"south": {"uv": [14, 4.5, 13.5, 5], "texture": "#0"},
				"west": {"uv": [14, 4.5, 13.5, 5], "texture": "#0"},
				"up": {"uv": [14, 4.5, 13.5, 5], "texture": "#0"},
				"down": {"uv": [14, 5, 13.5, 4.5], "texture": "#0"}
			}
		},
		{
			"from": [3, 23, 8.25],
			"to": [4, 24, 9.75],
			"rotation": {"angle": 0, "axis": "y", "origin": [12, 31, 16.5]},
			"faces": {
				"north": {"uv": [14, 4, 14.5, 4.5], "texture": "#0"},
				"east": {"uv": [14, 4, 14.5, 4.5], "texture": "#0"},
				"south": {"uv": [14.5, 4, 14, 4.5], "texture": "#0"},
				"west": {"uv": [14.5, 4, 14, 4.5], "texture": "#0"},
				"up": {"uv": [14.5, 4, 14, 4.5], "texture": "#0"},
				"down": {"uv": [14.5, 4.5, 14, 4], "texture": "#0"}
			}
		},
		{
			"from": [2, 24, 8.25],
			"to": [3, 27, 9.75],
			"rotation": {"angle": 0, "axis": "y", "origin": [11, 32, 16.5]},
			"faces": {
				"north": {"uv": [14.5, 2.5, 15, 4], "texture": "#0"},
				"east": {"uv": [14.5, 2.5, 15, 4], "texture": "#0"},
				"south": {"uv": [15, 2.5, 14.5, 4], "texture": "#0"},
				"west": {"uv": [15, 2.5, 14.5, 4], "texture": "#0"},
				"up": {"uv": [15, 2.5, 14.5, 3], "texture": "#0"},
				"down": {"uv": [15, 4, 14.5, 3.5], "texture": "#0"}
			}
		},
		{
			"from": [21, 15, 8.25],
			"to": [22, 16, 9.75],
			"rotation": {"angle": 0, "axis": "y", "origin": [30, 23, 16.5]},
			"faces": {
				"north": {"uv": [5, 8, 5.5, 8.5], "texture": "#0"},
				"east": {"uv": [5, 8, 5.5, 8.5], "texture": "#0"},
				"south": {"uv": [5.5, 8, 5, 8.5], "texture": "#0"},
				"west": {"uv": [5.5, 8, 5, 8.5], "texture": "#0"},
				"up": {"uv": [5.5, 8, 5, 8.5], "texture": "#0"},
				"down": {"uv": [5.5, 8.5, 5, 8], "texture": "#0"}
			}
		},
		{
			"from": [20, 16, 8.25],
			"to": [21, 17, 9.75],
			"rotation": {"angle": 0, "axis": "y", "origin": [29, 24, 16.5]},
			"faces": {
				"north": {"uv": [5.5, 7.5, 6, 8], "texture": "#0"},
				"east": {"uv": [5.5, 7.5, 6, 8], "texture": "#0"},
				"south": {"uv": [6, 7.5, 5.5, 8], "texture": "#0"},
				"west": {"uv": [6, 7.5, 5.5, 8], "texture": "#0"},
				"up": {"uv": [6, 7.5, 5.5, 8], "texture": "#0"},
				"down": {"uv": [6, 8, 5.5, 7.5], "texture": "#0"}
			}
		},
		{
			"from": [19, 17, 8.25],
			"to": [20, 18, 9.75],
			"rotation": {"angle": 0, "axis": "y", "origin": [28, 25, 16.5]},
			"faces": {
				"north": {"uv": [6, 7, 6.5, 7.5], "texture": "#0"},
				"east": {"uv": [6, 7, 6.5, 7.5], "texture": "#0"},
				"south": {"uv": [6.5, 7, 6, 7.5], "texture": "#0"},
				"west": {"uv": [6.5, 7, 6, 7.5], "texture": "#0"},
				"up": {"uv": [6.5, 7, 6, 7.5], "texture": "#0"},
				"down": {"uv": [6.5, 7.5, 6, 7], "texture": "#0"}
			}
		},
		{
			"from": [18, 18, 8.25],
			"to": [19, 19, 9.75],
			"rotation": {"angle": 0, "axis": "y", "origin": [27, 26, 16.5]},
			"faces": {
				"north": {"uv": [6.5, 6.5, 7, 7], "texture": "#0"},
				"east": {"uv": [6.5, 6.5, 7, 7], "texture": "#0"},
				"south": {"uv": [7, 6.5, 6.5, 7], "texture": "#0"},
				"west": {"uv": [7, 6.5, 6.5, 7], "texture": "#0"},
				"up": {"uv": [7, 6.5, 6.5, 7], "texture": "#0"},
				"down": {"uv": [7, 7, 6.5, 6.5], "texture": "#0"}
			}
		},
		{
			"from": [17, 19, 8.25],
			"to": [18, 20, 9.75],
			"rotation": {"angle": 0, "axis": "y", "origin": [26, 27, 16.5]},
			"faces": {
				"north": {"uv": [7, 6, 7.5, 6.5], "texture": "#0"},
				"east": {"uv": [7, 6, 7.5, 6.5], "texture": "#0"},
				"south": {"uv": [7.5, 6, 7, 6.5], "texture": "#0"},
				"west": {"uv": [7.5, 6, 7, 6.5], "texture": "#0"},
				"up": {"uv": [7.5, 6, 7, 6.5], "texture": "#0"},
				"down": {"uv": [7.5, 6.5, 7, 6], "texture": "#0"}
			}
		},
		{
			"from": [16, 20, 8.25],
			"to": [17, 21, 9.75],
			"rotation": {"angle": 0, "axis": "y", "origin": [25, 28, 16.5]},
			"faces": {
				"north": {"uv": [7.5, 5.5, 8, 6], "texture": "#0"},
				"east": {"uv": [7.5, 5.5, 8, 6], "texture": "#0"},
				"south": {"uv": [8, 5.5, 7.5, 6], "texture": "#0"},
				"west": {"uv": [8, 5.5, 7.5, 6], "texture": "#0"},
				"up": {"uv": [8, 5.5, 7.5, 6], "texture": "#0"},
				"down": {"uv": [8, 6, 7.5, 5.5], "texture": "#0"}
			}
		},
		{
			"from": [15, 21, 8.25],
			"to": [16, 22, 9.75],
			"rotation": {"angle": 0, "axis": "y", "origin": [24, 29, 16.5]},
			"faces": {
				"north": {"uv": [8, 5, 8.5, 5.5], "texture": "#0"},
				"east": {"uv": [8, 5, 8.5, 5.5], "texture": "#0"},
				"south": {"uv": [8.5, 5, 8, 5.5], "texture": "#0"},
				"west": {"uv": [8.5, 5, 8, 5.5], "texture": "#0"},
				"up": {"uv": [8.5, 5, 8, 5.5], "texture": "#0"},
				"down": {"uv": [8.5, 5.5, 8, 5], "texture": "#0"}
			}
		},
		{
			"from": [14, 22, 8.25],
			"to": [15, 23, 9.75],
			"rotation": {"angle": 0, "axis": "y", "origin": [23, 30, 16.5]},
			"faces": {
				"north": {"uv": [8.5, 4.5, 9, 5], "texture": "#0"},
				"east": {"uv": [8.5, 4.5, 9, 5], "texture": "#0"},
				"south": {"uv": [9, 4.5, 8.5, 5], "texture": "#0"},
				"west": {"uv": [9, 4.5, 8.5, 5], "texture": "#0"},
				"up": {"uv": [9, 4.5, 8.5, 5], "texture": "#0"},
				"down": {"uv": [9, 5, 8.5, 4.5], "texture": "#0"}
			}
		},
		{
			"from": [13, 23, 8.25],
			"to": [14, 24, 9.75],
			"rotation": {"angle": 0, "axis": "y", "origin": [22, 31, 16.5]},
			"faces": {
				"north": {"uv": [9, 4, 9.5, 4.5], "texture": "#0"},
				"east": {"uv": [9, 4, 9.5, 4.5], "texture": "#0"},
				"south": {"uv": [9.5, 4, 9, 4.5], "texture": "#0"},
				"west": {"uv": [9.5, 4, 9, 4.5], "texture": "#0"},
				"up": {"uv": [9.5, 4, 9, 4.5], "texture": "#0"},
				"down": {"uv": [9.5, 4.5, 9, 4], "texture": "#0"}
			}
		},
		{
			"from": [12, 24, 8.25],
			"to": [13, 25, 9.75],
			"rotation": {"angle": 0, "axis": "y", "origin": [21, 32, 16.5]},
			"faces": {
				"north": {"uv": [9.5, 3.5, 10, 4], "texture": "#0"},
				"east": {"uv": [9.5, 3.5, 10, 4], "texture": "#0"},
				"south": {"uv": [10, 3.5, 9.5, 4], "texture": "#0"},
				"west": {"uv": [10, 3.5, 9.5, 4], "texture": "#0"},
				"up": {"uv": [10, 3.5, 9.5, 4], "texture": "#0"},
				"down": {"uv": [10, 4, 9.5, 3.5], "texture": "#0"}
			}
		},
		{
			"from": [11, 25, 8.25],
			"to": [12, 26, 9.75],
			"rotation": {"angle": 0, "axis": "y", "origin": [20, 33, 16.5]},
			"faces": {
				"north": {"uv": [10, 3, 10.5, 3.5], "texture": "#0"},
				"east": {"uv": [10, 3, 10.5, 3.5], "texture": "#0"},
				"south": {"uv": [10.5, 3, 10, 3.5], "texture": "#0"},
				"west": {"uv": [10.5, 3, 10, 3.5], "texture": "#0"},
				"up": {"uv": [10.5, 3, 10, 3.5], "texture": "#0"},
				"down": {"uv": [10.5, 3.5, 10, 3], "texture": "#0"}
			}
		},
		{
			"from": [10, 26, 8.25],
			"to": [11, 27, 9.75],
			"rotation": {"angle": 0, "axis": "y", "origin": [19, 34, 16.5]},
			"faces": {
				"north": {"uv": [10.5, 2.5, 11, 3], "texture": "#0"},
				"east": {"uv": [10.5, 2.5, 11, 3], "texture": "#0"},
				"south": {"uv": [11, 2.5, 10.5, 3], "texture": "#0"},
				"west": {"uv": [11, 2.5, 10.5, 3], "texture": "#0"},
				"up": {"uv": [11, 2.5, 10.5, 3], "texture": "#0"},
				"down": {"uv": [11, 3, 10.5, 2.5], "texture": "#0"}
			}
		},
		{
			"from": [9, 27, 8.25],
			"to": [10, 28, 9.75],
			"rotation": {"angle": 0, "axis": "y", "origin": [18, 35, 16.5]},
			"faces": {
				"north": {"uv": [11, 2, 11.5, 2.5], "texture": "#0"},
				"east": {"uv": [11, 2, 11.5, 2.5], "texture": "#0"},
				"south": {"uv": [11.5, 2, 11, 2.5], "texture": "#0"},
				"west": {"uv": [11.5, 2, 11, 2.5], "texture": "#0"},
				"up": {"uv": [11.5, 2, 11, 2.5], "texture": "#0"},
				"down": {"uv": [11.5, 2.5, 11, 2], "texture": "#0"}
			}
		},
		{
			"from": [8, 28, 8.25],
			"to": [9, 29, 9.75],
			"rotation": {"angle": 0, "axis": "y", "origin": [17, 36, 16.5]},
			"faces": {
				"north": {"uv": [11.5, 1.5, 12, 2], "texture": "#0"},
				"east": {"uv": [11.5, 1.5, 12, 2], "texture": "#0"},
				"south": {"uv": [12, 1.5, 11.5, 2], "texture": "#0"},
				"west": {"uv": [12, 1.5, 11.5, 2], "texture": "#0"},
				"up": {"uv": [12, 1.5, 11.5, 2], "texture": "#0"},
				"down": {"uv": [12, 2, 11.5, 1.5], "texture": "#0"}
			}
		},
		{
			"from": [5, 29, 8.25],
			"to": [8, 30, 9.75],
			"rotation": {"angle": 0, "axis": "y", "origin": [16, 37, 16.5]},
			"faces": {
				"north": {"uv": [12, 1, 13.5, 1.5], "texture": "#0"},
				"east": {"uv": [12, 1, 12.5, 1.5], "texture": "#0"},
				"south": {"uv": [13.5, 1, 12, 1.5], "texture": "#0"},
				"west": {"uv": [13.5, 1, 13, 1.5], "texture": "#0"},
				"up": {"uv": [13.5, 1, 12, 1.5], "texture": "#0"},
				"down": {"uv": [13.5, 1.5, 12, 1], "texture": "#0"}
			}
		},
		{
			"from": [23, 7, 8.25],
			"to": [24, 8, 9.75],
			"rotation": {"angle": 0, "axis": "y", "origin": [32, 15, 16.5]},
			"faces": {
				"north": {"uv": [4, 12, 4.5, 12.5], "texture": "#0"},
				"east": {"uv": [4, 12, 4.5, 12.5], "texture": "#0"},
				"south": {"uv": [4.5, 12, 4, 12.5], "texture": "#0"},
				"west": {"uv": [4.5, 12, 4, 12.5], "texture": "#0"},
				"up": {"uv": [4.5, 12, 4, 12.5], "texture": "#0"},
				"down": {"uv": [4.5, 12.5, 4, 12], "texture": "#0"}
			}
		},
		{
			"from": [25, 6, 8.25],
			"to": [26, 7, 9.75],
			"rotation": {"angle": 0, "axis": "y", "origin": [34, 14, 16.5]},
			"faces": {
				"north": {"uv": [3, 12.5, 3.5, 13], "texture": "#0"},
				"east": {"uv": [3, 12.5, 3.5, 13], "texture": "#0"},
				"south": {"uv": [3.5, 12.5, 3, 13], "texture": "#0"},
				"west": {"uv": [3.5, 12.5, 3, 13], "texture": "#0"},
				"up": {"uv": [3.5, 12.5, 3, 13], "texture": "#0"},
				"down": {"uv": [3.5, 13, 3, 12.5], "texture": "#0"}
			}
		},
		{
			"from": [22, 9, 8.25],
			"to": [23, 10, 9.75],
			"rotation": {"angle": 0, "axis": "y", "origin": [31, 17, 16.5]},
			"faces": {
				"north": {"uv": [4.5, 11, 5, 11.5], "texture": "#0"},
				"east": {"uv": [4.5, 11, 5, 11.5], "texture": "#0"},
				"south": {"uv": [5, 11, 4.5, 11.5], "texture": "#0"},
				"west": {"uv": [5, 11, 4.5, 11.5], "texture": "#0"},
				"up": {"uv": [5, 11, 4.5, 11.5], "texture": "#0"},
				"down": {"uv": [5, 11.5, 4.5, 11], "texture": "#0"}
			}
		},
		{
			"from": [31, 1, 8.5],
			"to": [32, 3, 9.5],
			"rotation": {"angle": 0, "axis": "y", "origin": [39, 9, 16.5]},
			"faces": {
				"north": {"uv": [0, 14.5, 0.5, 15.5], "texture": "#0"},
				"east": {"uv": [0, 14.5, 0.5, 15.5], "texture": "#0"},
				"south": {"uv": [0.5, 14.5, 0, 15.5], "texture": "#0"},
				"west": {"uv": [0.5, 14.5, 0, 15.5], "texture": "#0"},
				"up": {"uv": [0.5, 14.5, 0, 15], "texture": "#0"},
				"down": {"uv": [0.5, 15.5, 0, 15], "texture": "#0"}
			}
		},
		{
			"from": [28, 1, 8.5],
			"to": [29, 3, 9.5],
			"rotation": {"angle": 0, "axis": "y", "origin": [36, 9, 16.5]},
			"faces": {
				"north": {"uv": [1.5, 14.5, 2, 15.5], "texture": "#0"},
				"east": {"uv": [1.5, 14.5, 2, 15.5], "texture": "#0"},
				"south": {"uv": [2, 14.5, 1.5, 15.5], "texture": "#0"},
				"west": {"uv": [2, 14.5, 1.5, 15.5], "texture": "#0"},
				"up": {"uv": [2, 14.5, 1.5, 15], "texture": "#0"},
				"down": {"uv": [2, 15.5, 1.5, 15], "texture": "#0"}
			}
		},
		{
			"from": [28, 4, 8.5],
			"to": [29, 6, 9.5],
			"rotation": {"angle": 0, "axis": "y", "origin": [36, 12, 16.5]},
			"faces": {
				"north": {"uv": [1.5, 13, 2, 14], "texture": "#0"},
				"east": {"uv": [1.5, 13, 2, 14], "texture": "#0"},
				"south": {"uv": [2, 13, 1.5, 14], "texture": "#0"},
				"west": {"uv": [2, 13, 1.5, 14], "texture": "#0"},
				"up": {"uv": [2, 13, 1.5, 13.5], "texture": "#0"},
				"down": {"uv": [2, 14, 1.5, 13.5], "texture": "#0"}
			}
		},
		{
			"from": [25, 4, 8.5],
			"to": [26, 6, 9.5],
			"rotation": {"angle": 0, "axis": "y", "origin": [33, 12, 16.5]},
			"faces": {
				"north": {"uv": [3, 13, 3.5, 14], "texture": "#0"},
				"east": {"uv": [3, 13, 3.5, 14], "texture": "#0"},
				"south": {"uv": [3.5, 13, 3, 14], "texture": "#0"},
				"west": {"uv": [3.5, 13, 3, 14], "texture": "#0"},
				"up": {"uv": [3.5, 13, 3, 13.5], "texture": "#0"},
				"down": {"uv": [3.5, 14, 3, 13.5], "texture": "#0"}
			}
		},
		{
			"from": [25, 7, 8.5],
			"to": [26, 9, 9.5],
			"rotation": {"angle": 0, "axis": "y", "origin": [33, 15, 16.5]},
			"faces": {
				"north": {"uv": [3, 11.5, 3.5, 12.5], "texture": "#0"},
				"east": {"uv": [3, 11.5, 3.5, 12.5], "texture": "#0"},
				"south": {"uv": [3.5, 11.5, 3, 12.5], "texture": "#0"},
				"west": {"uv": [3.5, 11.5, 3, 12.5], "texture": "#0"},
				"up": {"uv": [3.5, 11.5, 3, 12], "texture": "#0"},
				"down": {"uv": [3.5, 12.5, 3, 12], "texture": "#0"}
			}
		},
		{
			"from": [22, 7, 8.5],
			"to": [23, 9, 9.5],
			"rotation": {"angle": 0, "axis": "y", "origin": [30, 15, 16.5]},
			"faces": {
				"north": {"uv": [4.5, 11.5, 5, 12.5], "texture": "#0"},
				"east": {"uv": [4.5, 11.5, 5, 12.5], "texture": "#0"},
				"south": {"uv": [5, 11.5, 4.5, 12.5], "texture": "#0"},
				"west": {"uv": [5, 11.5, 4.5, 12.5], "texture": "#0"},
				"up": {"uv": [5, 11.5, 4.5, 12], "texture": "#0"},
				"down": {"uv": [5, 12.5, 4.5, 12], "texture": "#0"}
			}
		},
		{
			"from": [22, 15, 8.5],
			"to": [23, 17, 9.5],
			"rotation": {"angle": 0, "axis": "y", "origin": [30, 23, 16.5]},
			"faces": {
				"north": {"uv": [4.5, 7.5, 5, 8.5], "texture": "#0"},
				"east": {"uv": [4.5, 7.5, 5, 8.5], "texture": "#0"},
				"south": {"uv": [5, 7.5, 4.5, 8.5], "texture": "#0"},
				"west": {"uv": [5, 7.5, 4.5, 8.5], "texture": "#0"},
				"up": {"uv": [5, 7.5, 4.5, 8], "texture": "#0"},
				"down": {"uv": [5, 8.5, 4.5, 8], "texture": "#0"}
			}
		},
		{
			"from": [21, 16, 8.5],
			"to": [22, 18, 9.5],
			"rotation": {"angle": 0, "axis": "y", "origin": [29, 24, 16.5]},
			"faces": {
				"north": {"uv": [5, 7, 5.5, 8], "texture": "#0"},
				"east": {"uv": [5, 7, 5.5, 8], "texture": "#0"},
				"south": {"uv": [5.5, 7, 5, 8], "texture": "#0"},
				"west": {"uv": [5.5, 7, 5, 8], "texture": "#0"},
				"up": {"uv": [5.5, 7, 5, 7.5], "texture": "#0"},
				"down": {"uv": [5.5, 8, 5, 7.5], "texture": "#0"}
			}
		},
		{
			"from": [20, 17, 8.5],
			"to": [21, 19, 9.5],
			"rotation": {"angle": 0, "axis": "y", "origin": [28, 25, 16.5]},
			"faces": {
				"north": {"uv": [5.5, 6.5, 6, 7.5], "texture": "#0"},
				"east": {"uv": [5.5, 6.5, 6, 7.5], "texture": "#0"},
				"south": {"uv": [6, 6.5, 5.5, 7.5], "texture": "#0"},
				"west": {"uv": [6, 6.5, 5.5, 7.5], "texture": "#0"},
				"up": {"uv": [6, 6.5, 5.5, 7], "texture": "#0"},
				"down": {"uv": [6, 7.5, 5.5, 7], "texture": "#0"}
			}
		},
		{
			"from": [19, 18, 8.5],
			"to": [20, 20, 9.5],
			"rotation": {"angle": 0, "axis": "y", "origin": [27, 26, 16.5]},
			"faces": {
				"north": {"uv": [6, 6, 6.5, 7], "texture": "#0"},
				"east": {"uv": [6, 6, 6.5, 7], "texture": "#0"},
				"south": {"uv": [6.5, 6, 6, 7], "texture": "#0"},
				"west": {"uv": [6.5, 6, 6, 7], "texture": "#0"},
				"up": {"uv": [6.5, 6, 6, 6.5], "texture": "#0"},
				"down": {"uv": [6.5, 7, 6, 6.5], "texture": "#0"}
			}
		},
		{
			"from": [18, 19, 8.5],
			"to": [19, 21, 9.5],
			"rotation": {"angle": 0, "axis": "y", "origin": [26, 27, 16.5]},
			"faces": {
				"north": {"uv": [6.5, 5.5, 7, 6.5], "texture": "#0"},
				"east": {"uv": [6.5, 5.5, 7, 6.5], "texture": "#0"},
				"south": {"uv": [7, 5.5, 6.5, 6.5], "texture": "#0"},
				"west": {"uv": [7, 5.5, 6.5, 6.5], "texture": "#0"},
				"up": {"uv": [7, 5.5, 6.5, 6], "texture": "#0"},
				"down": {"uv": [7, 6.5, 6.5, 6], "texture": "#0"}
			}
		},
		{
			"from": [17, 20, 8.5],
			"to": [18, 22, 9.5],
			"rotation": {"angle": 0, "axis": "y", "origin": [25, 28, 16.5]},
			"faces": {
				"north": {"uv": [7, 5, 7.5, 6], "texture": "#0"},
				"east": {"uv": [7, 5, 7.5, 6], "texture": "#0"},
				"south": {"uv": [7.5, 5, 7, 6], "texture": "#0"},
				"west": {"uv": [7.5, 5, 7, 6], "texture": "#0"},
				"up": {"uv": [7.5, 5, 7, 5.5], "texture": "#0"},
				"down": {"uv": [7.5, 6, 7, 5.5], "texture": "#0"}
			}
		},
		{
			"from": [16, 21, 8.5],
			"to": [17, 23, 9.5],
			"rotation": {"angle": 0, "axis": "y", "origin": [24, 29, 16.5]},
			"faces": {
				"north": {"uv": [7.5, 4.5, 8, 5.5], "texture": "#0"},
				"east": {"uv": [7.5, 4.5, 8, 5.5], "texture": "#0"},
				"south": {"uv": [8, 4.5, 7.5, 5.5], "texture": "#0"},
				"west": {"uv": [8, 4.5, 7.5, 5.5], "texture": "#0"},
				"up": {"uv": [8, 4.5, 7.5, 5], "texture": "#0"},
				"down": {"uv": [8, 5.5, 7.5, 5], "texture": "#0"}
			}
		},
		{
			"from": [15, 22, 8.5],
			"to": [16, 24, 9.5],
			"rotation": {"angle": 0, "axis": "y", "origin": [23, 30, 16.5]},
			"faces": {
				"north": {"uv": [8, 4, 8.5, 5], "texture": "#0"},
				"east": {"uv": [8, 4, 8.5, 5], "texture": "#0"},
				"south": {"uv": [8.5, 4, 8, 5], "texture": "#0"},
				"west": {"uv": [8.5, 4, 8, 5], "texture": "#0"},
				"up": {"uv": [8.5, 4, 8, 4.5], "texture": "#0"},
				"down": {"uv": [8.5, 5, 8, 4.5], "texture": "#0"}
			}
		},
		{
			"from": [14, 23, 8.5],
			"to": [15, 25, 9.5],
			"rotation": {"angle": 0, "axis": "y", "origin": [22, 31, 16.5]},
			"faces": {
				"north": {"uv": [8.5, 3.5, 9, 4.5], "texture": "#0"},
				"east": {"uv": [8.5, 3.5, 9, 4.5], "texture": "#0"},
				"south": {"uv": [9, 3.5, 8.5, 4.5], "texture": "#0"},
				"west": {"uv": [9, 3.5, 8.5, 4.5], "texture": "#0"},
				"up": {"uv": [9, 3.5, 8.5, 4], "texture": "#0"},
				"down": {"uv": [9, 4.5, 8.5, 4], "texture": "#0"}
			}
		},
		{
			"from": [13, 24, 8.5],
			"to": [14, 26, 9.5],
			"rotation": {"angle": 0, "axis": "y", "origin": [21, 32, 16.5]},
			"faces": {
				"north": {"uv": [9, 3, 9.5, 4], "texture": "#0"},
				"east": {"uv": [9, 3, 9.5, 4], "texture": "#0"},
				"south": {"uv": [9.5, 3, 9, 4], "texture": "#0"},
				"west": {"uv": [9.5, 3, 9, 4], "texture": "#0"},
				"up": {"uv": [9.5, 3, 9, 3.5], "texture": "#0"},
				"down": {"uv": [9.5, 4, 9, 3.5], "texture": "#0"}
			}
		},
		{
			"from": [12, 25, 8.5],
			"to": [13, 27, 9.5],
			"rotation": {"angle": 0, "axis": "y", "origin": [20, 33, 16.5]},
			"faces": {
				"north": {"uv": [9.5, 2.5, 10, 3.5], "texture": "#0"},
				"east": {"uv": [9.5, 2.5, 10, 3.5], "texture": "#0"},
				"south": {"uv": [10, 2.5, 9.5, 3.5], "texture": "#0"},
				"west": {"uv": [10, 2.5, 9.5, 3.5], "texture": "#0"},
				"up": {"uv": [10, 2.5, 9.5, 3], "texture": "#0"},
				"down": {"uv": [10, 3.5, 9.5, 3], "texture": "#0"}
			}
		},
		{
			"from": [11, 26, 8.5],
			"to": [12, 28, 9.5],
			"rotation": {"angle": 0, "axis": "y", "origin": [19, 34, 16.5]},
			"faces": {
				"north": {"uv": [10, 2, 10.5, 3], "texture": "#0"},
				"east": {"uv": [10, 2, 10.5, 3], "texture": "#0"},
				"south": {"uv": [10.5, 2, 10, 3], "texture": "#0"},
				"west": {"uv": [10.5, 2, 10, 3], "texture": "#0"},
				"up": {"uv": [10.5, 2, 10, 2.5], "texture": "#0"},
				"down": {"uv": [10.5, 3, 10, 2.5], "texture": "#0"}
			}
		},
		{
			"from": [10, 27, 8.5],
			"to": [11, 29, 9.5],
			"rotation": {"angle": 0, "axis": "y", "origin": [18, 35, 16.5]},
			"faces": {
				"north": {"uv": [10.5, 1.5, 11, 2.5], "texture": "#0"},
				"east": {"uv": [10.5, 1.5, 11, 2.5], "texture": "#0"},
				"south": {"uv": [11, 1.5, 10.5, 2.5], "texture": "#0"},
				"west": {"uv": [11, 1.5, 10.5, 2.5], "texture": "#0"},
				"up": {"uv": [11, 1.5, 10.5, 2], "texture": "#0"},
				"down": {"uv": [11, 2.5, 10.5, 2], "texture": "#0"}
			}
		},
		{
			"from": [9, 28, 8.5],
			"to": [10, 30, 9.5],
			"rotation": {"angle": 0, "axis": "y", "origin": [17, 36, 16.5]},
			"faces": {
				"north": {"uv": [11, 1, 11.5, 2], "texture": "#0"},
				"east": {"uv": [11, 1, 11.5, 2], "texture": "#0"},
				"south": {"uv": [11.5, 1, 11, 2], "texture": "#0"},
				"west": {"uv": [11.5, 1, 11, 2], "texture": "#0"},
				"up": {"uv": [11.5, 1, 11, 1.5], "texture": "#0"},
				"down": {"uv": [11.5, 2, 11, 1.5], "texture": "#0"}
			}
		},
		{
			"from": [8, 29, 8.5],
			"to": [9, 31, 9.5],
			"rotation": {"angle": 0, "axis": "y", "origin": [16, 37, 16.5]},
			"faces": {
				"north": {"uv": [11.5, 0.5, 12, 1.5], "texture": "#0"},
				"east": {"uv": [11.5, 0.5, 12, 1.5], "texture": "#0"},
				"south": {"uv": [12, 0.5, 11.5, 1.5], "texture": "#0"},
				"west": {"uv": [12, 0.5, 11.5, 1.5], "texture": "#0"},
				"up": {"uv": [12, 0.5, 11.5, 1], "texture": "#0"},
				"down": {"uv": [12, 1.5, 11.5, 1], "texture": "#0"}
			}
		},
		{
			"from": [3, 30, 8.5],
			"to": [8, 32, 9.5],
			"rotation": {"angle": 0, "axis": "y", "origin": [15, 38, 16.5]},
			"faces": {
				"north": {"uv": [12, 0, 14.5, 1], "texture": "#0"},
				"east": {"uv": [12, 0, 12.5, 1], "texture": "#0"},
				"south": {"uv": [14.5, 0, 12, 1], "texture": "#0"},
				"west": {"uv": [14.5, 0, 14, 1], "texture": "#0"},
				"up": {"uv": [14.5, 0, 12, 0.5], "texture": "#0"},
				"down": {"uv": [14.5, 1, 12, 0.5], "texture": "#0"}
			}
		},
		{
			"from": [0, 31, 8.5],
			"to": [3, 32, 9.5],
			"rotation": {"angle": 0, "axis": "y", "origin": [12, 38, 16.5]},
			"faces": {
				"north": {"uv": [14.5, 0, 16, 0.5], "texture": "#0"},
				"east": {"uv": [14.5, 0, 15, 0.5], "texture": "#0"},
				"south": {"uv": [16, 0, 14.5, 0.5], "texture": "#0"},
				"west": {"uv": [16, 0, 15.5, 0.5], "texture": "#0"},
				"up": {"uv": [16, 0, 14.5, 0.5], "texture": "#0"},
				"down": {"uv": [16, 0.5, 14.5, 0], "texture": "#0"}
			}
		},
		{
			"from": [0, 29, 8.5],
			"to": [1, 31, 9.5],
			"rotation": {"angle": 0, "axis": "y", "origin": [12, 37, 16.5]},
			"faces": {
				"north": {"uv": [15.5, 0.5, 16, 1.5], "texture": "#0"},
				"east": {"uv": [15.5, 0.5, 16, 1.5], "texture": "#0"},
				"south": {"uv": [16, 0.5, 15.5, 1.5], "texture": "#0"},
				"west": {"uv": [16, 0.5, 15.5, 1.5], "texture": "#0"},
				"up": {"uv": [16, 0.5, 15.5, 1], "texture": "#0"},
				"down": {"uv": [16, 1.5, 15.5, 1], "texture": "#0"}
			}
		},
		{
			"from": [0, 24, 8.5],
			"to": [2, 29, 9.5],
			"rotation": {"angle": 0, "axis": "y", "origin": [12, 35, 16.5]},
			"faces": {
				"north": {"uv": [15, 1.5, 16, 4], "texture": "#0"},
				"east": {"uv": [15, 1.5, 15.5, 4], "texture": "#0"},
				"south": {"uv": [16, 1.5, 15, 4], "texture": "#0"},
				"west": {"uv": [16, 1.5, 15.5, 4], "texture": "#0"},
				"up": {"uv": [16, 1.5, 15, 2], "texture": "#0"},
				"down": {"uv": [16, 4, 15, 3.5], "texture": "#0"}
			}
		},
		{
			"from": [1, 23, 8.5],
			"to": [3, 24, 9.5],
			"rotation": {"angle": 0, "axis": "y", "origin": [13, 34, 16.5]},
			"faces": {
				"north": {"uv": [14.5, 4, 15.5, 4.5], "texture": "#0"},
				"east": {"uv": [14.5, 4, 15, 4.5], "texture": "#0"},
				"south": {"uv": [15.5, 4, 14.5, 4.5], "texture": "#0"},
				"west": {"uv": [15.5, 4, 15, 4.5], "texture": "#0"},
				"up": {"uv": [15.5, 4, 14.5, 4.5], "texture": "#0"},
				"down": {"uv": [15.5, 4.5, 14.5, 4], "texture": "#0"}
			}
		},
		{
			"from": [2, 22, 8.5],
			"to": [4, 23, 9.5],
			"rotation": {"angle": 0, "axis": "y", "origin": [14, 33, 16.5]},
			"faces": {
				"north": {"uv": [14, 4.5, 15, 5], "texture": "#0"},
				"east": {"uv": [14, 4.5, 14.5, 5], "texture": "#0"},
				"south": {"uv": [15, 4.5, 14, 5], "texture": "#0"},
				"west": {"uv": [15, 4.5, 14.5, 5], "texture": "#0"},
				"up": {"uv": [15, 4.5, 14, 5], "texture": "#0"},
				"down": {"uv": [15, 5, 14, 4.5], "texture": "#0"}
			}
		},
		{
			"from": [3, 21, 8.5],
			"to": [5, 22, 9.5],
			"rotation": {"angle": 0, "axis": "y", "origin": [15, 32, 16.5]},
			"faces": {
				"north": {"uv": [13.5, 5, 14.5, 5.5], "texture": "#0"},
				"east": {"uv": [13.5, 5, 14, 5.5], "texture": "#0"},
				"south": {"uv": [14.5, 5, 13.5, 5.5], "texture": "#0"},
				"west": {"uv": [14.5, 5, 14, 5.5], "texture": "#0"},
				"up": {"uv": [14.5, 5, 13.5, 5.5], "texture": "#0"},
				"down": {"uv": [14.5, 5.5, 13.5, 5], "texture": "#0"}
			}
		},
		{
			"from": [4, 20, 8.5],
			"to": [6, 21, 9.5],
			"rotation": {"angle": 0, "axis": "y", "origin": [16, 31, 16.5]},
			"faces": {
				"north": {"uv": [13, 5.5, 14, 6], "texture": "#0"},
				"east": {"uv": [13, 5.5, 13.5, 6], "texture": "#0"},
				"south": {"uv": [14, 5.5, 13, 6], "texture": "#0"},
				"west": {"uv": [14, 5.5, 13.5, 6], "texture": "#0"},
				"up": {"uv": [14, 5.5, 13, 6], "texture": "#0"},
				"down": {"uv": [14, 6, 13, 5.5], "texture": "#0"}
			}
		},
		{
			"from": [5, 19, 8.5],
			"to": [7, 20, 9.5],
			"rotation": {"angle": 0, "axis": "y", "origin": [17, 30, 16.5]},
			"faces": {
				"north": {"uv": [12.5, 6, 13.5, 6.5], "texture": "#0"},
				"east": {"uv": [12.5, 6, 13, 6.5], "texture": "#0"},
				"south": {"uv": [13.5, 6, 12.5, 6.5], "texture": "#0"},
				"west": {"uv": [13.5, 6, 13, 6.5], "texture": "#0"},
				"up": {"uv": [13.5, 6, 12.5, 6.5], "texture": "#0"},
				"down": {"uv": [13.5, 6.5, 12.5, 6], "texture": "#0"}
			}
		},
		{
			"from": [6, 18, 8.5],
			"to": [8, 19, 9.5],
			"rotation": {"angle": 0, "axis": "y", "origin": [18, 29, 16.5]},
			"faces": {
				"north": {"uv": [12, 6.5, 13, 7], "texture": "#0"},
				"east": {"uv": [12, 6.5, 12.5, 7], "texture": "#0"},
				"south": {"uv": [13, 6.5, 12, 7], "texture": "#0"},
				"west": {"uv": [13, 6.5, 12.5, 7], "texture": "#0"},
				"up": {"uv": [13, 6.5, 12, 7], "texture": "#0"},
				"down": {"uv": [13, 7, 12, 6.5], "texture": "#0"}
			}
		},
		{
			"from": [7, 17, 8.5],
			"to": [9, 18, 9.5],
			"rotation": {"angle": 0, "axis": "y", "origin": [19, 28, 16.5]},
			"faces": {
				"north": {"uv": [11.5, 7, 12.5, 7.5], "texture": "#0"},
				"east": {"uv": [11.5, 7, 12, 7.5], "texture": "#0"},
				"south": {"uv": [12.5, 7, 11.5, 7.5], "texture": "#0"},
				"west": {"uv": [12.5, 7, 12, 7.5], "texture": "#0"},
				"up": {"uv": [12.5, 7, 11.5, 7.5], "texture": "#0"},
				"down": {"uv": [12.5, 7.5, 11.5, 7], "texture": "#0"}
			}
		},
		{
			"from": [8, 16, 8.5],
			"to": [10, 17, 9.5],
			"rotation": {"angle": 0, "axis": "y", "origin": [20, 27, 16.5]},
			"faces": {
				"north": {"uv": [11, 7.5, 12, 8], "texture": "#0"},
				"east": {"uv": [11, 7.5, 11.5, 8], "texture": "#0"},
				"south": {"uv": [12, 7.5, 11, 8], "texture": "#0"},
				"west": {"uv": [12, 7.5, 11.5, 8], "texture": "#0"},
				"up": {"uv": [12, 7.5, 11, 8], "texture": "#0"},
				"down": {"uv": [12, 8, 11, 7.5], "texture": "#0"}
			}
		},
		{
			"from": [9, 15, 8.5],
			"to": [11, 16, 9.5],
			"rotation": {"angle": 0, "axis": "y", "origin": [21, 26, 16.5]},
			"faces": {
				"north": {"uv": [10.5, 8, 11.5, 8.5], "texture": "#0"},
				"east": {"uv": [10.5, 8, 11, 8.5], "texture": "#0"},
				"south": {"uv": [11.5, 8, 10.5, 8.5], "texture": "#0"},
				"west": {"uv": [11.5, 8, 11, 8.5], "texture": "#0"},
				"up": {"uv": [11.5, 8, 10.5, 8.5], "texture": "#0"},
				"down": {"uv": [11.5, 8.5, 10.5, 8], "texture": "#0"}
			}
		},
		{
			"from": [10, 14, 8.5],
			"to": [12, 15, 9.5],
			"rotation": {"angle": 0, "axis": "y", "origin": [22, 25, 16.5]},
			"faces": {
				"north": {"uv": [10, 8.5, 11, 9], "texture": "#0"},
				"east": {"uv": [10, 8.5, 10.5, 9], "texture": "#0"},
				"south": {"uv": [11, 8.5, 10, 9], "texture": "#0"},
				"west": {"uv": [11, 8.5, 10.5, 9], "texture": "#0"},
				"up": {"uv": [11, 8.5, 10, 9], "texture": "#0"},
				"down": {"uv": [11, 9, 10, 8.5], "texture": "#0"}
			}
		},
		{
			"from": [11, 13, 8.5],
			"to": [13, 14, 9.5],
			"rotation": {"angle": 0, "axis": "y", "origin": [23, 24, 16.5]},
			"faces": {
				"north": {"uv": [9.5, 9, 10.5, 9.5], "texture": "#0"},
				"east": {"uv": [9.5, 9, 10, 9.5], "texture": "#0"},
				"south": {"uv": [10.5, 9, 9.5, 9.5], "texture": "#0"},
				"west": {"uv": [10.5, 9, 10, 9.5], "texture": "#0"},
				"up": {"uv": [10.5, 9, 9.5, 9.5], "texture": "#0"},
				"down": {"uv": [10.5, 9.5, 9.5, 9], "texture": "#0"}
			}
		},
		{
			"from": [12, 12, 8.5],
			"to": [14, 13, 9.5],
			"rotation": {"angle": 0, "axis": "y", "origin": [24, 23, 16.5]},
			"faces": {
				"north": {"uv": [9, 9.5, 10, 10], "texture": "#0"},
				"east": {"uv": [9, 9.5, 9.5, 10], "texture": "#0"},
				"south": {"uv": [10, 9.5, 9, 10], "texture": "#0"},
				"west": {"uv": [10, 9.5, 9.5, 10], "texture": "#0"},
				"up": {"uv": [10, 9.5, 9, 10], "texture": "#0"},
				"down": {"uv": [10, 10, 9, 9.5], "texture": "#0"}
			}
		},
		{
			"from": [13, 11, 8.5],
			"to": [15, 12, 9.5],
			"rotation": {"angle": 0, "axis": "y", "origin": [25, 22, 16.5]},
			"faces": {
				"north": {"uv": [8.5, 10, 9.5, 10.5], "texture": "#0"},
				"east": {"uv": [8.5, 10, 9, 10.5], "texture": "#0"},
				"south": {"uv": [9.5, 10, 8.5, 10.5], "texture": "#0"},
				"west": {"uv": [9.5, 10, 9, 10.5], "texture": "#0"},
				"up": {"uv": [9.5, 10, 8.5, 10.5], "texture": "#0"},
				"down": {"uv": [9.5, 10.5, 8.5, 10], "texture": "#0"}
			}
		},
		{
			"from": [14, 10, 8.5],
			"to": [16, 11, 9.5],
			"rotation": {"angle": 0, "axis": "y", "origin": [26, 21, 16.5]},
			"faces": {
				"north": {"uv": [8, 10.5, 9, 11], "texture": "#0"},
				"east": {"uv": [8, 10.5, 8.5, 11], "texture": "#0"},
				"south": {"uv": [9, 10.5, 8, 11], "texture": "#0"},
				"west": {"uv": [9, 10.5, 8.5, 11], "texture": "#0"},
				"up": {"uv": [9, 10.5, 8, 11], "texture": "#0"},
				"down": {"uv": [9, 11, 8, 10.5], "texture": "#0"}
			}
		},
		{
			"from": [15, 9, 8.5],
			"to": [17, 10, 9.5],
			"rotation": {"angle": 0, "axis": "y", "origin": [27, 20, 16.5]},
			"faces": {
				"north": {"uv": [7.5, 11, 8.5, 11.5], "texture": "#0"},
				"east": {"uv": [7.5, 11, 8, 11.5], "texture": "#0"},
				"south": {"uv": [8.5, 11, 7.5, 11.5], "texture": "#0"},
				"west": {"uv": [8.5, 11, 8, 11.5], "texture": "#0"},
				"up": {"uv": [8.5, 11, 7.5, 11.5], "texture": "#0"},
				"down": {"uv": [8.5, 11.5, 7.5, 11], "texture": "#0"}
			}
		},
		{
			"from": [16, 8, 8.5],
			"to": [17, 9, 9.5],
			"rotation": {"angle": 0, "axis": "y", "origin": [27, 19, 16.5]},
			"faces": {
				"north": {"uv": [7.5, 11.5, 8, 12], "texture": "#0"},
				"east": {"uv": [7.5, 11.5, 8, 12], "texture": "#0"},
				"south": {"uv": [8, 11.5, 7.5, 12], "texture": "#0"},
				"west": {"uv": [8, 11.5, 7.5, 12], "texture": "#0"},
				"up": {"uv": [8, 11.5, 7.5, 12], "texture": "#0"},
				"down": {"uv": [8, 12, 7.5, 11.5], "texture": "#0"}
			}
		},
		{
			"from": [23, 15, 8.5],
			"to": [24, 16, 9.5],
			"rotation": {"angle": 0, "axis": "y", "origin": [31, 22, 16.5]},
			"faces": {
				"north": {"uv": [4, 8, 4.5, 8.5], "texture": "#0"},
				"east": {"uv": [4, 8, 4.5, 8.5], "texture": "#0"},
				"south": {"uv": [4.5, 8, 4, 8.5], "texture": "#0"},
				"west": {"uv": [4.5, 8, 4, 8.5], "texture": "#0"},
				"up": {"uv": [4.5, 8, 4, 8.5], "texture": "#0"},
				"down": {"uv": [4.5, 8.5, 4, 8], "texture": "#0"}
			}
		},
		{
			"from": [29, 3, 8.5],
			"to": [31, 4, 9.5],
			"rotation": {"angle": 0, "axis": "y", "origin": [38, 11, 16.5]},
			"faces": {
				"north": {"uv": [0.5, 14, 1.5, 14.5], "texture": "#0"},
				"east": {"uv": [0.5, 14, 1, 14.5], "texture": "#0"},
				"south": {"uv": [1.5, 14, 0.5, 14.5], "texture": "#0"},
				"west": {"uv": [1.5, 14, 1, 14.5], "texture": "#0"},
				"up": {"uv": [1.5, 14, 0.5, 14.5], "texture": "#0"},
				"down": {"uv": [1.5, 14.5, 0.5, 14], "texture": "#0"}
			}
		},
		{
			"from": [26, 3, 8.5],
			"to": [28, 4, 9.5],
			"rotation": {"angle": 0, "axis": "y", "origin": [35, 11, 16.5]},
			"faces": {
				"north": {"uv": [2, 14, 3, 14.5], "texture": "#0"},
				"east": {"uv": [2, 14, 2.5, 14.5], "texture": "#0"},
				"south": {"uv": [3, 14, 2, 14.5], "texture": "#0"},
				"west": {"uv": [3, 14, 2.5, 14.5], "texture": "#0"},
				"up": {"uv": [3, 14, 2, 14.5], "texture": "#0"},
				"down": {"uv": [3, 14.5, 2, 14], "texture": "#0"}
			}
		},
		{
			"from": [26, 6, 8.5],
			"to": [28, 7, 9.5],
			"rotation": {"angle": 0, "axis": "y", "origin": [35, 14, 16.5]},
			"faces": {
				"north": {"uv": [2, 12.5, 3, 13], "texture": "#0"},
				"east": {"uv": [2, 12.5, 2.5, 13], "texture": "#0"},
				"south": {"uv": [3, 12.5, 2, 13], "texture": "#0"},
				"west": {"uv": [3, 12.5, 2.5, 13], "texture": "#0"},
				"up": {"uv": [3, 12.5, 2, 13], "texture": "#0"},
				"down": {"uv": [3, 13, 2, 12.5], "texture": "#0"}
			}
		},
		{
			"from": [23, 6, 8.5],
			"to": [25, 7, 9.5],
			"rotation": {"angle": 0, "axis": "y", "origin": [32, 14, 16.5]},
			"faces": {
				"north": {"uv": [3.5, 12.5, 4.5, 13], "texture": "#0"},
				"east": {"uv": [3.5, 12.5, 4, 13], "texture": "#0"},
				"south": {"uv": [4.5, 12.5, 3.5, 13], "texture": "#0"},
				"west": {"uv": [4.5, 12.5, 4, 13], "texture": "#0"},
				"up": {"uv": [4.5, 12.5, 3.5, 13], "texture": "#0"},
				"down": {"uv": [4.5, 13, 3.5, 12.5], "texture": "#0"}
			}
		},
		{
			"from": [23, 9, 8.5],
			"to": [25, 10, 9.5],
			"rotation": {"angle": 0, "axis": "y", "origin": [32, 17, 16.5]},
			"faces": {
				"north": {"uv": [3.5, 11, 4.5, 11.5], "texture": "#0"},
				"east": {"uv": [3.5, 11, 4, 11.5], "texture": "#0"},
				"south": {"uv": [4.5, 11, 3.5, 11.5], "texture": "#0"},
				"west": {"uv": [4.5, 11, 4, 11.5], "texture": "#0"},
				"up": {"uv": [4.5, 11, 3.5, 11.5], "texture": "#0"},
				"down": {"uv": [4.5, 11.5, 3.5, 11], "texture": "#0"}
			}
		},
		{
			"from": [25.25, 11.75, 7.4],
			"to": [29.25, 15.75, 7.4],
			"rotation": {"angle": -45, "axis": "z", "origin": [21.25, 19.75, 14.4]},
			"faces": {
				"north": {"uv": [0, 0, 16, 16], "rotation": 90, "texture": "#1"}
			}
		}
	],
	"gui_light": "front",
	"display": {
		"thirdperson_righthand": {
			"rotation": [90, -90, 55],
			"translation": [0.75, 12.5, -12.25],
			"scale": [1.05, 1.05, 1.05]
		},
		"thirdperson_lefthand": {
			"rotation": [90, 90, -55],
			"translation": [-0.75, 12.5, -12.25],
			"scale": [1.05, 1.05, 1.05]
		},
		"firstperson_righthand": {
			"rotation": [0, -90, -65],
			"translation": [1.75, 7.75, -5.75],
			"scale": [0.84, 0.84, 0.84]
		},
		"firstperson_lefthand": {
			"rotation": [0, 90, 65],
			"translation": [0, 7.75, -5.75],
			"scale": [0.84, 0.84, 0.84]
		},
		"ground": {
			"translation": [-6.75, 0.5, 0],
			"scale": [0.5, 0.5, 0.5]
		},
		"gui": {
			"rotation": [-180, 0, -180],
			"translation": [4, -4, -0.75],
			"scale": [0.5, 0.5, 0.5]
		},
		"head": {
			"rotation": [0, 0, -90],
			"translation": [-9, 9, 0]
		},
		"fixed": {
			"translation": [-4.25, -3.75, -0.75],
			"scale": [0.5, 0.5, 0.5]
		}
	}
}