{
	"credit": "Made with Blockbench",
	"textures": {
		"0": "item/magic_items/yoru",
		"particle": "item/magic_items/yoru"
	},
	"elements": [
		{
			"from": [14.5, 0, 7.75],
			"to": [15.5, 0.5, 8.25],
			"rotation": {"angle": 0, "axis": "y", "origin": [22, 8, 15.25]},
			"faces": {
				"north": {"uv": [0.5, 15.5, 1.5, 16], "texture": "#0"},
				"east": {"uv": [0.5, 15.5, 1, 16], "texture": "#0"},
				"south": {"uv": [1.5, 15.5, 0.5, 16], "texture": "#0"},
				"west": {"uv": [1.5, 15.5, 1, 16], "texture": "#0"},
				"up": {"uv": [0.5, 15.5, 1, 16], "rotation": 90, "texture": "#0"},
				"down": {"uv": [1.5, 15.5, 1, 16], "rotation": 90, "texture": "#0"}
			}
		},
		{
			"from": [15, 1.5, 7.75],
			"to": [15.5, 2, 8.25],
			"rotation": {"angle": 0, "axis": "y", "origin": [22, 9.5, 15.25]},
			"faces": {
				"north": {"uv": [0.5, 14, 1, 14.5], "texture": "#0"},
				"east": {"uv": [0.5, 14, 1, 14.5], "texture": "#0"},
				"south": {"uv": [1, 14, 0.5, 14.5], "texture": "#0"},
				"west": {"uv": [1, 14, 0.5, 14.5], "texture": "#0"},
				"up": {"uv": [0.5, 14, 1, 14.5], "rotation": 90, "texture": "#0"},
				"down": {"uv": [1, 14, 0.5, 14.5], "rotation": 90, "texture": "#0"}
			}
		},
		{
			"from": [10.5, 6, 7.75],
			"to": [11, 6.5, 8.25],
			"rotation": {"angle": 0, "axis": "y", "origin": [17.5, 14, 15.25]},
			"faces": {
				"north": {"uv": [5, 9.5, 5.5, 10], "texture": "#0"},
				"east": {"uv": [5, 9.5, 5.5, 10], "texture": "#0"},
				"south": {"uv": [5.5, 9.5, 5, 10], "texture": "#0"},
				"west": {"uv": [5.5, 9.5, 5, 10], "texture": "#0"},
				"up": {"uv": [5, 9.5, 5.5, 10], "rotation": 90, "texture": "#0"},
				"down": {"uv": [5.5, 9.5, 5, 10], "rotation": 90, "texture": "#0"}
			}
		},
		{
			"from": [10, 6.5, 7.75],
			"to": [10.5, 7, 8.25],
			"rotation": {"angle": 0, "axis": "y", "origin": [17, 14.5, 15.25]},
			"faces": {
				"north": {"uv": [5.5, 9, 6, 9.5], "texture": "#0"},
				"east": {"uv": [5.5, 9, 6, 9.5], "texture": "#0"},
				"south": {"uv": [6, 9, 5.5, 9.5], "texture": "#0"},
				"west": {"uv": [6, 9, 5.5, 9.5], "texture": "#0"},
				"up": {"uv": [5.5, 9, 6, 9.5], "rotation": 90, "texture": "#0"},
				"down": {"uv": [6, 9, 5.5, 9.5], "rotation": 90, "texture": "#0"}
			}
		},
		{
			"from": [10.5, 7, 7.75],
			"to": [11, 8.5, 8.25],
			"rotation": {"angle": 0, "axis": "y", "origin": [17.5, 15, 15.25]},
			"faces": {
				"north": {"uv": [5, 7.5, 5.5, 9], "texture": "#0"},
				"east": {"uv": [5, 7.5, 5.5, 9], "texture": "#0"},
				"south": {"uv": [5.5, 7.5, 5, 9], "texture": "#0"},
				"west": {"uv": [5.5, 7.5, 5, 9], "texture": "#0"},
				"up": {"uv": [5, 7.5, 5.5, 9], "rotation": 90, "texture": "#0"},
				"down": {"uv": [5.5, 7.5, 5, 9], "rotation": 90, "texture": "#0"}
			}
		},
		{
			"from": [7.5, 5, 7.75],
			"to": [8, 6.5, 8.25],
			"rotation": {"angle": 0, "axis": "y", "origin": [14.5, 13, 15.25]},
			"faces": {
				"north": {"uv": [8, 9.5, 8.5, 11], "texture": "#0"},
				"east": {"uv": [8, 9.5, 8.5, 11], "texture": "#0"},
				"south": {"uv": [8.5, 9.5, 8, 11], "texture": "#0"},
				"west": {"uv": [8.5, 9.5, 8, 11], "texture": "#0"},
				"up": {"uv": [8, 9.5, 8.5, 11], "rotation": 90, "texture": "#0"},
				"down": {"uv": [8.5, 9.5, 8, 11], "rotation": 90, "texture": "#0"}
			}
		},
		{
			"from": [8, 5, 7.75],
			"to": [9, 5.5, 8.25],
			"rotation": {"angle": 0, "axis": "y", "origin": [15, 13, 15.25]},
			"faces": {
				"north": {"uv": [7, 10.5, 8, 11], "texture": "#0"},
				"east": {"uv": [7, 10.5, 7.5, 11], "texture": "#0"},
				"south": {"uv": [8, 10.5, 7, 11], "texture": "#0"},
				"west": {"uv": [8, 10.5, 7.5, 11], "texture": "#0"},
				"up": {"uv": [7, 10.5, 7.5, 11], "rotation": 90, "texture": "#0"},
				"down": {"uv": [8, 10.5, 7.5, 11], "rotation": 90, "texture": "#0"}
			}
		},
		{
			"from": [9.5, 8, 7.75],
			"to": [10.5, 8.5, 8.25],
			"rotation": {"angle": 0, "axis": "y", "origin": [16.5, 16, 15.25]},
			"faces": {
				"north": {"uv": [5.5, 7.5, 6.5, 8], "texture": "#0"},
				"east": {"uv": [5.5, 7.5, 6, 8], "texture": "#0"},
				"south": {"uv": [6.5, 7.5, 5.5, 8], "texture": "#0"},
				"west": {"uv": [6.5, 7.5, 6, 8], "texture": "#0"},
				"up": {"uv": [5.5, 7.5, 6, 8], "rotation": 90, "texture": "#0"},
				"down": {"uv": [6.5, 7.5, 6, 8], "rotation": 90, "texture": "#0"}
			}
		},
		{
			"from": [7.5, 10, 7.75],
			"to": [8.5, 10.5, 8.25],
			"rotation": {"angle": 0, "axis": "y", "origin": [14.5, 18, 15.25]},
			"faces": {
				"north": {"uv": [7.5, 5.5, 8.5, 6], "texture": "#0"},
				"east": {"uv": [7.5, 5.5, 8, 6], "texture": "#0"},
				"south": {"uv": [8.5, 5.5, 7.5, 6], "texture": "#0"},
				"west": {"uv": [8.5, 5.5, 8, 6], "texture": "#0"},
				"up": {"uv": [7.5, 5.5, 8, 6], "rotation": 90, "texture": "#0"},
				"down": {"uv": [8.5, 5.5, 8, 6], "rotation": 90, "texture": "#0"}
			}
		},
		{
			"from": [5.5, 7.5, 7.75],
			"to": [6.5, 8, 8.25],
			"rotation": {"angle": 0, "axis": "y", "origin": [12.5, 15.5, 15.25]},
			"faces": {
				"north": {"uv": [9.5, 8, 10.5, 8.5], "texture": "#0"},
				"east": {"uv": [9.5, 8, 10, 8.5], "texture": "#0"},
				"south": {"uv": [10.5, 8, 9.5, 8.5], "texture": "#0"},
				"west": {"uv": [10.5, 8, 10, 8.5], "texture": "#0"},
				"up": {"uv": [9.5, 8, 10, 8.5], "rotation": 90, "texture": "#0"},
				"down": {"uv": [10.5, 8, 10, 8.5], "rotation": 90, "texture": "#0"}
			}
		},
		{
			"from": [4, 9, 7.75],
			"to": [5, 9.5, 8.25],
			"rotation": {"angle": 0, "axis": "y", "origin": [11, 17, 15.25]},
			"faces": {
				"north": {"uv": [11, 6.5, 12, 7], "texture": "#0"},
				"east": {"uv": [11, 6.5, 11.5, 7], "texture": "#0"},
				"south": {"uv": [12, 6.5, 11, 7], "texture": "#0"},
				"west": {"uv": [12, 6.5, 11.5, 7], "texture": "#0"},
				"up": {"uv": [11, 6.5, 11.5, 7], "rotation": 90, "texture": "#0"},
				"down": {"uv": [12, 6.5, 11.5, 7], "rotation": 90, "texture": "#0"}
			}
		},
		{
			"from": [2.5, 10.5, 7.75],
			"to": [3.5, 11, 8.25],
			"rotation": {"angle": 0, "axis": "y", "origin": [9.5, 18.5, 15.25]},
			"faces": {
				"north": {"uv": [12.5, 5, 13.5, 5.5], "texture": "#0"},
				"east": {"uv": [12.5, 5, 13, 5.5], "texture": "#0"},
				"south": {"uv": [13.5, 5, 12.5, 5.5], "texture": "#0"},
				"west": {"uv": [13.5, 5, 13, 5.5], "texture": "#0"},
				"up": {"uv": [12.5, 5, 13, 5.5], "rotation": 90, "texture": "#0"},
				"down": {"uv": [13.5, 5, 13, 5.5], "rotation": 90, "texture": "#0"}
			}
		},
		{
			"from": [1, 12, 7.75],
			"to": [2, 12.5, 8.25],
			"rotation": {"angle": 0, "axis": "y", "origin": [8, 20, 15.25]},
			"faces": {
				"north": {"uv": [14, 3.5, 15, 4], "texture": "#0"},
				"east": {"uv": [14, 3.5, 14.5, 4], "texture": "#0"},
				"south": {"uv": [15, 3.5, 14, 4], "texture": "#0"},
				"west": {"uv": [15, 3.5, 14.5, 4], "texture": "#0"},
				"up": {"uv": [14, 3.5, 14.5, 4], "rotation": 90, "texture": "#0"},
				"down": {"uv": [15, 3.5, 14.5, 4], "rotation": 90, "texture": "#0"}
			}
		},
		{
			"from": [0, 15.5, 7.75],
			"to": [2.5, 16, 8.25],
			"rotation": {"angle": 0, "axis": "y", "origin": [8, 23.5, 15.25]},
			"faces": {
				"north": {"uv": [13.5, 0, 16, 0.5], "texture": "#0"},
				"east": {"uv": [13.5, 0, 14, 0.5], "texture": "#0"},
				"south": {"uv": [16, 0, 13.5, 0.5], "texture": "#0"},
				"west": {"uv": [16, 0, 15.5, 0.5], "texture": "#0"},
				"up": {"uv": [13.5, 0, 14, 0.5], "rotation": 90, "texture": "#0"},
				"down": {"uv": [16, 0, 15.5, 0.5], "rotation": 90, "texture": "#0"}
			}
		},
		{
			"from": [6, 11.5, 7.75],
			"to": [7, 12, 8.25],
			"rotation": {"angle": 0, "axis": "y", "origin": [13, 19.5, 15.25]},
			"faces": {
				"north": {"uv": [9, 4, 10, 4.5], "texture": "#0"},
				"east": {"uv": [9, 4, 9.5, 4.5], "texture": "#0"},
				"south": {"uv": [10, 4, 9, 4.5], "texture": "#0"},
				"west": {"uv": [10, 4, 9.5, 4.5], "texture": "#0"},
				"up": {"uv": [9, 4, 9.5, 4.5], "rotation": 90, "texture": "#0"},
				"down": {"uv": [10, 4, 9.5, 4.5], "rotation": 90, "texture": "#0"}
			}
		},
		{
			"from": [4.5, 13, 7.75],
			"to": [5.5, 13.5, 8.25],
			"rotation": {"angle": 0, "axis": "y", "origin": [11.5, 21, 15.25]},
			"faces": {
				"north": {"uv": [10.5, 2.5, 11.5, 3], "texture": "#0"},
				"east": {"uv": [10.5, 2.5, 11, 3], "texture": "#0"},
				"south": {"uv": [11.5, 2.5, 10.5, 3], "texture": "#0"},
				"west": {"uv": [11.5, 2.5, 11, 3], "texture": "#0"},
				"up": {"uv": [10.5, 2.5, 11, 3], "rotation": 90, "texture": "#0"},
				"down": {"uv": [11.5, 2.5, 11, 3], "rotation": 90, "texture": "#0"}
			}
		},
		{
			"from": [3, 14.5, 7.75],
			"to": [4, 15, 8.25],
			"rotation": {"angle": 0, "axis": "y", "origin": [10, 22.5, 15.25]},
			"faces": {
				"north": {"uv": [12, 1, 13, 1.5], "texture": "#0"},
				"east": {"uv": [12, 1, 12.5, 1.5], "texture": "#0"},
				"south": {"uv": [13, 1, 12, 1.5], "texture": "#0"},
				"west": {"uv": [13, 1, 12.5, 1.5], "texture": "#0"},
				"up": {"uv": [12, 1, 12.5, 1.5], "rotation": 90, "texture": "#0"},
				"down": {"uv": [13, 1, 12.5, 1.5], "rotation": 90, "texture": "#0"}
			}
		},
		{
			"from": [0, 13.5, 7.75],
			"to": [0.5, 15.5, 8.25],
			"rotation": {"angle": 0, "axis": "y", "origin": [6.5, 22.5, 15.25]},
			"faces": {
				"north": {"uv": [15.5, 0.5, 16, 2.5], "texture": "#0"},
				"east": {"uv": [15.5, 0.5, 16, 2.5], "texture": "#0"},
				"south": {"uv": [16, 0.5, 15.5, 2.5], "texture": "#0"},
				"west": {"uv": [16, 0.5, 15.5, 2.5], "texture": "#0"},
				"up": {"uv": [15.5, 0.5, 16, 2.5], "rotation": 90, "texture": "#0"},
				"down": {"uv": [16, 0.5, 15.5, 2.5], "rotation": 90, "texture": "#0"}
			}
		},
		{
			"from": [9.5, 5, 7.75],
			"to": [10, 5.5, 8.25],
			"rotation": {"angle": 0, "axis": "y", "origin": [16.5, 13, 15.25]},
			"faces": {
				"north": {"uv": [6, 10.5, 6.5, 11], "texture": "#0"},
				"east": {"uv": [6, 10.5, 6.5, 11], "texture": "#0"},
				"south": {"uv": [6.5, 10.5, 6, 11], "texture": "#0"},
				"west": {"uv": [6.5, 10.5, 6, 11], "texture": "#0"},
				"up": {"uv": [6, 10.5, 6.5, 11], "rotation": 90, "texture": "#0"},
				"down": {"uv": [6.5, 10.5, 6, 11], "rotation": 90, "texture": "#0"}
			}
		},
		{
			"from": [9, 5.5, 7.75],
			"to": [9.5, 6, 8.25],
			"rotation": {"angle": 0, "axis": "y", "origin": [16, 13.5, 15.25]},
			"faces": {
				"north": {"uv": [6.5, 10, 7, 10.5], "texture": "#0"},
				"east": {"uv": [6.5, 10, 7, 10.5], "texture": "#0"},
				"south": {"uv": [7, 10, 6.5, 10.5], "texture": "#0"},
				"west": {"uv": [7, 10, 6.5, 10.5], "texture": "#0"},
				"up": {"uv": [6.5, 10, 7, 10.5], "rotation": 90, "texture": "#0"},
				"down": {"uv": [7, 10, 6.5, 10.5], "rotation": 90, "texture": "#0"}
			}
		},
		{
			"from": [9, 8.5, 7.75],
			"to": [9.5, 9, 8.25],
			"rotation": {"angle": 0, "axis": "y", "origin": [16, 16.5, 15.25]},
			"faces": {
				"north": {"uv": [6.5, 7, 7, 7.5], "texture": "#0"},
				"east": {"uv": [6.5, 7, 7, 7.5], "texture": "#0"},
				"south": {"uv": [7, 7, 6.5, 7.5], "texture": "#0"},
				"west": {"uv": [7, 7, 6.5, 7.5], "texture": "#0"},
				"up": {"uv": [6.5, 7, 7, 7.5], "rotation": 90, "texture": "#0"},
				"down": {"uv": [7, 7, 6.5, 7.5], "rotation": 90, "texture": "#0"}
			}
		},
		{
			"from": [8.5, 9, 7.75],
			"to": [9, 9.5, 8.25],
			"rotation": {"angle": 0, "axis": "y", "origin": [15.5, 17, 15.25]},
			"faces": {
				"north": {"uv": [7, 6.5, 7.5, 7], "texture": "#0"},
				"east": {"uv": [7, 6.5, 7.5, 7], "texture": "#0"},
				"south": {"uv": [7.5, 6.5, 7, 7], "texture": "#0"},
				"west": {"uv": [7.5, 6.5, 7, 7], "texture": "#0"},
				"up": {"uv": [7, 6.5, 7.5, 7], "rotation": 90, "texture": "#0"},
				"down": {"uv": [7.5, 6.5, 7, 7], "rotation": 90, "texture": "#0"}
			}
		},
		{
			"from": [8, 9.5, 7.75],
			"to": [8.5, 10, 8.25],
			"rotation": {"angle": 0, "axis": "y", "origin": [15, 17.5, 15.25]},
			"faces": {
				"north": {"uv": [7.5, 6, 8, 6.5], "texture": "#0"},
				"east": {"uv": [7.5, 6, 8, 6.5], "texture": "#0"},
				"south": {"uv": [8, 6, 7.5, 6.5], "texture": "#0"},
				"west": {"uv": [8, 6, 7.5, 6.5], "texture": "#0"},
				"up": {"uv": [7.5, 6, 8, 6.5], "rotation": 90, "texture": "#0"},
				"down": {"uv": [8, 6, 7.5, 6.5], "rotation": 90, "texture": "#0"}
			}
		},
		{
			"from": [7, 10.5, 7.75],
			"to": [7.5, 11, 8.25],
			"rotation": {"angle": 0, "axis": "y", "origin": [14, 18.5, 15.25]},
			"faces": {
				"north": {"uv": [8.5, 5, 9, 5.5], "texture": "#0"},
				"east": {"uv": [8.5, 5, 9, 5.5], "texture": "#0"},
				"south": {"uv": [9, 5, 8.5, 5.5], "texture": "#0"},
				"west": {"uv": [9, 5, 8.5, 5.5], "texture": "#0"},
				"up": {"uv": [8.5, 5, 9, 5.5], "rotation": 90, "texture": "#0"},
				"down": {"uv": [9, 5, 8.5, 5.5], "rotation": 90, "texture": "#0"}
			}
		},
		{
			"from": [6.5, 11, 7.75],
			"to": [7, 11.5, 8.25],
			"rotation": {"angle": 0, "axis": "y", "origin": [13.5, 19, 15.25]},
			"faces": {
				"north": {"uv": [9, 4.5, 9.5, 5], "texture": "#0"},
				"east": {"uv": [9, 4.5, 9.5, 5], "texture": "#0"},
				"south": {"uv": [9.5, 4.5, 9, 5], "texture": "#0"},
				"west": {"uv": [9.5, 4.5, 9, 5], "texture": "#0"},
				"up": {"uv": [9, 4.5, 9.5, 5], "rotation": 90, "texture": "#0"},
				"down": {"uv": [9.5, 4.5, 9, 5], "rotation": 90, "texture": "#0"}
			}
		},
		{
			"from": [5.5, 12, 7.75],
			"to": [6, 12.5, 8.25],
			"rotation": {"angle": 0, "axis": "y", "origin": [12.5, 20, 15.25]},
			"faces": {
				"north": {"uv": [10, 3.5, 10.5, 4], "texture": "#0"},
				"east": {"uv": [10, 3.5, 10.5, 4], "texture": "#0"},
				"south": {"uv": [10.5, 3.5, 10, 4], "texture": "#0"},
				"west": {"uv": [10.5, 3.5, 10, 4], "texture": "#0"},
				"up": {"uv": [10, 3.5, 10.5, 4], "rotation": 90, "texture": "#0"},
				"down": {"uv": [10.5, 3.5, 10, 4], "rotation": 90, "texture": "#0"}
			}
		},
		{
			"from": [5, 12.5, 7.75],
			"to": [5.5, 13, 8.25],
			"rotation": {"angle": 0, "axis": "y", "origin": [12, 20.5, 15.25]},
			"faces": {
				"north": {"uv": [10.5, 3, 11, 3.5], "texture": "#0"},
				"east": {"uv": [10.5, 3, 11, 3.5], "texture": "#0"},
				"south": {"uv": [11, 3, 10.5, 3.5], "texture": "#0"},
				"west": {"uv": [11, 3, 10.5, 3.5], "texture": "#0"},
				"up": {"uv": [10.5, 3, 11, 3.5], "rotation": 90, "texture": "#0"},
				"down": {"uv": [11, 3, 10.5, 3.5], "rotation": 90, "texture": "#0"}
			}
		},
		{
			"from": [4, 13.5, 7.75],
			"to": [4.5, 14, 8.25],
			"rotation": {"angle": 0, "axis": "y", "origin": [11, 21.5, 15.25]},
			"faces": {
				"north": {"uv": [11.5, 2, 12, 2.5], "texture": "#0"},
				"east": {"uv": [11.5, 2, 12, 2.5], "texture": "#0"},
				"south": {"uv": [12, 2, 11.5, 2.5], "texture": "#0"},
				"west": {"uv": [12, 2, 11.5, 2.5], "texture": "#0"},
				"up": {"uv": [11.5, 2, 12, 2.5], "rotation": 90, "texture": "#0"},
				"down": {"uv": [12, 2, 11.5, 2.5], "rotation": 90, "texture": "#0"}
			}
		},
		{
			"from": [3.5, 14, 7.75],
			"to": [4, 14.5, 8.25],
			"rotation": {"angle": 0, "axis": "y", "origin": [10.5, 22, 15.25]},
			"faces": {
				"north": {"uv": [12, 1.5, 12.5, 2], "texture": "#0"},
				"east": {"uv": [12, 1.5, 12.5, 2], "texture": "#0"},
				"south": {"uv": [12.5, 1.5, 12, 2], "texture": "#0"},
				"west": {"uv": [12.5, 1.5, 12, 2], "texture": "#0"},
				"up": {"uv": [12, 1.5, 12.5, 2], "rotation": 90, "texture": "#0"},
				"down": {"uv": [12.5, 1.5, 12, 2], "rotation": 90, "texture": "#0"}
			}
		},
		{
			"from": [2.5, 15, 7.75],
			"to": [3, 15.5, 8.25],
			"rotation": {"angle": 0, "axis": "y", "origin": [9.5, 23, 15.25]},
			"faces": {
				"north": {"uv": [13, 0.5, 13.5, 1], "texture": "#0"},
				"east": {"uv": [13, 0.5, 13.5, 1], "texture": "#0"},
				"south": {"uv": [13.5, 0.5, 13, 1], "texture": "#0"},
				"west": {"uv": [13.5, 0.5, 13, 1], "texture": "#0"},
				"up": {"uv": [13, 0.5, 13.5, 1], "rotation": 90, "texture": "#0"},
				"down": {"uv": [13.5, 0.5, 13, 1], "rotation": 90, "texture": "#0"}
			}
		},
		{
			"from": [1, 12.5, 7.75],
			"to": [1.5, 13, 8.25],
			"rotation": {"angle": 0, "axis": "y", "origin": [8, 20.5, 15.25]},
			"faces": {
				"north": {"uv": [14.5, 3, 15, 3.5], "texture": "#0"},
				"east": {"uv": [14.5, 3, 15, 3.5], "texture": "#0"},
				"south": {"uv": [15, 3, 14.5, 3.5], "texture": "#0"},
				"west": {"uv": [15, 3, 14.5, 3.5], "texture": "#0"},
				"up": {"uv": [14.5, 3, 15, 3.5], "rotation": 90, "texture": "#0"},
				"down": {"uv": [15, 3, 14.5, 3.5], "rotation": 90, "texture": "#0"}
			}
		},
		{
			"from": [0.5, 13, 7.75],
			"to": [1, 13.5, 8.25],
			"rotation": {"angle": 0, "axis": "y", "origin": [7.5, 21, 15.25]},
			"faces": {
				"north": {"uv": [15, 2.5, 15.5, 3], "texture": "#0"},
				"east": {"uv": [15, 2.5, 15.5, 3], "texture": "#0"},
				"south": {"uv": [15.5, 2.5, 15, 3], "texture": "#0"},
				"west": {"uv": [15.5, 2.5, 15, 3], "texture": "#0"},
				"up": {"uv": [15, 2.5, 15.5, 3], "rotation": 90, "texture": "#0"},
				"down": {"uv": [15.5, 2.5, 15, 3], "rotation": 90, "texture": "#0"}
			}
		},
		{
			"from": [2, 11.5, 7.75],
			"to": [2.5, 12, 8.25],
			"rotation": {"angle": 0, "axis": "y", "origin": [9, 19.5, 15.25]},
			"faces": {
				"north": {"uv": [13.5, 4, 14, 4.5], "texture": "#0"},
				"east": {"uv": [13.5, 4, 14, 4.5], "texture": "#0"},
				"south": {"uv": [14, 4, 13.5, 4.5], "texture": "#0"},
				"west": {"uv": [14, 4, 13.5, 4.5], "texture": "#0"},
				"up": {"uv": [13.5, 4, 14, 4.5], "rotation": 90, "texture": "#0"},
				"down": {"uv": [14, 4, 13.5, 4.5], "rotation": 90, "texture": "#0"}
			}
		},
		{
			"from": [2.5, 11, 7.75],
			"to": [3, 11.5, 8.25],
			"rotation": {"angle": 0, "axis": "y", "origin": [9.5, 19, 15.25]},
			"faces": {
				"north": {"uv": [13, 4.5, 13.5, 5], "texture": "#0"},
				"east": {"uv": [13, 4.5, 13.5, 5], "texture": "#0"},
				"south": {"uv": [13.5, 4.5, 13, 5], "texture": "#0"},
				"west": {"uv": [13.5, 4.5, 13, 5], "texture": "#0"},
				"up": {"uv": [13, 4.5, 13.5, 5], "rotation": 90, "texture": "#0"},
				"down": {"uv": [13.5, 4.5, 13, 5], "rotation": 90, "texture": "#0"}
			}
		},
		{
			"from": [3.5, 10, 7.75],
			"to": [4, 10.5, 8.25],
			"rotation": {"angle": 0, "axis": "y", "origin": [10.5, 18, 15.25]},
			"faces": {
				"north": {"uv": [12, 5.5, 12.5, 6], "texture": "#0"},
				"east": {"uv": [12, 5.5, 12.5, 6], "texture": "#0"},
				"south": {"uv": [12.5, 5.5, 12, 6], "texture": "#0"},
				"west": {"uv": [12.5, 5.5, 12, 6], "texture": "#0"},
				"up": {"uv": [12, 5.5, 12.5, 6], "rotation": 90, "texture": "#0"},
				"down": {"uv": [12.5, 5.5, 12, 6], "rotation": 90, "texture": "#0"}
			}
		},
		{
			"from": [4, 9.5, 7.75],
			"to": [4.5, 10, 8.25],
			"rotation": {"angle": 0, "axis": "y", "origin": [11, 17.5, 15.25]},
			"faces": {
				"north": {"uv": [11.5, 6, 12, 6.5], "texture": "#0"},
				"east": {"uv": [11.5, 6, 12, 6.5], "texture": "#0"},
				"south": {"uv": [12, 6, 11.5, 6.5], "texture": "#0"},
				"west": {"uv": [12, 6, 11.5, 6.5], "texture": "#0"},
				"up": {"uv": [11.5, 6, 12, 6.5], "rotation": 90, "texture": "#0"},
				"down": {"uv": [12, 6, 11.5, 6.5], "rotation": 90, "texture": "#0"}
			}
		},
		{
			"from": [5, 8.5, 7.75],
			"to": [5.5, 9, 8.25],
			"rotation": {"angle": 0, "axis": "y", "origin": [12, 16.5, 15.25]},
			"faces": {
				"north": {"uv": [10.5, 7, 11, 7.5], "texture": "#0"},
				"east": {"uv": [10.5, 7, 11, 7.5], "texture": "#0"},
				"south": {"uv": [11, 7, 10.5, 7.5], "texture": "#0"},
				"west": {"uv": [11, 7, 10.5, 7.5], "texture": "#0"},
				"up": {"uv": [10.5, 7, 11, 7.5], "rotation": 90, "texture": "#0"},
				"down": {"uv": [11, 7, 10.5, 7.5], "rotation": 90, "texture": "#0"}
			}
		},
		{
			"from": [5.5, 8, 7.75],
			"to": [6, 8.5, 8.25],
			"rotation": {"angle": 0, "axis": "y", "origin": [12.5, 16, 15.25]},
			"faces": {
				"north": {"uv": [10, 7.5, 10.5, 8], "texture": "#0"},
				"east": {"uv": [10, 7.5, 10.5, 8], "texture": "#0"},
				"south": {"uv": [10.5, 7.5, 10, 8], "texture": "#0"},
				"west": {"uv": [10.5, 7.5, 10, 8], "texture": "#0"},
				"up": {"uv": [10, 7.5, 10.5, 8], "rotation": 90, "texture": "#0"},
				"down": {"uv": [10.5, 7.5, 10, 8], "rotation": 90, "texture": "#0"}
			}
		},
		{
			"from": [6.5, 7, 7.75],
			"to": [7, 7.5, 8.25],
			"rotation": {"angle": 0, "axis": "y", "origin": [13.5, 15, 15.25]},
			"faces": {
				"north": {"uv": [9, 8.5, 9.5, 9], "texture": "#0"},
				"east": {"uv": [9, 8.5, 9.5, 9], "texture": "#0"},
				"south": {"uv": [9.5, 8.5, 9, 9], "texture": "#0"},
				"west": {"uv": [9.5, 8.5, 9, 9], "texture": "#0"},
				"up": {"uv": [9, 8.5, 9.5, 9], "rotation": 90, "texture": "#0"},
				"down": {"uv": [9.5, 8.5, 9, 9], "rotation": 90, "texture": "#0"}
			}
		},
		{
			"from": [7, 6.5, 7.75],
			"to": [7.5, 7, 8.25],
			"rotation": {"angle": 0, "axis": "y", "origin": [14, 14.5, 15.25]},
			"faces": {
				"north": {"uv": [8.5, 9, 9, 9.5], "texture": "#0"},
				"east": {"uv": [8.5, 9, 9, 9.5], "texture": "#0"},
				"south": {"uv": [9, 9, 8.5, 9.5], "texture": "#0"},
				"west": {"uv": [9, 9, 8.5, 9.5], "texture": "#0"},
				"up": {"uv": [8.5, 9, 9, 9.5], "rotation": 90, "texture": "#0"},
				"down": {"uv": [9, 9, 8.5, 9.5], "rotation": 90, "texture": "#0"}
			}
		},
		{
			"from": [15.5, 0.5, 7.75],
			"to": [16, 1.5, 8.25],
			"rotation": {"angle": 0, "axis": "y", "origin": [22.5, 9, 15.25]},
			"faces": {
				"north": {"uv": [0, 14.5, 0.5, 15.5], "texture": "#0"},
				"east": {"uv": [0, 14.5, 0.5, 15.5], "texture": "#0"},
				"south": {"uv": [0.5, 14.5, 0, 15.5], "texture": "#0"},
				"west": {"uv": [0.5, 14.5, 0, 15.5], "texture": "#0"},
				"up": {"uv": [0, 14.5, 0.5, 15.5], "rotation": 90, "texture": "#0"},
				"down": {"uv": [0.5, 14.5, 0, 15.5], "rotation": 90, "texture": "#0"}
			}
		},
		{
			"from": [14, 0.5, 7.75],
			"to": [14.5, 1, 8.25],
			"rotation": {"angle": 0, "axis": "y", "origin": [21, 9, 15.25]},
			"faces": {
				"north": {"uv": [1.5, 15, 2, 15.5], "texture": "#0"},
				"east": {"uv": [1.5, 15, 2, 15.5], "texture": "#0"},
				"south": {"uv": [2, 15, 1.5, 15.5], "texture": "#0"},
				"west": {"uv": [2, 15, 1.5, 15.5], "texture": "#0"},
				"up": {"uv": [1.5, 15, 2, 15.5], "rotation": 90, "texture": "#0"},
				"down": {"uv": [2, 15, 1.5, 15.5], "rotation": 90, "texture": "#0"}
			}
		},
		{
			"from": [14.5, 1.5, 7.5],
			"to": [15, 2, 8.5],
			"rotation": {"angle": 0, "axis": "y", "origin": [21.5, 9.5, 15.25]},
			"faces": {
				"north": {"uv": [1, 14, 1.5, 14.5], "texture": "#0"},
				"east": {"uv": [1, 14, 1.5, 14.5], "texture": "#0"},
				"south": {"uv": [1.5, 14, 1, 14.5], "texture": "#0"},
				"west": {"uv": [1.5, 14, 1, 14.5], "texture": "#0"},
				"up": {"uv": [1, 14, 1.5, 14.5], "rotation": 90, "texture": "#0"},
				"down": {"uv": [1.5, 14, 1, 14.5], "rotation": 90, "texture": "#0"}
			}
		},
		{
			"from": [14, 2, 7.5],
			"to": [14.5, 2.5, 8.5],
			"rotation": {"angle": 0, "axis": "y", "origin": [21, 10, 15.25]},
			"faces": {
				"north": {"uv": [1.5, 13.5, 2, 14], "texture": "#0"},
				"east": {"uv": [1.5, 13.5, 2, 14], "texture": "#0"},
				"south": {"uv": [2, 13.5, 1.5, 14], "texture": "#0"},
				"west": {"uv": [2, 13.5, 1.5, 14], "texture": "#0"},
				"up": {"uv": [1.5, 13.5, 2, 14], "rotation": 90, "texture": "#0"},
				"down": {"uv": [2, 13.5, 1.5, 14], "rotation": 90, "texture": "#0"}
			}
		},
		{
			"from": [13.5, 2.5, 7.5],
			"to": [14, 3, 8.5],
			"rotation": {"angle": 0, "axis": "y", "origin": [20.5, 10.5, 15.25]},
			"faces": {
				"north": {"uv": [2, 13, 2.5, 13.5], "texture": "#0"},
				"east": {"uv": [2, 13, 2.5, 13.5], "texture": "#0"},
				"south": {"uv": [2.5, 13, 2, 13.5], "texture": "#0"},
				"west": {"uv": [2.5, 13, 2, 13.5], "texture": "#0"},
				"up": {"uv": [2, 13, 2.5, 13.5], "rotation": 90, "texture": "#0"},
				"down": {"uv": [2.5, 13, 2, 13.5], "rotation": 90, "texture": "#0"}
			}
		},
		{
			"from": [13, 3, 7.5],
			"to": [13.5, 3.5, 8.5],
			"rotation": {"angle": 0, "axis": "y", "origin": [20, 11, 15.25]},
			"faces": {
				"north": {"uv": [2.5, 12.5, 3, 13], "texture": "#0"},
				"east": {"uv": [2.5, 12.5, 3, 13], "texture": "#0"},
				"south": {"uv": [3, 12.5, 2.5, 13], "texture": "#0"},
				"west": {"uv": [3, 12.5, 2.5, 13], "texture": "#0"},
				"up": {"uv": [2.5, 12.5, 3, 13], "rotation": 90, "texture": "#0"},
				"down": {"uv": [3, 12.5, 2.5, 13], "rotation": 90, "texture": "#0"}
			}
		},
		{
			"from": [12.5, 3.5, 7.5],
			"to": [13, 4, 8.5],
			"rotation": {"angle": 0, "axis": "y", "origin": [19.5, 11.5, 15.25]},
			"faces": {
				"north": {"uv": [3, 12, 3.5, 12.5], "texture": "#0"},
				"east": {"uv": [3, 12, 3.5, 12.5], "texture": "#0"},
				"south": {"uv": [3.5, 12, 3, 12.5], "texture": "#0"},
				"west": {"uv": [3.5, 12, 3, 12.5], "texture": "#0"},
				"up": {"uv": [3, 12, 3.5, 12.5], "rotation": 90, "texture": "#0"},
				"down": {"uv": [3.5, 12, 3, 12.5], "rotation": 90, "texture": "#0"}
			}
		},
		{
			"from": [12, 3, 7.5],
			"to": [12.5, 3.5, 8.5],
			"rotation": {"angle": 0, "axis": "y", "origin": [19, 11, 15.25]},
			"faces": {
				"north": {"uv": [3.5, 12.5, 4, 13], "texture": "#0"},
				"east": {"uv": [3.5, 12.5, 4, 13], "texture": "#0"},
				"south": {"uv": [4, 12.5, 3.5, 13], "texture": "#0"},
				"west": {"uv": [4, 12.5, 3.5, 13], "texture": "#0"},
				"up": {"uv": [3.5, 12.5, 4, 13], "rotation": 90, "texture": "#0"},
				"down": {"uv": [4, 12.5, 3.5, 13], "rotation": 90, "texture": "#0"}
			}
		},
		{
			"from": [10, 5, 7.5],
			"to": [10.5, 5.5, 8.5],
			"rotation": {"angle": 0, "axis": "y", "origin": [17, 13, 15.25]},
			"faces": {
				"north": {"uv": [5.5, 10.5, 6, 11], "texture": "#0"},
				"east": {"uv": [5.5, 10.5, 6, 11], "texture": "#0"},
				"south": {"uv": [6, 10.5, 5.5, 11], "texture": "#0"},
				"west": {"uv": [6, 10.5, 5.5, 11], "texture": "#0"},
				"up": {"uv": [5.5, 10.5, 6, 11], "rotation": 90, "texture": "#0"},
				"down": {"uv": [6, 10.5, 5.5, 11], "rotation": 90, "texture": "#0"}
			}
		},
		{
			"from": [10, 6, 7.5],
			"to": [10.5, 6.5, 8.5],
			"rotation": {"angle": 0, "axis": "y", "origin": [17, 14, 15.25]},
			"faces": {
				"north": {"uv": [5.5, 9.5, 6, 10], "texture": "#0"},
				"east": {"uv": [5.5, 9.5, 6, 10], "texture": "#0"},
				"south": {"uv": [6, 9.5, 5.5, 10], "texture": "#0"},
				"west": {"uv": [6, 9.5, 5.5, 10], "texture": "#0"},
				"up": {"uv": [5.5, 9.5, 6, 10], "rotation": 90, "texture": "#0"},
				"down": {"uv": [6, 9.5, 5.5, 10], "rotation": 90, "texture": "#0"}
			}
		},
		{
			"from": [9.5, 5.5, 7.5],
			"to": [10, 6, 8.5],
			"rotation": {"angle": 0, "axis": "y", "origin": [16.5, 13.5, 15.25]},
			"faces": {
				"north": {"uv": [6, 10, 6.5, 10.5], "texture": "#0"},
				"east": {"uv": [6, 10, 6.5, 10.5], "texture": "#0"},
				"south": {"uv": [6.5, 10, 6, 10.5], "texture": "#0"},
				"west": {"uv": [6.5, 10, 6, 10.5], "texture": "#0"},
				"up": {"uv": [6, 10, 6.5, 10.5], "rotation": 90, "texture": "#0"},
				"down": {"uv": [6.5, 10, 6, 10.5], "rotation": 90, "texture": "#0"}
			}
		},
		{
			"from": [9, 6, 7.5],
			"to": [9.5, 6.5, 8.5],
			"rotation": {"angle": 0, "axis": "y", "origin": [16, 14, 15.25]},
			"faces": {
				"north": {"uv": [6.5, 9.5, 7, 10], "texture": "#0"},
				"east": {"uv": [6.5, 9.5, 7, 10], "texture": "#0"},
				"south": {"uv": [7, 9.5, 6.5, 10], "texture": "#0"},
				"west": {"uv": [7, 9.5, 6.5, 10], "texture": "#0"},
				"up": {"uv": [6.5, 9.5, 7, 10], "rotation": 90, "texture": "#0"},
				"down": {"uv": [7, 9.5, 6.5, 10], "rotation": 90, "texture": "#0"}
			}
		},
		{
			"from": [9.5, 6.5, 7.5],
			"to": [10, 7, 8.5],
			"rotation": {"angle": 0, "axis": "y", "origin": [16.5, 14.5, 15.25]},
			"faces": {
				"north": {"uv": [6, 9, 6.5, 9.5], "texture": "#0"},
				"east": {"uv": [6, 9, 6.5, 9.5], "texture": "#0"},
				"south": {"uv": [6.5, 9, 6, 9.5], "texture": "#0"},
				"west": {"uv": [6.5, 9, 6, 9.5], "texture": "#0"},
				"up": {"uv": [6, 9, 6.5, 9.5], "rotation": 90, "texture": "#0"},
				"down": {"uv": [6.5, 9, 6, 9.5], "rotation": 90, "texture": "#0"}
			}
		},
		{
			"from": [9, 7, 7.5],
			"to": [9.5, 8.5, 8.5],
			"rotation": {"angle": 0, "axis": "y", "origin": [16, 15, 15.25]},
			"faces": {
				"north": {"uv": [6.5, 7.5, 7, 9], "texture": "#0"},
				"east": {"uv": [6.5, 7.5, 7, 9], "texture": "#0"},
				"south": {"uv": [7, 7.5, 6.5, 9], "texture": "#0"},
				"west": {"uv": [7, 7.5, 6.5, 9], "texture": "#0"},
				"up": {"uv": [6.5, 7.5, 7, 9], "rotation": 90, "texture": "#0"},
				"down": {"uv": [7, 7.5, 6.5, 9], "rotation": 90, "texture": "#0"}
			}
		},
		{
			"from": [8.5, 7.5, 7.5],
			"to": [9, 9, 8.5],
			"rotation": {"angle": 0, "axis": "y", "origin": [15.5, 15.5, 15.25]},
			"faces": {
				"north": {"uv": [7, 7, 7.5, 8.5], "texture": "#0"},
				"east": {"uv": [7, 7, 7.5, 8.5], "texture": "#0"},
				"south": {"uv": [7.5, 7, 7, 8.5], "texture": "#0"},
				"west": {"uv": [7.5, 7, 7, 8.5], "texture": "#0"},
				"up": {"uv": [7, 7, 7.5, 8.5], "rotation": 90, "texture": "#0"},
				"down": {"uv": [7.5, 7, 7, 8.5], "rotation": 90, "texture": "#0"}
			}
		},
		{
			"from": [8, 8, 7.5],
			"to": [8.5, 9.5, 8.5],
			"rotation": {"angle": 0, "axis": "y", "origin": [15, 16, 15.25]},
			"faces": {
				"north": {"uv": [7.5, 6.5, 8, 8], "texture": "#0"},
				"east": {"uv": [7.5, 6.5, 8, 8], "texture": "#0"},
				"south": {"uv": [8, 6.5, 7.5, 8], "texture": "#0"},
				"west": {"uv": [8, 6.5, 7.5, 8], "texture": "#0"},
				"up": {"uv": [7.5, 6.5, 8, 8], "rotation": 90, "texture": "#0"},
				"down": {"uv": [8, 6.5, 7.5, 8], "rotation": 90, "texture": "#0"}
			}
		},
		{
			"from": [7.5, 8.5, 7.5],
			"to": [8, 10, 8.5],
			"rotation": {"angle": 0, "axis": "y", "origin": [14.5, 16.5, 15.25]},
			"faces": {
				"north": {"uv": [8, 6, 8.5, 7.5], "texture": "#0"},
				"east": {"uv": [8, 6, 8.5, 7.5], "texture": "#0"},
				"south": {"uv": [8.5, 6, 8, 7.5], "texture": "#0"},
				"west": {"uv": [8.5, 6, 8, 7.5], "texture": "#0"},
				"up": {"uv": [8, 6, 8.5, 7.5], "rotation": 90, "texture": "#0"},
				"down": {"uv": [8.5, 6, 8, 7.5], "rotation": 90, "texture": "#0"}
			}
		},
		{
			"from": [7, 9, 7.5],
			"to": [7.5, 10.5, 8.5],
			"rotation": {"angle": 0, "axis": "y", "origin": [14, 17, 15.25]},
			"faces": {
				"north": {"uv": [8.5, 5.5, 9, 7], "texture": "#0"},
				"east": {"uv": [8.5, 5.5, 9, 7], "texture": "#0"},
				"south": {"uv": [9, 5.5, 8.5, 7], "texture": "#0"},
				"west": {"uv": [9, 5.5, 8.5, 7], "texture": "#0"},
				"up": {"uv": [8.5, 5.5, 9, 7], "rotation": 90, "texture": "#0"},
				"down": {"uv": [9, 5.5, 8.5, 7], "rotation": 90, "texture": "#0"}
			}
		},
		{
			"from": [6.5, 9.5, 7.5],
			"to": [7, 11, 8.5],
			"rotation": {"angle": 0, "axis": "y", "origin": [13.5, 17.5, 15.25]},
			"faces": {
				"north": {"uv": [9, 5, 9.5, 6.5], "texture": "#0"},
				"east": {"uv": [9, 5, 9.5, 6.5], "texture": "#0"},
				"south": {"uv": [9.5, 5, 9, 6.5], "texture": "#0"},
				"west": {"uv": [9.5, 5, 9, 6.5], "texture": "#0"},
				"up": {"uv": [9, 5, 9.5, 6.5], "rotation": 90, "texture": "#0"},
				"down": {"uv": [9.5, 5, 9, 6.5], "rotation": 90, "texture": "#0"}
			}
		},
		{
			"from": [6, 10, 7.5],
			"to": [6.5, 11.5, 8.5],
			"rotation": {"angle": 0, "axis": "y", "origin": [13, 18, 15.25]},
			"faces": {
				"north": {"uv": [9.5, 4.5, 10, 6], "texture": "#0"},
				"east": {"uv": [9.5, 4.5, 10, 6], "texture": "#0"},
				"south": {"uv": [10, 4.5, 9.5, 6], "texture": "#0"},
				"west": {"uv": [10, 4.5, 9.5, 6], "texture": "#0"},
				"up": {"uv": [9.5, 4.5, 10, 6], "rotation": 90, "texture": "#0"},
				"down": {"uv": [10, 4.5, 9.5, 6], "rotation": 90, "texture": "#0"}
			}
		},
		{
			"from": [5.5, 10.5, 7.5],
			"to": [6, 12, 8.5],
			"rotation": {"angle": 0, "axis": "y", "origin": [12.5, 18.5, 15.25]},
			"faces": {
				"north": {"uv": [10, 4, 10.5, 5.5], "texture": "#0"},
				"east": {"uv": [10, 4, 10.5, 5.5], "texture": "#0"},
				"south": {"uv": [10.5, 4, 10, 5.5], "texture": "#0"},
				"west": {"uv": [10.5, 4, 10, 5.5], "texture": "#0"},
				"up": {"uv": [10, 4, 10.5, 5.5], "rotation": 90, "texture": "#0"},
				"down": {"uv": [10.5, 4, 10, 5.5], "rotation": 90, "texture": "#0"}
			}
		},
		{
			"from": [5, 11, 7.5],
			"to": [5.5, 12.5, 8.5],
			"rotation": {"angle": 0, "axis": "y", "origin": [12, 19, 15.25]},
			"faces": {
				"north": {"uv": [10.5, 3.5, 11, 5], "texture": "#0"},
				"east": {"uv": [10.5, 3.5, 11, 5], "texture": "#0"},
				"south": {"uv": [11, 3.5, 10.5, 5], "texture": "#0"},
				"west": {"uv": [11, 3.5, 10.5, 5], "texture": "#0"},
				"up": {"uv": [10.5, 3.5, 11, 5], "rotation": 90, "texture": "#0"},
				"down": {"uv": [11, 3.5, 10.5, 5], "rotation": 90, "texture": "#0"}
			}
		},
		{
			"from": [4.5, 11.5, 7.5],
			"to": [5, 13, 8.5],
			"rotation": {"angle": 0, "axis": "y", "origin": [11.5, 19.5, 15.25]},
			"faces": {
				"north": {"uv": [11, 3, 11.5, 4.5], "texture": "#0"},
				"east": {"uv": [11, 3, 11.5, 4.5], "texture": "#0"},
				"south": {"uv": [11.5, 3, 11, 4.5], "texture": "#0"},
				"west": {"uv": [11.5, 3, 11, 4.5], "texture": "#0"},
				"up": {"uv": [11, 3, 11.5, 4.5], "rotation": 90, "texture": "#0"},
				"down": {"uv": [11.5, 3, 11, 4.5], "rotation": 90, "texture": "#0"}
			}
		},
		{
			"from": [4, 12, 7.5],
			"to": [4.5, 13.5, 8.5],
			"rotation": {"angle": 0, "axis": "y", "origin": [11, 20, 15.25]},
			"faces": {
				"north": {"uv": [11.5, 2.5, 12, 4], "texture": "#0"},
				"east": {"uv": [11.5, 2.5, 12, 4], "texture": "#0"},
				"south": {"uv": [12, 2.5, 11.5, 4], "texture": "#0"},
				"west": {"uv": [12, 2.5, 11.5, 4], "texture": "#0"},
				"up": {"uv": [11.5, 2.5, 12, 4], "rotation": 90, "texture": "#0"},
				"down": {"uv": [12, 2.5, 11.5, 4], "rotation": 90, "texture": "#0"}
			}
		},
		{
			"from": [3.5, 12.5, 7.5],
			"to": [4, 14, 8.5],
			"rotation": {"angle": 0, "axis": "y", "origin": [10.5, 20.5, 15.25]},
			"faces": {
				"north": {"uv": [12, 2, 12.5, 3.5], "texture": "#0"},
				"east": {"uv": [12, 2, 12.5, 3.5], "texture": "#0"},
				"south": {"uv": [12.5, 2, 12, 3.5], "texture": "#0"},
				"west": {"uv": [12.5, 2, 12, 3.5], "texture": "#0"},
				"up": {"uv": [12, 2, 12.5, 3.5], "rotation": 90, "texture": "#0"},
				"down": {"uv": [12.5, 2, 12, 3.5], "rotation": 90, "texture": "#0"}
			}
		},
		{
			"from": [3, 13, 7.5],
			"to": [3.5, 14.5, 8.5],
			"rotation": {"angle": 0, "axis": "y", "origin": [10, 21, 15.25]},
			"faces": {
				"north": {"uv": [12.5, 1.5, 13, 3], "texture": "#0"},
				"east": {"uv": [12.5, 1.5, 13, 3], "texture": "#0"},
				"south": {"uv": [13, 1.5, 12.5, 3], "texture": "#0"},
				"west": {"uv": [13, 1.5, 12.5, 3], "texture": "#0"},
				"up": {"uv": [12.5, 1.5, 13, 3], "rotation": 90, "texture": "#0"},
				"down": {"uv": [13, 1.5, 12.5, 3], "rotation": 90, "texture": "#0"}
			}
		},
		{
			"from": [2.5, 13.5, 7.5],
			"to": [3, 15, 8.5],
			"rotation": {"angle": 0, "axis": "y", "origin": [9.5, 21.5, 15.25]},
			"faces": {
				"north": {"uv": [13, 1, 13.5, 2.5], "texture": "#0"},
				"east": {"uv": [13, 1, 13.5, 2.5], "texture": "#0"},
				"south": {"uv": [13.5, 1, 13, 2.5], "texture": "#0"},
				"west": {"uv": [13.5, 1, 13, 2.5], "texture": "#0"},
				"up": {"uv": [13, 1, 13.5, 2.5], "rotation": 90, "texture": "#0"},
				"down": {"uv": [13.5, 1, 13, 2.5], "rotation": 90, "texture": "#0"}
			}
		},
		{
			"from": [2, 14, 7.5],
			"to": [2.5, 15.5, 8.5],
			"rotation": {"angle": 0, "axis": "y", "origin": [9, 22, 15.25]},
			"faces": {
				"north": {"uv": [13.5, 0.5, 14, 2], "texture": "#0"},
				"east": {"uv": [13.5, 0.5, 14, 2], "texture": "#0"},
				"south": {"uv": [14, 0.5, 13.5, 2], "texture": "#0"},
				"west": {"uv": [14, 0.5, 13.5, 2], "texture": "#0"},
				"up": {"uv": [13.5, 0.5, 14, 2], "rotation": 90, "texture": "#0"},
				"down": {"uv": [14, 0.5, 13.5, 2], "rotation": 90, "texture": "#0"}
			}
		},
		{
			"from": [0.5, 14.5, 7.5],
			"to": [2, 15.5, 8.5],
			"rotation": {"angle": 0, "axis": "y", "origin": [8.5, 22, 15.25]},
			"faces": {
				"north": {"uv": [14, 0.5, 15.5, 1.5], "texture": "#0"},
				"east": {"uv": [14, 0.5, 14.5, 1.5], "texture": "#0"},
				"south": {"uv": [15.5, 0.5, 14, 1.5], "texture": "#0"},
				"west": {"uv": [15.5, 0.5, 15, 1.5], "texture": "#0"},
				"up": {"uv": [14, 0.5, 14.5, 1.5], "rotation": 90, "texture": "#0"},
				"down": {"uv": [15.5, 0.5, 15, 1.5], "rotation": 90, "texture": "#0"}
			}
		},
		{
			"from": [9.5, 7, 7.5],
			"to": [10.5, 8, 8.5],
			"rotation": {"angle": 0, "axis": "y", "origin": [16.5, 15, 15.25]},
			"faces": {
				"north": {"uv": [5.5, 8, 6.5, 9], "texture": "#0"},
				"east": {"uv": [5.5, 8, 6, 9], "texture": "#0"},
				"south": {"uv": [6.5, 8, 5.5, 9], "texture": "#0"},
				"west": {"uv": [6.5, 8, 6, 9], "texture": "#0"},
				"up": {"uv": [5.5, 8, 6, 9], "rotation": 90, "texture": "#0"},
				"down": {"uv": [6.5, 8, 6, 9], "rotation": 90, "texture": "#0"}
			}
		},
		{
			"from": [8, 5.5, 7.5],
			"to": [9, 6.5, 8.5],
			"rotation": {"angle": 0, "axis": "y", "origin": [15, 13.5, 15.25]},
			"faces": {
				"north": {"uv": [7, 9.5, 8, 10.5], "texture": "#0"},
				"east": {"uv": [7, 9.5, 7.5, 10.5], "texture": "#0"},
				"south": {"uv": [8, 9.5, 7, 10.5], "texture": "#0"},
				"west": {"uv": [8, 9.5, 7.5, 10.5], "texture": "#0"},
				"up": {"uv": [7, 9.5, 7.5, 10.5], "rotation": 90, "texture": "#0"},
				"down": {"uv": [8, 9.5, 7.5, 10.5], "rotation": 90, "texture": "#0"}
			}
		},
		{
			"from": [7.5, 6.5, 7.5],
			"to": [9, 7, 8.5],
			"rotation": {"angle": 0, "axis": "y", "origin": [15, 14, 15.25]},
			"faces": {
				"north": {"uv": [7, 9, 8.5, 9.5], "texture": "#0"},
				"east": {"uv": [7, 9, 7.5, 9.5], "texture": "#0"},
				"south": {"uv": [8.5, 9, 7, 9.5], "texture": "#0"},
				"west": {"uv": [8.5, 9, 8, 9.5], "texture": "#0"},
				"up": {"uv": [7, 9, 7.5, 9.5], "rotation": 90, "texture": "#0"},
				"down": {"uv": [8.5, 9, 8, 9.5], "rotation": 90, "texture": "#0"}
			}
		},
		{
			"from": [7, 7, 7.5],
			"to": [8.5, 7.5, 8.5],
			"rotation": {"angle": 0, "axis": "y", "origin": [14.5, 14.5, 15.25]},
			"faces": {
				"north": {"uv": [7.5, 8.5, 9, 9], "texture": "#0"},
				"east": {"uv": [7.5, 8.5, 8, 9], "texture": "#0"},
				"south": {"uv": [9, 8.5, 7.5, 9], "texture": "#0"},
				"west": {"uv": [9, 8.5, 8.5, 9], "texture": "#0"},
				"up": {"uv": [7.5, 8.5, 8, 9], "rotation": 90, "texture": "#0"},
				"down": {"uv": [9, 8.5, 8.5, 9], "rotation": 90, "texture": "#0"}
			}
		},
		{
			"from": [6.5, 7.5, 7.5],
			"to": [8, 8, 8.5],
			"rotation": {"angle": 0, "axis": "y", "origin": [14, 15, 15.25]},
			"faces": {
				"north": {"uv": [8, 8, 9.5, 8.5], "texture": "#0"},
				"east": {"uv": [8, 8, 8.5, 8.5], "texture": "#0"},
				"south": {"uv": [9.5, 8, 8, 8.5], "texture": "#0"},
				"west": {"uv": [9.5, 8, 9, 8.5], "texture": "#0"},
				"up": {"uv": [8, 8, 8.5, 8.5], "rotation": 90, "texture": "#0"},
				"down": {"uv": [9.5, 8, 9, 8.5], "rotation": 90, "texture": "#0"}
			}
		},
		{
			"from": [6, 8, 7.5],
			"to": [7.5, 8.5, 8.5],
			"rotation": {"angle": 0, "axis": "y", "origin": [13.5, 15.5, 15.25]},
			"faces": {
				"north": {"uv": [8.5, 7.5, 10, 8], "texture": "#0"},
				"east": {"uv": [8.5, 7.5, 9, 8], "texture": "#0"},
				"south": {"uv": [10, 7.5, 8.5, 8], "texture": "#0"},
				"west": {"uv": [10, 7.5, 9.5, 8], "texture": "#0"},
				"up": {"uv": [8.5, 7.5, 9, 8], "rotation": 90, "texture": "#0"},
				"down": {"uv": [10, 7.5, 9.5, 8], "rotation": 90, "texture": "#0"}
			}
		},
		{
			"from": [5.5, 8.5, 7.5],
			"to": [7, 9, 8.5],
			"rotation": {"angle": 0, "axis": "y", "origin": [13, 16, 15.25]},
			"faces": {
				"north": {"uv": [9, 7, 10.5, 7.5], "texture": "#0"},
				"east": {"uv": [9, 7, 9.5, 7.5], "texture": "#0"},
				"south": {"uv": [10.5, 7, 9, 7.5], "texture": "#0"},
				"west": {"uv": [10.5, 7, 10, 7.5], "texture": "#0"},
				"up": {"uv": [9, 7, 9.5, 7.5], "rotation": 90, "texture": "#0"},
				"down": {"uv": [10.5, 7, 10, 7.5], "rotation": 90, "texture": "#0"}
			}
		},
		{
			"from": [5, 9, 7.5],
			"to": [6.5, 9.5, 8.5],
			"rotation": {"angle": 0, "axis": "y", "origin": [12.5, 16.5, 15.25]},
			"faces": {
				"north": {"uv": [9.5, 6.5, 11, 7], "texture": "#0"},
				"east": {"uv": [9.5, 6.5, 10, 7], "texture": "#0"},
				"south": {"uv": [11, 6.5, 9.5, 7], "texture": "#0"},
				"west": {"uv": [11, 6.5, 10.5, 7], "texture": "#0"},
				"up": {"uv": [9.5, 6.5, 10, 7], "rotation": 90, "texture": "#0"},
				"down": {"uv": [11, 6.5, 10.5, 7], "rotation": 90, "texture": "#0"}
			}
		},
		{
			"from": [4.5, 9.5, 7.5],
			"to": [6, 10, 8.5],
			"rotation": {"angle": 0, "axis": "y", "origin": [12, 17, 15.25]},
			"faces": {
				"north": {"uv": [10, 6, 11.5, 6.5], "texture": "#0"},
				"east": {"uv": [10, 6, 10.5, 6.5], "texture": "#0"},
				"south": {"uv": [11.5, 6, 10, 6.5], "texture": "#0"},
				"west": {"uv": [11.5, 6, 11, 6.5], "texture": "#0"},
				"up": {"uv": [10, 6, 10.5, 6.5], "rotation": 90, "texture": "#0"},
				"down": {"uv": [11.5, 6, 11, 6.5], "rotation": 90, "texture": "#0"}
			}
		},
		{
			"from": [4, 10, 7.5],
			"to": [5.5, 10.5, 8.5],
			"rotation": {"angle": 0, "axis": "y", "origin": [11.5, 17.5, 15.25]},
			"faces": {
				"north": {"uv": [10.5, 5.5, 12, 6], "texture": "#0"},
				"east": {"uv": [10.5, 5.5, 11, 6], "texture": "#0"},
				"south": {"uv": [12, 5.5, 10.5, 6], "texture": "#0"},
				"west": {"uv": [12, 5.5, 11.5, 6], "texture": "#0"},
				"up": {"uv": [10.5, 5.5, 11, 6], "rotation": 90, "texture": "#0"},
				"down": {"uv": [12, 5.5, 11.5, 6], "rotation": 90, "texture": "#0"}
			}
		},
		{
			"from": [3.5, 10.5, 7.5],
			"to": [5, 11, 8.5],
			"rotation": {"angle": 0, "axis": "y", "origin": [11, 18, 15.25]},
			"faces": {
				"north": {"uv": [11, 5, 12.5, 5.5], "texture": "#0"},
				"east": {"uv": [11, 5, 11.5, 5.5], "texture": "#0"},
				"south": {"uv": [12.5, 5, 11, 5.5], "texture": "#0"},
				"west": {"uv": [12.5, 5, 12, 5.5], "texture": "#0"},
				"up": {"uv": [11, 5, 11.5, 5.5], "rotation": 90, "texture": "#0"},
				"down": {"uv": [12.5, 5, 12, 5.5], "rotation": 90, "texture": "#0"}
			}
		},
		{
			"from": [3, 11, 7.5],
			"to": [4.5, 11.5, 8.5],
			"rotation": {"angle": 0, "axis": "y", "origin": [10.5, 18.5, 15.25]},
			"faces": {
				"north": {"uv": [11.5, 4.5, 13, 5], "texture": "#0"},
				"east": {"uv": [11.5, 4.5, 12, 5], "texture": "#0"},
				"south": {"uv": [13, 4.5, 11.5, 5], "texture": "#0"},
				"west": {"uv": [13, 4.5, 12.5, 5], "texture": "#0"},
				"up": {"uv": [11.5, 4.5, 12, 5], "rotation": 90, "texture": "#0"},
				"down": {"uv": [13, 4.5, 12.5, 5], "rotation": 90, "texture": "#0"}
			}
		},
		{
			"from": [2.5, 11.5, 7.5],
			"to": [4, 12, 8.5],
			"rotation": {"angle": 0, "axis": "y", "origin": [10, 19, 15.25]},
			"faces": {
				"north": {"uv": [12, 4, 13.5, 4.5], "texture": "#0"},
				"east": {"uv": [12, 4, 12.5, 4.5], "texture": "#0"},
				"south": {"uv": [13.5, 4, 12, 4.5], "texture": "#0"},
				"west": {"uv": [13.5, 4, 13, 4.5], "texture": "#0"},
				"up": {"uv": [12, 4, 12.5, 4.5], "rotation": 90, "texture": "#0"},
				"down": {"uv": [13.5, 4, 13, 4.5], "rotation": 90, "texture": "#0"}
			}
		},
		{
			"from": [2, 12, 7.5],
			"to": [3.5, 12.5, 8.5],
			"rotation": {"angle": 0, "axis": "y", "origin": [9.5, 19.5, 15.25]},
			"faces": {
				"north": {"uv": [12.5, 3.5, 14, 4], "texture": "#0"},
				"east": {"uv": [12.5, 3.5, 13, 4], "texture": "#0"},
				"south": {"uv": [14, 3.5, 12.5, 4], "texture": "#0"},
				"west": {"uv": [14, 3.5, 13.5, 4], "texture": "#0"},
				"up": {"uv": [12.5, 3.5, 13, 4], "rotation": 90, "texture": "#0"},
				"down": {"uv": [14, 3.5, 13.5, 4], "rotation": 90, "texture": "#0"}
			}
		},
		{
			"from": [1.5, 12.5, 7.5],
			"to": [3, 13, 8.5],
			"rotation": {"angle": 0, "axis": "y", "origin": [9, 20, 15.25]},
			"faces": {
				"north": {"uv": [13, 3, 14.5, 3.5], "texture": "#0"},
				"east": {"uv": [13, 3, 13.5, 3.5], "texture": "#0"},
				"south": {"uv": [14.5, 3, 13, 3.5], "texture": "#0"},
				"west": {"uv": [14.5, 3, 14, 3.5], "texture": "#0"},
				"up": {"uv": [13, 3, 13.5, 3.5], "rotation": 90, "texture": "#0"},
				"down": {"uv": [14.5, 3, 14, 3.5], "rotation": 90, "texture": "#0"}
			}
		},
		{
			"from": [1, 13, 7.5],
			"to": [2.5, 13.5, 8.5],
			"rotation": {"angle": 0, "axis": "y", "origin": [8.5, 20.5, 15.25]},
			"faces": {
				"north": {"uv": [13.5, 2.5, 15, 3], "texture": "#0"},
				"east": {"uv": [13.5, 2.5, 14, 3], "texture": "#0"},
				"south": {"uv": [15, 2.5, 13.5, 3], "texture": "#0"},
				"west": {"uv": [15, 2.5, 14.5, 3], "texture": "#0"},
				"up": {"uv": [13.5, 2.5, 14, 3], "rotation": 90, "texture": "#0"},
				"down": {"uv": [15, 2.5, 14.5, 3], "rotation": 90, "texture": "#0"}
			}
		},
		{
			"from": [0.5, 13.5, 7.5],
			"to": [2, 14, 8.5],
			"rotation": {"angle": 0, "axis": "y", "origin": [8, 21, 15.25]},
			"faces": {
				"north": {"uv": [14, 2, 15.5, 2.5], "texture": "#0"},
				"east": {"uv": [14, 2, 14.5, 2.5], "texture": "#0"},
				"south": {"uv": [15.5, 2, 14, 2.5], "texture": "#0"},
				"west": {"uv": [15.5, 2, 15, 2.5], "texture": "#0"},
				"up": {"uv": [14, 2, 14.5, 2.5], "rotation": 90, "texture": "#0"},
				"down": {"uv": [15.5, 2, 15, 2.5], "rotation": 90, "texture": "#0"}
			}
		},
		{
			"from": [0.5, 14, 7.5],
			"to": [1.5, 14.5, 8.5],
			"rotation": {"angle": 0, "axis": "y", "origin": [8, 21.5, 15.25]},
			"faces": {
				"north": {"uv": [14.5, 1.5, 15.5, 2], "texture": "#0"},
				"east": {"uv": [14.5, 1.5, 15, 2], "texture": "#0"},
				"south": {"uv": [15.5, 1.5, 14.5, 2], "texture": "#0"},
				"west": {"uv": [15.5, 1.5, 15, 2], "texture": "#0"},
				"up": {"uv": [14.5, 1.5, 15, 2], "rotation": 90, "texture": "#0"},
				"down": {"uv": [15.5, 1.5, 15, 2], "rotation": 90, "texture": "#0"}
			}
		},
		{
			"from": [10.5, 5.5, 7.5],
			"to": [11, 6, 8.5],
			"rotation": {"angle": 0, "axis": "y", "origin": [17.5, 13.5, 15.25]},
			"faces": {
				"north": {"uv": [5, 10, 5.5, 10.5], "texture": "#0"},
				"east": {"uv": [5, 10, 5.5, 10.5], "texture": "#0"},
				"south": {"uv": [5.5, 10, 5, 10.5], "texture": "#0"},
				"west": {"uv": [5.5, 10, 5, 10.5], "texture": "#0"},
				"up": {"uv": [5, 10, 5.5, 10.5], "rotation": 90, "texture": "#0"},
				"down": {"uv": [5.5, 10, 5, 10.5], "rotation": 90, "texture": "#0"}
			}
		},
		{
			"from": [12.5, 2.5, 7.5],
			"to": [13, 3, 8.5],
			"rotation": {"angle": 0, "axis": "y", "origin": [19.5, 10.5, 15.25]},
			"faces": {
				"north": {"uv": [3, 13, 3.5, 13.5], "texture": "#0"},
				"east": {"uv": [3, 13, 3.5, 13.5], "texture": "#0"},
				"south": {"uv": [3.5, 13, 3, 13.5], "texture": "#0"},
				"west": {"uv": [3.5, 13, 3, 13.5], "texture": "#0"},
				"up": {"uv": [3, 13, 3.5, 13.5], "rotation": 90, "texture": "#0"},
				"down": {"uv": [3.5, 13, 3, 13.5], "rotation": 90, "texture": "#0"}
			}
		},
		{
			"from": [13, 2, 7.5],
			"to": [13.5, 2.5, 8.5],
			"rotation": {"angle": 0, "axis": "y", "origin": [20, 10, 15.25]},
			"faces": {
				"north": {"uv": [2.5, 13.5, 3, 14], "texture": "#0"},
				"east": {"uv": [2.5, 13.5, 3, 14], "texture": "#0"},
				"south": {"uv": [3, 13.5, 2.5, 14], "texture": "#0"},
				"west": {"uv": [3, 13.5, 2.5, 14], "texture": "#0"},
				"up": {"uv": [2.5, 13.5, 3, 14], "rotation": 90, "texture": "#0"},
				"down": {"uv": [3, 13.5, 2.5, 14], "rotation": 90, "texture": "#0"}
			}
		},
		{
			"from": [13.5, 1.5, 7.5],
			"to": [14, 2, 8.5],
			"rotation": {"angle": 0, "axis": "y", "origin": [20.5, 9.5, 15.25]},
			"faces": {
				"north": {"uv": [2, 14, 2.5, 14.5], "texture": "#0"},
				"east": {"uv": [2, 14, 2.5, 14.5], "texture": "#0"},
				"south": {"uv": [2.5, 14, 2, 14.5], "texture": "#0"},
				"west": {"uv": [2.5, 14, 2, 14.5], "texture": "#0"},
				"up": {"uv": [2, 14, 2.5, 14.5], "rotation": 90, "texture": "#0"},
				"down": {"uv": [2.5, 14, 2, 14.5], "rotation": 90, "texture": "#0"}
			}
		},
		{
			"from": [14, 1, 7.5],
			"to": [14.5, 1.5, 8.5],
			"rotation": {"angle": 0, "axis": "y", "origin": [21, 9, 15.25]},
			"faces": {
				"north": {"uv": [1.5, 14.5, 2, 15], "texture": "#0"},
				"east": {"uv": [1.5, 14.5, 2, 15], "texture": "#0"},
				"south": {"uv": [2, 14.5, 1.5, 15], "texture": "#0"},
				"west": {"uv": [2, 14.5, 1.5, 15], "texture": "#0"},
				"up": {"uv": [1.5, 14.5, 2, 15], "rotation": 90, "texture": "#0"},
				"down": {"uv": [2, 14.5, 1.5, 15], "rotation": 90, "texture": "#0"}
			}
		},
		{
			"from": [14.5, 0.5, 7.25],
			"to": [15.5, 1.5, 8.75],
			"rotation": {"angle": 0, "axis": "y", "origin": [21.5, 9, 15.25]},
			"faces": {
				"north": {"uv": [0.5, 14.5, 1.5, 15.5], "texture": "#0"},
				"east": {"uv": [0.5, 14.5, 1, 15.5], "texture": "#0"},
				"south": {"uv": [1.5, 14.5, 0.5, 15.5], "texture": "#0"},
				"west": {"uv": [1.5, 14.5, 1, 15.5], "texture": "#0"},
				"up": {"uv": [0.5, 14.5, 1, 15.5], "rotation": 90, "texture": "#0"},
				"down": {"uv": [1.5, 14.5, 1, 15.5], "rotation": 90, "texture": "#0"}
			}
		},
		{
			"from": [14, 1.5, 7.25],
			"to": [14.5, 2, 8.75],
			"rotation": {"angle": 0, "axis": "y", "origin": [21, 10, 15.25]},
			"faces": {
				"north": {"uv": [1.5, 14, 2, 14.5], "texture": "#0"},
				"east": {"uv": [1.5, 14, 2, 14.5], "texture": "#0"},
				"south": {"uv": [2, 14, 1.5, 14.5], "texture": "#0"},
				"west": {"uv": [2, 14, 1.5, 14.5], "texture": "#0"},
				"up": {"uv": [1.5, 14, 2, 14.5], "rotation": 90, "texture": "#0"},
				"down": {"uv": [2, 14, 1.5, 14.5], "rotation": 90, "texture": "#0"}
			}
		},
		{
			"from": [13.5, 2, 7.25],
			"to": [14, 2.5, 8.75],
			"rotation": {"angle": 0, "axis": "y", "origin": [20.5, 10.5, 15.25]},
			"faces": {
				"north": {"uv": [2, 13.5, 2.5, 14], "texture": "#0"},
				"east": {"uv": [2, 13.5, 2.5, 14], "texture": "#0"},
				"south": {"uv": [2.5, 13.5, 2, 14], "texture": "#0"},
				"west": {"uv": [2.5, 13.5, 2, 14], "texture": "#0"},
				"up": {"uv": [2, 13.5, 2.5, 14], "rotation": 90, "texture": "#0"},
				"down": {"uv": [2.5, 13.5, 2, 14], "rotation": 90, "texture": "#0"}
			}
		},
		{
			"from": [13, 2.5, 7.25],
			"to": [13.5, 3, 8.75],
			"rotation": {"angle": 0, "axis": "y", "origin": [20, 11, 15.25]},
			"faces": {
				"north": {"uv": [2.5, 13, 3, 13.5], "texture": "#0"},
				"east": {"uv": [2.5, 13, 3, 13.5], "texture": "#0"},
				"south": {"uv": [3, 13, 2.5, 13.5], "texture": "#0"},
				"west": {"uv": [3, 13, 2.5, 13.5], "texture": "#0"},
				"up": {"uv": [2.5, 13, 3, 13.5], "rotation": 90, "texture": "#0"},
				"down": {"uv": [3, 13, 2.5, 13.5], "rotation": 90, "texture": "#0"}
			}
		},
		{
			"from": [12.5, 3, 7.25],
			"to": [13, 3.5, 8.75],
			"rotation": {"angle": 0, "axis": "y", "origin": [19.5, 11.5, 15.25]},
			"faces": {
				"north": {"uv": [3, 12.5, 3.5, 13], "texture": "#0"},
				"east": {"uv": [3, 12.5, 3.5, 13], "texture": "#0"},
				"south": {"uv": [3.5, 12.5, 3, 13], "texture": "#0"},
				"west": {"uv": [3.5, 12.5, 3, 13], "texture": "#0"},
				"up": {"uv": [3, 12.5, 3.5, 13], "rotation": 90, "texture": "#0"},
				"down": {"uv": [3.5, 12.5, 3, 13], "rotation": 90, "texture": "#0"}
			}
		},
		{
			"from": [12, 3.5, 7.25],
			"to": [12.5, 5, 8.75],
			"rotation": {"angle": 0, "axis": "y", "origin": [19, 12, 15.25]},
			"faces": {
				"north": {"uv": [3.5, 11, 4, 12.5], "texture": "#0"},
				"east": {"uv": [3.5, 11, 4, 12.5], "texture": "#0"},
				"south": {"uv": [4, 11, 3.5, 12.5], "texture": "#0"},
				"west": {"uv": [4, 11, 3.5, 12.5], "texture": "#0"},
				"up": {"uv": [3.5, 11, 4, 12.5], "rotation": 90, "texture": "#0"},
				"down": {"uv": [4, 11, 3.5, 12.5], "rotation": 90, "texture": "#0"}
			}
		},
		{
			"from": [12.5, 5, 7.25],
			"to": [13, 6, 8.75],
			"rotation": {"angle": 0, "axis": "y", "origin": [19.5, 13, 15.25]},
			"faces": {
				"north": {"uv": [3, 10, 3.5, 11], "texture": "#0"},
				"east": {"uv": [3, 10, 3.5, 11], "texture": "#0"},
				"south": {"uv": [3.5, 10, 3, 11], "texture": "#0"},
				"west": {"uv": [3.5, 10, 3, 11], "texture": "#0"},
				"up": {"uv": [3, 10, 3.5, 11], "rotation": 90, "texture": "#0"},
				"down": {"uv": [3.5, 10, 3, 11], "rotation": 90, "texture": "#0"}
			}
		},
		{
			"from": [13, 6, 7.25],
			"to": [13.5, 6.5, 8.75],
			"rotation": {"angle": 0, "axis": "y", "origin": [20, 13.5, 15.25]},
			"faces": {
				"north": {"uv": [2.5, 9.5, 3, 10], "texture": "#0"},
				"east": {"uv": [2.5, 9.5, 3, 10], "texture": "#0"},
				"south": {"uv": [3, 9.5, 2.5, 10], "texture": "#0"},
				"west": {"uv": [3, 9.5, 2.5, 10], "texture": "#0"},
				"up": {"uv": [2.5, 9.5, 3, 10], "rotation": 90, "texture": "#0"},
				"down": {"uv": [3, 9.5, 2.5, 10], "rotation": 90, "texture": "#0"}
			}
		},
		{
			"from": [13.5, 6.5, 7.25],
			"to": [14, 7, 8.75],
			"rotation": {"angle": 0, "axis": "y", "origin": [20.5, 14, 15.25]},
			"faces": {
				"north": {"uv": [2, 9, 2.5, 9.5], "texture": "#0"},
				"east": {"uv": [2, 9, 2.5, 9.5], "texture": "#0"},
				"south": {"uv": [2.5, 9, 2, 9.5], "texture": "#0"},
				"west": {"uv": [2.5, 9, 2, 9.5], "texture": "#0"},
				"up": {"uv": [2, 9, 2.5, 9.5], "rotation": 90, "texture": "#0"},
				"down": {"uv": [2.5, 9, 2, 9.5], "rotation": 90, "texture": "#0"}
			}
		},
		{
			"from": [14, 7, 7.25],
			"to": [15, 7.5, 8.75],
			"rotation": {"angle": 0, "axis": "y", "origin": [21, 14.5, 15.25]},
			"faces": {
				"north": {"uv": [1, 8.5, 2, 9], "texture": "#0"},
				"east": {"uv": [1, 8.5, 1.5, 9], "texture": "#0"},
				"south": {"uv": [2, 8.5, 1, 9], "texture": "#0"},
				"west": {"uv": [2, 8.5, 1.5, 9], "texture": "#0"},
				"up": {"uv": [1, 8.5, 1.5, 9], "rotation": 90, "texture": "#0"},
				"down": {"uv": [2, 8.5, 1.5, 9], "rotation": 90, "texture": "#0"}
			}
		},
		{
			"from": [13, 7.5, 7.25],
			"to": [14, 8, 8.75],
			"rotation": {"angle": 0, "axis": "y", "origin": [20, 15, 15.25]},
			"faces": {
				"north": {"uv": [2, 8, 3, 8.5], "texture": "#0"},
				"east": {"uv": [2, 8, 2.5, 8.5], "texture": "#0"},
				"south": {"uv": [3, 8, 2, 8.5], "texture": "#0"},
				"west": {"uv": [3, 8, 2.5, 8.5], "texture": "#0"},
				"up": {"uv": [2, 8, 2.5, 8.5], "rotation": 90, "texture": "#0"},
				"down": {"uv": [3, 8, 2.5, 8.5], "rotation": 90, "texture": "#0"}
			}
		},
		{
			"from": [12, 7, 7.25],
			"to": [13, 7.5, 8.75],
			"rotation": {"angle": 0, "axis": "y", "origin": [19, 14.5, 15.25]},
			"faces": {
				"north": {"uv": [3, 8.5, 4, 9], "texture": "#0"},
				"east": {"uv": [3, 8.5, 3.5, 9], "texture": "#0"},
				"south": {"uv": [4, 8.5, 3, 9], "texture": "#0"},
				"west": {"uv": [4, 8.5, 3.5, 9], "texture": "#0"},
				"up": {"uv": [3, 8.5, 3.5, 9], "rotation": 90, "texture": "#0"},
				"down": {"uv": [4, 8.5, 3.5, 9], "rotation": 90, "texture": "#0"}
			}
		},
		{
			"from": [11.5, 6.5, 7.25],
			"to": [12, 7, 8.75],
			"rotation": {"angle": 0, "axis": "y", "origin": [18.5, 14, 15.25]},
			"faces": {
				"north": {"uv": [4, 9, 4.5, 9.5], "texture": "#0"},
				"east": {"uv": [4, 9, 4.5, 9.5], "texture": "#0"},
				"south": {"uv": [4.5, 9, 4, 9.5], "texture": "#0"},
				"west": {"uv": [4.5, 9, 4, 9.5], "texture": "#0"},
				"up": {"uv": [4, 9, 4.5, 9.5], "rotation": 90, "texture": "#0"},
				"down": {"uv": [4.5, 9, 4, 9.5], "rotation": 90, "texture": "#0"}
			}
		},
		{
			"from": [11, 4.5, 7.25],
			"to": [11.5, 5, 8.75],
			"rotation": {"angle": 0, "axis": "y", "origin": [18, 12, 15.25]},
			"faces": {
				"north": {"uv": [4.5, 11, 5, 11.5], "texture": "#0"},
				"east": {"uv": [4.5, 11, 5, 11.5], "texture": "#0"},
				"south": {"uv": [5, 11, 4.5, 11.5], "texture": "#0"},
				"west": {"uv": [5, 11, 4.5, 11.5], "texture": "#0"},
				"up": {"uv": [4.5, 11, 5, 11.5], "rotation": 90, "texture": "#0"},
				"down": {"uv": [5, 11, 4.5, 11.5], "rotation": 90, "texture": "#0"}
			}
		},
		{
			"from": [11, 5.5, 7.25],
			"to": [11.5, 6.5, 8.75],
			"rotation": {"angle": 0, "axis": "y", "origin": [18, 13.5, 15.25]},
			"faces": {
				"north": {"uv": [4.5, 9.5, 5, 10.5], "texture": "#0"},
				"east": {"uv": [4.5, 9.5, 5, 10.5], "texture": "#0"},
				"south": {"uv": [5, 9.5, 4.5, 10.5], "texture": "#0"},
				"west": {"uv": [5, 9.5, 4.5, 10.5], "texture": "#0"},
				"up": {"uv": [4.5, 9.5, 5, 10.5], "rotation": 90, "texture": "#0"},
				"down": {"uv": [5, 9.5, 4.5, 10.5], "rotation": 90, "texture": "#0"}
			}
		},
		{
			"from": [10.5, 5, 7.25],
			"to": [11, 5.5, 8.75],
			"rotation": {"angle": 0, "axis": "y", "origin": [17.5, 13, 15.25]},
			"faces": {
				"north": {"uv": [5, 10.5, 5.5, 11], "texture": "#0"},
				"east": {"uv": [5, 10.5, 5.5, 11], "texture": "#0"},
				"south": {"uv": [5.5, 10.5, 5, 11], "texture": "#0"},
				"west": {"uv": [5.5, 10.5, 5, 11], "texture": "#0"},
				"up": {"uv": [5, 10.5, 5.5, 11], "rotation": 90, "texture": "#0"},
				"down": {"uv": [5.5, 10.5, 5, 11], "rotation": 90, "texture": "#0"}
			}
		},
		{
			"from": [10, 5.5, 7.25],
			"to": [10.5, 6, 8.75],
			"rotation": {"angle": 0, "axis": "y", "origin": [17, 13.5, 15.25]},
			"faces": {
				"north": {"uv": [5.5, 10, 6, 10.5], "texture": "#0"},
				"east": {"uv": [5.5, 10, 6, 10.5], "texture": "#0"},
				"south": {"uv": [6, 10, 5.5, 10.5], "texture": "#0"},
				"west": {"uv": [6, 10, 5.5, 10.5], "texture": "#0"},
				"up": {"uv": [5.5, 10, 6, 10.5], "rotation": 90, "texture": "#0"},
				"down": {"uv": [6, 10, 5.5, 10.5], "rotation": 90, "texture": "#0"}
			}
		},
		{
			"from": [9.5, 6, 7.25],
			"to": [10, 6.5, 8.75],
			"rotation": {"angle": 0, "axis": "y", "origin": [16.5, 14, 15.25]},
			"faces": {
				"north": {"uv": [6, 9.5, 6.5, 10], "texture": "#0"},
				"east": {"uv": [6, 9.5, 6.5, 10], "texture": "#0"},
				"south": {"uv": [6.5, 9.5, 6, 10], "texture": "#0"},
				"west": {"uv": [6.5, 9.5, 6, 10], "texture": "#0"},
				"up": {"uv": [6, 9.5, 6.5, 10], "rotation": 90, "texture": "#0"},
				"down": {"uv": [6.5, 9.5, 6, 10], "rotation": 90, "texture": "#0"}
			}
		},
		{
			"from": [9, 6.5, 7.25],
			"to": [9.5, 7, 8.75],
			"rotation": {"angle": 0, "axis": "y", "origin": [16, 14.5, 15.25]},
			"faces": {
				"north": {"uv": [6.5, 9, 7, 9.5], "texture": "#0"},
				"east": {"uv": [6.5, 9, 7, 9.5], "texture": "#0"},
				"south": {"uv": [7, 9, 6.5, 9.5], "texture": "#0"},
				"west": {"uv": [7, 9, 6.5, 9.5], "texture": "#0"},
				"up": {"uv": [6.5, 9, 7, 9.5], "rotation": 90, "texture": "#0"},
				"down": {"uv": [7, 9, 6.5, 9.5], "rotation": 90, "texture": "#0"}
			}
		},
		{
			"from": [8.5, 7, 7.25],
			"to": [9, 7.5, 8.75],
			"rotation": {"angle": 0, "axis": "y", "origin": [15.5, 15, 15.25]},
			"faces": {
				"north": {"uv": [7, 8.5, 7.5, 9], "texture": "#0"},
				"east": {"uv": [7, 8.5, 7.5, 9], "texture": "#0"},
				"south": {"uv": [7.5, 8.5, 7, 9], "texture": "#0"},
				"west": {"uv": [7.5, 8.5, 7, 9], "texture": "#0"},
				"up": {"uv": [7, 8.5, 7.5, 9], "rotation": 90, "texture": "#0"},
				"down": {"uv": [7.5, 8.5, 7, 9], "rotation": 90, "texture": "#0"}
			}
		},
		{
			"from": [8, 7.5, 7.25],
			"to": [8.5, 8, 8.75],
			"rotation": {"angle": 0, "axis": "y", "origin": [15, 15.5, 15.25]},
			"faces": {
				"north": {"uv": [7.5, 8, 8, 8.5], "texture": "#0"},
				"east": {"uv": [7.5, 8, 8, 8.5], "texture": "#0"},
				"south": {"uv": [8, 8, 7.5, 8.5], "texture": "#0"},
				"west": {"uv": [8, 8, 7.5, 8.5], "texture": "#0"},
				"up": {"uv": [7.5, 8, 8, 8.5], "rotation": 90, "texture": "#0"},
				"down": {"uv": [8, 8, 7.5, 8.5], "rotation": 90, "texture": "#0"}
			}
		},
		{
			"from": [7.5, 8, 7.25],
			"to": [8, 8.5, 8.75],
			"rotation": {"angle": 0, "axis": "y", "origin": [14.5, 16, 15.25]},
			"faces": {
				"north": {"uv": [8, 7.5, 8.5, 8], "texture": "#0"},
				"east": {"uv": [8, 7.5, 8.5, 8], "texture": "#0"},
				"south": {"uv": [8.5, 7.5, 8, 8], "texture": "#0"},
				"west": {"uv": [8.5, 7.5, 8, 8], "texture": "#0"},
				"up": {"uv": [8, 7.5, 8.5, 8], "rotation": 90, "texture": "#0"},
				"down": {"uv": [8.5, 7.5, 8, 8], "rotation": 90, "texture": "#0"}
			}
		},
		{
			"from": [7, 8.5, 7.25],
			"to": [7.5, 9, 8.75],
			"rotation": {"angle": 0, "axis": "y", "origin": [14, 16.5, 15.25]},
			"faces": {
				"north": {"uv": [8.5, 7, 9, 7.5], "texture": "#0"},
				"east": {"uv": [8.5, 7, 9, 7.5], "texture": "#0"},
				"south": {"uv": [9, 7, 8.5, 7.5], "texture": "#0"},
				"west": {"uv": [9, 7, 8.5, 7.5], "texture": "#0"},
				"up": {"uv": [8.5, 7, 9, 7.5], "rotation": 90, "texture": "#0"},
				"down": {"uv": [9, 7, 8.5, 7.5], "rotation": 90, "texture": "#0"}
			}
		},
		{
			"from": [6.5, 9, 7.25],
			"to": [7, 9.5, 8.75],
			"rotation": {"angle": 0, "axis": "y", "origin": [13.5, 17, 15.25]},
			"faces": {
				"north": {"uv": [9, 6.5, 9.5, 7], "texture": "#0"},
				"east": {"uv": [9, 6.5, 9.5, 7], "texture": "#0"},
				"south": {"uv": [9.5, 6.5, 9, 7], "texture": "#0"},
				"west": {"uv": [9.5, 6.5, 9, 7], "texture": "#0"},
				"up": {"uv": [9, 6.5, 9.5, 7], "rotation": 90, "texture": "#0"},
				"down": {"uv": [9.5, 6.5, 9, 7], "rotation": 90, "texture": "#0"}
			}
		},
		{
			"from": [6, 9.5, 7.25],
			"to": [6.5, 10, 8.75],
			"rotation": {"angle": 0, "axis": "y", "origin": [13, 17.5, 15.25]},
			"faces": {
				"north": {"uv": [9.5, 6, 10, 6.5], "texture": "#0"},
				"east": {"uv": [9.5, 6, 10, 6.5], "texture": "#0"},
				"south": {"uv": [10, 6, 9.5, 6.5], "texture": "#0"},
				"west": {"uv": [10, 6, 9.5, 6.5], "texture": "#0"},
				"up": {"uv": [9.5, 6, 10, 6.5], "rotation": 90, "texture": "#0"},
				"down": {"uv": [10, 6, 9.5, 6.5], "rotation": 90, "texture": "#0"}
			}
		},
		{
			"from": [5.5, 10, 7.25],
			"to": [6, 10.5, 8.75],
			"rotation": {"angle": 0, "axis": "y", "origin": [12.5, 18, 15.25]},
			"faces": {
				"north": {"uv": [10, 5.5, 10.5, 6], "texture": "#0"},
				"east": {"uv": [10, 5.5, 10.5, 6], "texture": "#0"},
				"south": {"uv": [10.5, 5.5, 10, 6], "texture": "#0"},
				"west": {"uv": [10.5, 5.5, 10, 6], "texture": "#0"},
				"up": {"uv": [10, 5.5, 10.5, 6], "rotation": 90, "texture": "#0"},
				"down": {"uv": [10.5, 5.5, 10, 6], "rotation": 90, "texture": "#0"}
			}
		},
		{
			"from": [5, 10.5, 7.25],
			"to": [5.5, 11, 8.75],
			"rotation": {"angle": 0, "axis": "y", "origin": [12, 18.5, 15.25]},
			"faces": {
				"north": {"uv": [10.5, 5, 11, 5.5], "texture": "#0"},
				"east": {"uv": [10.5, 5, 11, 5.5], "texture": "#0"},
				"south": {"uv": [11, 5, 10.5, 5.5], "texture": "#0"},
				"west": {"uv": [11, 5, 10.5, 5.5], "texture": "#0"},
				"up": {"uv": [10.5, 5, 11, 5.5], "rotation": 90, "texture": "#0"},
				"down": {"uv": [11, 5, 10.5, 5.5], "rotation": 90, "texture": "#0"}
			}
		},
		{
			"from": [4.5, 11, 7.25],
			"to": [5, 11.5, 8.75],
			"rotation": {"angle": 0, "axis": "y", "origin": [11.5, 19, 15.25]},
			"faces": {
				"north": {"uv": [11, 4.5, 11.5, 5], "texture": "#0"},
				"east": {"uv": [11, 4.5, 11.5, 5], "texture": "#0"},
				"south": {"uv": [11.5, 4.5, 11, 5], "texture": "#0"},
				"west": {"uv": [11.5, 4.5, 11, 5], "texture": "#0"},
				"up": {"uv": [11, 4.5, 11.5, 5], "rotation": 90, "texture": "#0"},
				"down": {"uv": [11.5, 4.5, 11, 5], "rotation": 90, "texture": "#0"}
			}
		},
		{
			"from": [4, 11.5, 7.25],
			"to": [4.5, 12, 8.75],
			"rotation": {"angle": 0, "axis": "y", "origin": [11, 19.5, 15.25]},
			"faces": {
				"north": {"uv": [11.5, 4, 12, 4.5], "texture": "#0"},
				"east": {"uv": [11.5, 4, 12, 4.5], "texture": "#0"},
				"south": {"uv": [12, 4, 11.5, 4.5], "texture": "#0"},
				"west": {"uv": [12, 4, 11.5, 4.5], "texture": "#0"},
				"up": {"uv": [11.5, 4, 12, 4.5], "rotation": 90, "texture": "#0"},
				"down": {"uv": [12, 4, 11.5, 4.5], "rotation": 90, "texture": "#0"}
			}
		},
		{
			"from": [3.5, 12, 7.25],
			"to": [4, 12.5, 8.75],
			"rotation": {"angle": 0, "axis": "y", "origin": [10.5, 20, 15.25]},
			"faces": {
				"north": {"uv": [12, 3.5, 12.5, 4], "texture": "#0"},
				"east": {"uv": [12, 3.5, 12.5, 4], "texture": "#0"},
				"south": {"uv": [12.5, 3.5, 12, 4], "texture": "#0"},
				"west": {"uv": [12.5, 3.5, 12, 4], "texture": "#0"},
				"up": {"uv": [12, 3.5, 12.5, 4], "rotation": 90, "texture": "#0"},
				"down": {"uv": [12.5, 3.5, 12, 4], "rotation": 90, "texture": "#0"}
			}
		},
		{
			"from": [3, 12.5, 7.25],
			"to": [3.5, 13, 8.75],
			"rotation": {"angle": 0, "axis": "y", "origin": [10, 20.5, 15.25]},
			"faces": {
				"north": {"uv": [12.5, 3, 13, 3.5], "texture": "#0"},
				"east": {"uv": [12.5, 3, 13, 3.5], "texture": "#0"},
				"south": {"uv": [13, 3, 12.5, 3.5], "texture": "#0"},
				"west": {"uv": [13, 3, 12.5, 3.5], "texture": "#0"},
				"up": {"uv": [12.5, 3, 13, 3.5], "rotation": 90, "texture": "#0"},
				"down": {"uv": [13, 3, 12.5, 3.5], "rotation": 90, "texture": "#0"}
			}
		},
		{
			"from": [2.5, 13, 7.25],
			"to": [3, 13.5, 8.75],
			"rotation": {"angle": 0, "axis": "y", "origin": [9.5, 21, 15.25]},
			"faces": {
				"north": {"uv": [13, 2.5, 13.5, 3], "texture": "#0"},
				"east": {"uv": [13, 2.5, 13.5, 3], "texture": "#0"},
				"south": {"uv": [13.5, 2.5, 13, 3], "texture": "#0"},
				"west": {"uv": [13.5, 2.5, 13, 3], "texture": "#0"},
				"up": {"uv": [13, 2.5, 13.5, 3], "rotation": 90, "texture": "#0"},
				"down": {"uv": [13.5, 2.5, 13, 3], "rotation": 90, "texture": "#0"}
			}
		},
		{
			"from": [2, 13.5, 7.25],
			"to": [2.5, 14, 8.75],
			"rotation": {"angle": 0, "axis": "y", "origin": [9, 21.5, 15.25]},
			"faces": {
				"north": {"uv": [13.5, 2, 14, 2.5], "texture": "#0"},
				"east": {"uv": [13.5, 2, 14, 2.5], "texture": "#0"},
				"south": {"uv": [14, 2, 13.5, 2.5], "texture": "#0"},
				"west": {"uv": [14, 2, 13.5, 2.5], "texture": "#0"},
				"up": {"uv": [13.5, 2, 14, 2.5], "rotation": 90, "texture": "#0"},
				"down": {"uv": [14, 2, 13.5, 2.5], "rotation": 90, "texture": "#0"}
			}
		},
		{
			"from": [1.5, 14, 7.25],
			"to": [2, 14.5, 8.75],
			"rotation": {"angle": 0, "axis": "y", "origin": [8.5, 22, 15.25]},
			"faces": {
				"north": {"uv": [14, 1.5, 14.5, 2], "texture": "#0"},
				"east": {"uv": [14, 1.5, 14.5, 2], "texture": "#0"},
				"south": {"uv": [14.5, 1.5, 14, 2], "texture": "#0"},
				"west": {"uv": [14.5, 1.5, 14, 2], "texture": "#0"},
				"up": {"uv": [14, 1.5, 14.5, 2], "rotation": 90, "texture": "#0"},
				"down": {"uv": [14.5, 1.5, 14, 2], "rotation": 90, "texture": "#0"}
			}
		},
		{
			"from": [9.5, 4.5, 7.25],
			"to": [10.5, 5, 8.75],
			"rotation": {"angle": 0, "axis": "y", "origin": [17, 12.5, 15.25]},
			"faces": {
				"north": {"uv": [5.5, 11, 6.5, 11.5], "texture": "#0"},
				"east": {"uv": [5.5, 11, 6, 11.5], "texture": "#0"},
				"south": {"uv": [6.5, 11, 5.5, 11.5], "texture": "#0"},
				"west": {"uv": [6.5, 11, 6, 11.5], "texture": "#0"},
				"up": {"uv": [5.5, 11, 6, 11.5], "rotation": 90, "texture": "#0"},
				"down": {"uv": [6.5, 11, 6, 11.5], "rotation": 90, "texture": "#0"}
			}
		},
		{
			"from": [9, 4, 7.25],
			"to": [9.5, 4.5, 8.75],
			"rotation": {"angle": 0, "axis": "y", "origin": [16.5, 12, 15.25]},
			"faces": {
				"north": {"uv": [6.5, 11.5, 7, 12], "texture": "#0"},
				"east": {"uv": [6.5, 11.5, 7, 12], "texture": "#0"},
				"south": {"uv": [7, 11.5, 6.5, 12], "texture": "#0"},
				"west": {"uv": [7, 11.5, 6.5, 12], "texture": "#0"},
				"up": {"uv": [6.5, 11.5, 7, 12], "rotation": 90, "texture": "#0"},
				"down": {"uv": [7, 11.5, 6.5, 12], "rotation": 90, "texture": "#0"}
			}
		},
		{
			"from": [9, 2, 7.25],
			"to": [9.5, 2.5, 8.75],
			"rotation": {"angle": 0, "axis": "y", "origin": [16.5, 10, 15.25]},
			"faces": {
				"north": {"uv": [6.5, 13.5, 7, 14], "texture": "#0"},
				"east": {"uv": [6.5, 13.5, 7, 14], "texture": "#0"},
				"south": {"uv": [7, 13.5, 6.5, 14], "texture": "#0"},
				"west": {"uv": [7, 13.5, 6.5, 14], "texture": "#0"},
				"up": {"uv": [6.5, 13.5, 7, 14], "rotation": 90, "texture": "#0"},
				"down": {"uv": [7, 13.5, 6.5, 14], "rotation": 90, "texture": "#0"}
			}
		},
		{
			"from": [9.5, 2.5, 7.25],
			"to": [10, 3, 8.75],
			"rotation": {"angle": 0, "axis": "y", "origin": [17, 10.5, 15.25]},
			"faces": {
				"north": {"uv": [6, 13, 6.5, 13.5], "texture": "#0"},
				"east": {"uv": [6, 13, 6.5, 13.5], "texture": "#0"},
				"south": {"uv": [6.5, 13, 6, 13.5], "texture": "#0"},
				"west": {"uv": [6.5, 13, 6, 13.5], "texture": "#0"},
				"up": {"uv": [6, 13, 6.5, 13.5], "rotation": 90, "texture": "#0"},
				"down": {"uv": [6.5, 13, 6, 13.5], "rotation": 90, "texture": "#0"}
			}
		},
		{
			"from": [10, 3, 7.25],
			"to": [11, 3.5, 8.75],
			"rotation": {"angle": 0, "axis": "y", "origin": [17.5, 11, 15.25]},
			"faces": {
				"north": {"uv": [5, 12.5, 6, 13], "texture": "#0"},
				"east": {"uv": [5, 12.5, 5.5, 13], "texture": "#0"},
				"south": {"uv": [6, 12.5, 5, 13], "texture": "#0"},
				"west": {"uv": [6, 12.5, 5.5, 13], "texture": "#0"},
				"up": {"uv": [5, 12.5, 5.5, 13], "rotation": 90, "texture": "#0"},
				"down": {"uv": [6, 12.5, 5.5, 13], "rotation": 90, "texture": "#0"}
			}
		},
		{
			"from": [11, 3.5, 7.25],
			"to": [12, 4, 8.75],
			"rotation": {"angle": 0, "axis": "y", "origin": [18.5, 11.5, 15.25]},
			"faces": {
				"north": {"uv": [4, 12, 5, 12.5], "texture": "#0"},
				"east": {"uv": [4, 12, 4.5, 12.5], "texture": "#0"},
				"south": {"uv": [5, 12, 4, 12.5], "texture": "#0"},
				"west": {"uv": [5, 12, 4.5, 12.5], "texture": "#0"},
				"up": {"uv": [4, 12, 4.5, 12.5], "rotation": 90, "texture": "#0"},
				"down": {"uv": [5, 12, 4.5, 12.5], "rotation": 90, "texture": "#0"}
			}
		},
		{
			"from": [9.5, 4, 7],
			"to": [12, 4.5, 9],
			"rotation": {"angle": 0, "axis": "y", "origin": [18.5, 12, 15.25]},
			"faces": {
				"north": {"uv": [4, 11.5, 6.5, 12], "texture": "#0"},
				"east": {"uv": [4, 11.5, 4.5, 12], "texture": "#0"},
				"south": {"uv": [6.5, 11.5, 4, 12], "texture": "#0"},
				"west": {"uv": [6.5, 11.5, 6, 12], "texture": "#0"},
				"up": {"uv": [4, 11.5, 4.5, 12], "rotation": 90, "texture": "#0"},
				"down": {"uv": [6.5, 11.5, 6, 12], "rotation": 90, "texture": "#0"}
			}
		},
		{
			"from": [9, 3.5, 7],
			"to": [11, 4, 9],
			"rotation": {"angle": 0, "axis": "y", "origin": [18, 11.5, 15.25]},
			"faces": {
				"north": {"uv": [5, 12, 7, 12.5], "texture": "#0"},
				"east": {"uv": [5, 12, 5.5, 12.5], "texture": "#0"},
				"south": {"uv": [7, 12, 5, 12.5], "texture": "#0"},
				"west": {"uv": [7, 12, 6.5, 12.5], "texture": "#0"},
				"up": {"uv": [5, 12, 5.5, 12.5], "rotation": 90, "texture": "#0"},
				"down": {"uv": [7, 12, 6.5, 12.5], "rotation": 90, "texture": "#0"}
			}
		},
		{
			"from": [9, 3, 7],
			"to": [10, 3.5, 9],
			"rotation": {"angle": 0, "axis": "y", "origin": [18, 11, 15.25]},
			"faces": {
				"north": {"uv": [6, 12.5, 7, 13], "texture": "#0"},
				"east": {"uv": [6, 12.5, 6.5, 13], "texture": "#0"},
				"south": {"uv": [7, 12.5, 6, 13], "texture": "#0"},
				"west": {"uv": [7, 12.5, 6.5, 13], "texture": "#0"},
				"up": {"uv": [6, 12.5, 6.5, 13], "rotation": 90, "texture": "#0"},
				"down": {"uv": [7, 12.5, 6.5, 13], "rotation": 90, "texture": "#0"}
			}
		},
		{
			"from": [8.5, 2.5, 7],
			"to": [9.5, 3, 9],
			"rotation": {"angle": 0, "axis": "y", "origin": [17.5, 10.5, 15.25]},
			"faces": {
				"north": {"uv": [6.5, 13, 7.5, 13.5], "texture": "#0"},
				"east": {"uv": [6.5, 13, 7, 13.5], "texture": "#0"},
				"south": {"uv": [7.5, 13, 6.5, 13.5], "texture": "#0"},
				"west": {"uv": [7.5, 13, 7, 13.5], "texture": "#0"},
				"up": {"uv": [6.5, 13, 7, 13.5], "rotation": 90, "texture": "#0"},
				"down": {"uv": [7.5, 13, 7, 13.5], "rotation": 90, "texture": "#0"}
			}
		},
		{
			"from": [8.5, 2, 7],
			"to": [9, 2.5, 9],
			"rotation": {"angle": 0, "axis": "y", "origin": [17.5, 10, 15.25]},
			"faces": {
				"north": {"uv": [7, 13.5, 7.5, 14], "texture": "#0"},
				"east": {"uv": [7, 13.5, 7.5, 14], "texture": "#0"},
				"south": {"uv": [7.5, 13.5, 7, 14], "texture": "#0"},
				"west": {"uv": [7.5, 13.5, 7, 14], "texture": "#0"},
				"up": {"uv": [7, 13.5, 7.5, 14], "rotation": 90, "texture": "#0"},
				"down": {"uv": [7.5, 13.5, 7, 14], "rotation": 90, "texture": "#0"}
			}
		},
		{
			"from": [10.5, 4.5, 7],
			"to": [11, 5, 9],
			"rotation": {"angle": 0, "axis": "y", "origin": [19.5, 12.5, 15.25]},
			"faces": {
				"north": {"uv": [5, 11, 5.5, 11.5], "texture": "#0"},
				"east": {"uv": [5, 11, 5.5, 11.5], "texture": "#0"},
				"south": {"uv": [5.5, 11, 5, 11.5], "texture": "#0"},
				"west": {"uv": [5.5, 11, 5, 11.5], "texture": "#0"},
				"up": {"uv": [5, 11, 5.5, 11.5], "rotation": 90, "texture": "#0"},
				"down": {"uv": [5.5, 11, 5, 11.5], "rotation": 90, "texture": "#0"}
			}
		},
		{
			"from": [11.5, 4.5, 7],
			"to": [12, 5, 9],
			"rotation": {"angle": 0, "axis": "y", "origin": [20.5, 12.5, 15.25]},
			"faces": {
				"north": {"uv": [4, 11, 4.5, 11.5], "texture": "#0"},
				"east": {"uv": [4, 11, 4.5, 11.5], "texture": "#0"},
				"south": {"uv": [4.5, 11, 4, 11.5], "texture": "#0"},
				"west": {"uv": [4.5, 11, 4, 11.5], "texture": "#0"},
				"up": {"uv": [4, 11, 4.5, 11.5], "rotation": 90, "texture": "#0"},
				"down": {"uv": [4.5, 11, 4, 11.5], "rotation": 90, "texture": "#0"}
			}
		},
		{
			"from": [11, 5, 7],
			"to": [12.5, 5.5, 9],
			"rotation": {"angle": 0, "axis": "y", "origin": [20, 13, 15.25]},
			"faces": {
				"north": {"uv": [3.5, 10.5, 5, 11], "texture": "#0"},
				"east": {"uv": [3.5, 10.5, 4, 11], "texture": "#0"},
				"south": {"uv": [5, 10.5, 3.5, 11], "texture": "#0"},
				"west": {"uv": [5, 10.5, 4.5, 11], "texture": "#0"},
				"up": {"uv": [3.5, 10.5, 4, 11], "rotation": 90, "texture": "#0"},
				"down": {"uv": [5, 10.5, 4.5, 11], "rotation": 90, "texture": "#0"}
			}
		},
		{
			"from": [11.5, 5.5, 7],
			"to": [12.5, 6.5, 9],
			"rotation": {"angle": 0, "axis": "y", "origin": [20, 13.5, 15.25]},
			"faces": {
				"north": {"uv": [3.5, 9.5, 4.5, 10.5], "texture": "#0"},
				"east": {"uv": [3.5, 9.5, 4, 10.5], "texture": "#0"},
				"south": {"uv": [4.5, 9.5, 3.5, 10.5], "texture": "#0"},
				"west": {"uv": [4.5, 9.5, 4, 10.5], "texture": "#0"},
				"up": {"uv": [3.5, 9.5, 4, 10.5], "rotation": 90, "texture": "#0"},
				"down": {"uv": [4.5, 9.5, 4, 10.5], "rotation": 90, "texture": "#0"}
			}
		},
		{
			"from": [12, 6.5, 7],
			"to": [13, 7, 9],
			"rotation": {"angle": 0, "axis": "y", "origin": [20.5, 14, 15.25]},
			"faces": {
				"north": {"uv": [3, 9, 4, 9.5], "texture": "#0"},
				"east": {"uv": [3, 9, 3.5, 9.5], "texture": "#0"},
				"south": {"uv": [4, 9, 3, 9.5], "texture": "#0"},
				"west": {"uv": [4, 9, 3.5, 9.5], "texture": "#0"},
				"up": {"uv": [3, 9, 3.5, 9.5], "rotation": 90, "texture": "#0"},
				"down": {"uv": [4, 9, 3.5, 9.5], "rotation": 90, "texture": "#0"}
			}
		},
		{
			"from": [13, 7, 7],
			"to": [14, 7.5, 9],
			"rotation": {"angle": 0, "axis": "y", "origin": [21.5, 14.5, 15.25]},
			"faces": {
				"north": {"uv": [2, 8.5, 3, 9], "texture": "#0"},
				"east": {"uv": [2, 8.5, 2.5, 9], "texture": "#0"},
				"south": {"uv": [3, 8.5, 2, 9], "texture": "#0"},
				"west": {"uv": [3, 8.5, 2.5, 9], "texture": "#0"},
				"up": {"uv": [2, 8.5, 2.5, 9], "rotation": 90, "texture": "#0"},
				"down": {"uv": [3, 8.5, 2.5, 9], "rotation": 90, "texture": "#0"}
			}
		},
		{
			"from": [13, 6.5, 7],
			"to": [13.5, 7, 9],
			"rotation": {"angle": 0, "axis": "y", "origin": [21.5, 14, 15.25]},
			"faces": {
				"north": {"uv": [2.5, 9, 3, 9.5], "texture": "#0"},
				"east": {"uv": [2.5, 9, 3, 9.5], "texture": "#0"},
				"south": {"uv": [3, 9, 2.5, 9.5], "texture": "#0"},
				"west": {"uv": [3, 9, 2.5, 9.5], "texture": "#0"},
				"up": {"uv": [2.5, 9, 3, 9.5], "rotation": 90, "texture": "#0"},
				"down": {"uv": [3, 9, 2.5, 9.5], "rotation": 90, "texture": "#0"}
			}
		},
		{
			"from": [12.5, 6, 7],
			"to": [13, 6.5, 9],
			"rotation": {"angle": 0, "axis": "y", "origin": [21, 13.5, 15.25]},
			"faces": {
				"north": {"uv": [3, 9.5, 3.5, 10], "texture": "#0"},
				"east": {"uv": [3, 9.5, 3.5, 10], "texture": "#0"},
				"south": {"uv": [3.5, 9.5, 3, 10], "texture": "#0"},
				"west": {"uv": [3.5, 9.5, 3, 10], "texture": "#0"},
				"up": {"uv": [3, 9.5, 3.5, 10], "rotation": 90, "texture": "#0"},
				"down": {"uv": [3.5, 9.5, 3, 10], "rotation": 90, "texture": "#0"}
			}
		},
		{
			"from": [8.5, 3, 7.25],
			"to": [9, 4, 8.75],
			"rotation": {"angle": 0, "axis": "y", "origin": [16, 11.5, 15.25]},
			"faces": {
				"north": {"uv": [7, 12, 7.5, 13], "texture": "#0"},
				"east": {"uv": [7, 12, 7.5, 13], "texture": "#0"},
				"south": {"uv": [7.5, 12, 7, 13], "texture": "#0"},
				"west": {"uv": [7.5, 12, 7, 13], "texture": "#0"},
				"up": {"uv": [7, 12, 7.5, 13], "rotation": 90, "texture": "#0"},
				"down": {"uv": [7.5, 12, 7, 13], "rotation": 90, "texture": "#0"}
			}
		},
		{
			"from": [8, 2, 7.25],
			"to": [8.5, 3, 8.75],
			"rotation": {"angle": 0, "axis": "y", "origin": [15.5, 10.5, 15.25]},
			"faces": {
				"north": {"uv": [7.5, 13, 8, 14], "texture": "#0"},
				"east": {"uv": [7.5, 13, 8, 14], "texture": "#0"},
				"south": {"uv": [8, 13, 7.5, 14], "texture": "#0"},
				"west": {"uv": [8, 13, 7.5, 14], "texture": "#0"},
				"up": {"uv": [7.5, 13, 8, 14], "rotation": 90, "texture": "#0"},
				"down": {"uv": [8, 13, 7.5, 14], "rotation": 90, "texture": "#0"}
			}
		},
		{
			"from": [8.5, 1, 7.25],
			"to": [9, 2, 8.75],
			"rotation": {"angle": 0, "axis": "y", "origin": [16, 9.5, 15.25]},
			"faces": {
				"north": {"uv": [7, 14, 7.5, 15], "texture": "#0"},
				"east": {"uv": [7, 14, 7.5, 15], "texture": "#0"},
				"south": {"uv": [7.5, 14, 7, 15], "texture": "#0"},
				"west": {"uv": [7.5, 14, 7, 15], "texture": "#0"},
				"up": {"uv": [7, 14, 7.5, 15], "rotation": 90, "texture": "#0"},
				"down": {"uv": [7.5, 14, 7, 15], "rotation": 90, "texture": "#0"}
			}
		}
	],
	"gui_light": "front",
	"display": {
		"thirdperson_righthand": {
			"rotation": [0, 90, -55],
			"translation": [0, 5.75, -0.25],
			"scale": [1.05, 1.05, 0.95]
		},
		"thirdperson_lefthand": {
			"rotation": [0, -90, 55],
			"translation": [0, 5.75, -0.25],
			"scale": [1.05, 1.05, 0.95]
		},
		"firstperson_righthand": {
			"rotation": [0, 90, -25],
			"translation": [1.13, 3.2, 1.13],
			"scale": [0.84, 0.84, 0.76]
		},
		"firstperson_lefthand": {
			"rotation": [0, -90, 25],
			"translation": [1.13, 3.2, 1.13],
			"scale": [0.84, 0.84, 0.76]
		},
		"ground": {
			"translation": [0, 2, 0],
			"scale": [0.7, 0.7, 0.55]
		},
		"gui": {
			"rotation": [-180, 0, -180]
		}
	}
}