{
	"credit": "Made with Blockbench",
	"parent": "item/handheld",
	"textures": {
		"layer0": "item/ff7/buster_sword"
	},
	"display": {
		"thirdperson_righthand": {
			"rotation": [0, 90, 35],
			"translation": [0.5, 11.25, 0],
			"scale": [1.9, 1.9, 1.4]
		},
		"thirdperson_lefthand": {
			"rotation": [0, -90, -35],
			"translation": [0.5, 11.25, 0],
			"scale": [1.9, 1.9, 1.4]
		},
		"firstperson_righthand": {
			"rotation": [0, 90, 65],
			"translation": [1.63, 7.2, 2.88],
			"scale": [1.52, 1.52, 1.12]
		},
		"firstperson_lefthand": {
			"rotation": [0, -90, -65],
			"translation": [1.63, 7.2, 2.88],
			"scale": [1.52, 1.52, 1.12]
		},
		"ground": {
			"translation": [0, 7.5, 0],
			"scale": [1.5, 1.5, 1.3]
		},
		"head": {
			"rotation": [0, 0, 45],
			"translation": [0, -1.5, 1],
			"scale": [2.7, 2.7, 1.5]
		},
		"fixed": {
			"scale": [2, 2, 1]
		}
	}
}