{
	"credit": "Made with Blockbench",
	"parent": "item/handheld",
	"textures": {
		"layer0": "item/ff7/masamune"
	},
	"display": {
		"thirdperson_righthand": {
			"rotation": [0, 90, 35],
			"translation": [0.5, 15.5, 0],
			"scale": [2.1, 2.1, 1.1]
		},
		"thirdperson_lefthand": {
			"rotation": [0, -90, -35],
			"translation": [0.5, 15.5, 0],
			"scale": [2.1, 2.1, 1.1]
		},
		"firstperson_righthand": {
			"rotation": [0, 90, 65],
			"translation": [2.88, 10.7, 3.13],
			"scale": [1.68, 1.68, 0.88]
		},
		"firstperson_lefthand": {
			"rotation": [0, -90, -65],
			"translation": [2.88, 10.7, 3.13],
			"scale": [1.68, 1.68, 0.88]
		},
		"ground": {
			"translation": [0, 7.5, 0],
			"scale": [1.5, 1.5, 1.3]
		},
		"fixed": {
			"scale": [2, 2, 1]
		}
	}
}