{
	"credit": "Made with Blockbench",
	"parent": "item/handheld",
	"textures": {
		"layer0": "item/boos_candle"
	},
	"display": {
		"thirdperson_righthand": {
			"translation": [1.5, 6.5, 1]
		},
		"thirdperson_lefthand": {
			"translation": [-1.5, 6.5, 1]
		},
		"firstperson_righthand": {
			"translation": [3, 3, 0]
		},
		"firstperson_lefthand": {
			"translation": [3, 3, 0]
		},
		"ground": {
			"translation": [1.75, 0, 0]
		},
		"gui": {
			"translation": [2.5, 2.5, 0],
			"scale": [1.3, 1.3, 1]
		},
		"fixed": {
			"translation": [2.25, 3.25, 0],
			"scale": [1.5, 1.5, 1]
		}
	}
}