{
	"credit": "Made with Blockbench",
	"parent": "item/handheld",
	"textures": {
		"layer0": "item/exiku"
	},
	"display": {
		"thirdperson_righthand": {
			"rotation": [70, 0, 0],
			"translation": [-6, 5.5, 6.25],
			"scale": [2, 2, 0.65]
		},
		"thirdperson_lefthand": {
			"rotation": [70, 0, 0],
			"translation": [-6, 5.5, 6.25],
			"scale": [2, 2, 0.65]
		},
		"firstperson_righthand": {
			"rotation": [180, 180, 90],
			"translation": [-6.75, 6.5, 6],
			"scale": [0.8, 0.8, 1]
		},
		"firstperson_lefthand": {
			"rotation": [0, -180, 90],
			"translation": [-6.75, 6.5, 5.5],
			"scale": [0.8, 0.8, 1]
		},
		"ground": {
			"scale": [0.5, 0.5, 0.5]
		},
		"head": {
			"rotation": [90, 0, -45],
			"translation": [0, -42, 0],
			"scale": [3.5, 3.5, 3]
		}
	}
}