{
    "parent": "item/generated",
    "textures": {
        "layer0": "item/written_book"
    },"overrides":[
		{"predicate":{"custom_model_data":1},"model":"item/arusu_sword"},
		{"predicate":{"custom_model_data":2},"model":"item/solo_sword"},
		{"predicate":{"custom_model_data":3},"model":"item/eight_sword"},
		{"predicate":{"custom_model_data":4},"model":"item/eleven_sword"},
		{"predicate":{"custom_model_data":6},"model":"item/societal_compass"},
		{"predicate":{"custom_model_data":7},"model":"item/dimensional_pocket"},
		{"predicate":{"custom_model_data":52},"model":"item/monado/monado_laser"},
		{"predicate":{"custom_model_data":807100},"model":"item/glass_gauntlet"},
		{"predicate":{"custom_model_data":1519070},"model":"item/archaen_standby"},
		{"predicate":{"custom_model_data":15190250},"model":"item/origanta/knife"},
		{"predicate":{"custom_model_data":15190251},"model":"item/origanta/sword"},
		{"predicate":{"custom_model_data":15190252},"model":"item/origanta/halberd"},
		{"predicate":{"custom_model_data":15190253},"model":"item/origanta/star"}
	]
}
