{
	"credit": "Made with Blockbench",
	"texture_size": [64, 64],
	"textures": {
		"0": "item/feth_hero_relics/aegis_shield_front_inactive",
		"1": "item/feth_hero_relics/aegis_shield_back_inactive",
		"particle": "item/feth_hero_relics/aegis_shield_front_inactive"
	},
	"elements": [
		{
			"name": "oh",
			"from": [8.75, 12.5, 7.75],
			"to": [9.5, 12.75, 8.25],
			"rotation": {"angle": 0, "axis": "x", "origin": [8.07026, 8.14435, 8.00013]},
			"faces": {
				"north": {"uv": [7.25, 1.25, 8, 1.5], "texture": "#0"},
				"east": {"uv": [7.25, 1.25, 7.5, 1.5], "texture": "#0"},
				"south": {"uv": [7.25, 1.25, 8, 1.5], "rotation": 180, "texture": "#1"},
				"west": {"uv": [7.75, 1.25, 8, 1.5], "texture": "#0"},
				"up": {"uv": [7.25, 1.25, 8, 1.5], "rotation": 180, "texture": "#0"},
				"down": {"uv": [7.25, 1.25, 8, 1.5], "texture": "#0"}
			}
		},
		{
			"name": "jeez",
			"from": [7.25, 11.5, 7.75],
			"to": [8.75, 11.75, 8.25],
			"rotation": {"angle": 0, "axis": "x", "origin": [8.07026, 8.14435, 8.00013]},
			"faces": {
				"north": {"uv": [8, 2.25, 9.5, 2.5], "texture": "#0"},
				"east": {"uv": [8, 2.25, 8.25, 2.5], "texture": "#0"},
				"south": {"uv": [8, 2.25, 9.5, 2.5], "rotation": 180, "texture": "#1"},
				"west": {"uv": [9.25, 2.25, 9.5, 2.5], "texture": "#0"},
				"up": {"uv": [8, 2.25, 9.5, 2.5], "rotation": 180, "texture": "#0"},
				"down": {"uv": [8, 2.25, 9.5, 2.5], "texture": "#0"}
			}
		},
		{
			"name": "this",
			"from": [5.75, 10.5, 7.75],
			"to": [9.75, 10.75, 8.25],
			"rotation": {"angle": 0, "axis": "x", "origin": [8.07026, 8.14435, 8.00013]},
			"faces": {
				"north": {"uv": [7, 3.25, 11, 3.5], "texture": "#0"},
				"east": {"uv": [7, 3.25, 7.25, 3.5], "texture": "#0"},
				"south": {"uv": [7, 3.25, 11, 3.5], "rotation": 180, "texture": "#1"},
				"west": {"uv": [10.75, 3.25, 11, 3.5], "texture": "#0"},
				"up": {"uv": [7, 3.25, 11, 3.5], "rotation": 180, "texture": "#0"},
				"down": {"uv": [7, 3.25, 11, 3.5], "texture": "#0"}
			}
		},
		{
			"name": "was",
			"from": [5, 9.5, 7.75],
			"to": [10.5, 9.75, 8.25],
			"rotation": {"angle": 0, "axis": "x", "origin": [8.07026, 8.14435, 8.00013]},
			"faces": {
				"north": {"uv": [6.25, 4.25, 11.75, 4.5], "texture": "#0"},
				"east": {"uv": [6.25, 4.25, 6.5, 4.5], "texture": "#0"},
				"south": {"uv": [6.25, 4.25, 11.75, 4.5], "rotation": 180, "texture": "#1"},
				"west": {"uv": [11.5, 4.25, 11.75, 4.5], "texture": "#0"},
				"up": {"uv": [6.25, 4.25, 11.75, 4.5], "rotation": 180, "texture": "#0"},
				"down": {"uv": [6.25, 4.25, 11.75, 4.5], "texture": "#0"}
			}
		},
		{
			"name": "a",
			"from": [4.25, 8.5, 7.75],
			"to": [11, 8.75, 8.25],
			"rotation": {"angle": 0, "axis": "x", "origin": [8.07026, 8.14435, 8.00013]},
			"faces": {
				"north": {"uv": [5.75, 5.25, 12.5, 5.5], "texture": "#0"},
				"east": {"uv": [5.75, 5.25, 6, 5.5], "texture": "#0"},
				"south": {"uv": [5.75, 5.25, 12.5, 5.5], "rotation": 180, "texture": "#1"},
				"west": {"uv": [12.25, 5.25, 12.5, 5.5], "texture": "#0"},
				"up": {"uv": [5.75, 5.25, 12.5, 5.5], "rotation": 180, "texture": "#0"},
				"down": {"uv": [5.75, 5.25, 12.5, 5.5], "texture": "#0"}
			}
		},
		{
			"name": "nightmare",
			"from": [3.5, 7.5, 7.75],
			"to": [11.5, 7.75, 8.25],
			"rotation": {"angle": 0, "axis": "x", "origin": [8.07026, 8.14435, 8.00013]},
			"faces": {
				"north": {"uv": [5.25, 6.25, 13.25, 6.5], "texture": "#0"},
				"east": {"uv": [5.25, 6.25, 5.5, 6.5], "texture": "#0"},
				"south": {"uv": [5.25, 6.25, 13.25, 6.5], "rotation": 180, "texture": "#1"},
				"west": {"uv": [13, 6.25, 13.25, 6.5], "texture": "#0"},
				"up": {"uv": [5.25, 6.25, 13.25, 6.5], "rotation": 180, "texture": "#0"},
				"down": {"uv": [5.25, 6.25, 13.25, 6.5], "texture": "#0"}
			}
		},
		{
			"name": "to",
			"from": [5, 6.5, 7.75],
			"to": [12, 6.75, 8.25],
			"rotation": {"angle": 0, "axis": "x", "origin": [8.07026, 8.14435, 8.00013]},
			"faces": {
				"north": {"uv": [4.75, 7.25, 11.75, 7.5], "texture": "#0"},
				"east": {"uv": [4.75, 7.25, 5, 7.5], "texture": "#0"},
				"south": {"uv": [4.75, 7.25, 11.75, 7.5], "rotation": 180, "texture": "#1"},
				"west": {"uv": [11.5, 7.25, 11.75, 7.5], "texture": "#0"},
				"up": {"uv": [4.75, 7.25, 11.75, 7.5], "rotation": 180, "texture": "#0"},
				"down": {"uv": [4.75, 7.25, 11.75, 7.5], "texture": "#0"}
			}
		},
		{
			"name": "make",
			"from": [6.25, 5.5, 7.75],
			"to": [12.25, 5.75, 8.25],
			"rotation": {"angle": 0, "axis": "x", "origin": [8.07026, 8.14435, 8.00013]},
			"faces": {
				"north": {"uv": [4.5, 8.25, 10.5, 8.5], "texture": "#0"},
				"east": {"uv": [4.5, 8.25, 4.75, 8.5], "texture": "#0"},
				"south": {"uv": [4.5, 8.25, 10.5, 8.5], "rotation": 180, "texture": "#1"},
				"west": {"uv": [10.25, 8.25, 10.5, 8.5], "texture": "#0"},
				"up": {"uv": [4.5, 8.25, 10.5, 8.5], "rotation": 180, "texture": "#0"},
				"down": {"uv": [4.5, 8.25, 10.5, 8.5], "texture": "#0"}
			}
		},
		{
			"name": "the",
			"from": [8, 4.5, 7.75],
			"to": [12.25, 4.75, 8.25],
			"rotation": {"angle": 0, "axis": "x", "origin": [8.07026, 8.14435, 8.00013]},
			"faces": {
				"north": {"uv": [4.5, 9.25, 8.75, 9.5], "texture": "#0"},
				"east": {"uv": [4.5, 9.25, 4.75, 9.5], "texture": "#0"},
				"south": {"uv": [4.5, 9.25, 8.75, 9.5], "rotation": 180, "texture": "#1"},
				"west": {"uv": [8.5, 9.25, 8.75, 9.5], "texture": "#0"},
				"up": {"uv": [4.5, 9.25, 8.75, 9.5], "rotation": 180, "texture": "#0"},
				"down": {"uv": [4.5, 9.25, 8.75, 9.5], "texture": "#0"}
			}
		},
		{
			"name": "modal",
			"from": [8.25, 12.25, 7.75],
			"to": [9, 12.5, 8.25],
			"rotation": {"angle": 0, "axis": "x", "origin": [8.07026, 8.14435, 8.00013]},
			"faces": {
				"north": {"uv": [7.75, 1.5, 8.5, 1.75], "texture": "#0"},
				"east": {"uv": [7.75, 1.5, 8, 1.75], "texture": "#0"},
				"south": {"uv": [7.75, 1.5, 8.5, 1.75], "rotation": 180, "texture": "#1"},
				"west": {"uv": [8.25, 1.5, 8.5, 1.75], "texture": "#0"},
				"up": {"uv": [7.75, 1.5, 8.5, 1.75], "rotation": 180, "texture": "#0"},
				"down": {"uv": [7.75, 1.5, 8.5, 1.75], "texture": "#0"}
			}
		},
		{
			"name": "for",
			"from": [6.75, 11.25, 7.75],
			"to": [9, 11.5, 8.25],
			"rotation": {"angle": 0, "axis": "x", "origin": [8.07026, 8.14435, 8.00013]},
			"faces": {
				"north": {"uv": [7.75, 2.5, 10, 2.75], "texture": "#0"},
				"east": {"uv": [7.75, 2.5, 8, 2.75], "texture": "#0"},
				"south": {"uv": [7.75, 2.5, 10, 2.75], "rotation": 180, "texture": "#1"},
				"west": {"uv": [9.75, 2.5, 10, 2.75], "texture": "#0"},
				"up": {"uv": [7.75, 2.5, 10, 2.75], "rotation": 180, "texture": "#0"},
				"down": {"uv": [7.75, 2.5, 10, 2.75], "texture": "#0"}
			}
		},
		{
			"from": [5.5, 10.25, 7.75],
			"to": [9.75, 10.5, 8.25],
			"rotation": {"angle": 0, "axis": "x", "origin": [8.07026, 8.14435, 8.00013]},
			"faces": {
				"north": {"uv": [7, 3.5, 11.25, 3.75], "texture": "#0"},
				"east": {"uv": [7, 3.5, 7.25, 3.75], "texture": "#0"},
				"south": {"uv": [7, 3.5, 11.25, 3.75], "rotation": 180, "texture": "#1"},
				"west": {"uv": [11, 3.5, 11.25, 3.75], "texture": "#0"},
				"up": {"uv": [7, 3.5, 11.25, 3.75], "rotation": 180, "texture": "#0"},
				"down": {"uv": [7, 3.5, 11.25, 3.75], "texture": "#0"}
			}
		},
		{
			"from": [4.75, 9.25, 7.75],
			"to": [10.75, 9.5, 8.25],
			"rotation": {"angle": 0, "axis": "x", "origin": [8.07026, 8.14435, 8.00013]},
			"faces": {
				"north": {"uv": [6, 4.5, 12, 4.75], "texture": "#0"},
				"east": {"uv": [6, 4.5, 6.25, 4.75], "texture": "#0"},
				"south": {"uv": [6, 4.5, 12, 4.75], "rotation": 180, "texture": "#1"},
				"west": {"uv": [11.75, 4.5, 12, 4.75], "texture": "#0"},
				"up": {"uv": [6, 4.5, 12, 4.75], "rotation": 180, "texture": "#0"},
				"down": {"uv": [6, 4.5, 12, 4.75], "texture": "#0"}
			}
		},
		{
			"from": [4, 8.25, 7.75],
			"to": [11.25, 8.5, 8.25],
			"rotation": {"angle": 0, "axis": "x", "origin": [8.07026, 8.14435, 8.00013]},
			"faces": {
				"north": {"uv": [5.5, 5.5, 12.75, 5.75], "texture": "#0"},
				"east": {"uv": [5.5, 5.5, 5.75, 5.75], "texture": "#0"},
				"south": {"uv": [5.5, 5.5, 12.75, 5.75], "rotation": 180, "texture": "#1"},
				"west": {"uv": [12.5, 5.5, 12.75, 5.75], "texture": "#0"},
				"up": {"uv": [5.5, 5.5, 12.75, 5.75], "rotation": 180, "texture": "#0"},
				"down": {"uv": [5.5, 5.5, 12.75, 5.75], "texture": "#0"}
			}
		},
		{
			"from": [3.5, 7.25, 7.75],
			"to": [11.75, 7.5, 8.25],
			"rotation": {"angle": 0, "axis": "x", "origin": [8.07026, 8.14435, 8.00013]},
			"faces": {
				"north": {"uv": [5, 6.5, 13.25, 6.75], "texture": "#0"},
				"east": {"uv": [5, 6.5, 5.25, 6.75], "texture": "#0"},
				"south": {"uv": [5, 6.5, 13.25, 6.75], "rotation": 180, "texture": "#1"},
				"west": {"uv": [13, 6.5, 13.25, 6.75], "texture": "#0"},
				"up": {"uv": [5, 6.5, 13.25, 6.75], "rotation": 180, "texture": "#0"},
				"down": {"uv": [5, 6.5, 13.25, 6.75], "texture": "#0"}
			}
		},
		{
			"from": [5.25, 6.25, 7.75],
			"to": [12, 6.5, 8.25],
			"rotation": {"angle": 0, "axis": "x", "origin": [8.07026, 8.14435, 8.00013]},
			"faces": {
				"north": {"uv": [4.75, 7.5, 11.5, 7.75], "texture": "#0"},
				"east": {"uv": [4.75, 7.5, 5, 7.75], "texture": "#0"},
				"south": {"uv": [4.75, 7.5, 11.5, 7.75], "rotation": 180, "texture": "#1"},
				"west": {"uv": [11.25, 7.5, 11.5, 7.75], "texture": "#0"},
				"up": {"uv": [4.75, 7.5, 11.5, 7.75], "rotation": 180, "texture": "#0"},
				"down": {"uv": [4.75, 7.5, 11.5, 7.75], "texture": "#0"}
			}
		},
		{
			"from": [6.5, 5.25, 7.75],
			"to": [12.25, 5.5, 8.25],
			"rotation": {"angle": 0, "axis": "x", "origin": [8.07026, 8.14435, 8.00013]},
			"faces": {
				"north": {"uv": [4.5, 8.5, 10.25, 8.75], "texture": "#0"},
				"east": {"uv": [4.5, 8.5, 4.75, 8.75], "texture": "#0"},
				"south": {"uv": [4.5, 8.5, 10.25, 8.75], "rotation": 180, "texture": "#1"},
				"west": {"uv": [10, 8.5, 10.25, 8.75], "texture": "#0"},
				"up": {"uv": [4.5, 8.5, 10.25, 8.75], "rotation": 180, "texture": "#0"},
				"down": {"uv": [4.5, 8.5, 10.25, 8.75], "texture": "#0"}
			}
		},
		{
			"from": [8.5, 4.25, 7.75],
			"to": [12.25, 4.5, 8.25],
			"rotation": {"angle": 0, "axis": "x", "origin": [8.07026, 8.14435, 8.00013]},
			"faces": {
				"north": {"uv": [4.5, 9.5, 8.25, 9.75], "texture": "#0"},
				"east": {"uv": [4.5, 9.5, 4.75, 9.75], "texture": "#0"},
				"south": {"uv": [4.5, 9.5, 8.25, 9.75], "rotation": 180, "texture": "#1"},
				"west": {"uv": [8, 9.5, 8.25, 9.75], "texture": "#0"},
				"up": {"uv": [4.5, 9.5, 8.25, 9.75], "rotation": 180, "texture": "#0"},
				"down": {"uv": [4.5, 9.5, 8.25, 9.75], "texture": "#0"}
			}
		},
		{
			"from": [8, 12, 7.75],
			"to": [8.75, 12.25, 8.25],
			"rotation": {"angle": 0, "axis": "x", "origin": [8.07026, 8.14435, 8.00013]},
			"faces": {
				"north": {"uv": [8, 1.75, 8.75, 2], "texture": "#0"},
				"east": {"uv": [8, 1.75, 8.25, 2], "texture": "#0"},
				"south": {"uv": [8, 1.75, 8.75, 2], "rotation": 180, "texture": "#1"},
				"west": {"uv": [8.5, 1.75, 8.75, 2], "texture": "#0"},
				"up": {"uv": [8, 1.75, 8.75, 2], "rotation": 180, "texture": "#0"},
				"down": {"uv": [8, 1.75, 8.75, 2], "texture": "#0"}
			}
		},
		{
			"from": [6.5, 11, 7.75],
			"to": [9.25, 11.25, 8.25],
			"rotation": {"angle": 0, "axis": "x", "origin": [8.07026, 8.14435, 8.00013]},
			"faces": {
				"north": {"uv": [7.5, 2.75, 10.25, 3], "texture": "#0"},
				"east": {"uv": [7.5, 2.75, 7.75, 3], "texture": "#0"},
				"south": {"uv": [7.5, 2.75, 10.25, 3], "rotation": 180, "texture": "#1"},
				"west": {"uv": [10, 2.75, 10.25, 3], "texture": "#0"},
				"up": {"uv": [7.5, 2.75, 10.25, 3], "rotation": 180, "texture": "#0"},
				"down": {"uv": [7.5, 2.75, 10.25, 3], "texture": "#0"}
			}
		},
		{
			"from": [5.25, 10, 7.75],
			"to": [10, 10.25, 8.25],
			"rotation": {"angle": 0, "axis": "x", "origin": [8.07026, 8.14435, 8.00013]},
			"faces": {
				"north": {"uv": [6.75, 3.75, 11.5, 4], "texture": "#0"},
				"east": {"uv": [6.75, 3.75, 7, 4], "texture": "#0"},
				"south": {"uv": [6.75, 3.75, 11.5, 4], "rotation": 180, "texture": "#1"},
				"west": {"uv": [11.25, 3.75, 11.5, 4], "texture": "#0"},
				"up": {"uv": [6.75, 3.75, 11.5, 4], "rotation": 180, "texture": "#0"},
				"down": {"uv": [6.75, 3.75, 11.5, 4], "texture": "#0"}
			}
		},
		{
			"from": [4.5, 9, 7.75],
			"to": [10.75, 9.25, 8.25],
			"rotation": {"angle": 0, "axis": "x", "origin": [8.07026, 8.14435, 8.00013]},
			"faces": {
				"north": {"uv": [6, 4.75, 12.25, 5], "texture": "#0"},
				"east": {"uv": [6, 4.75, 6.25, 5], "texture": "#0"},
				"south": {"uv": [6, 4.75, 12.25, 5], "rotation": 180, "texture": "#1"},
				"west": {"uv": [12, 4.75, 12.25, 5], "texture": "#0"},
				"up": {"uv": [6, 4.75, 12.25, 5], "rotation": 180, "texture": "#0"},
				"down": {"uv": [6, 4.75, 12.25, 5], "texture": "#0"}
			}
		},
		{
			"from": [4, 8, 7.75],
			"to": [11.25, 8.25, 8.25],
			"rotation": {"angle": 0, "axis": "x", "origin": [8.07026, 8.14435, 8.00013]},
			"faces": {
				"north": {"uv": [5.5, 5.75, 12.75, 6], "texture": "#0"},
				"east": {"uv": [5.5, 5.75, 5.75, 6], "texture": "#0"},
				"south": {"uv": [5.5, 5.75, 12.75, 6], "rotation": 180, "texture": "#1"},
				"west": {"uv": [12.5, 5.75, 12.75, 6], "texture": "#0"},
				"up": {"uv": [5.5, 5.75, 12.75, 6], "rotation": 180, "texture": "#0"},
				"down": {"uv": [5.5, 5.75, 12.75, 6], "texture": "#0"}
			}
		},
		{
			"from": [4.5, 7, 7.75],
			"to": [12, 7.25, 8.25],
			"rotation": {"angle": 0, "axis": "x", "origin": [8.07026, 8.14435, 8.00013]},
			"faces": {
				"north": {"uv": [4.75, 6.75, 12.25, 7], "texture": "#0"},
				"east": {"uv": [4.75, 6.75, 5, 7], "texture": "#0"},
				"south": {"uv": [4.75, 6.75, 12.25, 7], "rotation": 180, "texture": "#1"},
				"west": {"uv": [12, 6.75, 12.25, 7], "texture": "#0"},
				"up": {"uv": [4.75, 6.75, 12.25, 7], "rotation": 180, "texture": "#0"},
				"down": {"uv": [4.75, 6.75, 12.25, 7], "texture": "#0"}
			}
		},
		{
			"from": [5.75, 6, 7.75],
			"to": [12.25, 6.25, 8.25],
			"rotation": {"angle": 0, "axis": "x", "origin": [8.07026, 8.14435, 8.00013]},
			"faces": {
				"north": {"uv": [4.5, 7.75, 11, 8], "texture": "#0"},
				"east": {"uv": [4.5, 7.75, 4.75, 8], "texture": "#0"},
				"south": {"uv": [4.5, 7.75, 11, 8], "rotation": 180, "texture": "#1"},
				"west": {"uv": [10.75, 7.75, 11, 8], "texture": "#0"},
				"up": {"uv": [4.5, 7.75, 11, 8], "rotation": 180, "texture": "#0"},
				"down": {"uv": [4.5, 7.75, 11, 8], "texture": "#0"}
			}
		},
		{
			"from": [7, 5, 7.75],
			"to": [12.25, 5.25, 8.25],
			"rotation": {"angle": 0, "axis": "x", "origin": [8.07026, 8.14435, 8.00013]},
			"faces": {
				"north": {"uv": [4.5, 8.75, 9.75, 9], "texture": "#0"},
				"east": {"uv": [4.5, 8.75, 4.75, 9], "texture": "#0"},
				"south": {"uv": [4.5, 8.75, 9.75, 9], "rotation": 180, "texture": "#1"},
				"west": {"uv": [9.5, 8.75, 9.75, 9], "texture": "#0"},
				"up": {"uv": [4.5, 8.75, 9.75, 9], "rotation": 180, "texture": "#0"},
				"down": {"uv": [4.5, 8.75, 9.75, 9], "texture": "#0"}
			}
		},
		{
			"from": [8.75, 4, 7.75],
			"to": [12.25, 4.25, 8.25],
			"rotation": {"angle": 0, "axis": "x", "origin": [8.07026, 8.14435, 8.00013]},
			"faces": {
				"north": {"uv": [4.5, 9.75, 8, 10], "texture": "#0"},
				"east": {"uv": [4.5, 9.75, 4.75, 10], "texture": "#0"},
				"south": {"uv": [4.5, 9.75, 8, 10], "rotation": 180, "texture": "#1"},
				"west": {"uv": [7.75, 9.75, 8, 10], "texture": "#0"},
				"up": {"uv": [4.5, 9.75, 8, 10], "rotation": 180, "texture": "#0"},
				"down": {"uv": [4.5, 9.75, 8, 10], "texture": "#0"}
			}
		},
		{
			"from": [7.5, 11.75, 7.75],
			"to": [8.75, 12, 8.25],
			"rotation": {"angle": 0, "axis": "x", "origin": [8.07026, 8.14435, 8.00013]},
			"faces": {
				"north": {"uv": [8, 2, 9.25, 2.25], "texture": "#0"},
				"east": {"uv": [8, 2, 8.25, 2.25], "texture": "#0"},
				"south": {"uv": [8, 2, 9.25, 2.25], "rotation": 180, "texture": "#1"},
				"west": {"uv": [9, 2, 9.25, 2.25], "texture": "#0"},
				"up": {"uv": [8, 2, 9.25, 2.25], "rotation": 180, "texture": "#0"},
				"down": {"uv": [8, 2, 9.25, 2.25], "texture": "#0"}
			}
		},
		{
			"from": [6, 10.75, 7.75],
			"to": [9.5, 11, 8.25],
			"rotation": {"angle": 0, "axis": "x", "origin": [8.07026, 8.14435, 8.00013]},
			"faces": {
				"north": {"uv": [7.25, 3, 10.75, 3.25], "texture": "#0"},
				"east": {"uv": [7.25, 3, 7.5, 3.25], "texture": "#0"},
				"south": {"uv": [7.25, 3, 10.75, 3.25], "rotation": 180, "texture": "#1"},
				"west": {"uv": [10.5, 3, 10.75, 3.25], "texture": "#0"},
				"up": {"uv": [7.25, 3, 10.75, 3.25], "rotation": 180, "texture": "#0"},
				"down": {"uv": [7.25, 3, 10.75, 3.25], "texture": "#0"}
			}
		},
		{
			"from": [5, 9.75, 7.75],
			"to": [10.25, 10, 8.25],
			"rotation": {"angle": 0, "axis": "x", "origin": [8.07026, 8.14435, 8.00013]},
			"faces": {
				"north": {"uv": [6.5, 4, 11.75, 4.25], "texture": "#0"},
				"east": {"uv": [6.5, 4, 6.75, 4.25], "texture": "#0"},
				"south": {"uv": [6.5, 4, 11.75, 4.25], "rotation": 180, "texture": "#1"},
				"west": {"uv": [11.5, 4, 11.75, 4.25], "texture": "#0"},
				"up": {"uv": [6.5, 4, 11.75, 4.25], "rotation": 180, "texture": "#0"},
				"down": {"uv": [6.5, 4, 11.75, 4.25], "texture": "#0"}
			}
		},
		{
			"from": [4.5, 8.75, 7.75],
			"to": [11, 9, 8.25],
			"rotation": {"angle": 0, "axis": "x", "origin": [8.07026, 8.14435, 8.00013]},
			"faces": {
				"north": {"uv": [5.75, 5, 12.25, 5.25], "texture": "#0"},
				"east": {"uv": [5.75, 5, 6, 5.25], "texture": "#0"},
				"south": {"uv": [5.75, 5, 12.25, 5.25], "rotation": 180, "texture": "#1"},
				"west": {"uv": [12, 5, 12.25, 5.25], "texture": "#0"},
				"up": {"uv": [5.75, 5, 12.25, 5.25], "rotation": 180, "texture": "#0"},
				"down": {"uv": [5.75, 5, 12.25, 5.25], "texture": "#0"}
			}
		},
		{
			"from": [3.75, 7.75, 7.75],
			"to": [11.5, 8, 8.25],
			"rotation": {"angle": 0, "axis": "x", "origin": [8.07026, 8.14435, 8.00013]},
			"faces": {
				"north": {"uv": [5.25, 6, 13, 6.25], "texture": "#0"},
				"east": {"uv": [5.25, 6, 5.5, 6.25], "texture": "#0"},
				"south": {"uv": [5.25, 6, 13, 6.25], "rotation": 180, "texture": "#1"},
				"west": {"uv": [12.75, 6, 13, 6.25], "texture": "#0"},
				"up": {"uv": [5.25, 6, 13, 6.25], "rotation": 180, "texture": "#0"},
				"down": {"uv": [5.25, 6, 13, 6.25], "texture": "#0"}
			}
		},
		{
			"from": [4.75, 6.75, 7.75],
			"to": [12, 7, 8.25],
			"rotation": {"angle": 0, "axis": "x", "origin": [8.07026, 8.14435, 8.00013]},
			"faces": {
				"north": {"uv": [4.75, 7, 12, 7.25], "texture": "#0"},
				"east": {"uv": [4.75, 7, 5, 7.25], "texture": "#0"},
				"south": {"uv": [4.75, 7, 12, 7.25], "rotation": 180, "texture": "#1"},
				"west": {"uv": [11.75, 7, 12, 7.25], "texture": "#0"},
				"up": {"uv": [4.75, 7, 12, 7.25], "rotation": 180, "texture": "#0"},
				"down": {"uv": [4.75, 7, 12, 7.25], "texture": "#0"}
			}
		},
		{
			"from": [6, 5.75, 7.75],
			"to": [12.25, 6, 8.25],
			"rotation": {"angle": 0, "axis": "x", "origin": [8.07026, 8.14435, 8.00013]},
			"faces": {
				"north": {"uv": [4.5, 8, 10.75, 8.25], "texture": "#0"},
				"east": {"uv": [4.5, 8, 4.75, 8.25], "texture": "#0"},
				"south": {"uv": [4.5, 8, 10.75, 8.25], "rotation": 180, "texture": "#1"},
				"west": {"uv": [10.5, 8, 10.75, 8.25], "texture": "#0"},
				"up": {"uv": [4.5, 8, 10.75, 8.25], "rotation": 180, "texture": "#0"},
				"down": {"uv": [4.5, 8, 10.75, 8.25], "texture": "#0"}
			}
		},
		{
			"from": [7.5, 4.75, 7.75],
			"to": [12.25, 5, 8.25],
			"rotation": {"angle": 0, "axis": "x", "origin": [8.07026, 8.14435, 8.00013]},
			"faces": {
				"north": {"uv": [4.5, 9, 9.25, 9.25], "texture": "#0"},
				"east": {"uv": [4.5, 9, 4.75, 9.25], "texture": "#0"},
				"south": {"uv": [4.5, 9, 9.25, 9.25], "rotation": 180, "texture": "#1"},
				"west": {"uv": [9, 9, 9.25, 9.25], "texture": "#0"},
				"up": {"uv": [4.5, 9, 9.25, 9.25], "rotation": 180, "texture": "#0"},
				"down": {"uv": [4.5, 9, 9.25, 9.25], "texture": "#0"}
			}
		},
		{
			"from": [9.75, 3.75, 7.75],
			"to": [12.25, 4, 8.25],
			"rotation": {"angle": 0, "axis": "x", "origin": [8.07026, 8.14435, 8.00013]},
			"faces": {
				"north": {"uv": [4.5, 10, 7, 10.25], "texture": "#0"},
				"east": {"uv": [4.5, 10, 4.75, 10.25], "texture": "#0"},
				"south": {"uv": [4.5, 10, 7, 10.25], "rotation": 180, "texture": "#1"},
				"west": {"uv": [6.75, 10, 7, 10.25], "texture": "#0"},
				"up": {"uv": [4.5, 10, 7, 10.25], "rotation": 180, "texture": "#0"},
				"down": {"uv": [4.5, 10, 7, 10.25], "rotation": 180, "texture": "#0"}
			}
		},
		{
			"from": [3.25, 6.75, 7.75],
			"to": [3.5, 7, 8.25],
			"rotation": {"angle": 0, "axis": "x", "origin": [8.07026, 8.14435, 8.00013]},
			"faces": {
				"north": {"uv": [13.25, 7, 13.5, 7.25], "texture": "#0"},
				"east": {"uv": [13.25, 7, 13.5, 7.25], "texture": "#0"},
				"south": {"uv": [13.25, 7, 13.5, 7.25], "texture": "#1"},
				"west": {"uv": [13.25, 7, 13.5, 7.25], "texture": "#0"},
				"up": {"uv": [13.25, 7, 13.5, 7.25], "rotation": 180, "texture": "#0"},
				"down": {"uv": [13.25, 7, 13.5, 7.25], "texture": "#0"}
			}
		},
		{
			"from": [3.25, 6.5, 7.75],
			"to": [3.5, 6.75, 8.25],
			"rotation": {"angle": 0, "axis": "x", "origin": [8.07026, 8.14435, 8.00013]},
			"faces": {
				"north": {"uv": [13.25, 7.25, 13.5, 7.5], "texture": "#0"},
				"east": {"uv": [13.25, 7.25, 13.5, 7.5], "texture": "#0"},
				"south": {"uv": [13.25, 7.25, 13.5, 7.5], "rotation": 180, "texture": "#1"},
				"west": {"uv": [13.25, 7.25, 13.5, 7.5], "texture": "#0"},
				"up": {"uv": [13.25, 7.25, 13.5, 7.5], "rotation": 180, "texture": "#0"},
				"down": {"uv": [13.25, 7.25, 13.5, 7.5], "texture": "#0"}
			}
		},
		{
			"from": [3.25, 7, 7.75],
			"to": [3.75, 7.25, 8.25],
			"rotation": {"angle": 0, "axis": "x", "origin": [8.07026, 8.14435, 8.00013]},
			"faces": {
				"north": {"uv": [13, 6.75, 13.5, 7], "texture": "#0"},
				"east": {"uv": [13, 6.75, 13.5, 7], "texture": "#0"},
				"south": {"uv": [13, 6.75, 13.5, 7], "texture": "#1"},
				"west": {"uv": [13.25, 6.75, 13.5, 7], "texture": "#0"},
				"up": {"uv": [13, 6.75, 13.5, 7], "rotation": 180, "texture": "#0"},
				"down": {"uv": [13, 6.75, 13.5, 7], "texture": "#0"}
			}
		}
	],
	"gui_light": "front",
	"display": {
		"thirdperson_righthand": {
			"rotation": [100, -90, 55],
			"translation": [2.5, -1.25, 2.25],
			"scale": [1.75, 1.75, 1.75]
		},
		"thirdperson_lefthand": {
			"rotation": [5, -90, 55],
			"translation": [2.5, -1.25, 2.25],
			"scale": [1.75, 1.75, 1.75]
		},
		"firstperson_righthand": {
			"rotation": [90, -90, 25],
			"translation": [1.13, 3.2, 3.38],
			"scale": [1.4, 1.4, 1.4]
		},
		"firstperson_lefthand": {
			"rotation": [0, -90, 25],
			"translation": [1.13, 3.2, 3.38],
			"scale": [1.4, 1.4, 1.4]
		},
		"ground": {
			"rotation": [90, 0, 0],
			"translation": [0, -3, 0],
			"scale": [1.75, 1.75, 1.75]
		},
		"gui": {
			"rotation": [0, -180, 0],
			"translation": [-0.5, -0.5, 0],
			"scale": [1.7, 1.7, 1]
		},
		"head": {
			"rotation": [0, 180, 0],
			"translation": [0, 13, 7]
		},
		"fixed": {
			"translation": [0, 0, -0.5],
			"scale": [1.75, 1.75, 1.75]
		}
	},
	"groups": [
		{
			"name": "group",
			"origin": [7.3272, 4.3926, 8.2449],
			"children": [0, 1, 2, 3, 4, 5, 6, 7, 8, 9, 10, 11, 12, 13, 14, 15, 16, 17, 18, 19, 20, 21, 22, 23, 24, 25, 26, 27, 28, 29, 30, 31, 32, 33, 34, 35, 36, 37, 38]
		}
	]
}