{
	"credit": "Made with Blockbench",
	"parent": "item/handheld",
	"textures": {
		"layer0": "item/feth_hero_relics/crusher_inactive"
	},
	"display": {
		"thirdperson_righthand": {
			"rotation": [0, -90, 55],
			"translation": [0, 4.75, 0.75],
			"scale": [1.75, 1.75, 2.5]
		},
		"thirdperson_lefthand": {
			"rotation": [0, 90, -55],
			"translation": [0, 4.75, 0.75],
			"scale": [1.75, 1.75, 2.5]
		},
		"firstperson_righthand": {
			"rotation": [0, -90, 25],
			"translation": [1.13, 7.2, 2.88],
			"scale": [1.4, 1.4, 2]
		},
		"firstperson_lefthand": {
			"rotation": [0, 90, -25],
			"translation": [1.13, 7.2, 2.88],
			"scale": [1.4, 1.4, 2]
		},
		"ground": {
			"rotation": [90, 0, 0],
			"scale": [1.75, 1.75, 2.5]
		},
		"fixed": {
			"scale": [1, 1, 2]
		}
	}
}