{
	"credit": "Made with Blockbench",
	"parent": "item/handheld",
	"textures": {
		"layer0": "item/feth_hero_relics/failnaught_inactive_2"
	},
	"display": {
		"thirdperson_righthand": {
			"rotation": [0, -90, 55],
			"translation": [0, 1, 3.75],
			"scale": [1.85, 1.85, 1]
		},
		"thirdperson_lefthand": {
			"rotation": [0, 90, -55],
			"translation": [0, 1, 3.75],
			"scale": [1.85, 1.85, 1]
		},
		"firstperson_righthand": {
			"rotation": [0, -90, 25],
			"translation": [-0.62, 4.45, 1.63],
			"scale": [1.48, 1.48, 0.8]
		},
		"firstperson_lefthand": {
			"rotation": [0, 90, -25],
			"translation": [-0.62, 4.45, 1.63],
			"scale": [1.48, 1.48, 0.8]
		},
		"ground": {
			"rotation": [90, 0, 0],
			"scale": [1.85, 1.85, 1]
		}
	}
}