{
	"credit": "Made with Blockbench",
	"parent": "item/handheld",
	"textures": {
		"layer0": "item/feth_hero_relics/fetters_of_dromi_inactive"
	},
	"display": {
		"thirdperson_righthand": {
			"rotation": [-90, 0, 45],
			"translation": [0, 0.75, 2],
			"scale": [0.5, 0.5, 0.75]
		},
		"thirdperson_lefthand": {
			"rotation": [90, 0, 135],
			"translation": [0, 0.75, 2],
			"scale": [0.5, 0.5, 0.75]
		},
		"firstperson_righthand": {
			"rotation": [0, -90, 25],
			"translation": [1.13, 3.2, 2.88],
			"scale": [0.4, 0.4, 0.68]
		},
		"firstperson_lefthand": {
			"rotation": [0, 90, -25],
			"translation": [1.13, 3.2, 2.88],
			"scale": [0.4, 0.4, 0.68]
		},
		"ground": {
			"rotation": [90, 0, 0],
			"translation": [0, -2.5, 0],
			"scale": [0.45, 0.45, 1]
		}
	}
}