{
	"credit": "Made with Blockbench",
	"parent": "item/handheld",
	"textures": {
		"layer0": "item/feth_hero_relics/freikugel_active"
	},
	"display": {
		"thirdperson_righthand": {
			"rotation": [0, -90, 55],
			"translation": [0, 6.25, -0.25],
			"scale": [1.75, 1.75, 1]
		},
		"thirdperson_lefthand": {
			"rotation": [0, 90, -55],
			"translation": [0, 6.25, -0.25],
			"scale": [1.75, 1.75, 1]
		},
		"firstperson_righthand": {
			"rotation": [0, -90, 25],
			"translation": [1.13, 7.7, 2.88],
			"scale": [1.4, 1.4, 0.8]
		},
		"firstperson_lefthand": {
			"rotation": [0, 90, -25],
			"translation": [1.13, 7.7, 2.88],
			"scale": [1.4, 1.4, 0.8]
		},
		"ground": {
			"rotation": [90, 0, 0],
			"scale": [1.75, 1.75, 1]
		}
	}
}