{
	"credit": "Made with Blockbench",
	"parent": "item/handheld",
	"textures": {
		"layer0": "item/feth_hero_relics/rafail_gem_active"
	},
	"gui_light": "front",
	"display": {
		"thirdperson_righthand": {
			"rotation": [70, 0, 45],
			"translation": [-0.25, -0.75, 0.75],
			"scale": [1, 1, 0.55]
		},
		"thirdperson_lefthand": {
			"rotation": [70, 0, -45],
			"translation": [-0.25, -0.75, 0.75],
			"scale": [1, 1, 0.55]
		},
		"firstperson_righthand": {
			"rotation": [17, -90, 25],
			"translation": [1.13, 6.5, 5.5],
			"scale": [0.8, 0.8, 0.8]
		},
		"firstperson_lefthand": {
			"rotation": [17, 90, -25],
			"translation": [1.13, 6.5, 5.5],
			"scale": [0.8, 0.8, 0.8]
		},
		"ground": {
			"rotation": [90, 0, 0],
			"translation": [1.75, -2.75, 2.75]
		},
		"gui": {
			"translation": [4.25, 4.25, 0],
			"scale": [1.5, 1.5, 1.5]
		},
		"head": {
			"rotation": [0, 180, 0],
			"translation": [0, 13, 7]
		},
		"fixed": {
			"rotation": [0, 180, 0],
			"translation": [-6.25, 6.75, -0.5],
			"scale": [2, 2, 2]
		}
	}
}