{
	"credit": "Made with Blockbench",
	"parent": "item/handheld",
	"textures": {
		"layer0": "item/feth_hero_relics/thunderbrand_inactive"
	},
	"display": {
		"thirdperson_righthand": {
			"rotation": [0, -90, 55],
			"translation": [0, 8, -0.75],
			"scale": [1.35, 1.35, 1]
		},
		"thirdperson_lefthand": {
			"rotation": [0, 90, -55],
			"translation": [0, 8.25, -0.75],
			"scale": [1.35, 1.35, 1]
		},
		"firstperson_righthand": {
			"rotation": [0, -90, 25],
			"translation": [1.13, 3.2, 1.13],
			"scale": [1.08, 1.08, 0.8]
		},
		"firstperson_lefthand": {
			"rotation": [0, 90, -25],
			"translation": [1.13, 3.2, 1.13],
			"scale": [1.08, 1.08, 0.8]
		},
		"ground": {
			"rotation": [90, 0, 0],
			"scale": [1.35, 1.35, 1]
		}
	}
}