{
	"credit": "Made with Blockbench",
	"texture_size": [64, 64],
	"textures": {
		"0": "item/feth_hero_relics/vajra_mushti_active",
		"particle": "item/feth_hero_relics/vajra_mushti_active"
	},
	"elements": [
		{
			"from": [6, 0, 6],
			"to": [9, 3, 8],
			"faces": {
				"north": {"uv": [7.5, 6.25, 10.25, 9], "texture": "#0"},
				"east": {"uv": [12, 6.25, 10.5, 9], "texture": "#0"},
				"south": {"uv": [7.5, 6.25, 10.25, 9], "texture": "#0"},
				"west": {"uv": [10.5, 6.25, 12, 9], "texture": "#0"},
				"up": {"uv": [7.5, 10.5, 10.25, 12], "rotation": 180, "texture": "#0"},
				"down": {"uv": [4.5, 7.5, 7.25, 9], "texture": "#0"}
			}
		},
		{
			"from": [7, 0, 4],
			"to": [8, 1, 6],
			"faces": {
				"north": {"uv": [9, 3.75, 9.5, 4], "texture": "#0"},
				"east": {"uv": [9.25, 3.75, 9.5, 5.25], "rotation": 90, "texture": "#0"},
				"south": {"uv": [9, 3.75, 9.5, 4.25], "texture": "#0"},
				"west": {"uv": [9, 3.75, 9.25, 5.25], "rotation": 270, "texture": "#0"},
				"up": {"uv": [9, 3.75, 9.5, 5.25], "texture": "#0"},
				"down": {"uv": [9.5, 3.75, 9, 5.25], "rotation": 180, "texture": "#0"}
			}
		},
		{
			"from": [7.99999, 1.49651, 3.00349],
			"to": [8.99999, 2.49651, 6.00349],
			"faces": {
				"north": {"uv": [8.25, 2.25, 8.75, 2.5], "texture": "#0"},
				"east": {"uv": [8.5, 2.25, 8.75, 5], "rotation": 90, "texture": "#0"},
				"south": {"uv": [8.25, 2.25, 8.75, 3], "texture": "#0"},
				"west": {"uv": [8.25, 2.25, 8.5, 5], "rotation": 270, "texture": "#0"},
				"up": {"uv": [8.25, 2.25, 8.75, 5], "texture": "#0"},
				"down": {"uv": [8.75, 2.25, 8.25, 5], "rotation": 180, "texture": "#0"}
			}
		},
		{
			"from": [6, 1.5, 3],
			"to": [7, 2.5, 6],
			"faces": {
				"north": {"uv": [8.25, 2.25, 8.75, 2.5], "texture": "#0"},
				"east": {"uv": [8.5, 2.25, 8.75, 5], "rotation": 90, "texture": "#0"},
				"south": {"uv": [8.25, 2.25, 8.75, 3], "texture": "#0"},
				"west": {"uv": [8.25, 2.25, 8.5, 5], "rotation": 270, "texture": "#0"},
				"up": {"uv": [8.25, 2.25, 8.75, 5], "texture": "#0"},
				"down": {"uv": [8.75, 2.25, 8.25, 5], "rotation": 180, "texture": "#0"}
			}
		},
		{
			"from": [5.5, 0, 8],
			"to": [9.5, 3.5, 11],
			"faces": {
				"north": {"uv": [4.75, 6.5, 7, 8.625], "texture": "#0"},
				"east": {"uv": [4.5, 6.25, 7, 8.875], "texture": "#0"},
				"south": {"uv": [4.75, 6.25, 7.25, 8.875], "texture": "#0"},
				"west": {"uv": [4.5, 6.25, 7.25, 8.875], "texture": "#0"},
				"up": {"uv": [0, 9.25, 2.75, 11.625], "texture": "#0"},
				"down": {"uv": [4.5, 6.25, 7.25, 8.625], "texture": "#0"}
			}
		},
		{
			"from": [5, 0, 11],
			"to": [7, 4, 14],
			"faces": {
				"north": {"uv": [0, 9.25, 2.75, 11], "rotation": 270, "texture": "#0"},
				"east": {"uv": [0, 9.25, 2.75, 11], "rotation": 90, "texture": "#0"},
				"south": {"uv": [4.5, 6.75, 7.25, 8.5], "rotation": 270, "texture": "#0"},
				"west": {"uv": [0, 9.25, 2.75, 11], "rotation": 270, "texture": "#0"},
				"up": {"uv": [0, 9.25, 2.75, 11], "texture": "#0"},
				"down": {"uv": [0, 9.25, 2.75, 11], "rotation": 180, "texture": "#0"}
			}
		}
	],
	"gui_light": "front",
	"display": {
		"thirdperson_righthand": {
			"translation": [0.5, 8.5, 0.5],
			"scale": [1.6, 1.6, 1.6]
		},
		"thirdperson_lefthand": {
			"translation": [-1, 8.5, 0.5],
			"scale": [1.6, 1.6, 1.6]
		},
		"firstperson_righthand": {
			"rotation": [14, 4, 0],
			"translation": [6, 10, 3.25],
			"scale": [2, 2, 2]
		},
		"firstperson_lefthand": {
			"rotation": [14, 4, 0],
			"translation": [6, 10, 3.25],
			"scale": [2, 2, 2]
		},
		"ground": {
			"translation": [0, 8.5, 0],
			"scale": [1.5, 1.5, 1.5]
		},
		"gui": {
			"rotation": [90, -45, 0],
			"translation": [1.5, -2.75, 0],
			"scale": [1.5, 1.5, 1.5]
		}
	}
}