{
	"credit": "Made with Blockbench",
	"parent": "item/lisymni/tiers/tier1",
	"textures": {
		"0": "item/lisymni/tiers/tier3",
		"particle": "item/lisymni/tiers/tier3"
	},
	"display": {
		"thirdperson_righthand": {
			"rotation": [0, 90, -55],
			"translation": [0, 5.25, 0],
			"scale": [1.1, 1.1, 1.1]
		},
		"thirdperson_lefthand": {
			"rotation": [0, -90, 55],
			"translation": [0, 5.25, 0],
			"scale": [1.1, 1.1, 1.1]
		},
		"firstperson_righthand": {
			"rotation": [0, 90, -25],
			"translation": [1.13, 9, 4],
			"scale": [0.88, 0.88, 0.88]
		},
		"firstperson_lefthand": {
			"rotation": [0, -90, 25],
			"translation": [1.13, 9, 4],
			"scale": [0.9, 0.9, 0.9]
		},
		"ground": {
			"translation": [-3.5, 7, 0],
			"scale": [0.5, 0.5, 0.5]
		},
		"gui": {
			"rotation": [0, -180, 0],
			"translation": [2.75, 2.75, 0],
			"scale": [0.6, 0.6, 0.5]
		},
		"head": {
			"rotation": [-45, 90, 0],
			"translation": [0, 9.75, 0],
			"scale": [1.8, 1.8, 1.8]
		},
		"fixed": {
			"translation": [-2.25, 2.25, -0.25],
			"scale": [0.5, 0.5, 0.5]
		}
	}
}