{
	"credit": "Made with Blockbench",
	"textures": {
		"0": "item/lisymni/tiers/tier1",
		"particle": "item/lisymni/tiers/tier1"
	},
	"elements": [
		{
			"from": [10.5, 4.5, 8],
			"to": [11, 5, 8.5],
			"rotation": {"angle": 0, "axis": "y", "origin": [18, 13, 16]},
			"faces": {
				"north": {"uv": [5, 11, 5.5, 11.5], "texture": "#0"},
				"east": {"uv": [5, 11, 5.5, 11.5], "texture": "#0"},
				"south": {"uv": [5.5, 11, 5, 11.5], "texture": "#0"},
				"west": {"uv": [5.5, 11, 5, 11.5], "texture": "#0"},
				"up": {"uv": [5.5, 11, 5, 11.5], "texture": "#0"},
				"down": {"uv": [5.5, 11.5, 5, 11], "texture": "#0"}
			}
		},
		{
			"from": [11, 4, 8],
			"to": [11.5, 5.5, 8.5],
			"rotation": {"angle": 0, "axis": "y", "origin": [18.5, 12.5, 16]},
			"faces": {
				"north": {"uv": [4.5, 10.5, 5, 12], "texture": "#0"},
				"east": {"uv": [4.5, 10.5, 5, 12], "texture": "#0"},
				"south": {"uv": [5, 10.5, 4.5, 12], "texture": "#0"},
				"west": {"uv": [5, 10.5, 4.5, 12], "texture": "#0"},
				"up": {"uv": [5, 10.5, 4.5, 11], "texture": "#0"},
				"down": {"uv": [5, 12, 4.5, 11.5], "texture": "#0"}
			}
		},
		{
			"from": [11.5, 3.5, 8],
			"to": [12, 5, 8.5],
			"rotation": {"angle": 0, "axis": "y", "origin": [19, 12, 16]},
			"faces": {
				"north": {"uv": [4, 11, 4.5, 12.5], "texture": "#0"},
				"east": {"uv": [4, 11, 4.5, 12.5], "texture": "#0"},
				"south": {"uv": [4.5, 11, 4, 12.5], "texture": "#0"},
				"west": {"uv": [4.5, 11, 4, 12.5], "texture": "#0"},
				"up": {"uv": [4.5, 11, 4, 11.5], "texture": "#0"},
				"down": {"uv": [4.5, 12.5, 4, 12], "texture": "#0"}
			}
		},
		{
			"from": [12, 3, 8],
			"to": [12.5, 4.5, 8.5],
			"rotation": {"angle": 0, "axis": "y", "origin": [19.5, 11.5, 16]},
			"faces": {
				"north": {"uv": [3.5, 11.5, 4, 13], "texture": "#0"},
				"east": {"uv": [3.5, 11.5, 4, 13], "texture": "#0"},
				"south": {"uv": [4, 11.5, 3.5, 13], "texture": "#0"},
				"west": {"uv": [4, 11.5, 3.5, 13], "texture": "#0"},
				"up": {"uv": [4, 11.5, 3.5, 12], "texture": "#0"},
				"down": {"uv": [4, 13, 3.5, 12.5], "texture": "#0"}
			}
		},
		{
			"from": [13, 2, 8],
			"to": [13.5, 3.5, 8.5],
			"rotation": {"angle": 0, "axis": "y", "origin": [20.5, 10.5, 16]},
			"faces": {
				"north": {"uv": [2.5, 12.5, 3, 14], "texture": "#0"},
				"east": {"uv": [2.5, 12.5, 3, 14], "texture": "#0"},
				"south": {"uv": [3, 12.5, 2.5, 14], "texture": "#0"},
				"west": {"uv": [3, 12.5, 2.5, 14], "texture": "#0"},
				"up": {"uv": [3, 12.5, 2.5, 13], "texture": "#0"},
				"down": {"uv": [3, 14, 2.5, 13.5], "texture": "#0"}
			}
		},
		{
			"from": [12.5, 2.5, 8],
			"to": [13, 4, 8.5],
			"rotation": {"angle": 0, "axis": "y", "origin": [20, 11, 16]},
			"faces": {
				"north": {"uv": [3, 12, 3.5, 13.5], "texture": "#0"},
				"east": {"uv": [3, 12, 3.5, 13.5], "texture": "#0"},
				"south": {"uv": [3.5, 12, 3, 13.5], "texture": "#0"},
				"west": {"uv": [3.5, 12, 3, 13.5], "texture": "#0"},
				"up": {"uv": [3.5, 12, 3, 12.5], "texture": "#0"},
				"down": {"uv": [3.5, 13.5, 3, 13], "texture": "#0"}
			}
		},
		{
			"from": [13.5, 1.5, 8],
			"to": [14, 3, 8.5],
			"rotation": {"angle": 0, "axis": "y", "origin": [21, 10, 16]},
			"faces": {
				"north": {"uv": [2, 13, 2.5, 14.5], "texture": "#0"},
				"east": {"uv": [2, 13, 2.5, 14.5], "texture": "#0"},
				"south": {"uv": [2.5, 13, 2, 14.5], "texture": "#0"},
				"west": {"uv": [2.5, 13, 2, 14.5], "texture": "#0"},
				"up": {"uv": [2.5, 13, 2, 13.5], "texture": "#0"},
				"down": {"uv": [2.5, 14.5, 2, 14], "texture": "#0"}
			}
		},
		{
			"from": [14, 1, 8],
			"to": [14.5, 2.5, 8.5],
			"rotation": {"angle": 0, "axis": "y", "origin": [21.5, 9.5, 16]},
			"faces": {
				"north": {"uv": [1.5, 13.5, 2, 15], "texture": "#0"},
				"east": {"uv": [1.5, 13.5, 2, 15], "texture": "#0"},
				"south": {"uv": [2, 13.5, 1.5, 15], "texture": "#0"},
				"west": {"uv": [2, 13.5, 1.5, 15], "texture": "#0"},
				"up": {"uv": [2, 13.5, 1.5, 14], "texture": "#0"},
				"down": {"uv": [2, 15, 1.5, 14.5], "texture": "#0"}
			}
		},
		{
			"from": [14.5, 1.5, 8],
			"to": [15, 2, 8.5],
			"rotation": {"angle": 0, "axis": "y", "origin": [22, 9.5, 16]},
			"faces": {
				"north": {"uv": [1, 14, 1.5, 14.5], "texture": "#0"},
				"east": {"uv": [1, 14, 1.5, 14.5], "texture": "#0"},
				"south": {"uv": [1.5, 14, 1, 14.5], "texture": "#0"},
				"west": {"uv": [1.5, 14, 1, 14.5], "texture": "#0"},
				"up": {"uv": [1.5, 14, 1, 14.5], "texture": "#0"},
				"down": {"uv": [1.5, 14.5, 1, 14], "texture": "#0"}
			}
		},
		{
			"from": [15, 1.5, 8],
			"to": [15.5, 2, 8.5],
			"rotation": {"angle": 0, "axis": "y", "origin": [22.5, 9.5, 16]},
			"faces": {
				"north": {"uv": [0.5, 14, 1, 14.5], "texture": "#0"},
				"east": {"uv": [0.5, 14, 1, 14.5], "texture": "#0"},
				"south": {"uv": [1, 14, 0.5, 14.5], "texture": "#0"},
				"west": {"uv": [1, 14, 0.5, 14.5], "texture": "#0"},
				"up": {"uv": [1, 14, 0.5, 14.5], "texture": "#0"},
				"down": {"uv": [1, 14.5, 0.5, 14], "texture": "#0"}
			}
		},
		{
			"from": [14, 0.5, 8],
			"to": [14.5, 1, 8.5],
			"rotation": {"angle": 0, "axis": "y", "origin": [21.5, 8.5, 16]},
			"faces": {
				"north": {"uv": [1.5, 15, 2, 15.5], "texture": "#0"},
				"east": {"uv": [1.5, 15, 2, 15.5], "texture": "#0"},
				"south": {"uv": [2, 15, 1.5, 15.5], "texture": "#0"},
				"west": {"uv": [2, 15, 1.5, 15.5], "texture": "#0"},
				"up": {"uv": [2, 15, 1.5, 15.5], "texture": "#0"},
				"down": {"uv": [2, 15.5, 1.5, 15], "texture": "#0"}
			}
		},
		{
			"from": [11, 5.5, 8],
			"to": [11.5, 6, 8.5],
			"rotation": {"angle": 0, "axis": "y", "origin": [18.5, 13.5, 16]},
			"faces": {
				"north": {"uv": [4.5, 10, 5, 10.5], "texture": "#0"},
				"east": {"uv": [4.5, 10, 5, 10.5], "texture": "#0"},
				"south": {"uv": [5, 10, 4.5, 10.5], "texture": "#0"},
				"west": {"uv": [5, 10, 4.5, 10.5], "texture": "#0"},
				"up": {"uv": [5, 10, 4.5, 10.5], "texture": "#0"},
				"down": {"uv": [5, 10.5, 4.5, 10], "texture": "#0"}
			}
		},
		{
			"from": [10, 4.5, 8],
			"to": [10.5, 5, 8.5],
			"rotation": {"angle": 0, "axis": "y", "origin": [17.5, 12.5, 16]},
			"faces": {
				"north": {"uv": [5.5, 11, 6, 11.5], "texture": "#0"},
				"east": {"uv": [5.5, 11, 6, 11.5], "texture": "#0"},
				"south": {"uv": [6, 11, 5.5, 11.5], "texture": "#0"},
				"west": {"uv": [6, 11, 5.5, 11.5], "texture": "#0"},
				"up": {"uv": [6, 11, 5.5, 11.5], "texture": "#0"},
				"down": {"uv": [6, 11.5, 5.5, 11], "texture": "#0"}
			}
		},
		{
			"from": [6.5, 5.5, 8],
			"to": [7.5, 6, 8.5],
			"rotation": {"angle": 0, "axis": "y", "origin": [14.5, 14.5, 16]},
			"faces": {
				"north": {"uv": [8.5, 10, 9.5, 10.5], "texture": "#0"},
				"east": {"uv": [8.5, 10, 9, 10.5], "texture": "#0"},
				"south": {"uv": [9.5, 10, 8.5, 10.5], "texture": "#0"},
				"west": {"uv": [9.5, 10, 9, 10.5], "texture": "#0"},
				"up": {"uv": [9.5, 10, 8.5, 10.5], "texture": "#0"},
				"down": {"uv": [9.5, 10.5, 8.5, 10], "texture": "#0"}
			}
		},
		{
			"from": [8, 7, 8],
			"to": [8.5, 8.5, 8.5],
			"rotation": {"angle": 0, "axis": "y", "origin": [15.5, 15.5, 16]},
			"faces": {
				"north": {"uv": [7.5, 7.5, 8, 9], "texture": "#0"},
				"east": {"uv": [7.5, 7.5, 8, 9], "texture": "#0"},
				"south": {"uv": [8, 7.5, 7.5, 9], "texture": "#0"},
				"west": {"uv": [8, 7.5, 7.5, 9], "texture": "#0"},
				"up": {"uv": [8, 7.5, 7.5, 8], "texture": "#0"},
				"down": {"uv": [8, 9, 7.5, 8.5], "texture": "#0"}
			}
		},
		{
			"from": [9.5, 5.5, 8],
			"to": [10, 7, 8.5],
			"rotation": {"angle": 0, "axis": "y", "origin": [17, 14, 16]},
			"faces": {
				"north": {"uv": [6, 9, 6.5, 10.5], "texture": "#0"},
				"east": {"uv": [6, 9, 6.5, 10.5], "texture": "#0"},
				"south": {"uv": [6.5, 9, 6, 10.5], "texture": "#0"},
				"west": {"uv": [6.5, 9, 6, 10.5], "texture": "#0"},
				"up": {"uv": [6.5, 9, 6, 9.5], "texture": "#0"},
				"down": {"uv": [6.5, 10.5, 6, 10], "texture": "#0"}
			}
		},
		{
			"from": [6.5, 8.5, 8],
			"to": [7, 10, 8.5],
			"rotation": {"angle": 0, "axis": "y", "origin": [14, 17, 16]},
			"faces": {
				"north": {"uv": [9, 6, 9.5, 7.5], "texture": "#0"},
				"east": {"uv": [9, 6, 9.5, 7.5], "texture": "#0"},
				"south": {"uv": [9.5, 6, 9, 7.5], "texture": "#0"},
				"west": {"uv": [9.5, 6, 9, 7.5], "texture": "#0"},
				"up": {"uv": [9.5, 6, 9, 6.5], "texture": "#0"},
				"down": {"uv": [9.5, 7.5, 9, 7], "texture": "#0"}
			}
		},
		{
			"from": [7.5, 7.5, 8],
			"to": [8, 9, 8.5],
			"rotation": {"angle": 0, "axis": "y", "origin": [15, 16, 16]},
			"faces": {
				"north": {"uv": [8, 7, 8.5, 8.5], "texture": "#0"},
				"east": {"uv": [8, 7, 8.5, 8.5], "texture": "#0"},
				"south": {"uv": [8.5, 7, 8, 8.5], "texture": "#0"},
				"west": {"uv": [8.5, 7, 8, 8.5], "texture": "#0"},
				"up": {"uv": [8.5, 7, 8, 7.5], "texture": "#0"},
				"down": {"uv": [8.5, 8.5, 8, 8], "texture": "#0"}
			}
		},
		{
			"from": [9, 6, 8],
			"to": [9.5, 7.5, 8.5],
			"rotation": {"angle": 0, "axis": "y", "origin": [16.5, 14.5, 16]},
			"faces": {
				"north": {"uv": [6.5, 8.5, 7, 10], "texture": "#0"},
				"east": {"uv": [6.5, 8.5, 7, 10], "texture": "#0"},
				"south": {"uv": [7, 8.5, 6.5, 10], "texture": "#0"},
				"west": {"uv": [7, 8.5, 6.5, 10], "texture": "#0"},
				"up": {"uv": [7, 8.5, 6.5, 9], "texture": "#0"},
				"down": {"uv": [7, 10, 6.5, 9.5], "texture": "#0"}
			}
		},
		{
			"from": [6, 9, 8],
			"to": [6.5, 10.5, 8.5],
			"rotation": {"angle": 0, "axis": "y", "origin": [13.5, 17.5, 16]},
			"faces": {
				"north": {"uv": [9.5, 5.5, 10, 7], "texture": "#0"},
				"east": {"uv": [9.5, 5.5, 10, 7], "texture": "#0"},
				"south": {"uv": [10, 5.5, 9.5, 7], "texture": "#0"},
				"west": {"uv": [10, 5.5, 9.5, 7], "texture": "#0"},
				"up": {"uv": [10, 5.5, 9.5, 6], "texture": "#0"},
				"down": {"uv": [10, 7, 9.5, 6.5], "texture": "#0"}
			}
		},
		{
			"from": [10, 5, 8],
			"to": [10.5, 6.5, 8.5],
			"rotation": {"angle": 0, "axis": "y", "origin": [17.5, 13.5, 16]},
			"faces": {
				"north": {"uv": [5.5, 9.5, 6, 11], "texture": "#0"},
				"east": {"uv": [5.5, 9.5, 6, 11], "texture": "#0"},
				"south": {"uv": [6, 9.5, 5.5, 11], "texture": "#0"},
				"west": {"uv": [6, 9.5, 5.5, 11], "texture": "#0"},
				"up": {"uv": [6, 9.5, 5.5, 10], "texture": "#0"},
				"down": {"uv": [6, 11, 5.5, 10.5], "texture": "#0"}
			}
		},
		{
			"from": [10.5, 5, 8],
			"to": [11, 6, 8.5],
			"rotation": {"angle": 0, "axis": "y", "origin": [18, 13.5, 16]},
			"faces": {
				"north": {"uv": [5, 10, 5.5, 11], "texture": "#0"},
				"east": {"uv": [5, 10, 5.5, 11], "texture": "#0"},
				"south": {"uv": [5.5, 10, 5, 11], "texture": "#0"},
				"west": {"uv": [5.5, 10, 5, 11], "texture": "#0"},
				"up": {"uv": [5.5, 10, 5, 10.5], "texture": "#0"},
				"down": {"uv": [5.5, 11, 5, 10.5], "texture": "#0"}
			}
		},
		{
			"from": [7, 8, 8],
			"to": [7.5, 9.5, 8.5],
			"rotation": {"angle": 0, "axis": "y", "origin": [14.5, 16.5, 16]},
			"faces": {
				"north": {"uv": [8.5, 6.5, 9, 8], "texture": "#0"},
				"east": {"uv": [8.5, 6.5, 9, 8], "texture": "#0"},
				"south": {"uv": [9, 6.5, 8.5, 8], "texture": "#0"},
				"west": {"uv": [9, 6.5, 8.5, 8], "texture": "#0"},
				"up": {"uv": [9, 6.5, 8.5, 7], "texture": "#0"},
				"down": {"uv": [9, 8, 8.5, 7.5], "texture": "#0"}
			}
		},
		{
			"from": [8.5, 6.5, 8],
			"to": [9, 8, 8.5],
			"rotation": {"angle": 0, "axis": "y", "origin": [16, 15, 16]},
			"faces": {
				"north": {"uv": [7, 8, 7.5, 9.5], "texture": "#0"},
				"east": {"uv": [7, 8, 7.5, 9.5], "texture": "#0"},
				"south": {"uv": [7.5, 8, 7, 9.5], "texture": "#0"},
				"west": {"uv": [7.5, 8, 7, 9.5], "texture": "#0"},
				"up": {"uv": [7.5, 8, 7, 8.5], "texture": "#0"},
				"down": {"uv": [7.5, 9.5, 7, 9], "texture": "#0"}
			}
		},
		{
			"from": [5.5, 9.5, 8],
			"to": [6, 11, 8.5],
			"rotation": {"angle": 0, "axis": "y", "origin": [13, 18, 16]},
			"faces": {
				"north": {"uv": [10, 5, 10.5, 6.5], "texture": "#0"},
				"east": {"uv": [10, 5, 10.5, 6.5], "texture": "#0"},
				"south": {"uv": [10.5, 5, 10, 6.5], "texture": "#0"},
				"west": {"uv": [10.5, 5, 10, 6.5], "texture": "#0"},
				"up": {"uv": [10.5, 5, 10, 5.5], "texture": "#0"},
				"down": {"uv": [10.5, 6.5, 10, 6], "texture": "#0"}
			}
		},
		{
			"from": [5, 10, 8],
			"to": [5.5, 11.5, 8.5],
			"rotation": {"angle": 0, "axis": "y", "origin": [12.5, 18.5, 16]},
			"faces": {
				"north": {"uv": [10.5, 4.5, 11, 6], "texture": "#0"},
				"east": {"uv": [10.5, 4.5, 11, 6], "texture": "#0"},
				"south": {"uv": [11, 4.5, 10.5, 6], "texture": "#0"},
				"west": {"uv": [11, 4.5, 10.5, 6], "texture": "#0"},
				"up": {"uv": [11, 4.5, 10.5, 5], "texture": "#0"},
				"down": {"uv": [11, 6, 10.5, 5.5], "texture": "#0"}
			}
		},
		{
			"from": [4.5, 10.5, 8],
			"to": [5, 12, 8.5],
			"rotation": {"angle": 0, "axis": "y", "origin": [12, 19, 16]},
			"faces": {
				"north": {"uv": [11, 4, 11.5, 5.5], "texture": "#0"},
				"east": {"uv": [11, 4, 11.5, 5.5], "texture": "#0"},
				"south": {"uv": [11.5, 4, 11, 5.5], "texture": "#0"},
				"west": {"uv": [11.5, 4, 11, 5.5], "texture": "#0"},
				"up": {"uv": [11.5, 4, 11, 4.5], "texture": "#0"},
				"down": {"uv": [11.5, 5.5, 11, 5], "texture": "#0"}
			}
		},
		{
			"from": [4, 11, 8],
			"to": [4.5, 11.5, 8.5],
			"rotation": {"angle": 0, "axis": "y", "origin": [11.5, 19, 16]},
			"faces": {
				"north": {"uv": [11.5, 4.5, 12, 5], "texture": "#0"},
				"east": {"uv": [11.5, 4.5, 12, 5], "texture": "#0"},
				"south": {"uv": [12, 4.5, 11.5, 5], "texture": "#0"},
				"west": {"uv": [12, 4.5, 11.5, 5], "texture": "#0"},
				"up": {"uv": [12, 4.5, 11.5, 5], "texture": "#0"},
				"down": {"uv": [12, 5, 11.5, 4.5], "texture": "#0"}
			}
		},
		{
			"from": [5.5, 14.5, 8],
			"to": [7.5, 15, 8.5],
			"rotation": {"angle": 0, "axis": "y", "origin": [14.5, 22.5, 16]},
			"faces": {
				"north": {"uv": [8.5, 1, 10.5, 1.5], "texture": "#0"},
				"east": {"uv": [8.5, 1, 9, 1.5], "texture": "#0"},
				"south": {"uv": [10.5, 1, 8.5, 1.5], "texture": "#0"},
				"west": {"uv": [10.5, 1, 10, 1.5], "texture": "#0"},
				"up": {"uv": [10.5, 1, 8.5, 1.5], "texture": "#0"},
				"down": {"uv": [10.5, 1.5, 8.5, 1], "texture": "#0"}
			}
		},
		{
			"from": [4.5, 14, 8],
			"to": [8.5, 14.5, 8.5],
			"rotation": {"angle": 0, "axis": "y", "origin": [14.5, 22, 16]},
			"faces": {
				"north": {"uv": [7.5, 1.5, 11.5, 2], "texture": "#0"},
				"east": {"uv": [7.5, 1.5, 8, 2], "texture": "#0"},
				"south": {"uv": [11.5, 1.5, 7.5, 2], "texture": "#0"},
				"west": {"uv": [11.5, 1.5, 11, 2], "texture": "#0"},
				"up": {"uv": [11.5, 1.5, 7.5, 2], "texture": "#0"},
				"down": {"uv": [11.5, 2, 7.5, 1.5], "texture": "#0"}
			}
		},
		{
			"from": [3.5, 13.5, 8],
			"to": [9.5, 14, 8.5],
			"rotation": {"angle": 0, "axis": "y", "origin": [14.5, 21.5, 16]},
			"faces": {
				"north": {"uv": [6.5, 2, 12.5, 2.5], "texture": "#0"},
				"east": {"uv": [6.5, 2, 7, 2.5], "texture": "#0"},
				"south": {"uv": [12.5, 2, 6.5, 2.5], "texture": "#0"},
				"west": {"uv": [12.5, 2, 12, 2.5], "texture": "#0"},
				"up": {"uv": [12.5, 2, 6.5, 2.5], "texture": "#0"},
				"down": {"uv": [12.5, 2.5, 6.5, 2], "texture": "#0"}
			}
		},
		{
			"from": [3, 13, 8],
			"to": [10, 13.5, 8.5],
			"rotation": {"angle": 0, "axis": "y", "origin": [14.5, 21, 16]},
			"faces": {
				"north": {"uv": [6, 2.5, 13, 3], "texture": "#0"},
				"east": {"uv": [6, 2.5, 6.5, 3], "texture": "#0"},
				"south": {"uv": [13, 2.5, 6, 3], "texture": "#0"},
				"west": {"uv": [13, 2.5, 12.5, 3], "texture": "#0"},
				"up": {"uv": [13, 2.5, 6, 3], "texture": "#0"},
				"down": {"uv": [13, 3, 6, 2.5], "texture": "#0"}
			}
		},
		{
			"from": [3, 12.5, 8],
			"to": [6.5, 13, 8.5],
			"rotation": {"angle": 0, "axis": "y", "origin": [14.5, 20.5, 16]},
			"faces": {
				"north": {"uv": [9.5, 3, 13, 3.5], "texture": "#0"},
				"east": {"uv": [9.5, 3, 10, 3.5], "texture": "#0"},
				"south": {"uv": [13, 3, 9.5, 3.5], "texture": "#0"},
				"west": {"uv": [13, 3, 12.5, 3.5], "texture": "#0"},
				"up": {"uv": [13, 3, 9.5, 3.5], "texture": "#0"},
				"down": {"uv": [13, 3.5, 9.5, 3], "texture": "#0"}
			}
		},
		{
			"from": [3.5, 12, 8],
			"to": [5.5, 12.5, 8.5],
			"rotation": {"angle": 0, "axis": "y", "origin": [15, 20, 16]},
			"faces": {
				"north": {"uv": [10.5, 3.5, 12.5, 4], "texture": "#0"},
				"east": {"uv": [10.5, 3.5, 11, 4], "texture": "#0"},
				"south": {"uv": [12.5, 3.5, 10.5, 4], "texture": "#0"},
				"west": {"uv": [12.5, 3.5, 12, 4], "texture": "#0"},
				"up": {"uv": [12.5, 3.5, 10.5, 4], "texture": "#0"},
				"down": {"uv": [12.5, 4, 10.5, 3.5], "texture": "#0"}
			}
		},
		{
			"from": [9.5, 12.5, 8],
			"to": [10.5, 13, 8.5],
			"rotation": {"angle": 0, "axis": "y", "origin": [20.25, 20.5, 16]},
			"faces": {
				"north": {"uv": [5.5, 3, 6.5, 3.5], "texture": "#0"},
				"east": {"uv": [5.5, 3, 6, 3.5], "texture": "#0"},
				"south": {"uv": [6.5, 3, 5.5, 3.5], "texture": "#0"},
				"west": {"uv": [6.5, 3, 6, 3.5], "texture": "#0"},
				"up": {"uv": [6.5, 3, 5.5, 3.5], "texture": "#0"},
				"down": {"uv": [6.5, 3.5, 5.5, 3], "texture": "#0"}
			}
		},
		{
			"from": [3, 5.5, 8],
			"to": [3.5, 6.5, 8.5],
			"rotation": {"angle": 0, "axis": "y", "origin": [13.25, 13.5, 16]},
			"faces": {
				"north": {"uv": [12.5, 9.5, 13, 10.5], "texture": "#0"},
				"east": {"uv": [12.5, 9.5, 13, 10.5], "texture": "#0"},
				"south": {"uv": [13, 9.5, 12.5, 10.5], "texture": "#0"},
				"west": {"uv": [13, 9.5, 12.5, 10.5], "texture": "#0"},
				"up": {"uv": [13, 9.5, 12.5, 10], "texture": "#0"},
				"down": {"uv": [13, 10.5, 12.5, 10], "texture": "#0"}
			}
		},
		{
			"from": [2.5, 6, 8],
			"to": [3, 13, 8.5],
			"rotation": {"angle": 0, "axis": "y", "origin": [12.75, 14, 16]},
			"faces": {
				"north": {"uv": [13, 3, 13.5, 10], "texture": "#0"},
				"east": {"uv": [13, 3, 13.5, 10], "texture": "#0"},
				"south": {"uv": [13.5, 3, 13, 10], "texture": "#0"},
				"west": {"uv": [13.5, 3, 13, 10], "texture": "#0"},
				"up": {"uv": [13.5, 3, 13, 3.5], "texture": "#0"},
				"down": {"uv": [13.5, 10, 13, 9.5], "texture": "#0"}
			}
		},
		{
			"from": [1, 8.5, 8],
			"to": [1.5, 10.5, 8.5],
			"rotation": {"angle": 0, "axis": "y", "origin": [11.25, 14, 16]},
			"faces": {
				"north": {"uv": [14.5, 5.5, 15, 7.5], "texture": "#0"},
				"east": {"uv": [14.5, 5.5, 15, 7.5], "texture": "#0"},
				"south": {"uv": [15, 5.5, 14.5, 7.5], "texture": "#0"},
				"west": {"uv": [15, 5.5, 14.5, 7.5], "texture": "#0"},
				"up": {"uv": [15, 5.5, 14.5, 6], "texture": "#0"},
				"down": {"uv": [15, 7.5, 14.5, 7], "texture": "#0"}
			}
		},
		{
			"from": [1.5, 7.5, 8],
			"to": [2, 11.5, 8.5],
			"rotation": {"angle": 0, "axis": "y", "origin": [11.75, 14, 16]},
			"faces": {
				"north": {"uv": [14, 4.5, 14.5, 8.5], "texture": "#0"},
				"east": {"uv": [14, 4.5, 14.5, 8.5], "texture": "#0"},
				"south": {"uv": [14.5, 4.5, 14, 8.5], "texture": "#0"},
				"west": {"uv": [14.5, 4.5, 14, 8.5], "texture": "#0"},
				"up": {"uv": [14.5, 4.5, 14, 5], "texture": "#0"},
				"down": {"uv": [14.5, 8.5, 14, 8], "texture": "#0"}
			}
		},
		{
			"from": [2, 6.5, 8],
			"to": [2.5, 12.5, 8.5],
			"rotation": {"angle": 0, "axis": "y", "origin": [12.25, 14, 16]},
			"faces": {
				"north": {"uv": [13.5, 3.5, 14, 9.5], "texture": "#0"},
				"east": {"uv": [13.5, 3.5, 14, 9.5], "texture": "#0"},
				"south": {"uv": [14, 3.5, 13.5, 9.5], "texture": "#0"},
				"west": {"uv": [14, 3.5, 13.5, 9.5], "texture": "#0"},
				"up": {"uv": [14, 3.5, 13.5, 4], "texture": "#0"},
				"down": {"uv": [14, 9.5, 13.5, 9], "texture": "#0"}
			}
		},
		{
			"from": [3, 9.5, 8],
			"to": [3.5, 12.5, 8.5],
			"rotation": {"angle": 0, "axis": "y", "origin": [13.25, 14, 16]},
			"faces": {
				"north": {"uv": [12.5, 3.5, 13, 6.5], "texture": "#0"},
				"east": {"uv": [12.5, 3.5, 13, 6.5], "texture": "#0"},
				"south": {"uv": [13, 3.5, 12.5, 6.5], "texture": "#0"},
				"west": {"uv": [13, 3.5, 12.5, 6.5], "texture": "#0"},
				"up": {"uv": [13, 3.5, 12.5, 4], "texture": "#0"},
				"down": {"uv": [13, 6.5, 12.5, 6], "texture": "#0"}
			}
		},
		{
			"from": [3.5, 10.5, 8],
			"to": [4, 12, 8.5],
			"rotation": {"angle": 0, "axis": "y", "origin": [13.75, 14, 16]},
			"faces": {
				"north": {"uv": [12, 4, 12.5, 5.5], "texture": "#0"},
				"east": {"uv": [12, 4, 12.5, 5.5], "texture": "#0"},
				"south": {"uv": [12.5, 4, 12, 5.5], "texture": "#0"},
				"west": {"uv": [12.5, 4, 12, 5.5], "texture": "#0"},
				"up": {"uv": [12.5, 4, 12, 4.5], "texture": "#0"},
				"down": {"uv": [12.5, 5.5, 12, 5], "texture": "#0"}
			}
		},
		{
			"from": [4, 11.5, 8],
			"to": [4.5, 12, 8.5],
			"rotation": {"angle": 0, "axis": "y", "origin": [14.25, 14, 16]},
			"faces": {
				"north": {"uv": [11.5, 4, 12, 4.5], "texture": "#0"},
				"east": {"uv": [11.5, 4, 12, 4.5], "texture": "#0"},
				"south": {"uv": [12, 4, 11.5, 4.5], "texture": "#0"},
				"west": {"uv": [12, 4, 11.5, 4.5], "texture": "#0"},
				"up": {"uv": [12, 4, 11.5, 4.5], "texture": "#0"},
				"down": {"uv": [12, 4.5, 11.5, 4], "texture": "#0"}
			}
		},
		{
			"from": [10, 8.5, 8],
			"to": [10.5, 9.5, 8.5],
			"rotation": {"angle": 0, "axis": "y", "origin": [17.5, 16.5, 16]},
			"faces": {
				"north": {"uv": [5.5, 6.5, 6, 7.5], "texture": "#0"},
				"east": {"uv": [5.5, 6.5, 6, 7.5], "texture": "#0"},
				"south": {"uv": [6, 6.5, 5.5, 7.5], "texture": "#0"},
				"west": {"uv": [6, 6.5, 5.5, 7.5], "texture": "#0"},
				"up": {"uv": [6, 6.5, 5.5, 7], "texture": "#0"},
				"down": {"uv": [6, 7.5, 5.5, 7], "texture": "#0"}
			}
		},
		{
			"from": [7.5, 9, 8],
			"to": [10, 10, 8.5],
			"rotation": {"angle": 0, "axis": "y", "origin": [17, 17, 16]},
			"faces": {
				"north": {"uv": [6, 6, 8.5, 7], "texture": "#0"},
				"east": {"uv": [6, 6, 6.5, 7], "texture": "#0"},
				"south": {"uv": [8.5, 6, 6, 7], "texture": "#0"},
				"west": {"uv": [8.5, 6, 8, 7], "texture": "#0"},
				"up": {"uv": [8.5, 6, 6, 6.5], "texture": "#0"},
				"down": {"uv": [8.5, 7, 6, 6.5], "texture": "#0"}
			}
		},
		{
			"from": [8, 10, 8],
			"to": [9, 10.5, 8.5],
			"rotation": {"angle": 0, "axis": "y", "origin": [16, 18, 16]},
			"faces": {
				"north": {"uv": [7, 5.5, 8, 6], "texture": "#0"},
				"east": {"uv": [7, 5.5, 7.5, 6], "texture": "#0"},
				"south": {"uv": [8, 5.5, 7, 6], "texture": "#0"},
				"west": {"uv": [8, 5.5, 7.5, 6], "texture": "#0"},
				"up": {"uv": [8, 5.5, 7, 6], "texture": "#0"},
				"down": {"uv": [8, 6, 7, 5.5], "texture": "#0"}
			}
		},
		{
			"from": [8, 8.5, 8],
			"to": [8.5, 9, 8.5],
			"rotation": {"angle": 0, "axis": "y", "origin": [16, 16.5, 16]},
			"faces": {
				"north": {"uv": [7.5, 7, 8, 7.5], "texture": "#0"},
				"east": {"uv": [7.5, 7, 8, 7.5], "texture": "#0"},
				"south": {"uv": [8, 7, 7.5, 7.5], "texture": "#0"},
				"west": {"uv": [8, 7, 7.5, 7.5], "texture": "#0"},
				"up": {"uv": [8, 7, 7.5, 7.5], "texture": "#0"},
				"down": {"uv": [8, 7.5, 7.5, 7], "texture": "#0"}
			}
		},
		{
			"from": [7, 7.5, 8],
			"to": [7.5, 8, 8.5],
			"rotation": {"angle": 0, "axis": "y", "origin": [15, 15.5, 16]},
			"faces": {
				"north": {"uv": [8.5, 8, 9, 8.5], "texture": "#0"},
				"east": {"uv": [8.5, 8, 9, 8.5], "texture": "#0"},
				"south": {"uv": [9, 8, 8.5, 8.5], "texture": "#0"},
				"west": {"uv": [9, 8, 8.5, 8.5], "texture": "#0"},
				"up": {"uv": [9, 8, 8.5, 8.5], "texture": "#0"},
				"down": {"uv": [9, 8.5, 8.5, 8], "texture": "#0"}
			}
		},
		{
			"from": [6, 6, 8],
			"to": [7, 8.5, 8.5],
			"rotation": {"angle": 0, "axis": "y", "origin": [14.5, 16, 16]},
			"faces": {
				"north": {"uv": [9, 7.5, 10, 10], "texture": "#0"},
				"east": {"uv": [9, 7.5, 9.5, 10], "texture": "#0"},
				"south": {"uv": [10, 7.5, 9, 10], "texture": "#0"},
				"west": {"uv": [10, 7.5, 9.5, 10], "texture": "#0"},
				"up": {"uv": [10, 7.5, 9, 8], "texture": "#0"},
				"down": {"uv": [10, 10, 9, 9.5], "texture": "#0"}
			}
		},
		{
			"from": [5.5, 7, 8],
			"to": [6, 8, 8.5],
			"rotation": {"angle": 0, "axis": "y", "origin": [13.5, 16, 16]},
			"faces": {
				"north": {"uv": [10, 8, 10.5, 9], "texture": "#0"},
				"east": {"uv": [10, 8, 10.5, 9], "texture": "#0"},
				"south": {"uv": [10.5, 8, 10, 9], "texture": "#0"},
				"west": {"uv": [10.5, 8, 10, 9], "texture": "#0"},
				"up": {"uv": [10.5, 8, 10, 8.5], "texture": "#0"},
				"down": {"uv": [10.5, 9, 10, 8.5], "texture": "#0"}
			}
		},
		{
			"from": [15, -3, 8],
			"to": [15.5, -2, 8.5],
			"rotation": {"angle": 0, "axis": "z", "origin": [19, -3, 9]},
			"faces": {
				"north": {"uv": [9.5, 10, 8.5, 10.5], "rotation": 270, "texture": "#0"},
				"east": {"uv": [9.5, 10, 8.5, 10.5], "rotation": 270, "texture": "#0"},
				"south": {"uv": [8.5, 10, 9.5, 10.5], "rotation": 90, "texture": "#0"},
				"west": {"uv": [9.5, 10.5, 8.5, 10], "rotation": 270, "texture": "#0"},
				"up": {"uv": [8.5, 10, 9, 10.5], "rotation": 90, "texture": "#0"},
				"down": {"uv": [9.5, 10, 9, 10.5], "rotation": 90, "texture": "#0"}
			}
		},
		{
			"from": [16.5, -1.5, 8],
			"to": [18, -1, 8.5],
			"rotation": {"angle": 0, "axis": "z", "origin": [19, -3, 9]},
			"faces": {
				"north": {"uv": [8, 7.5, 7.5, 9], "rotation": 270, "texture": "#0"},
				"east": {"uv": [8, 7.5, 7.5, 8], "rotation": 270, "texture": "#0"},
				"south": {"uv": [7.5, 7.5, 8, 9], "rotation": 90, "texture": "#0"},
				"west": {"uv": [8, 9, 7.5, 8.5], "rotation": 270, "texture": "#0"},
				"up": {"uv": [7.5, 7.5, 8, 9], "rotation": 90, "texture": "#0"},
				"down": {"uv": [8, 7.5, 7.5, 9], "rotation": 90, "texture": "#0"}
			}
		},
		{
			"from": [15, 0, 8],
			"to": [16.5, 0.5, 8.5],
			"rotation": {"angle": 0, "axis": "z", "origin": [19, -3, 9]},
			"faces": {
				"north": {"uv": [6.5, 9, 6, 10.5], "rotation": 270, "texture": "#0"},
				"east": {"uv": [6.5, 9, 6, 9.5], "rotation": 270, "texture": "#0"},
				"south": {"uv": [6, 9, 6.5, 10.5], "rotation": 90, "texture": "#0"},
				"west": {"uv": [6.5, 10.5, 6, 10], "rotation": 270, "texture": "#0"},
				"up": {"uv": [6, 9, 6.5, 10.5], "rotation": 90, "texture": "#0"},
				"down": {"uv": [6.5, 9, 6, 10.5], "rotation": 90, "texture": "#0"}
			}
		},
		{
			"from": [18, -3, 8],
			"to": [19.5, -2.5, 8.5],
			"rotation": {"angle": 0, "axis": "z", "origin": [19, -3, 9]},
			"faces": {
				"north": {"uv": [9.5, 6, 9, 7.5], "rotation": 270, "texture": "#0"},
				"east": {"uv": [9.5, 6, 9, 6.5], "rotation": 270, "texture": "#0"},
				"south": {"uv": [9, 6, 9.5, 7.5], "rotation": 90, "texture": "#0"},
				"west": {"uv": [9.5, 7.5, 9, 7], "rotation": 270, "texture": "#0"},
				"up": {"uv": [9, 6, 9.5, 7.5], "rotation": 90, "texture": "#0"},
				"down": {"uv": [9.5, 6, 9, 7.5], "rotation": 90, "texture": "#0"}
			}
		},
		{
			"from": [17, -2, 8],
			"to": [18.5, -1.5, 8.5],
			"rotation": {"angle": 0, "axis": "z", "origin": [19, -3, 9]},
			"faces": {
				"north": {"uv": [8.5, 7, 8, 8.5], "rotation": 270, "texture": "#0"},
				"east": {"uv": [8.5, 7, 8, 7.5], "rotation": 270, "texture": "#0"},
				"south": {"uv": [8, 7, 8.5, 8.5], "rotation": 90, "texture": "#0"},
				"west": {"uv": [8.5, 8.5, 8, 8], "rotation": 270, "texture": "#0"},
				"up": {"uv": [8, 7, 8.5, 8.5], "rotation": 90, "texture": "#0"},
				"down": {"uv": [8.5, 7, 8, 8.5], "rotation": 90, "texture": "#0"}
			}
		},
		{
			"from": [15.5, -0.5, 8],
			"to": [17, 0, 8.5],
			"rotation": {"angle": 0, "axis": "z", "origin": [19, -3, 9]},
			"faces": {
				"north": {"uv": [7, 8.5, 6.5, 10], "rotation": 270, "texture": "#0"},
				"east": {"uv": [7, 8.5, 6.5, 9], "rotation": 270, "texture": "#0"},
				"south": {"uv": [6.5, 8.5, 7, 10], "rotation": 90, "texture": "#0"},
				"west": {"uv": [7, 10, 6.5, 9.5], "rotation": 270, "texture": "#0"},
				"up": {"uv": [6.5, 8.5, 7, 10], "rotation": 90, "texture": "#0"},
				"down": {"uv": [7, 8.5, 6.5, 10], "rotation": 90, "texture": "#0"}
			}
		},
		{
			"from": [18.5, -3.5, 8],
			"to": [20, -3, 8.5],
			"rotation": {"angle": 0, "axis": "z", "origin": [19, -3, 9]},
			"faces": {
				"north": {"uv": [10, 5.5, 9.5, 7], "rotation": 270, "texture": "#0"},
				"east": {"uv": [10, 5.5, 9.5, 6], "rotation": 270, "texture": "#0"},
				"south": {"uv": [9.5, 5.5, 10, 7], "rotation": 90, "texture": "#0"},
				"west": {"uv": [10, 7, 9.5, 6.5], "rotation": 270, "texture": "#0"},
				"up": {"uv": [9.5, 5.5, 10, 7], "rotation": 90, "texture": "#0"},
				"down": {"uv": [10, 5.5, 9.5, 7], "rotation": 90, "texture": "#0"}
			}
		},
		{
			"from": [14.5, 0.5, 8],
			"to": [16, 1, 8.5],
			"rotation": {"angle": 0, "axis": "z", "origin": [19, -3, 9]},
			"faces": {
				"north": {"uv": [6, 9.5, 5.5, 11], "rotation": 270, "texture": "#0"},
				"east": {"uv": [6, 9.5, 5.5, 10], "rotation": 270, "texture": "#0"},
				"south": {"uv": [5.5, 9.5, 6, 11], "rotation": 90, "texture": "#0"},
				"west": {"uv": [6, 11, 5.5, 10.5], "rotation": 270, "texture": "#0"},
				"up": {"uv": [5.5, 9.5, 6, 11], "rotation": 90, "texture": "#0"},
				"down": {"uv": [6, 9.5, 5.5, 11], "rotation": 90, "texture": "#0"}
			}
		},
		{
			"from": [14.5, 1, 8],
			"to": [15.5, 1.5, 8.5],
			"rotation": {"angle": 0, "axis": "z", "origin": [19, -3, 9]},
			"faces": {
				"north": {"uv": [5.5, 10, 5, 11], "rotation": 270, "texture": "#0"},
				"east": {"uv": [5.5, 10, 5, 10.5], "rotation": 270, "texture": "#0"},
				"south": {"uv": [5, 10, 5.5, 11], "rotation": 90, "texture": "#0"},
				"west": {"uv": [5.5, 11, 5, 10.5], "rotation": 270, "texture": "#0"},
				"up": {"uv": [5, 10, 5.5, 11], "rotation": 90, "texture": "#0"},
				"down": {"uv": [5.5, 10, 5, 11], "rotation": 90, "texture": "#0"}
			}
		},
		{
			"from": [17.5, -2.5, 8],
			"to": [19, -2, 8.5],
			"rotation": {"angle": 0, "axis": "z", "origin": [19, -3, 9]},
			"faces": {
				"north": {"uv": [9, 6.5, 8.5, 8], "rotation": 270, "texture": "#0"},
				"east": {"uv": [9, 6.5, 8.5, 7], "rotation": 270, "texture": "#0"},
				"south": {"uv": [8.5, 6.5, 9, 8], "rotation": 90, "texture": "#0"},
				"west": {"uv": [9, 8, 8.5, 7.5], "rotation": 270, "texture": "#0"},
				"up": {"uv": [8.5, 6.5, 9, 8], "rotation": 90, "texture": "#0"},
				"down": {"uv": [9, 6.5, 8.5, 8], "rotation": 90, "texture": "#0"}
			}
		},
		{
			"from": [16, -1, 8],
			"to": [17.5, -0.5, 8.5],
			"rotation": {"angle": 0, "axis": "z", "origin": [19, -3, 9]},
			"faces": {
				"north": {"uv": [7.5, 8, 7, 9.5], "rotation": 270, "texture": "#0"},
				"east": {"uv": [7.5, 8, 7, 8.5], "rotation": 270, "texture": "#0"},
				"south": {"uv": [7, 8, 7.5, 9.5], "rotation": 90, "texture": "#0"},
				"west": {"uv": [7.5, 9.5, 7, 9], "rotation": 270, "texture": "#0"},
				"up": {"uv": [7, 8, 7.5, 9.5], "rotation": 90, "texture": "#0"},
				"down": {"uv": [7.5, 8, 7, 9.5], "rotation": 90, "texture": "#0"}
			}
		},
		{
			"from": [19, -4, 8],
			"to": [20.5, -3.5, 8.5],
			"rotation": {"angle": 0, "axis": "z", "origin": [19, -3, 9]},
			"faces": {
				"north": {"uv": [10.5, 5, 10, 6.5], "rotation": 270, "texture": "#0"},
				"east": {"uv": [10.5, 5, 10, 5.5], "rotation": 270, "texture": "#0"},
				"south": {"uv": [10, 5, 10.5, 6.5], "rotation": 90, "texture": "#0"},
				"west": {"uv": [10.5, 6.5, 10, 6], "rotation": 270, "texture": "#0"},
				"up": {"uv": [10, 5, 10.5, 6.5], "rotation": 90, "texture": "#0"},
				"down": {"uv": [10.5, 5, 10, 6.5], "rotation": 90, "texture": "#0"}
			}
		},
		{
			"from": [19.5, -4.5, 8],
			"to": [21, -4, 8.5],
			"rotation": {"angle": 0, "axis": "z", "origin": [19, -3, 9]},
			"faces": {
				"north": {"uv": [11, 4.5, 10.5, 6], "rotation": 270, "texture": "#0"},
				"east": {"uv": [11, 4.5, 10.5, 5], "rotation": 270, "texture": "#0"},
				"south": {"uv": [10.5, 4.5, 11, 6], "rotation": 90, "texture": "#0"},
				"west": {"uv": [11, 6, 10.5, 5.5], "rotation": 270, "texture": "#0"},
				"up": {"uv": [10.5, 4.5, 11, 6], "rotation": 90, "texture": "#0"},
				"down": {"uv": [11, 4.5, 10.5, 6], "rotation": 90, "texture": "#0"}
			}
		},
		{
			"from": [20, -5, 8],
			"to": [21.5, -4.5, 8.5],
			"rotation": {"angle": 0, "axis": "z", "origin": [19, -3, 9]},
			"faces": {
				"north": {"uv": [11.5, 4, 11, 5.5], "rotation": 270, "texture": "#0"},
				"east": {"uv": [11.5, 4, 11, 4.5], "rotation": 270, "texture": "#0"},
				"south": {"uv": [11, 4, 11.5, 5.5], "rotation": 90, "texture": "#0"},
				"west": {"uv": [11.5, 5.5, 11, 5], "rotation": 270, "texture": "#0"},
				"up": {"uv": [11, 4, 11.5, 5.5], "rotation": 90, "texture": "#0"},
				"down": {"uv": [11.5, 4, 11, 5.5], "rotation": 90, "texture": "#0"}
			}
		},
		{
			"from": [20.5, -5.5, 8],
			"to": [21, -5, 8.5],
			"rotation": {"angle": 0, "axis": "z", "origin": [19, -3, 9]},
			"faces": {
				"north": {"uv": [12, 4.5, 11.5, 5], "rotation": 270, "texture": "#0"},
				"east": {"uv": [12, 4.5, 11.5, 5], "rotation": 270, "texture": "#0"},
				"south": {"uv": [11.5, 4.5, 12, 5], "rotation": 90, "texture": "#0"},
				"west": {"uv": [12, 5, 11.5, 4.5], "rotation": 270, "texture": "#0"},
				"up": {"uv": [11.5, 4.5, 12, 5], "rotation": 90, "texture": "#0"},
				"down": {"uv": [12, 4.5, 11.5, 5], "rotation": 90, "texture": "#0"}
			}
		},
		{
			"from": [24, -4, 8],
			"to": [24.5, -2, 8.5],
			"rotation": {"angle": 0, "axis": "z", "origin": [19, -3, 9]},
			"faces": {
				"north": {"uv": [10.5, 1, 8.5, 1.5], "rotation": 270, "texture": "#0"},
				"east": {"uv": [10.5, 1, 8.5, 1.5], "rotation": 270, "texture": "#0"},
				"south": {"uv": [8.5, 1, 10.5, 1.5], "rotation": 90, "texture": "#0"},
				"west": {"uv": [10.5, 1.5, 8.5, 1], "rotation": 270, "texture": "#0"},
				"up": {"uv": [8.5, 1, 9, 1.5], "rotation": 90, "texture": "#0"},
				"down": {"uv": [10.5, 1, 10, 1.5], "rotation": 90, "texture": "#0"}
			}
		},
		{
			"from": [23.5, -5, 8],
			"to": [24, -1, 8.5],
			"rotation": {"angle": 0, "axis": "z", "origin": [19, -3, 9]},
			"faces": {
				"north": {"uv": [11.5, 1.5, 7.5, 2], "rotation": 270, "texture": "#0"},
				"east": {"uv": [11.5, 1.5, 7.5, 2], "rotation": 270, "texture": "#0"},
				"south": {"uv": [7.5, 1.5, 11.5, 2], "rotation": 90, "texture": "#0"},
				"west": {"uv": [11.5, 2, 7.5, 1.5], "rotation": 270, "texture": "#0"},
				"up": {"uv": [7.5, 1.5, 8, 2], "rotation": 90, "texture": "#0"},
				"down": {"uv": [11.5, 1.5, 11, 2], "rotation": 90, "texture": "#0"}
			}
		},
		{
			"from": [23, -6, 8],
			"to": [23.5, 0, 8.5],
			"rotation": {"angle": 0, "axis": "z", "origin": [19, -3, 9]},
			"faces": {
				"north": {"uv": [12.5, 2, 6.5, 2.5], "rotation": 270, "texture": "#0"},
				"east": {"uv": [12.5, 2, 6.5, 2.5], "rotation": 270, "texture": "#0"},
				"south": {"uv": [6.5, 2, 12.5, 2.5], "rotation": 90, "texture": "#0"},
				"west": {"uv": [12.5, 2.5, 6.5, 2], "rotation": 270, "texture": "#0"},
				"up": {"uv": [6.5, 2, 7, 2.5], "rotation": 90, "texture": "#0"},
				"down": {"uv": [12.5, 2, 12, 2.5], "rotation": 90, "texture": "#0"}
			}
		},
		{
			"from": [22.5, -6.5, 8],
			"to": [23, 0.5, 8.5],
			"rotation": {"angle": 0, "axis": "z", "origin": [19, -3, 9]},
			"faces": {
				"north": {"uv": [13, 2.5, 6, 3], "rotation": 270, "texture": "#0"},
				"east": {"uv": [13, 2.5, 6, 3], "rotation": 270, "texture": "#0"},
				"south": {"uv": [6, 2.5, 13, 3], "rotation": 90, "texture": "#0"},
				"west": {"uv": [13, 3, 6, 2.5], "rotation": 270, "texture": "#0"},
				"up": {"uv": [6, 2.5, 6.5, 3], "rotation": 90, "texture": "#0"},
				"down": {"uv": [13, 2.5, 12.5, 3], "rotation": 90, "texture": "#0"}
			}
		},
		{
			"from": [22, -6.5, 8],
			"to": [22.5, -3, 8.5],
			"rotation": {"angle": 0, "axis": "z", "origin": [19, -3, 9]},
			"faces": {
				"north": {"uv": [13, 3, 9.5, 3.5], "rotation": 270, "texture": "#0"},
				"east": {"uv": [13, 3, 9.5, 3.5], "rotation": 270, "texture": "#0"},
				"south": {"uv": [9.5, 3, 13, 3.5], "rotation": 90, "texture": "#0"},
				"west": {"uv": [13, 3.5, 9.5, 3], "rotation": 270, "texture": "#0"},
				"up": {"uv": [9.5, 3, 10, 3.5], "rotation": 90, "texture": "#0"},
				"down": {"uv": [13, 3, 12.5, 3.5], "rotation": 90, "texture": "#0"}
			}
		},
		{
			"from": [21.5, -6, 8],
			"to": [22, -4, 8.5],
			"rotation": {"angle": 0, "axis": "z", "origin": [19, -3, 9]},
			"faces": {
				"north": {"uv": [12.5, 3.5, 10.5, 4], "rotation": 270, "texture": "#0"},
				"east": {"uv": [12.5, 3.5, 10.5, 4], "rotation": 270, "texture": "#0"},
				"south": {"uv": [10.5, 3.5, 12.5, 4], "rotation": 90, "texture": "#0"},
				"west": {"uv": [12.5, 4, 10.5, 3.5], "rotation": 270, "texture": "#0"},
				"up": {"uv": [10.5, 3.5, 11, 4], "rotation": 90, "texture": "#0"},
				"down": {"uv": [12.5, 3.5, 12, 4], "rotation": 90, "texture": "#0"}
			}
		},
		{
			"from": [22, 0, 8],
			"to": [22.5, 1, 8.5],
			"rotation": {"angle": 0, "axis": "z", "origin": [19, -3, 9]},
			"faces": {
				"north": {"uv": [6.5, 3, 5.5, 3.5], "rotation": 270, "texture": "#0"},
				"east": {"uv": [6.5, 3, 5.5, 3.5], "rotation": 270, "texture": "#0"},
				"south": {"uv": [5.5, 3, 6.5, 3.5], "rotation": 90, "texture": "#0"},
				"west": {"uv": [6.5, 3.5, 5.5, 3], "rotation": 270, "texture": "#0"},
				"up": {"uv": [5.5, 3, 6, 3.5], "rotation": 90, "texture": "#0"},
				"down": {"uv": [6.5, 3, 6, 3.5], "rotation": 90, "texture": "#0"}
			}
		},
		{
			"from": [15, -6.5, 8],
			"to": [16, -6, 8.5],
			"rotation": {"angle": 0, "axis": "z", "origin": [19, -3, 9]},
			"faces": {
				"north": {"uv": [13, 9.5, 12.5, 10.5], "rotation": 270, "texture": "#0"},
				"east": {"uv": [13, 9.5, 12.5, 10], "rotation": 270, "texture": "#0"},
				"south": {"uv": [12.5, 9.5, 13, 10.5], "rotation": 90, "texture": "#0"},
				"west": {"uv": [13, 10.5, 12.5, 10], "rotation": 270, "texture": "#0"},
				"up": {"uv": [12.5, 9.5, 13, 10.5], "rotation": 90, "texture": "#0"},
				"down": {"uv": [13, 9.5, 12.5, 10.5], "rotation": 90, "texture": "#0"}
			}
		},
		{
			"from": [15.5, -7, 8],
			"to": [22.5, -6.5, 8.5],
			"rotation": {"angle": 0, "axis": "z", "origin": [19, -3, 9]},
			"faces": {
				"north": {"uv": [13.5, 3, 13, 10], "rotation": 270, "texture": "#0"},
				"east": {"uv": [13.5, 3, 13, 3.5], "rotation": 270, "texture": "#0"},
				"south": {"uv": [13, 3, 13.5, 10], "rotation": 90, "texture": "#0"},
				"west": {"uv": [13.5, 10, 13, 9.5], "rotation": 270, "texture": "#0"},
				"up": {"uv": [13, 3, 13.5, 10], "rotation": 90, "texture": "#0"},
				"down": {"uv": [13.5, 3, 13, 10], "rotation": 90, "texture": "#0"}
			}
		},
		{
			"from": [18, -8.5, 8],
			"to": [20, -8, 8.5],
			"rotation": {"angle": 0, "axis": "z", "origin": [19, -3, 9]},
			"faces": {
				"north": {"uv": [15, 5.5, 14.5, 7.5], "rotation": 270, "texture": "#0"},
				"east": {"uv": [15, 5.5, 14.5, 6], "rotation": 270, "texture": "#0"},
				"south": {"uv": [14.5, 5.5, 15, 7.5], "rotation": 90, "texture": "#0"},
				"west": {"uv": [15, 7.5, 14.5, 7], "rotation": 270, "texture": "#0"},
				"up": {"uv": [14.5, 5.5, 15, 7.5], "rotation": 90, "texture": "#0"},
				"down": {"uv": [15, 5.5, 14.5, 7.5], "rotation": 90, "texture": "#0"}
			}
		},
		{
			"from": [17, -8, 8],
			"to": [21, -7.5, 8.5],
			"rotation": {"angle": 0, "axis": "z", "origin": [19, -3, 9]},
			"faces": {
				"north": {"uv": [14.5, 4.5, 14, 8.5], "rotation": 270, "texture": "#0"},
				"east": {"uv": [14.5, 4.5, 14, 5], "rotation": 270, "texture": "#0"},
				"south": {"uv": [14, 4.5, 14.5, 8.5], "rotation": 90, "texture": "#0"},
				"west": {"uv": [14.5, 8.5, 14, 8], "rotation": 270, "texture": "#0"},
				"up": {"uv": [14, 4.5, 14.5, 8.5], "rotation": 90, "texture": "#0"},
				"down": {"uv": [14.5, 4.5, 14, 8.5], "rotation": 90, "texture": "#0"}
			}
		},
		{
			"from": [16, -7.5, 8],
			"to": [22, -7, 8.5],
			"rotation": {"angle": 0, "axis": "z", "origin": [19, -3, 9]},
			"faces": {
				"north": {"uv": [14, 3.5, 13.5, 9.5], "rotation": 270, "texture": "#0"},
				"east": {"uv": [14, 3.5, 13.5, 4], "rotation": 270, "texture": "#0"},
				"south": {"uv": [13.5, 3.5, 14, 9.5], "rotation": 90, "texture": "#0"},
				"west": {"uv": [14, 9.5, 13.5, 9], "rotation": 270, "texture": "#0"},
				"up": {"uv": [13.5, 3.5, 14, 9.5], "rotation": 90, "texture": "#0"},
				"down": {"uv": [14, 3.5, 13.5, 9.5], "rotation": 90, "texture": "#0"}
			}
		},
		{
			"from": [19, -6.5, 8],
			"to": [22, -6, 8.5],
			"rotation": {"angle": 0, "axis": "z", "origin": [19, -3, 9]},
			"faces": {
				"north": {"uv": [13, 3.5, 12.5, 6.5], "rotation": 270, "texture": "#0"},
				"east": {"uv": [13, 3.5, 12.5, 4], "rotation": 270, "texture": "#0"},
				"south": {"uv": [12.5, 3.5, 13, 6.5], "rotation": 90, "texture": "#0"},
				"west": {"uv": [13, 6.5, 12.5, 6], "rotation": 270, "texture": "#0"},
				"up": {"uv": [12.5, 3.5, 13, 6.5], "rotation": 90, "texture": "#0"},
				"down": {"uv": [13, 3.5, 12.5, 6.5], "rotation": 90, "texture": "#0"}
			}
		},
		{
			"from": [20, -6, 8],
			"to": [21.5, -5.5, 8.5],
			"rotation": {"angle": 0, "axis": "z", "origin": [19, -3, 9]},
			"faces": {
				"north": {"uv": [12.5, 4, 12, 5.5], "rotation": 270, "texture": "#0"},
				"east": {"uv": [12.5, 4, 12, 4.5], "rotation": 270, "texture": "#0"},
				"south": {"uv": [12, 4, 12.5, 5.5], "rotation": 90, "texture": "#0"},
				"west": {"uv": [12.5, 5.5, 12, 5], "rotation": 270, "texture": "#0"},
				"up": {"uv": [12, 4, 12.5, 5.5], "rotation": 90, "texture": "#0"},
				"down": {"uv": [12.5, 4, 12, 5.5], "rotation": 90, "texture": "#0"}
			}
		},
		{
			"from": [21, -5.5, 8],
			"to": [21.5, -5, 8.5],
			"rotation": {"angle": 0, "axis": "z", "origin": [19, -3, 9]},
			"faces": {
				"north": {"uv": [12, 4, 11.5, 4.5], "rotation": 270, "texture": "#0"},
				"east": {"uv": [12, 4, 11.5, 4.5], "rotation": 270, "texture": "#0"},
				"south": {"uv": [11.5, 4, 12, 4.5], "rotation": 90, "texture": "#0"},
				"west": {"uv": [12, 4.5, 11.5, 4], "rotation": 270, "texture": "#0"},
				"up": {"uv": [11.5, 4, 12, 4.5], "rotation": 90, "texture": "#0"},
				"down": {"uv": [12, 4, 11.5, 4.5], "rotation": 90, "texture": "#0"}
			}
		},
		{
			"from": [18, 0.5, 8],
			"to": [19, 1, 8.5],
			"rotation": {"angle": 0, "axis": "z", "origin": [19, -3, 9]},
			"faces": {
				"north": {"uv": [6, 6.5, 5.5, 7.5], "rotation": 270, "texture": "#0"},
				"east": {"uv": [6, 6.5, 5.5, 7], "rotation": 270, "texture": "#0"},
				"south": {"uv": [5.5, 6.5, 6, 7.5], "rotation": 90, "texture": "#0"},
				"west": {"uv": [6, 7.5, 5.5, 7], "rotation": 270, "texture": "#0"},
				"up": {"uv": [5.5, 6.5, 6, 7.5], "rotation": 90, "texture": "#0"},
				"down": {"uv": [6, 6.5, 5.5, 7.5], "rotation": 90, "texture": "#0"}
			}
		},
		{
			"from": [18.5, -2, 8],
			"to": [19.5, 0.5, 8.5],
			"rotation": {"angle": 0, "axis": "z", "origin": [19, -3, 9]},
			"faces": {
				"north": {"uv": [8.5, 6, 6, 7], "rotation": 270, "texture": "#0"},
				"east": {"uv": [8.5, 6, 6, 6.5], "rotation": 270, "texture": "#0"},
				"south": {"uv": [6, 6, 8.5, 7], "rotation": 90, "texture": "#0"},
				"west": {"uv": [8.5, 7, 6, 6.5], "rotation": 270, "texture": "#0"},
				"up": {"uv": [6, 6, 6.5, 7], "rotation": 90, "texture": "#0"},
				"down": {"uv": [8.5, 6, 8, 7], "rotation": 90, "texture": "#0"}
			}
		},
		{
			"from": [19.5, -1.5, 8],
			"to": [20, -0.5, 8.5],
			"rotation": {"angle": 0, "axis": "z", "origin": [19, -3, 9]},
			"faces": {
				"north": {"uv": [8, 5.5, 7, 6], "rotation": 270, "texture": "#0"},
				"east": {"uv": [8, 5.5, 7, 6], "rotation": 270, "texture": "#0"},
				"south": {"uv": [7, 5.5, 8, 6], "rotation": 90, "texture": "#0"},
				"west": {"uv": [8, 6, 7, 5.5], "rotation": 270, "texture": "#0"},
				"up": {"uv": [7, 5.5, 7.5, 6], "rotation": 90, "texture": "#0"},
				"down": {"uv": [8, 5.5, 7.5, 6], "rotation": 90, "texture": "#0"}
			}
		},
		{
			"from": [18, -1.5, 8],
			"to": [18.5, -1, 8.5],
			"rotation": {"angle": 0, "axis": "z", "origin": [19, -3, 9]},
			"faces": {
				"north": {"uv": [8, 7, 7.5, 7.5], "rotation": 270, "texture": "#0"},
				"east": {"uv": [8, 7, 7.5, 7.5], "rotation": 270, "texture": "#0"},
				"south": {"uv": [7.5, 7, 8, 7.5], "rotation": 90, "texture": "#0"},
				"west": {"uv": [8, 7.5, 7.5, 7], "rotation": 270, "texture": "#0"},
				"up": {"uv": [7.5, 7, 8, 7.5], "rotation": 90, "texture": "#0"},
				"down": {"uv": [8, 7, 7.5, 7.5], "rotation": 90, "texture": "#0"}
			}
		},
		{
			"from": [17, -2.5, 8],
			"to": [17.5, -2, 8.5],
			"rotation": {"angle": 0, "axis": "z", "origin": [19, -3, 9]},
			"faces": {
				"north": {"uv": [9, 8, 8.5, 8.5], "rotation": 270, "texture": "#0"},
				"east": {"uv": [9, 8, 8.5, 8.5], "rotation": 270, "texture": "#0"},
				"south": {"uv": [8.5, 8, 9, 8.5], "rotation": 90, "texture": "#0"},
				"west": {"uv": [9, 8.5, 8.5, 8], "rotation": 270, "texture": "#0"},
				"up": {"uv": [8.5, 8, 9, 8.5], "rotation": 90, "texture": "#0"},
				"down": {"uv": [9, 8, 8.5, 8.5], "rotation": 90, "texture": "#0"}
			}
		},
		{
			"from": [15.5, -3.5, 8],
			"to": [18, -2.5, 8.5],
			"rotation": {"angle": 0, "axis": "z", "origin": [19, -3, 9]},
			"faces": {
				"north": {"uv": [10, 7.5, 9, 10], "rotation": 270, "texture": "#0"},
				"east": {"uv": [10, 7.5, 9, 8], "rotation": 270, "texture": "#0"},
				"south": {"uv": [9, 7.5, 10, 10], "rotation": 90, "texture": "#0"},
				"west": {"uv": [10, 10, 9, 9.5], "rotation": 270, "texture": "#0"},
				"up": {"uv": [9, 7.5, 9.5, 10], "rotation": 90, "texture": "#0"},
				"down": {"uv": [10, 7.5, 9.5, 10], "rotation": 90, "texture": "#0"}
			}
		},
		{
			"from": [16.5, -4, 8],
			"to": [17.5, -3.5, 8.5],
			"rotation": {"angle": 0, "axis": "z", "origin": [19, -3, 9]},
			"faces": {
				"north": {"uv": [10.5, 8, 10, 9], "rotation": 270, "texture": "#0"},
				"east": {"uv": [10.5, 8, 10, 8.5], "rotation": 270, "texture": "#0"},
				"south": {"uv": [10, 8, 10.5, 9], "rotation": 90, "texture": "#0"},
				"west": {"uv": [10.5, 9, 10, 8.5], "rotation": 270, "texture": "#0"},
				"up": {"uv": [10, 8, 10.5, 9], "rotation": 90, "texture": "#0"},
				"down": {"uv": [10.5, 8, 10, 9], "rotation": 90, "texture": "#0"}
			}
		}
	],
	"gui_light": "front",
	"display": {
		"thirdperson_righthand": {
			"rotation": [0, 90, -55],
			"translation": [0, 4, 0.5],
			"scale": [0.9, 0.9, 0.9]
		},
		"thirdperson_lefthand": {
			"rotation": [0, -90, 55],
			"translation": [0, 4, 0.5],
			"scale": [0.9, 0.9, 0.9]
		},
		"firstperson_righthand": {
			"rotation": [0, 90, -25],
			"translation": [1.13, 8, 3.5],
			"scale": [0.72, 0.72, 0.72]
		},
		"firstperson_lefthand": {
			"rotation": [0, -90, 25],
			"translation": [1.13, 8, 3.5],
			"scale": [0.72, 0.72, 0.72]
		},
		"ground": {
			"translation": [-3.5, 7, 0],
			"scale": [0.5, 0.5, 0.5]
		},
		"gui": {
			"rotation": [0, -180, 0],
			"translation": [2.75, 2.75, 0],
			"scale": [0.6, 0.6, 0.5]
		},
		"head": {
			"rotation": [-45, 90, 0],
			"translation": [0, 7, 0],
			"scale": [1.5, 1.5, 1.5]
		},
		"fixed": {
			"translation": [-2.25, 2.25, -0.25],
			"scale": [0.5, 0.5, 0.5]
		}
	},
	"groups": [0, 1, 2, 3, 4, 5, 6, 7, 8, 9, 10, 11, 12,
		{
			"name": "group",
			"origin": [13.5, 16, 16],
			"children": [13, 14, 15, 16, 17, 18, 19, 20, 21, 22, 23, 24, 25, 26, 27, 28, 29, 30, 31, 32, 33, 34, 35, 36, 37, 38, 39, 40, 41, 42, 43, 44, 45, 46, 47, 48, 49]
		},
		{
			"name": "group",
			"origin": [13.5, 16, 16],
			"children": [50, 51, 52, 53, 54, 55, 56, 57, 58, 59, 60, 61, 62, 63, 64, 65, 66, 67, 68, 69, 70, 71, 72, 73, 74, 75, 76, 77, 78, 79, 80, 81, 82, 83, 84, 85, 86]
		}
	]
}