{
	"credit": "Made with Blockbench",
	"textures": {
		"0": "item/aqueous/wave",
		"particle": "item/aqueous/wave"
	},
	"elements": [
		{
			"from": [0, 0, 1],
			"to": [16, 1, 16],
			"faces": {
				"north": {"uv": [0, 12, 16, 16], "texture": "#0"},
				"east": {"uv": [0, 12, 16, 16], "texture": "#0"},
				"south": {"uv": [0, 12, 16, 16], "texture": "#0"},
				"west": {"uv": [0, 12, 16, 16], "texture": "#0"},
				"up": {"uv": [0, 12, 16, 16], "texture": "#0"},
				"down": {"uv": [0, 12, 16, 16], "texture": "#0"}
			}
		},
		{
			"from": [0, 1, 3],
			"to": [16, 2, 15],
			"faces": {
				"north": {"uv": [0, 7, 16, 12], "texture": "#0"},
				"east": {"uv": [0, 7, 16, 12], "texture": "#0"},
				"south": {"uv": [0, 7, 16, 12], "texture": "#0"},
				"west": {"uv": [0, 7, 16, 12], "texture": "#0"},
				"up": {"uv": [0, 7, 16, 12], "texture": "#0"},
				"down": {"uv": [0, 7, 16, 12], "texture": "#0"}
			}
		},
		{
			"from": [0, 2, 5],
			"to": [16, 3, 14],
			"faces": {
				"north": {"uv": [0, 9, 9, 11], "texture": "#0"},
				"east": {"uv": [0, 9, 9, 11], "texture": "#0"},
				"south": {"uv": [0, 9, 9, 11], "texture": "#0"},
				"west": {"uv": [0, 9, 9, 11], "texture": "#0"},
				"up": {"uv": [0, 9, 9, 11], "texture": "#0"},
				"down": {"uv": [0, 9, 9, 11], "texture": "#0"}
			}
		},
		{
			"from": [0, 3, 6],
			"to": [16, 4, 14],
			"faces": {
				"north": {"uv": [0, 9, 8, 12], "texture": "#0"},
				"east": {"uv": [0, 9, 8, 12], "texture": "#0"},
				"south": {"uv": [0, 9, 8, 12], "texture": "#0"},
				"west": {"uv": [0, 9, 8, 12], "texture": "#0"},
				"up": {"uv": [0, 9, 8, 12], "texture": "#0"},
				"down": {"uv": [0, 9, 8, 12], "texture": "#0"}
			}
		},
		{
			"from": [0, 4, 7],
			"to": [16, 6, 14],
			"faces": {
				"north": {"uv": [0, 8, 16, 11], "texture": "#0"},
				"east": {"uv": [0, 8, 16, 11], "texture": "#0"},
				"south": {"uv": [0, 8, 16, 11], "texture": "#0"},
				"west": {"uv": [0, 8, 16, 11], "texture": "#0"},
				"up": {"uv": [0, 8, 16, 11], "texture": "#0"},
				"down": {"uv": [0, 8, 16, 11], "texture": "#0"}
			}
		},
		{
			"from": [0, 6, 7],
			"to": [16, 8, 13],
			"faces": {
				"north": {"uv": [0, 10, 6, 11], "texture": "#0"},
				"east": {"uv": [0, 10, 6, 11], "texture": "#0"},
				"south": {"uv": [0, 10, 6, 11], "texture": "#0"},
				"west": {"uv": [0, 10, 6, 11], "texture": "#0"},
				"up": {"uv": [0, 10, 6, 11], "texture": "#0"},
				"down": {"uv": [0, 10, 6, 11], "texture": "#0"}
			}
		},
		{
			"from": [0, 8, 6],
			"to": [16, 10, 12],
			"faces": {
				"north": {"uv": [0, 5, 6, 8], "texture": "#0"},
				"east": {"uv": [0, 5, 6, 8], "texture": "#0"},
				"south": {"uv": [0, 5, 6, 8], "texture": "#0"},
				"west": {"uv": [0, 5, 6, 8], "texture": "#0"},
				"up": {"uv": [0, 5, 6, 6], "texture": "#0"},
				"down": {"uv": [0, 7, 6, 8], "texture": "#0"}
			}
		},
		{
			"from": [0, 10, 4],
			"to": [16, 11, 10],
			"faces": {
				"north": {"uv": [0, 4, 6, 5], "texture": "#0"},
				"east": {"uv": [0, 4, 6, 5], "texture": "#0"},
				"south": {"uv": [0, 4, 6, 5], "texture": "#0"},
				"west": {"uv": [0, 4, 6, 5], "texture": "#0"},
				"up": {"uv": [0, 4, 6, 5], "texture": "#0"},
				"down": {"uv": [0, 4, 6, 5], "texture": "#0"}
			}
		},
		{
			"from": [0, 11, 0],
			"to": [16, 12, 9],
			"faces": {
				"north": {"uv": [0, 2, 8, 4], "rotation": 270, "texture": "#0"},
				"east": {"uv": [0, 2, 8, 6], "rotation": 90, "texture": "#0"},
				"south": {"uv": [0, 5, 8, 6], "rotation": 270, "texture": "#0"},
				"west": {"uv": [0, 2, 8, 6], "rotation": 270, "texture": "#0"},
				"up": {"uv": [0, 4, 8, 5], "rotation": 270, "texture": "#0"},
				"down": {"uv": [0, 2, 8, 3], "rotation": 270, "texture": "#0"}
			}
		},
		{
			"from": [0, 12, 1],
			"to": [16, 13, 8],
			"faces": {
				"north": {"uv": [0, 2, 7, 3], "texture": "#0"},
				"east": {"uv": [0, 2, 7, 3], "texture": "#0"},
				"south": {"uv": [0, 2, 7, 3], "texture": "#0"},
				"west": {"uv": [0, 2, 7, 3], "texture": "#0"},
				"up": {"uv": [0, 2, 7, 3], "texture": "#0"},
				"down": {"uv": [0, 2, 7, 3], "texture": "#0"}
			}
		},
		{
			"from": [1, 13, 2],
			"to": [15, 14, 7],
			"faces": {
				"north": {"uv": [0, 2, 5, 4], "texture": "#0"},
				"east": {"uv": [0, 2, 5, 4], "texture": "#0"},
				"south": {"uv": [0, 2, 5, 4], "texture": "#0"},
				"west": {"uv": [0, 2, 5, 4], "texture": "#0"},
				"up": {"uv": [0, 2, 5, 4], "texture": "#0"},
				"down": {"uv": [0, 2, 5, 4], "texture": "#0"}
			}
		}
	],
	"display": {
		"head": {
			"translation": [0, -13, 0],
			"scale": [4, 4, 4]
		}
	}
}