{
	"credit": "Made with Blockbench",
	"parent": "item/handheld",
	"textures": {
		"layer0": "item/scormita/tiers/tier4"
	},
	"gui_light": "front",
	"display": {
		"thirdperson_righthand": {
			"rotation": [0, -90, 55],
			"translation": [0, 22, -2.75],
			"scale": [2.5, 2.5, 1.05]
		},
		"thirdperson_lefthand": {
			"rotation": [0, 90, -55],
			"translation": [0, 22, -2.75],
			"scale": [2.5, 2.5, 1.05]
		},
		"firstperson_righthand": {
			"rotation": [0, -90, 25],
			"translation": [1, 17, 6],
			"scale": [2, 2, 0.84]
		},
		"firstperson_lefthand": {
			"rotation": [0, 90, -25],
			"translation": [1, 17, 6],
			"scale": [2, 2, 0.84]
		},
		"ground": {
			"translation": [7, 8.5, 0],
			"scale": [1.5, 1.5, 0.5]
		},
		"gui": {
			"translation": [8, 8, 0],
			"scale": [2, 2, 2]
		},
		"head": {
			"rotation": [0, 180, 0],
			"translation": [-7, 22, 7],
			"scale": [2, 2, 1]
		},
		"fixed": {
			"rotation": [0, 180, 0],
			"translation": [-8, 8, -0.5],
			"scale": [2, 2, 1]
		}
	}
}