{
	"credit": "Made with Blockbench",
	"parent": "item/handheld_rod",
	"textures": {
		"layer0": "item/terraria/shadowbeam_staff"
	},
	"display": {
		"thirdperson_righthand": {
			"rotation": [0, 90, 55],
			"translation": [0, 5.25, 2.5],
			"scale": [1.05, 1.05, 1]
		},
		"thirdperson_lefthand": {
			"rotation": [0, -90, -55],
			"translation": [0, 5.25, 2.5],
			"scale": [1.05, 1.05, 1]
		},
		"firstperson_righthand": {
			"rotation": [0, 90, 25],
			"translation": [0, 8.6, 1.55],
			"scale": [0.84, 0.84, 0.8]
		},
		"firstperson_lefthand": {
			"rotation": [0, -90, -25],
			"translation": [0, 8.6, 1.55],
			"scale": [0.84, 0.84, 0.8]
		},
		"ground": {
			"translation": [0, 2, 0],
			"scale": [0.5, 0.5, 0.5]
		}
	}
}