{
	"credit": "Made with Blockbench",
	"textures": {
		"0": "entity/tinyt/tinyt_bottom",
		"1": "entity/tinyt/tinyt_side",
		"2": "entity/tinyt/tinyt_top",
		"particle": "entity/tinyt/tinyt_bottom"
	},
	"elements": [
		{
			"from": [5, 0, 5],
			"to": [11, 6, 11],
			"faces": {
				"north": {"uv": [1, 3, 15, 13], "texture": "#1"},
				"east": {"uv": [1, 3, 15, 13], "texture": "#1"},
				"south": {"uv": [1, 3, 15, 13], "texture": "#1"},
				"west": {"uv": [1, 3, 15, 13], "texture": "#1"},
				"up": {"uv": [1, 1, 15, 15], "texture": "#2"},
				"down": {"uv": [3, 4, 12, 12], "texture": "#0"}
			}
		}
	],
	"display": {
		"head": {
			"translation": [0, -23.25, 0],
			"scale": [2, 1, 2]
		}
	}
}