{
	"credit": "Made with Blockbench",
	"textures": {
		"0": "entity/bob_the_snail/bob_snail_assets",
		"particle": "entity/bob_the_snail/bob_snail_assets"
	},
	"elements": [
		{
			"from": [7, 0, 2],
			"to": [9, 1, 12],
			"faces": {
				"north": {"uv": [3, 13, 5, 14], "texture": "#0"},
				"east": {"uv": [6, 12, 16, 13], "rotation": 180, "texture": "#0"},
				"south": {"uv": [11, 10, 13, 11], "texture": "#0"},
				"west": {"uv": [6, 12, 16, 13], "texture": "#0"},
				"up": {"uv": [6, 12, 16, 14], "rotation": 90, "texture": "#0"},
				"down": {"uv": [0, 8, 2, 16], "texture": "#0"}
			}
		},
		{
			"from": [7, 1, 1],
			"to": [9, 4, 3],
			"faces": {
				"north": {"uv": [6, 10, 9, 12], "rotation": 270, "texture": "#0"},
				"east": {"uv": [14, 9, 16, 12], "texture": "#0"},
				"south": {"uv": [11, 10, 13, 13], "texture": "#0"},
				"west": {"uv": [8, 13, 10, 16], "texture": "#0"},
				"up": {"uv": [10, 8, 12, 10], "texture": "#0"},
				"down": {"uv": [4, 8, 6, 10], "texture": "#0"}
			}
		},
		{
			"from": [7, 6.8373, -0.23671],
			"to": [7.5, 8.8373, 0.26329],
			"rotation": {"angle": -22.5, "axis": "x", "origin": [8, 8, 8]},
			"faces": {
				"north": {"uv": [0, 1, 2, 6], "texture": "#0"},
				"east": {"uv": [0, 1, 2, 6], "texture": "#0"},
				"south": {"uv": [0, 1, 2, 6], "texture": "#0"},
				"west": {"uv": [0, 1, 2, 6], "texture": "#0"},
				"up": {"uv": [0, 1, 2, 2], "texture": "#0"},
				"down": {"uv": [0, 5, 2, 6], "texture": "#0"}
			}
		},
		{
			"from": [8.5, 6.8373, -0.23671],
			"to": [9, 8.8373, 0.26329],
			"rotation": {"angle": -22.5, "axis": "x", "origin": [8, 8, 8]},
			"faces": {
				"north": {"uv": [0, 1, 2, 6], "texture": "#0"},
				"east": {"uv": [0, 1, 2, 6], "texture": "#0"},
				"south": {"uv": [0, 1, 2, 6], "texture": "#0"},
				"west": {"uv": [0, 1, 2, 6], "texture": "#0"},
				"up": {"uv": [0, 1, 2, 2], "texture": "#0"},
				"down": {"uv": [0, 5, 2, 6], "texture": "#0"}
			}
		},
		{
			"from": [6, 1, 4],
			"to": [10, 2, 11],
			"faces": {
				"north": {"uv": [12, 7, 16, 8], "texture": "#0"},
				"east": {"uv": [9, 7, 16, 8], "texture": "#0"},
				"south": {"uv": [12, 7, 16, 8], "texture": "#0"},
				"west": {"uv": [7, 7, 14, 8], "texture": "#0"},
				"up": {"uv": [12, 1, 16, 8], "texture": "#0"},
				"down": {"uv": [12, 0, 16, 7], "texture": "#0"}
			}
		},
		{
			"from": [6.5, 2, 4.5],
			"to": [9.5, 4, 10.5],
			"faces": {
				"north": {"uv": [12, 5, 15, 7], "texture": "#0"},
				"east": {"uv": [10, 5, 16, 7], "texture": "#0"},
				"south": {"uv": [13, 5, 16, 7], "texture": "#0"},
				"west": {"uv": [10, 5, 16, 7], "texture": "#0"},
				"up": {"uv": [13, 2, 16, 8], "rotation": 180, "texture": "#0"},
				"down": {"uv": [13, 0, 16, 6], "texture": "#0"}
			}
		},
		{
			"from": [7, 4, 6],
			"to": [9, 5, 10],
			"faces": {
				"north": {"uv": [14, 4, 16, 5], "texture": "#0"},
				"east": {"uv": [12, 4, 16, 5], "texture": "#0"},
				"south": {"uv": [14, 4, 16, 5], "texture": "#0"},
				"west": {"uv": [12, 4, 16, 5], "texture": "#0"},
				"up": {"uv": [14, 0, 16, 4], "rotation": 180, "texture": "#0"},
				"down": {"uv": [14, 0, 16, 4], "texture": "#0"}
			}
		},
		{
			"from": [7.5, 5, 7.5],
			"to": [8.5, 6, 9.5],
			"faces": {
				"north": {"uv": [15, 0, 16, 1], "texture": "#0"},
				"east": {"uv": [14, 0, 16, 1], "texture": "#0"},
				"south": {"uv": [14, 1, 15, 2], "texture": "#0"},
				"west": {"uv": [14, 0, 16, 1], "texture": "#0"},
				"up": {"uv": [15, 0, 16, 2], "texture": "#0"},
				"down": {"uv": [0, 0, 1, 2], "texture": "#missing"}
			}
		},
		{
			"from": [5, 0, 3],
			"to": [11, 1, 11],
			"faces": {
				"north": {"uv": [7, 8, 9, 14], "rotation": 270, "texture": "#0"},
				"east": {"uv": [7, 8, 9, 14], "rotation": 270, "texture": "#0"},
				"south": {"uv": [7, 8, 9, 14], "rotation": 270, "texture": "#0"},
				"west": {"uv": [7, 8, 9, 14], "rotation": 270, "texture": "#0"},
				"up": {"uv": [10, 8, 16, 16], "rotation": 270, "texture": "#0"},
				"down": {"uv": [0, 8, 8, 16], "rotation": 270, "texture": "#0"}
			}
		},
		{
			"from": [7, 1, 3],
			"to": [9, 2, 4],
			"faces": {
				"north": {"uv": [11, 9, 12, 10], "texture": "#0"},
				"east": {"uv": [11, 9, 12, 10], "texture": "#0"},
				"south": {"uv": [11, 9, 13, 10], "texture": "#0"},
				"west": {"uv": [11, 9, 12, 10], "texture": "#0"},
				"up": {"uv": [11, 8, 13, 9], "texture": "#0"},
				"down": {"uv": [11, 9, 13, 10], "texture": "#0"}
			}
		}
	],
	"display": {
		"head": {
			"rotation": [90, -180, -180],
			"translation": [0, -29.25, -5.75],
			"scale": [2, 2, 2]
		}
	}
}