{
	"credit": "Made with Blockbench",
	"textures": {
		"0": "item/pet/boo/boo_assets",
		"particle": "item/pet/boo/boo_assets"
	},
	"elements": [
		{
			"from": [5, 0, 4],
			"to": [10, 1, 11],
			"faces": {
				"north": {"uv": [3, 0.5, 5.5, 1], "texture": "#0"},
				"east": {"uv": [3, 0.5, 5.5, 1], "texture": "#0"},
				"south": {"uv": [3, 0.5, 5.5, 1], "texture": "#0"},
				"west": {"uv": [3, 0.5, 5.5, 1], "texture": "#0"},
				"up": {"uv": [3, 0.5, 5.5, 1], "texture": "#0"},
				"down": {"uv": [3, 0.5, 5.5, 1], "texture": "#0"}
			}
		},
		{
			"from": [5, 1, 3],
			"to": [10, 9, 9],
			"faces": {
				"north": {"uv": [0, 0, 2.5, 4], "texture": "#0"},
				"east": {"uv": [3, 0, 5.5, 4], "texture": "#0"},
				"south": {"uv": [3, 0, 5.5, 4], "texture": "#0"},
				"west": {"uv": [3, 0, 5.5, 4], "texture": "#0"},
				"up": {"uv": [3, 0, 5.5, 4], "texture": "#0"},
				"down": {"uv": [3, 0, 5.5, 4], "texture": "#0"}
			}
		},
		{
			"from": [6, 1, 9],
			"to": [9, 2, 12],
			"faces": {
				"north": {"uv": [3, 1.25, 6, 2.25], "texture": "#0"},
				"east": {"uv": [3, 1.25, 6, 2.25], "texture": "#0"},
				"south": {"uv": [3, 1.25, 6, 2.25], "texture": "#0"},
				"west": {"uv": [3, 1.25, 6, 2.25], "texture": "#0"},
				"up": {"uv": [3, 1.25, 6, 2.25], "texture": "#0"},
				"down": {"uv": [3, 1.25, 6, 2.25], "texture": "#0"}
			}
		},
		{
			"from": [6, 2, 2],
			"to": [7, 4, 3],
			"faces": {
				"north": {"uv": [3.75, 1, 4.75, 3], "texture": "#0"},
				"east": {"uv": [3.75, 1, 4.75, 3], "texture": "#0"},
				"south": {"uv": [3.75, 1, 4.75, 3], "texture": "#0"},
				"west": {"uv": [3.75, 1, 4.75, 3], "texture": "#0"},
				"up": {"uv": [3.75, 1, 4.75, 3], "texture": "#0"},
				"down": {"uv": [3.75, 1, 4.75, 3], "texture": "#0"}
			}
		},
		{
			"from": [8, 2, 2],
			"to": [9, 4, 3],
			"faces": {
				"north": {"uv": [3.75, 1, 4.75, 3], "texture": "#0"},
				"east": {"uv": [3.75, 1, 4.75, 3], "texture": "#0"},
				"south": {"uv": [3.75, 1, 4.75, 3], "texture": "#0"},
				"west": {"uv": [3.75, 1, 4.75, 3], "texture": "#0"},
				"up": {"uv": [3.75, 1, 4.75, 3], "texture": "#0"},
				"down": {"uv": [3.75, 1, 4.75, 3], "texture": "#0"}
			}
		},
		{
			"from": [7, 2, 10],
			"to": [8, 3, 13],
			"faces": {
				"north": {"uv": [3.75, 0.75, 4.75, 3.75], "texture": "#0"},
				"east": {"uv": [3.75, 0.75, 4.75, 3.75], "texture": "#0"},
				"south": {"uv": [3.75, 0.75, 4.75, 3.75], "texture": "#0"},
				"west": {"uv": [3.75, 0.75, 4.75, 3.75], "texture": "#0"},
				"up": {"uv": [3.75, 0.75, 4.75, 3.75], "texture": "#0"},
				"down": {"uv": [3.75, 0.75, 4.75, 3.75], "texture": "#0"}
			}
		},
		{
			"from": [4.5, 8, 2.5],
			"to": [10.5, 12, 9.5],
			"faces": {
				"north": {"uv": [6.5, 0, 11.75, 4], "texture": "#0"},
				"east": {"uv": [11.5, 0, 15, 4], "texture": "#0"},
				"south": {"uv": [11, 0, 15.5, 4], "texture": "#0"},
				"west": {"uv": [11.25, 0, 15.5, 4], "texture": "#0"},
				"up": {"uv": [10.75, 5.25, 16, 9.25], "texture": "#0"},
				"down": {"uv": [9.75, 5.25, 15, 9.25], "texture": "#0"}
			}
		}
	],
	"display": {
		"head": {
			"translation": [0, -2.75, 0],
			"scale": [1.4, 1.2, 1.2]
		}
	}
}