{
	"credit": "Made with Blockbench",
	"parent": "item/handheld",
	"textures": {
		"layer0": "item/halicord"
	},
	"display": {
		"thirdperson_righthand": {
			"rotation": [-15, 0, 95],
			"translation": [-8, 6.25, -0.75],
			"scale": [2, 2, 1]
		},
		"thirdperson_lefthand": {
			"rotation": [-15, 180, -95],
			"translation": [-8, 6.25, -0.75],
			"scale": [2, 2, 1]
		},
		"firstperson_righthand": {
			"rotation": [-74, -3, 117],
			"translation": [-14, 3, 0.5],
			"scale": [2, 2, 1]
		},
		"firstperson_lefthand": {
			"rotation": [-74, -177, -117],
			"translation": [-14, 3, 0.5],
			"scale": [2, 2, 1]
		},
		"ground": {
			"rotation": [90, 0, 0],
			"scale": [2, 2, 1]
		},
		"fixed": {
			"scale": [2, 2, 2]
		}
	}
}