{
	"credit": "Made with Blockbench",
	"textures": {
		"0": "item/halicord/phantom",
		"particle": "item/halicord/phantom"
	},
	"elements": [
		{
			"name": "Leg1",
			"from": [4, -2, 11],
			"to": [8, 10, 15],
			"rotation": {"angle": -45, "axis": "x", "origin": [8, 8, 8]},
			"faces": {
				"north": {"uv": [0, 0, 4, 12], "texture": "#0"},
				"east": {"uv": [0, 0, 4, 12], "texture": "#0"},
				"south": {"uv": [0, 0, 4, 12], "texture": "#0"},
				"west": {"uv": [0, 0, 4, 12], "texture": "#0"},
				"up": {"uv": [0, 0, 4, 12], "texture": "#0"},
				"down": {"uv": [0, 0, 4, 12], "texture": "#0"}
			}
		},
		{
			"name": "Leg2",
			"from": [8, -2, 11],
			"to": [12, 10, 15],
			"rotation": {"angle": -45, "axis": "x", "origin": [8, 8, 8]},
			"faces": {
				"north": {"uv": [0, 0, 4, 12], "texture": "#0"},
				"east": {"uv": [0, 0, 4, 12], "texture": "#0"},
				"south": {"uv": [0, 0, 4, 12], "texture": "#0"},
				"west": {"uv": [0, 0, 4, 12], "texture": "#0"},
				"up": {"uv": [0, 0, 4, 12], "texture": "#0"},
				"down": {"uv": [0, 0, 4, 12], "texture": "#0"}
			}
		},
		{
			"name": "Arm1",
			"from": [-1, 20, -3],
			"to": [3, 24, 9],
			"rotation": {"angle": 0, "axis": "x", "origin": [2, 22, 8]},
			"faces": {
				"north": {"uv": [0, 0, 4, 12], "rotation": 180, "texture": "#0"},
				"east": {"uv": [0, 0, 4, 12], "rotation": 270, "texture": "#0"},
				"south": {"uv": [0, 0, 4, 12], "texture": "#0"},
				"west": {"uv": [0, 0, 4, 12], "rotation": 90, "texture": "#0"},
				"up": {"uv": [0, 0, 4, 12], "rotation": 180, "texture": "#0"},
				"down": {"uv": [0, 0, 4, 12], "texture": "#0"}
			}
		},
		{
			"name": "Arm2",
			"from": [13, 20, -3],
			"to": [17, 24, 9],
			"rotation": {"angle": 0, "axis": "x", "origin": [2, 22, 8]},
			"faces": {
				"north": {"uv": [0, 0, 4, 12], "rotation": 180, "texture": "#0"},
				"east": {"uv": [0, 0, 4, 12], "rotation": 270, "texture": "#0"},
				"south": {"uv": [0, 0, 4, 12], "texture": "#0"},
				"west": {"uv": [0, 0, 4, 12], "rotation": 90, "texture": "#0"},
				"up": {"uv": [0, 0, 4, 12], "rotation": 180, "texture": "#0"},
				"down": {"uv": [0, 0, 4, 12], "texture": "#0"}
			}
		},
		{
			"name": "Head",
			"from": [4, 24, 3],
			"to": [12, 32, 11],
			"faces": {
				"north": {"uv": [0, 0, 8, 8], "texture": "#0"},
				"east": {"uv": [0, 0, 8, 8], "texture": "#0"},
				"south": {"uv": [0, 0, 8, 8], "texture": "#0"},
				"west": {"uv": [0, 0, 8, 8], "texture": "#0"},
				"up": {"uv": [0, 0, 8, 8], "texture": "#0"},
				"down": {"uv": [0, 0, 8, 8], "texture": "#0"}
			}
		},
		{
			"name": "Torso",
			"from": [4, 11, 10],
			"to": [12, 23, 14],
			"rotation": {"angle": -22.5, "axis": "x", "origin": [8, 8, 8]},
			"faces": {
				"north": {"uv": [0, 0, 8, 8], "texture": "#0"},
				"east": {"uv": [0, 0, 8, 8], "texture": "#0"},
				"south": {"uv": [0, 0, 8, 8], "texture": "#0"},
				"west": {"uv": [0, 0, 8, 8], "texture": "#0"},
				"up": {"uv": [0, 0, 8, 8], "texture": "#0"},
				"down": {"uv": [0, 0, 8, 8], "texture": "#0"}
			}
		}
	],
	"display": {
		"head": {
			"translation": [0, -33.75, 1.75],
			"scale": [1.7, 1.7, 1.7]
		}
	}
}