{
	"credit": "Made with Blockbench",
	"texture_size": [32, 32],
	"textures": {
		"0": "item/halicord/spell",
		"particle": "item/halicord/spell"
	},
	"elements": [
		{
			"from": [4.00071, 0, -1.31542],
			"to": [12.00071, 1.5, -1.31542],
			"rotation": {"angle": 0, "axis": "y", "origin": [13.00071, 8, 6.68458]},
			"faces": {
				"north": {"uv": [0, 0, 14.5, 2.5], "texture": "#0"},
				"south": {"uv": [0, 0, 14.5, 2.5], "texture": "#0"}
			}
		},
		{
			"from": [4, 0, 18],
			"to": [12, 1.5, 18],
			"rotation": {"angle": 0, "axis": "y", "origin": [13, 8, 26]},
			"faces": {
				"north": {"uv": [0, 0, 14.5, 2.5], "texture": "#0"},
				"south": {"uv": [0, 0, 14.5, 2.5], "texture": "#0"}
			}
		},
		{
			"from": [-1.65715, 0, 4.34244],
			"to": [-1.65715, 1.5, 12.34244],
			"rotation": {"angle": 0, "axis": "y", "origin": [-9.65715, 8, 13.34244]},
			"faces": {
				"east": {"uv": [0, 0, 14.5, 2.5], "texture": "#0"},
				"west": {"uv": [0, 0, 14.5, 2.5], "texture": "#0"}
			}
		},
		{
			"from": [17.65685, 0, 4.34315],
			"to": [17.65685, 1.5, 12.34315],
			"rotation": {"angle": 0, "axis": "y", "origin": [9.65685, 8, 13.34315]},
			"faces": {
				"east": {"uv": [0, 0, 14.5, 2.5], "texture": "#0"},
				"west": {"uv": [0, 0, 14.5, 2.5], "texture": "#0"}
			}
		},
		{
			"from": [-9.94904, 0, 16.36325],
			"to": [-1.94904, 1.5, 16.36325],
			"rotation": {"angle": -45, "axis": "y", "origin": [-0.94904, 8, 24.36325]},
			"faces": {
				"north": {"uv": [0, 0, 14.5, 2.5], "texture": "#0"},
				"south": {"uv": [0, 0, 14.5, 2.5], "texture": "#0"}
			}
		},
		{
			"from": [3.70781, 0, 2.7064],
			"to": [11.70781, 1.5, 2.7064],
			"rotation": {"angle": -45, "axis": "y", "origin": [12.70781, 8, 10.7064]},
			"faces": {
				"north": {"uv": [0, 0, 14.5, 2.5], "texture": "#0"},
				"south": {"uv": [0, 0, 14.5, 2.5], "texture": "#0"}
			}
		},
		{
			"from": [-0.02082, 0, -9.60802],
			"to": [-0.02082, 1.5, -1.60802],
			"rotation": {"angle": -45, "axis": "y", "origin": [-8.02082, 8, -0.60802]},
			"faces": {
				"east": {"uv": [0, 0, 14.5, 2.5], "texture": "#0"},
				"west": {"uv": [0, 0, 14.5, 2.5], "texture": "#0"}
			}
		},
		{
			"from": [13.63704, 0, 4.05025],
			"to": [13.63704, 1.5, 12.05025],
			"rotation": {"angle": -45, "axis": "y", "origin": [5.63704, 8, 13.05025]},
			"faces": {
				"east": {"uv": [0, 0, 14.5, 2.5], "texture": "#0"},
				"west": {"uv": [0, 0, 14.5, 2.5], "texture": "#0"}
			}
		}
	],
	"display": {
		"head": {
			"scale": [2, 2.5, 2]
		}
	}
}