{
	"credit": "Made with Blockbench",
	"parent": "item/handheld",
	"textures": {
		"layer0": "item/atrocity"
	},
	"display": {
		"thirdperson_righthand": {
			"rotation": [0, -90, 55],
			"translation": [0, 4.75, 0.75],
			"scale": [2, 2, 0.85]
		},
		"thirdperson_lefthand": {
			"rotation": [0, 90, -55],
			"translation": [0, 4.75, 0.75],
			"scale": [2, 2, 0.85]
		},
		"firstperson_righthand": {
			"rotation": [0, -90, 25],
			"translation": [1.13, 7.2, 2.88],
			"scale": [2, 2, 0.68]
		},
		"firstperson_lefthand": {
			"rotation": [0, 90, -25],
			"translation": [1.13, 7.2, 2.88],
			"scale": [2, 2, 0.68]
		},
		"ground": {
			"rotation": [90, 0, 0],
			"scale": [2, 2, 1]
		}
	}
}