{
	"credit": "Made with Blockbench",
	"textures": {
		"0": "item/bomb_active",
		"particle": "item/bomb_active"
	},
	"elements": [
		{
			"from": [5, 9, 5],
			"to": [11, 10, 11],
			"faces": {
				"north": {"uv": [2, 6, 8, 7], "texture": "#0"},
				"east": {"uv": [2, 13, 8, 14], "texture": "#0"},
				"south": {"uv": [2, 6, 8, 7], "texture": "#0"},
				"west": {"uv": [2, 13, 8, 14], "texture": "#0"},
				"up": {"uv": [2, 7, 8, 13], "texture": "#0"},
				"down": {"uv": [2, 7, 8, 13], "texture": "#0"}
			}
		},
		{
			"from": [5, 0, 5],
			"to": [11, 1, 11],
			"faces": {
				"north": {"uv": [2, 6, 8, 7], "texture": "#0"},
				"east": {"uv": [2, 13, 8, 14], "texture": "#0"},
				"south": {"uv": [2, 6, 8, 7], "texture": "#0"},
				"west": {"uv": [2, 13, 8, 14], "texture": "#0"},
				"up": {"uv": [2, 7, 8, 13], "texture": "#0"},
				"down": {"uv": [2, 7, 8, 13], "texture": "#0"}
			}
		},
		{
			"from": [5, 1, 4],
			"to": [11, 2, 5],
			"faces": {
				"north": {"uv": [2, 13, 8, 14], "texture": "#0"},
				"east": {"uv": [2, 13, 8, 14], "texture": "#0"},
				"south": {"uv": [2, 13, 8, 14], "texture": "#0"},
				"west": {"uv": [2, 13, 8, 14], "texture": "#0"},
				"up": {"uv": [2, 13, 8, 14], "texture": "#0"},
				"down": {"uv": [2, 13, 8, 14], "texture": "#0"}
			}
		},
		{
			"from": [5, 8, 4],
			"to": [11, 9, 5],
			"faces": {
				"north": {"uv": [2, 13, 8, 14], "texture": "#0"},
				"east": {"uv": [2, 13, 8, 14], "texture": "#0"},
				"south": {"uv": [2, 13, 8, 14], "texture": "#0"},
				"west": {"uv": [2, 13, 8, 14], "texture": "#0"},
				"up": {"uv": [2, 13, 8, 14], "texture": "#0"},
				"down": {"uv": [2, 13, 8, 14], "texture": "#0"}
			}
		},
		{
			"from": [5, 1, 11],
			"to": [11, 2, 12],
			"faces": {
				"north": {"uv": [2, 6, 8, 7], "texture": "#0"},
				"east": {"uv": [2, 6, 8, 7], "texture": "#0"},
				"south": {"uv": [2, 6, 8, 7], "texture": "#0"},
				"west": {"uv": [2, 6, 8, 7], "texture": "#0"},
				"up": {"uv": [2, 6, 8, 7], "texture": "#0"},
				"down": {"uv": [2, 6, 8, 7], "texture": "#0"}
			}
		},
		{
			"from": [5, 8, 11],
			"to": [11, 9, 12],
			"faces": {
				"north": {"uv": [2, 6, 8, 7], "texture": "#0"},
				"east": {"uv": [2, 6, 8, 7], "texture": "#0"},
				"south": {"uv": [2, 6, 8, 7], "texture": "#0"},
				"west": {"uv": [2, 6, 8, 7], "texture": "#0"},
				"up": {"uv": [2, 6, 8, 7], "texture": "#0"},
				"down": {"uv": [2, 6, 8, 7], "texture": "#0"}
			}
		},
		{
			"from": [4, 1, 5],
			"to": [5, 2, 11],
			"faces": {
				"north": {"uv": [1, 7, 2, 13], "texture": "#0"},
				"east": {"uv": [1, 7, 2, 13], "texture": "#0"},
				"south": {"uv": [1, 7, 2, 13], "texture": "#0"},
				"west": {"uv": [1, 7, 2, 13], "texture": "#0"},
				"up": {"uv": [1, 7, 2, 13], "texture": "#0"},
				"down": {"uv": [1, 7, 2, 13], "texture": "#0"}
			}
		},
		{
			"from": [4, 8, 5],
			"to": [5, 9, 11],
			"faces": {
				"north": {"uv": [1, 7, 2, 13], "texture": "#0"},
				"east": {"uv": [1, 7, 2, 13], "texture": "#0"},
				"south": {"uv": [1, 7, 2, 13], "texture": "#0"},
				"west": {"uv": [1, 7, 2, 13], "texture": "#0"},
				"up": {"uv": [1, 7, 2, 13], "texture": "#0"},
				"down": {"uv": [1, 7, 2, 13], "texture": "#0"}
			}
		},
		{
			"from": [11, 1, 5],
			"to": [12, 2, 11],
			"faces": {
				"north": {"uv": [1, 7, 2, 13], "texture": "#0"},
				"east": {"uv": [1, 7, 2, 13], "texture": "#0"},
				"south": {"uv": [1, 7, 2, 13], "texture": "#0"},
				"west": {"uv": [1, 7, 2, 13], "texture": "#0"},
				"up": {"uv": [8, 7, 9, 13], "texture": "#0"},
				"down": {"uv": [1, 7, 2, 13], "texture": "#0"}
			}
		},
		{
			"from": [11, 8, 5],
			"to": [12, 9, 11],
			"faces": {
				"north": {"uv": [1, 7, 2, 13], "texture": "#0"},
				"east": {"uv": [1, 7, 2, 13], "texture": "#0"},
				"south": {"uv": [1, 7, 2, 13], "texture": "#0"},
				"west": {"uv": [1, 7, 2, 13], "texture": "#0"},
				"up": {"uv": [8, 7, 9, 13], "texture": "#0"},
				"down": {"uv": [1, 7, 2, 13], "texture": "#0"}
			}
		},
		{
			"from": [5, 2, 12],
			"to": [11, 8, 13],
			"faces": {
				"north": {"uv": [2, 7, 8, 13], "texture": "#0"},
				"east": {"uv": [2, 13, 8, 14], "texture": "#0"},
				"south": {"uv": [2, 7, 8, 13], "texture": "#0"},
				"west": {"uv": [2, 6, 8, 7], "texture": "#0"},
				"up": {"uv": [1, 7, 2, 13], "texture": "#0"},
				"down": {"uv": [8, 7, 9, 13], "texture": "#0"}
			}
		},
		{
			"from": [5, 2, 3],
			"to": [11, 8, 4],
			"faces": {
				"north": {"uv": [2, 7, 8, 13], "texture": "#0"},
				"east": {"uv": [2, 13, 8, 14], "texture": "#0"},
				"south": {"uv": [2, 7, 8, 13], "texture": "#0"},
				"west": {"uv": [2, 6, 8, 7], "texture": "#0"},
				"up": {"uv": [1, 7, 2, 13], "texture": "#0"},
				"down": {"uv": [8, 7, 9, 13], "texture": "#0"}
			}
		},
		{
			"from": [4, 2, 4],
			"to": [5, 8, 5],
			"faces": {
				"north": {"uv": [1, 7, 2, 13], "texture": "#0"},
				"east": {"uv": [1, 7, 2, 13], "texture": "#0"},
				"south": {"uv": [1, 7, 2, 13], "texture": "#0"},
				"west": {"uv": [1, 7, 2, 13], "texture": "#0"},
				"up": {"uv": [1, 7, 2, 13], "texture": "#0"},
				"down": {"uv": [1, 7, 2, 13], "texture": "#0"}
			}
		},
		{
			"from": [11, 2, 4],
			"to": [12, 8, 5],
			"faces": {
				"north": {"uv": [1, 7, 2, 13], "texture": "#0"},
				"east": {"uv": [1, 7, 2, 13], "texture": "#0"},
				"south": {"uv": [1, 7, 2, 13], "texture": "#0"},
				"west": {"uv": [1, 7, 2, 13], "texture": "#0"},
				"up": {"uv": [1, 7, 2, 13], "texture": "#0"},
				"down": {"uv": [1, 7, 2, 13], "texture": "#0"}
			}
		},
		{
			"from": [11, 2, 11],
			"to": [12, 8, 12],
			"faces": {
				"north": {"uv": [1, 7, 2, 13], "texture": "#0"},
				"east": {"uv": [1, 7, 2, 13], "texture": "#0"},
				"south": {"uv": [1, 7, 2, 13], "texture": "#0"},
				"west": {"uv": [1, 7, 2, 13], "texture": "#0"},
				"up": {"uv": [1, 7, 2, 13], "texture": "#0"},
				"down": {"uv": [1, 7, 2, 13], "texture": "#0"}
			}
		},
		{
			"from": [4, 2, 11],
			"to": [5, 8, 12],
			"faces": {
				"north": {"uv": [1, 7, 2, 13], "texture": "#0"},
				"east": {"uv": [1, 7, 2, 13], "texture": "#0"},
				"south": {"uv": [1, 7, 2, 13], "texture": "#0"},
				"west": {"uv": [1, 7, 2, 13], "texture": "#0"},
				"up": {"uv": [1, 7, 2, 13], "texture": "#0"},
				"down": {"uv": [1, 7, 2, 13], "texture": "#0"}
			}
		},
		{
			"from": [12, 2, 5],
			"to": [13, 8, 11],
			"faces": {
				"north": {"uv": [1, 7, 2, 13], "texture": "#0"},
				"east": {"uv": [2, 7, 8, 13], "texture": "#0"},
				"south": {"uv": [8, 7, 9, 13], "texture": "#0"},
				"west": {"uv": [2, 7, 8, 13], "texture": "#0"},
				"up": {"uv": [2, 6, 8, 7], "texture": "#0"},
				"down": {"uv": [2, 13, 8, 14], "texture": "#0"}
			}
		},
		{
			"from": [3, 2, 5],
			"to": [4, 8, 11],
			"faces": {
				"north": {"uv": [1, 7, 2, 13], "texture": "#0"},
				"east": {"uv": [2, 7, 8, 13], "texture": "#0"},
				"south": {"uv": [8, 7, 9, 13], "texture": "#0"},
				"west": {"uv": [2, 7, 8, 13], "texture": "#0"},
				"up": {"uv": [2, 6, 8, 7], "texture": "#0"},
				"down": {"uv": [2, 13, 8, 14], "texture": "#0"}
			}
		}
	],
	"display": {
		"head": {
			"translation": [0, -7.5, 0],
			"scale": [3, 3, 3]
		}
	}
}