{
    "parent": "item/handheld_rod",
    "textures": {
        "layer0": "item/carrot_on_a_stick"
    },
	"overrides":[
	{"predicate":{"custom_model_data":1},"model":"item/key"},
	{"predicate":{"custom_model_data":2},"model":"item/heart_shard"},
	{"predicate":{"custom_model_data":3},"model":"item/magical_heart"},
	{"predicate":{"custom_model_data":4, "damage": 0.00},"model":"item/bomb"},
	{"predicate":{"custom_model_data":4, "damage": 0.04},"model":"item/bomb_active"},
	{"predicate":{"custom_model_data":5, "damage": 0.00},"model":"item/dungeon_portal"},
	{"predicate":{"custom_model_data":5, "damage": 0.04},"model":"item/dungeon_portal_active"},
	{"predicate":{"custom_model_data":6},"model":"item/dungeon_door_mist"}
	]
}
