{
    "parent": "item/handheld_rod",
    "textures": {
        "layer0": "item/carrot_on_a_stick"
    },
	"overrides":[
	{"predicate":{"custom_model_data":1},"model":"item/portal_key"},
	{"predicate":{"custom_model_data":2},"model":"item/heart_shard"},
	{"predicate":{"custom_model_data":3},"model":"item/magical_heart"},
	{"predicate":{"custom_model_data":4, "damage": 0.00},"model":"item/bomb"},
	{"predicate":{"custom_model_data":4, "damage": 0.04},"model":"item/bomb_active"},
	{"predicate":{"custom_model_data":5, "damage": 0.00},"model":"item/dungeon_portal"},
	{"predicate":{"custom_model_data":5, "damage": 0.04},"model":"item/dungeon_portal_active"},
	{"predicate":{"custom_model_data":6},"model":"item/dungeon_door_mist"},
	{"predicate":{"custom_model_data":7},"model":"item/wizard_hat"},
	{"predicate":{"custom_model_data":8},"model":"item/toast"},
	{"predicate":{"custom_model_data":9},"model":"item/fire_medallion"},
	{"predicate":{"custom_model_data":10},"model":"item/scroll"},
	{"predicate":{"custom_model_data":11},"model":"item/tome"},
	{"predicate":{"custom_model_data":12},"model":"item/magical_xp_crystal"},
	{"predicate":{"custom_model_data":13},"model":"item/freindship_coin"},
	{"predicate":{"custom_model_data":14},"model":"item/xp_shard"},
	{"predicate":{"custom_model_data":15},"model":"entity/raven"},
	{"predicate":{"custom_model_data":16},"model":"item/raven_staff"},
	{"predicate":{"custom_model_data":17},"model":"item/blacksmiths_hammer"},
	{"predicate":{"custom_model_data":18},"model":"item/royal_blacksmiths_hammer"},
	{"predicate":{"custom_model_data":19},"model":"item/rusty_blowgun"},
	{"predicate":{"custom_model_data":20},"model":"item/wooden_blowgun"},
	{"predicate":{"custom_model_data":21},"model":"item/rusty_boomerang"},
	{"predicate":{"custom_model_data":22},"model":"item/wooden_boomerang"},
	{"predicate":{"custom_model_data":23},"model":"item/royal_boomerang"},
	{"predicate":{"custom_model_data":24},"model":"item/wind_fairies_gale"},
	{"predicate":{"custom_model_data":25},"model":"item/fairy_boomerang"},
	{"predicate":{"custom_model_data":26},"model":"item/magical_fairy_boomerang"}
	
	]
}
