{
    "parent": "item/handheld_rod",
    "textures": {
        "layer0": "item/chainmail_chestplate"
    },
	"overrides":[
	{"predicate":{"custom_model_data":1},"model":"item/medallion_attack"},
	{"predicate":{"custom_model_data":2},"model":"item/medallion_magic"},
	{"predicate":{"custom_model_data":3},"model":"item/medallion_shield"},
	{"predicate":{"custom_model_data":4},"model":"item/medallion_fire"},
	{"predicate":{"custom_model_data":5},"model":"item/medallion_arrow"},
	{"predicate":{"custom_model_data":6},"model":"item/rusty_chestplate"},
	{"predicate":{"custom_model_data":7},"model":"item/wooden_chestplate"}
	
	]
}
