{
	"credit": "Made with Blockbench",
	"textures": {
		"0": "item/dungeon_door_mist",
		"particle": "item/dungeon_door_mist"
	},
	"elements": [
		{
			"from": [-16, 0, 0],
			"to": [32, 22, 16],
			"faces": {
				"north": {"uv": [0, 0, 16, 16], "texture": "#0"},
				"east": {"uv": [0, 0, 16, 16], "texture": "#0"},
				"south": {"uv": [0, 0, 16, 16], "texture": "#0"},
				"west": {"uv": [0, 0, 16, 16], "texture": "#0"},
				"up": {"uv": [0, 0, 16, 16], "texture": "#0"},
				"down": {"uv": [0, 0, 16, 16], "texture": "#0"}
			}
		}
	],
	"display": {
		"head": {
			"translation": [0, -15.25, -13],
			"scale": [1.65, 3.5, 1.6]
		}
	}
}