{
	"credit": "Made with Blockbench",
	"parent": "item/handheld",
	"display": {
		"thirdperson_righthand": {
			"rotation": [0, -90, -125],
			"translation": [0, -7.75, 2],
			"scale": [0.6, 0.6, 0.6]
		},
		"thirdperson_lefthand": {
			"rotation": [0, 90, 125],
			"translation": [0, -7.75, 2],
			"scale": [0.6, 0.6, 0.6]
		},
		"firstperson_righthand": {
			"rotation": [0, -90, 25],
			"translation": [1.13, 4.45, 2.88],
			"scale": [0.48, 0.48, 0.48]
		},
		"firstperson_lefthand": {
			"rotation": [0, 90, -25],
			"translation": [1.13, 4.45, 2.88],
			"scale": [0.48, 0.48, 0.48]
		},
		"ground": {
			"scale": [0.6, 0.6, 0.6]
		}
	}
}