{
	"credit": "Made with Blockbench",
	"parent": "item/handheld",
	"display": {
		"thirdperson_righthand": {
			"rotation": [0, 90, 0],
			"translation": [2.5, -1.5, 1.25],
			"scale": [0.75, 0.75, 1]
		},
		"thirdperson_lefthand": {
			"rotation": [0, -90, 0],
			"translation": [2, -1.5, 1.25],
			"scale": [0.75, 0.75, 1]
		},
		"firstperson_righthand": {
			"rotation": [0, 0, 10],
			"translation": [4.5, 0, 0]
		},
		"firstperson_lefthand": {
			"rotation": [0, 0, 10],
			"translation": [4.5, 0, 0]
		}
	}
}