{
	"credit": "Made with Blockbench",
	"parent": "item/handheld",
	"display": {
		"thirdperson_righthand": {
			"rotation": [0, -90, 55],
			"translation": [0, 2.75, 1],
			"scale": [1.1, 1.1, 0.85]
		},
		"thirdperson_lefthand": {
			"rotation": [0, 90, -55],
			"translation": [0, 2.75, 1],
			"scale": [1.1, 1.1, 0.85]
		},
		"firstperson_righthand": {
			"rotation": [0, -90, 25],
			"translation": [1.13, 3.95, 1.13],
			"scale": [0.88, 0.88, 0.68]
		},
		"firstperson_lefthand": {
			"rotation": [0, 90, -25],
			"translation": [1.13, 3.95, 1.13],
			"scale": [0.88, 0.88, 0.68]
		},
		"ground": {
			"scale": [0.6, 0.6, 0.6]
		}
	}
}