{
	"credit": "Made with Blockbench",
	"parent": "item/handheld",
	"textures": {
		"layer0": "item/raging_storm"
	},
	"display": {
		"thirdperson_righthand": {
			"rotation": [0, -90, 55],
			"translation": [0, 9, -1],
			"scale": [1.55, 1.55, 1.2]
		},
		"thirdperson_lefthand": {
			"rotation": [0, 90, -55],
			"translation": [0, 9, -1],
			"scale": [1.55, 1.55, 1.2]
		},
		"firstperson_righthand": {
			"rotation": [0, -90, 25],
			"translation": [1.13, 4.7, 2.88],
			"scale": [1.55, 1.55, 1.1]
		},
		"firstperson_lefthand": {
			"rotation": [0, 90, -25],
			"translation": [1.13, 4.7, 2.88],
			"scale": [1.55, 1.55, 1.1]
		},
		"ground": {
			"rotation": [90, 0, 0],
			"scale": [1.55, 1.55, 1]
		},
		"fixed": {
			"rotation": [0, -180, 0],
			"translation": [0, 0, -0.75]
		}
	}
}