{
    "parent": "item/generated",
    "textures": {
        "layer0": "item/shears"
    },
	"overrides":[
	{"predicate":{"custom_model_data":1},"model":"entity/rat"},
	{"predicate":{"custom_model_data":2},"model":"entity/rat_hurt"},
	{"predicate":{"custom_model_data":3},"model":"entity/fungus_among_us/idle"},
	{"predicate":{"custom_model_data":4},"model":"entity/fungus_among_us/walk"},
	{"predicate":{"custom_model_data":5},"model":"entity/fungus_among_us/hurt"},
	{"predicate":{"custom_model_data":6},"model":"entity/piranha"},
	{"predicate":{"custom_model_data":7},"model":"entity/piranha/hurt"}
	]
}
