{
	"credit": "Made with Blockbench",
	"texture_size": [64, 64],
	"textures": {
		"0": "item/wizard_hat",
		"particle": "item/wizard_hat"
	},
	"elements": [
		{
			"from": [0, 0, 0],
			"to": [16, 1, 16],
			"faces": {
				"north": {"uv": [0, 0, 4, 0.25], "texture": "#0"},
				"east": {"uv": [0, 0, 4, 0.25], "texture": "#0"},
				"south": {"uv": [0, 0, 4, 0.25], "texture": "#0"},
				"west": {"uv": [0, 0, 4, 0.25], "texture": "#0"},
				"up": {"uv": [4, 0.25, 8, 4.25], "texture": "#0"},
				"down": {"uv": [0, 0.25, 4, 4.25], "texture": "#0"}
			}
		},
		{
			"from": [2, 1, 2],
			"to": [14, 4, 14],
			"faces": {
				"north": {"uv": [0, 4.25, 3, 5], "texture": "#0"},
				"east": {"uv": [0, 4.25, 3, 5], "texture": "#0"},
				"south": {"uv": [0, 4.25, 3, 5], "texture": "#0"},
				"west": {"uv": [0, 4.25, 3, 5], "texture": "#0"},
				"up": {"uv": [4.5, 0.75, 7.5, 3.75], "texture": "#0"},
				"down": {"uv": [0.5, 0.75, 3.5, 3.75], "texture": "#0"}
			}
		},
		{
			"from": [4, 4, 4],
			"to": [12, 8, 12],
			"faces": {
				"north": {"uv": [0.5, 4, 2.5, 5], "texture": "#0"},
				"east": {"uv": [0.5, 4, 2.5, 5], "texture": "#0"},
				"south": {"uv": [0.5, 4, 2.5, 5], "texture": "#0"},
				"west": {"uv": [0.5, 4, 2.5, 5], "texture": "#0"},
				"up": {"uv": [5, 1.25, 7, 3.25], "texture": "#0"},
				"down": {"uv": [1, 1.25, 3, 3.25], "texture": "#0"}
			}
		},
		{
			"from": [5, 6.84515, 4.52165],
			"to": [11, 9.84515, 10.52165],
			"rotation": {"angle": -22.5, "axis": "x", "origin": [8, 8, 8]},
			"faces": {
				"north": {"uv": [0.75, 4.25, 2.25, 5], "texture": "#0"},
				"east": {"uv": [0.75, 4.25, 2.25, 5], "texture": "#0"},
				"south": {"uv": [0.75, 4.25, 2.25, 5], "texture": "#0"},
				"west": {"uv": [0.75, 4.25, 2.25, 5], "texture": "#0"},
				"up": {"uv": [5.25, 1.5, 6.75, 3], "texture": "#0"},
				"down": {"uv": [1.25, 1.5, 2.75, 3], "texture": "#0"}
			}
		},
		{
			"from": [7, 8.87868, 7.70711],
			"to": [9, 12.87868, 9.70711],
			"rotation": {"angle": -45, "axis": "x", "origin": [8, 8, 8]},
			"faces": {
				"north": {"uv": [0, 4.25, 1, 4.75], "rotation": 90, "texture": "#0"},
				"east": {"uv": [0, 4.25, 1, 4.75], "rotation": 90, "texture": "#0"},
				"south": {"uv": [0, 4.25, 1, 4.75], "rotation": 90, "texture": "#0"},
				"west": {"uv": [0, 4.25, 1, 4.75], "rotation": 90, "texture": "#0"},
				"up": {"uv": [5.75, 2, 6.25, 2.5], "rotation": 90, "texture": "#0"},
				"down": {"uv": [1.5, 2, 2, 2.5], "rotation": 90, "texture": "#0"}
			}
		}
	],
	"display": {
		"gui": {
			"rotation": [25, -45, 0],
			"translation": [0, 0.5, 0],
			"scale": [0.7, 0.7, 0.7]
		},
		"head": {
			"rotation": [0, -180, 0],
			"translation": [0, 14.25, 0],
			"scale": [1.4, 1.4, 1.4]
		}
	}
}