{
    "parent": "item/handheld",
    "textures": {
        "layer0": "item/wooden_hoe"
    },
	"overrides":[
	{"predicate":{"custom_model_data":1},"model":"item/rusty_sword"},
	{"predicate":{"custom_model_data":2},"model":"item/wooden_sword"},
	{"predicate":{"custom_model_data":3},"model":"item/rusty_greatsword"},
	{"predicate":{"custom_model_data":4},"model":"item/wooden_greatsword"},
	{"predicate":{"custom_model_data":5},"model":"item/rusty_dagger"},
	{"predicate":{"custom_model_data":6},"model":"item/wooden_dagger"},
	{"predicate":{"custom_model_data":7},"model":"item/rusty_spear"},
	{"predicate":{"custom_model_data":8},"model":"item/wooden_spear"},
	{"predicate":{"custom_model_data":9},"model":"item/rusty_shield"},
	{"predicate":{"custom_model_data":10},"model":"item/wooden_shield"},
	{"predicate":{"custom_model_data":11},"model":"item/royal_rapier"},
	{"predicate":{"custom_model_data":12},"model":"item/royal_claymore"},
	{"predicate":{"custom_model_data":13},"model":"item/royal_dagger"},
	{"predicate":{"custom_model_data":14},"model":"item/royal_shield"},
	{"predicate":{"custom_model_data":15},"model":"item/royal_lance"},
	{"predicate":{"custom_model_data":16},"model":"item/royal_battleaxe"},
	{"predicate":{"custom_model_data":17},"model":"item/royal_crown"},
	{"predicate":{"custom_model_data":18},"model":"item/rusted_legendary_sword"},
	{"predicate":{"custom_model_data":19},"model":"item/minuet_sword"},
	{"predicate":{"custom_model_data":20},"model":"item/kaiser_blade"}
	]
}
