{
	"credit": "Made with Blockbench",
	"texture_size": [64, 64],
	"textures": {
		"0": "entity/rat_hurt",
		"particle": "entity/rat_hurt"
	},
	"elements": [
		{
			"name": "body",
			"from": [4, 1, 6],
			"to": [12, 7, 16],
			"rotation": {"angle": 0, "axis": "y", "origin": [16, 9, 17]},
			"faces": {
				"north": {"uv": [2.5, 0, 4.5, 1.5], "texture": "#0"},
				"east": {"uv": [4.5, 1.5, 7, 3], "texture": "#0"},
				"south": {"uv": [2.5, 1.5, 4.5, 3], "texture": "#0"},
				"west": {"uv": [4.5, 0, 7, 1.5], "texture": "#0"},
				"up": {"uv": [7, 0, 9, 2.5], "texture": "#0"},
				"down": {"uv": [9, 0, 11, 2.5], "texture": "#0"}
			}
		},
		{
			"name": "head",
			"from": [6, 1, 0],
			"to": [10, 5, 6],
			"rotation": {"angle": 0, "axis": "y", "origin": [13, 9, 13]},
			"faces": {
				"north": {"uv": [0, 5, 1, 6], "texture": "#0"},
				"east": {"uv": [1.5, 6, 3, 7], "texture": "#0"},
				"south": {"uv": [1, 5, 2, 6], "texture": "#0"},
				"west": {"uv": [0, 6, 1.5, 7], "texture": "#0"},
				"up": {"uv": [0, 7, 1, 8.5], "texture": "#0"},
				"down": {"uv": [1, 7, 2, 8.5], "texture": "#0"}
			}
		},
		{
			"name": "lear",
			"from": [6, 5, 0],
			"to": [7, 6, 2],
			"rotation": {"angle": 0, "axis": "y", "origin": [14, 13, 8]},
			"faces": {
				"north": {"uv": [1.25, 0.25, 1.5, 0.5], "texture": "#0"},
				"east": {"uv": [0.75, 0.25, 1.25, 0.5], "texture": "#0"},
				"south": {"uv": [1.25, 0, 1.5, 0.25], "texture": "#0"},
				"west": {"uv": [0.75, 0, 1.25, 0.25], "texture": "#0"},
				"up": {"uv": [1.5, 0, 1.75, 0.5], "texture": "#0"},
				"down": {"uv": [1.75, 0, 2, 0.5], "texture": "#0"}
			}
		},
		{
			"name": "rear",
			"from": [9, 5, 0],
			"to": [10, 6, 2],
			"rotation": {"angle": 0, "axis": "y", "origin": [17, 13, 8]},
			"faces": {
				"north": {"uv": [1.25, 0.25, 1.5, 0.5], "texture": "#0"},
				"east": {"uv": [0.75, 0, 1.25, 0.25], "texture": "#0"},
				"south": {"uv": [1.25, 0, 1.5, 0.25], "texture": "#0"},
				"west": {"uv": [0.75, 0.25, 1.25, 0.5], "texture": "#0"},
				"up": {"uv": [1.5, 0, 1.75, 0.5], "texture": "#0"},
				"down": {"uv": [1.75, 0, 2, 0.5], "texture": "#0"}
			}
		},
		{
			"name": "lbfoot",
			"from": [4, 0, 13],
			"to": [6, 1, 16],
			"rotation": {"angle": 0, "axis": "y", "origin": [12, 8, 22]},
			"faces": {
				"north": {"uv": [0, 3.75, 0.5, 4], "texture": "#0"},
				"east": {"uv": [0.75, 4, 1.5, 4.25], "texture": "#0"},
				"south": {"uv": [0.5, 3.75, 1, 4], "texture": "#0"},
				"west": {"uv": [0, 4, 0.75, 4.25], "texture": "#0"},
				"up": {"uv": [0, 4.25, 0.5, 5], "texture": "#0"},
				"down": {"uv": [0.5, 4.25, 1, 5], "texture": "#0"}
			}
		},
		{
			"name": "rbfoot",
			"from": [10, 0, 13],
			"to": [12, 1, 16],
			"rotation": {"angle": 0, "axis": "y", "origin": [18, 8, 22]},
			"faces": {
				"north": {"uv": [0, 3.75, 0.5, 4], "texture": "#0"},
				"east": {"uv": [0.75, 4, 1.5, 4.25], "texture": "#0"},
				"south": {"uv": [0.5, 3.75, 1, 4], "texture": "#0"},
				"west": {"uv": [0, 4, 0.75, 4.25], "texture": "#0"},
				"up": {"uv": [0, 4.25, 0.5, 5], "texture": "#0"},
				"down": {"uv": [0.5, 4.25, 1, 5], "texture": "#0"}
			}
		},
		{
			"name": "rffoot",
			"from": [10, 0, 5],
			"to": [12, 1, 8],
			"rotation": {"angle": 0, "axis": "y", "origin": [18, 8, 14]},
			"faces": {
				"north": {"uv": [0, 3.75, 0.5, 4], "texture": "#0"},
				"east": {"uv": [0.75, 4, 1.5, 4.25], "texture": "#0"},
				"south": {"uv": [0.5, 3.75, 1, 4], "texture": "#0"},
				"west": {"uv": [0, 4, 0.75, 4.25], "texture": "#0"},
				"up": {"uv": [0, 4.25, 0.5, 5], "texture": "#0"},
				"down": {"uv": [0.5, 4.25, 1, 5], "texture": "#0"}
			}
		},
		{
			"name": "lffoot",
			"from": [4, 0, 5],
			"to": [6, 1, 8],
			"rotation": {"angle": 0, "axis": "y", "origin": [12, 8, 14]},
			"faces": {
				"north": {"uv": [0, 3.75, 0.5, 4], "texture": "#0"},
				"east": {"uv": [0.75, 4, 1.5, 4.25], "texture": "#0"},
				"south": {"uv": [0.5, 3.75, 1, 4], "texture": "#0"},
				"west": {"uv": [0, 4, 0.75, 4.25], "texture": "#0"},
				"up": {"uv": [0, 4.25, 0.5, 5], "texture": "#0"},
				"down": {"uv": [0.5, 4.25, 1, 5], "texture": "#0"}
			}
		},
		{
			"name": "tail",
			"from": [7, 2, 16],
			"to": [9, 4, 26],
			"rotation": {"angle": 0, "axis": "y", "origin": [15, 10, 24]},
			"faces": {
				"north": {"uv": [0, 1.25, 0.5, 1.75], "texture": "#0"},
				"east": {"uv": [0, 2.25, 2.5, 2.75], "texture": "#0"},
				"south": {"uv": [0.5, 1.25, 1, 1.75], "texture": "#0"},
				"west": {"uv": [0, 1.75, 2.5, 2.25], "texture": "#0"},
				"up": {"uv": [0, 2.75, 2.5, 3.25], "rotation": 90, "texture": "#0"},
				"down": {"uv": [0, 3.25, 2.5, 3.75], "rotation": 90, "texture": "#0"}
			}
		},
		{
			"name": "nose",
			"from": [7, 2, -0.5],
			"to": [9, 3, 0.5],
			"rotation": {"angle": 0, "axis": "y", "origin": [16, 10, 7.5]},
			"faces": {
				"north": {"uv": [0, 0, 0.5, 0.25], "texture": "#0"},
				"east": {"uv": [0.5, 0.25, 0.75, 0.5], "texture": "#0"},
				"south": {"uv": [0, 0.5, 0.5, 0.75], "texture": "#0"},
				"west": {"uv": [0.5, 0, 0.75, 0.25], "texture": "#0"},
				"up": {"uv": [0, 0.25, 0.5, 0.5], "texture": "#0"},
				"down": {"uv": [0, 0.75, 0.5, 1], "texture": "#0"}
			}
		}
	],
	"display": {
		"head": {
			"translation": [0, -39.5, -2.25]
		}
	}
}