{
	"credit": "Made with Blockbench",
	"texture_size": [64, 64],
	"textures": {
		"0": "entity/raven",
		"1": "entity/raven_wings",
		"particle": "entity/raven"
	},
	"elements": [
		{
			"from": [-3.34427, 10.12664, 5],
			"to": [7.65573, 10.12664, 16],
			"rotation": {"angle": -22.5, "axis": "z", "origin": [8, 7.25, 8.9]},
			"faces": {
				"up": {"uv": [8, 1, 0, 7.75], "rotation": 270, "texture": "#1"},
				"down": {"uv": [0, 1, 8, 7.75], "rotation": 270, "texture": "#1"}
			}
		},
		{
			"from": [-1.51084, 9.94919, 5],
			"to": [9.48916, 9.94919, 16],
			"rotation": {"angle": 22.5, "axis": "z", "origin": [8.90955, 8.2206, 8.9]},
			"faces": {
				"north": {"uv": [0, 0.5, 8, 7.25], "rotation": 270, "texture": "#1"},
				"east": {"uv": [0, 0.5, 8, 7.25], "rotation": 270, "texture": "#1"},
				"south": {"uv": [0, 0.5, 8, 7.25], "rotation": 270, "texture": "#1"},
				"west": {"uv": [0, 0.5, 8, 7.25], "rotation": 270, "texture": "#1"},
				"up": {"uv": [16, 1, 8, 7.75], "rotation": 270, "texture": "#1"},
				"down": {"uv": [8, 1, 16, 7.75], "rotation": 270, "texture": "#1"}
			}
		},
		{
			"from": [7.66299, 10.24045, 5],
			"to": [18.66299, 10.24045, 16],
			"rotation": {"angle": 22.5, "axis": "z", "origin": [7.7286, 7.92929, 8.9]},
			"faces": {
				"north": {"uv": [0, 0.5, 8, 7.25], "rotation": 90, "texture": "#1"},
				"east": {"uv": [0, 0.5, 8, 7.25], "rotation": 90, "texture": "#1"},
				"south": {"uv": [0, 0.5, 8, 7.25], "rotation": 90, "texture": "#1"},
				"west": {"uv": [0, 0.5, 8, 7.25], "rotation": 90, "texture": "#1"},
				"up": {"uv": [0, 1, 8, 7.75], "rotation": 90, "texture": "#1"},
				"down": {"uv": [8, 1, 0, 7.75], "rotation": 90, "texture": "#1"}
			}
		},
		{
			"from": [6.18662, 10.1329, 5],
			"to": [17.18662, 10.1329, 16],
			"rotation": {"angle": -22.5, "axis": "z", "origin": [6.25223, 8.58711, 8.9]},
			"faces": {
				"north": {"uv": [0, 0.5, 8, 7.25], "rotation": 90, "texture": "#1"},
				"east": {"uv": [0, 0.5, 8, 7.25], "rotation": 90, "texture": "#1"},
				"south": {"uv": [0, 0.5, 8, 7.25], "rotation": 90, "texture": "#1"},
				"west": {"uv": [0, 0.5, 8, 7.25], "rotation": 90, "texture": "#1"},
				"up": {"uv": [8, 1.5, 16, 8.25], "rotation": 90, "texture": "#1"},
				"down": {"uv": [16, 1, 8, 7.75], "rotation": 90, "texture": "#1"}
			}
		},
		{
			"from": [7.78316, 5.04034, 0],
			"to": [7.78316, 14.04034, 16],
			"rotation": {"angle": 0, "axis": "y", "origin": [7.78316, 4.04034, 13]},
			"faces": {
				"north": {"uv": [0, 0, 15.75, 8.75], "texture": "#0"},
				"east": {"uv": [15.75, 0, 0, 8.75], "texture": "#0"},
				"south": {"uv": [0, 0, 15.75, 8.75], "texture": "#0"},
				"west": {"uv": [0, 0, 15.75, 8.75], "texture": "#0"},
				"up": {"uv": [0, 0, 15.75, 8.75], "texture": "#0"},
				"down": {"uv": [0, 0, 15.75, 8.75], "texture": "#0"}
			}
		}
	],
	"display": {
		"head": {
			"translation": [0, -44, 0]
		}
	}
}