{
	"credit": "Made with Blockbench",
	"textures": {
		"0": "entity/skeleton_merchant",
		"particle": "entity/skeleton_merchant"
	},
	"elements": [
		{
			"from": [5, 7, 6],
			"to": [11, 19, 9],
			"rotation": {"angle": 0, "axis": "y", "origin": [8, 12, 7.5]},
			"faces": {
				"north": {"uv": [5.25, 5, 6.75, 8], "texture": "#0"},
				"east": {"uv": [6.75, 5, 7.75, 8], "texture": "#0"},
				"south": {"uv": [8.25, 5, 9.75, 8], "texture": "#0"},
				"west": {"uv": [4, 5, 5, 8], "texture": "#0"},
				"up": {"uv": [5, 4, 7, 5], "texture": "#0"},
				"down": {"uv": [7, 4, 9, 5], "texture": "#0"}
			}
		},
		{
			"from": [3.25, 7, 6.75],
			"to": [5, 19, 8.5],
			"rotation": {"angle": 0, "axis": "y", "origin": [8, 12, 7.5]},
			"faces": {
				"north": {"uv": [0, 4.5, 0.5, 7.5], "texture": "#0"},
				"east": {"uv": [1.5, 4.5, 2, 7.5], "texture": "#0"},
				"south": {"uv": [1, 4.5, 1.5, 7.5], "texture": "#0"},
				"west": {"uv": [0.5, 4.5, 1, 7.5], "texture": "#0"},
				"up": {"uv": [0.5, 4, 1, 4.5], "texture": "#0"},
				"down": {"uv": [1, 4, 1.5, 4.5], "texture": "#0"}
			}
		},
		{
			"from": [11, 7, 6.75],
			"to": [12.75, 19, 8.5],
			"rotation": {"angle": 0, "axis": "y", "origin": [8, 12, 7.5]},
			"faces": {
				"north": {"uv": [0, 4.5, 0.5, 7.5], "texture": "#0"},
				"east": {"uv": [1.5, 4.5, 2, 7.5], "texture": "#0"},
				"south": {"uv": [1, 4.5, 1.5, 7.5], "texture": "#0"},
				"west": {"uv": [0.5, 4.5, 1, 7.5], "texture": "#0"},
				"up": {"uv": [0.5, 4, 1, 4.5], "texture": "#0"},
				"down": {"uv": [1, 4, 1.5, 4.5], "texture": "#0"}
			}
		},
		{
			"from": [5.75, -2, 6.75],
			"to": [7.25, 7, 8.25],
			"faces": {
				"north": {"uv": [10, 4.5, 10.5, 7.5], "texture": "#0"},
				"east": {"uv": [10.5, 4.5, 11, 7.5], "texture": "#0"},
				"south": {"uv": [11, 4.5, 11.5, 7.5], "texture": "#0"},
				"west": {"uv": [11.5, 4.5, 12, 7.5], "texture": "#0"},
				"up": {"uv": [10.5, 4, 11, 4.5], "texture": "#0"},
				"down": {"uv": [11, 4, 11.5, 4.5], "texture": "#0"}
			}
		},
		{
			"from": [8.75, -2, 6.75],
			"to": [10.25, 7, 8.25],
			"faces": {
				"north": {"uv": [10, 4.5, 10.5, 7.5], "texture": "#0"},
				"east": {"uv": [10.5, 4.5, 11, 7.5], "texture": "#0"},
				"south": {"uv": [11, 4.5, 11.5, 7.5], "texture": "#0"},
				"west": {"uv": [11.5, 4.5, 12, 7.5], "texture": "#0"},
				"up": {"uv": [10.5, 4, 11, 4.5], "texture": "#0"},
				"down": {"uv": [11, 4, 11.5, 4.5], "texture": "#0"}
			}
		}
	],
	"display": {
		"head": {
			"translation": [0, -64.5, 1.25],
			"scale": [2, 2, 2]
		}
	}
}