{
	"credit": "Made with Blockbench",
	"texture_size": [64, 64],
	"textures": {
		"0": "item/origanta/airplane",
		"particle": "item/origanta/airplane"
	},
	"elements": [
		{
			"from": [0, 1, 0],
			"to": [7, 1, 16],
			"faces": {
				"north": {"uv": [2, 0.5, 7.25, 15], "texture": "#0"},
				"east": {"uv": [2, 0.5, 7.25, 15], "texture": "#0"},
				"south": {"uv": [2, 0.5, 7.25, 15], "texture": "#0"},
				"west": {"uv": [2, 0.5, 7.25, 15], "texture": "#0"},
				"up": {"uv": [2, 0.5, 7.25, 15], "texture": "#0"},
				"down": {"uv": [7.25, 0.5, 2, 15], "rotation": 180, "texture": "#0"}
			}
		},
		{
			"from": [9, 1, 0],
			"to": [16, 1, 16],
			"faces": {
				"north": {"uv": [9, 0.5, 14.25, 15], "texture": "#0"},
				"east": {"uv": [9, 0.5, 14.25, 15], "texture": "#0"},
				"south": {"uv": [9, 0.5, 14.25, 15], "texture": "#0"},
				"west": {"uv": [9, 0.5, 14.25, 15], "texture": "#0"},
				"up": {"uv": [9, 0.5, 14.25, 15], "texture": "#0"},
				"down": {"uv": [14.25, 0.5, 9, 15], "rotation": 180, "texture": "#0"}
			}
		},
		{
			"from": [6.07036, -5.24235, 0],
			"to": [7.47036, -5.24235, 15.4],
			"rotation": {"angle": -45, "axis": "z", "origin": [14.07036, -3.24235, 8]},
			"faces": {
				"north": {"uv": [8.25, 0.5, 9.25, 14.5], "texture": "#0"},
				"east": {"uv": [8.25, 0.5, 9.25, 14.5], "texture": "#0"},
				"south": {"uv": [8.25, 0.5, 9.25, 14.5], "texture": "#0"},
				"west": {"uv": [8.25, 0.5, 9.25, 14.5], "texture": "#0"},
				"up": {"uv": [8.25, 0.5, 9.25, 14.5], "texture": "#0"},
				"down": {"uv": [8.25, 0.5, 9.25, 14.5], "texture": "#0"}
			}
		},
		{
			"from": [4.42843, 4.65785, 0],
			"to": [5.82843, 4.65785, 15.4],
			"rotation": {"angle": 45, "axis": "z", "origin": [11.82843, 6.65785, 8]},
			"faces": {
				"north": {"uv": [7.25, 0.5, 8.25, 14.5], "rotation": 180, "texture": "#0"},
				"east": {"uv": [7.25, 0.5, 8.25, 14.5], "rotation": 180, "texture": "#0"},
				"south": {"uv": [7.25, 0.5, 8.25, 14.5], "rotation": 180, "texture": "#0"},
				"west": {"uv": [7.25, 0.5, 8.25, 14.5], "rotation": 180, "texture": "#0"},
				"up": {"uv": [7.25, 0.5, 8.25, 14.5], "rotation": 180, "texture": "#0"},
				"down": {"uv": [7.25, 0.5, 8.25, 14.5], "rotation": 180, "texture": "#0"}
			}
		}
	],
	"display": {
		"head": {
			"translation": [0, 38.5, -4.75],
			"scale": [4, 4, 4]
		}
	}
}