{
	"credit": "Made with Blockbench",
	"texture_size": [64, 64],
	"textures": {
		"0": "item/origanta/crane",
		"particle": "item/origanta/crane"
	},
	"elements": [
		{
			"from": [8, 0, 6],
			"to": [8, 15, 10],
			"rotation": {"angle": -45, "axis": "x", "origin": [8, 8, 8]},
			"faces": {
				"north": {"uv": [2.25, 2, 3.25, 5.75], "texture": "#0"},
				"east": {"uv": [2.25, 2, 3.25, 5.75], "texture": "#0"},
				"south": {"uv": [2.25, 2, 3.25, 5.75], "texture": "#0"},
				"west": {"uv": [2.25, 2, 3.25, 5.75], "texture": "#0"},
				"up": {"uv": [2.25, 2, 3.25, 5.75], "texture": "#0"},
				"down": {"uv": [2.25, 2, 3.25, 5.75], "texture": "#0"}
			}
		},
		{
			"from": [8, 1.69846, 13.92978],
			"to": [8, 16.69846, 17.92978],
			"rotation": {"angle": 22.5, "axis": "x", "origin": [8, 5.5546, 11.15187]},
			"faces": {
				"north": {"uv": [1, 1.75, 2, 5.5], "rotation": 180, "texture": "#0"},
				"east": {"uv": [1, 1.75, 2, 5.5], "rotation": 180, "texture": "#0"},
				"south": {"uv": [1, 1.75, 2, 5.5], "rotation": 180, "texture": "#0"},
				"west": {"uv": [1, 1.75, 2, 5.5], "rotation": 180, "texture": "#0"},
				"up": {"uv": [1, 1.75, 2, 5.5], "rotation": 180, "texture": "#0"},
				"down": {"uv": [1, 1.75, 2, 5.5], "rotation": 180, "texture": "#0"}
			}
		},
		{
			"from": [8, 16.90831, 2.08341],
			"to": [8, 20.65831, 9.08341],
			"rotation": {"angle": -45, "axis": "x", "origin": [8, 10.06058, 9.84524]},
			"faces": {
				"north": {"uv": [0, 0, 3.5, 1.4375], "texture": "#0"},
				"east": {"uv": [3.5, 0, 0, 1.4375], "texture": "#0"},
				"south": {"uv": [0, 0, 3.5, 1.4375], "texture": "#0"},
				"west": {"uv": [0, 0, 3.5, 1.4375], "texture": "#0"},
				"up": {"uv": [0, 0, 3.5, 1.4375], "texture": "#0"},
				"down": {"uv": [0, 0, 3.5, 1.4375], "texture": "#0"}
			}
		},
		{
			"from": [-7.07071, 7.23995, 6],
			"to": [7.92929, 7.23995, 12],
			"rotation": {"angle": -45, "axis": "z", "origin": [8, 7.25, 8.9]},
			"faces": {
				"north": {"uv": [5.25, 0.25, 3.75, 4], "rotation": 90, "texture": "#0"},
				"east": {"uv": [5.25, 0.25, 3.75, 4], "rotation": 90, "texture": "#0"},
				"south": {"uv": [5.25, 0.25, 3.75, 4], "rotation": 90, "texture": "#0"},
				"west": {"uv": [5.25, 0.25, 3.75, 4], "rotation": 90, "texture": "#0"},
				"up": {"uv": [5.25, 0.25, 3.75, 4], "rotation": 90, "texture": "#0"},
				"down": {"uv": [3.75, 0.25, 5.25, 4], "rotation": 90, "texture": "#0"}
			}
		},
		{
			"from": [-7.07071, 7.23995, 6],
			"to": [7.92929, 7.23995, 12],
			"rotation": {"angle": 22.5, "axis": "z", "origin": [8, 7.25, 8.9]},
			"faces": {
				"north": {"uv": [5.25, 0.25, 3.75, 4], "rotation": 90, "texture": "#0"},
				"east": {"uv": [5.25, 0.25, 3.75, 4], "rotation": 90, "texture": "#0"},
				"south": {"uv": [5.25, 0.25, 3.75, 4], "rotation": 90, "texture": "#0"},
				"west": {"uv": [5.25, 0.25, 3.75, 4], "rotation": 90, "texture": "#0"},
				"up": {"uv": [5.25, 4.75, 3.75, 8.5], "rotation": 90, "texture": "#0"},
				"down": {"uv": [3.75, 4.75, 5.25, 8.5], "rotation": 90, "texture": "#0"}
			}
		},
		{
			"from": [8.10962, 6.77617, 6],
			"to": [8.10962, 21.77617, 12],
			"rotation": {"angle": -45, "axis": "z", "origin": [8.65, 7.23579, 8]},
			"faces": {
				"north": {"uv": [3.75, 0.25, 5.25, 4], "rotation": 180, "texture": "#0"},
				"east": {"uv": [5.25, 0.25, 3.75, 4], "rotation": 180, "texture": "#0"},
				"south": {"uv": [3.75, 0.25, 5.25, 4], "rotation": 180, "texture": "#0"},
				"west": {"uv": [3.75, 0.25, 5.25, 4], "rotation": 180, "texture": "#0"},
				"up": {"uv": [3.75, 0.25, 5.25, 4], "rotation": 180, "texture": "#0"},
				"down": {"uv": [3.75, 0.25, 5.25, 4], "rotation": 180, "texture": "#0"}
			}
		},
		{
			"from": [7.97184, 7.09299, 6],
			"to": [22.97184, 7.09299, 12],
			"rotation": {"angle": -22.5, "axis": "z", "origin": [8.25597, 7.2376, 8]},
			"faces": {
				"north": {"uv": [3.75, 0.25, 5.25, 4], "rotation": 90, "texture": "#0"},
				"east": {"uv": [3.75, 0.25, 5.25, 4], "rotation": 270, "texture": "#0"},
				"south": {"uv": [3.75, 0.25, 5.25, 4], "rotation": 270, "texture": "#0"},
				"west": {"uv": [3.75, 0.25, 5.25, 4], "rotation": 270, "texture": "#0"},
				"up": {"uv": [3.75, 4.75, 5.25, 8.5], "rotation": 270, "texture": "#0"},
				"down": {"uv": [5.25, 4.75, 3.75, 8.5], "rotation": 270, "texture": "#0"}
			}
		}
	],
	"display": {
		"head": {
			"rotation": [0, 0, -0],
			"translation": [0, -44, 0],
			"scale": [1, 1, 1]
		}
	}
}