{
	"credit": "Made with Blockbench",
	"parent": "item/handheld",
	"textures": {
		"layer0": "item/origanta/halberd"
	},
	"gui_light": "front",
	"display": {
		"thirdperson_righthand": {
			"rotation": [0, 90, 35],
			"translation": [0, 7, -0.25],
			"scale": [1.3, 1.3, 0.2]
		},
		"thirdperson_lefthand": {
			"rotation": [0, -90, -35],
			"translation": [0, 7, -0.25],
			"scale": [1.3, 1.3, 0.2]
		},
		"firstperson_righthand": {
			"rotation": [0, 90, 65],
			"translation": [1.13, 6.45, 2.13],
			"scale": [0.96, 0.96, 0.16]
		},
		"firstperson_lefthand": {
			"rotation": [0, -90, -65],
			"translation": [1.13, 6.45, 2.13],
			"scale": [0.96, 0.96, 0.16]
		},
		"ground": {
			"scale": [0.8, 0.8, 0.2]
		},
		"fixed": {
			"scale": [0.8, 0.8, 0.2]
		}
	}
}