{
	"credit": "Made with Blockbench",
	"parent": "item/handheld",
	"textures": {
		"layer0": "item/origanta/knife"
	},
	"gui_light": "front",
	"display": {
		"thirdperson_righthand": {
			"rotation": [0, -90, -145],
			"translation": [0.25, -9, 0.5],
			"scale": [0.8, 0.8, 0.2]
		},
		"thirdperson_lefthand": {
			"rotation": [0, 90, 145],
			"translation": [0.25, -9, 0.5],
			"scale": [0.8, 0.8, 0.2]
		},
		"firstperson_righthand": {
			"rotation": [0, -90, 25],
			"translation": [1.13, 3.2, 1.13],
			"scale": [0.68, 0.68, 0.16]
		},
		"firstperson_lefthand": {
			"rotation": [0, 90, -25],
			"translation": [1.13, 3.2, 1.13],
			"scale": [0.68, 0.68, 0.16]
		},
		"ground": {
			"scale": [0.8, 0.8, 0.2]
		},
		"fixed": {
			"scale": [0.8, 0.8, 0.2]
		}
	}
}