{
	"credit": "Made with Blockbench",
	"parent": "item/handheld",
	"textures": {
		"layer0": "item/origanta/star"
	},
	"gui_light": "front",
	"display": {
		"thirdperson_righthand": {
			"rotation": [0, -90, 55],
			"translation": [0, 1.75, 1],
			"scale": [0.5, 0.5, 0.2]
		},
		"thirdperson_lefthand": {
			"rotation": [0, 90, -55],
			"translation": [0, 1.75, 1],
			"scale": [0.5, 0.5, 0.2]
		},
		"firstperson_righthand": {
			"rotation": [0, -90, 25],
			"translation": [1.13, 3.45, 1.63],
			"scale": [0.4, 0.4, 0.16]
		},
		"firstperson_lefthand": {
			"rotation": [0, 90, -25],
			"translation": [1.13, 3.45, 1.63],
			"scale": [0.4, 0.4, 0.16]
		},
		"ground": {
			"scale": [0.8, 0.8, 0.2]
		},
		"head": {
			"rotation": [90, 0, 0],
			"translation": [0, -10, 0],
			"scale": [1, 1, 0.2]
		},
		"fixed": {
			"scale": [0.8, 0.8, 0.2]
		}
	}
}