{
	"credit": "Made with Blockbench",
	"parent": "item/handheld",
	"textures": {
		"layer0": "item/dioxin/tiers/tier4"
	},
	"display": {
		"thirdperson_righthand": {
			"rotation": [70, 0, -135],
			"translation": [-6, 3.5, 5],
			"scale": [1.6, 1.6, 0.85]
		},
		"thirdperson_lefthand": {
			"rotation": [70, 0, 135],
			"translation": [-6, 3.5, 5],
			"scale": [1.6, 1.6, 0.85]
		},
		"firstperson_righthand": {
			"rotation": [0, 0, -135],
			"translation": [-9, 13.2, 2],
			"scale": [1.28, 1.28, 0.8]
		},
		"firstperson_lefthand": {
			"rotation": [0, 0, 135],
			"translation": [-9, 13.2, 2],
			"scale": [1.28, 1.28, 0.8]
		},
		"ground": {
			"translation": [0, 2, 0],
			"scale": [0.5, 0.5, 0.5]
		},
		"head": {
			"rotation": [0, 180, 0],
			"translation": [0, 13, 7]
		},
		"fixed": {
			"rotation": [0, 180, 0],
			"translation": [0, 0, -0.5]
		}
	}
}