{
	"credit": "Made with Blockbench",
	"texture_size": [64, 64],
	"textures": {
		"0": "item/lisymni",
		"particle": "item/lisymni"
	},
	"elements": [
		{
			"from": [6, 2, 7.5],
			"to": [8, 3, 8.5],
			"rotation": {"angle": -45, "axis": "z", "origin": [9, -4, 15.5]},
			"faces": {
				"north": {"uv": [11.25, 3.75, 11.5, 4.25], "rotation": 90, "texture": "#0"},
				"east": {"uv": [11.5, 3.75, 11.25, 3.875], "rotation": 270, "texture": "#0"},
				"south": {"uv": [11.5, 3.75, 11.25, 4.25], "rotation": 270, "texture": "#0"},
				"west": {"uv": [11.5, 3.75, 11.25, 3.875], "rotation": 270, "texture": "#0"},
				"up": {"uv": [11.25, 3.75, 11.375, 4.25], "rotation": 270, "texture": "#0"},
				"down": {"uv": [11.5, 3.75, 11.375, 4.25], "rotation": 270, "texture": "#0"}
			}
		},
		{
			"from": [6, 3, 7.5],
			"to": [7, 5, 8.5],
			"rotation": {"angle": -45, "axis": "z", "origin": [9, -4, 15.5]},
			"faces": {
				"north": {"uv": [10.75, 3.75, 11.25, 4], "rotation": 90, "texture": "#0"},
				"east": {"uv": [11.25, 3.75, 10.75, 3.875], "rotation": 270, "texture": "#0"},
				"south": {"uv": [11.25, 3.75, 10.75, 4], "rotation": 270, "texture": "#0"},
				"west": {"uv": [11.25, 3.75, 10.75, 3.875], "rotation": 270, "texture": "#0"},
				"up": {"uv": [10.75, 3.75, 10.875, 4], "rotation": 270, "texture": "#0"},
				"down": {"uv": [11.25, 3.75, 11.125, 4], "rotation": 270, "texture": "#0"}
			}
		},
		{
			"from": [5, 5, 7.5],
			"to": [6, 6, 8.5],
			"rotation": {"angle": -45, "axis": "z", "origin": [9, -4, 15.5]},
			"faces": {
				"north": {"uv": [10.5, 3.5, 10.75, 3.75], "rotation": 90, "texture": "#0"},
				"east": {"uv": [10.75, 3.5, 10.5, 3.625], "rotation": 270, "texture": "#0"},
				"south": {"uv": [10.75, 3.5, 10.5, 3.75], "rotation": 270, "texture": "#0"},
				"west": {"uv": [10.75, 3.5, 10.5, 3.625], "rotation": 270, "texture": "#0"},
				"up": {"uv": [10.5, 3.5, 10.625, 3.75], "rotation": 270, "texture": "#0"},
				"down": {"uv": [10.75, 3.5, 10.625, 3.75], "rotation": 270, "texture": "#0"}
			}
		},
		{
			"from": [4, 6, 7.5],
			"to": [5, 8, 8.5],
			"rotation": {"angle": -45, "axis": "z", "origin": [9, -4, 15.5]},
			"faces": {
				"north": {"uv": [10, 3.25, 10.5, 3.5], "rotation": 90, "texture": "#0"},
				"east": {"uv": [10.5, 3.25, 10, 3.375], "rotation": 270, "texture": "#0"},
				"south": {"uv": [10.5, 3.25, 10, 3.5], "rotation": 270, "texture": "#0"},
				"west": {"uv": [10.5, 3.25, 10, 3.375], "rotation": 270, "texture": "#0"},
				"up": {"uv": [10, 3.25, 10.125, 3.5], "rotation": 270, "texture": "#0"},
				"down": {"uv": [10.5, 3.25, 10.375, 3.5], "rotation": 270, "texture": "#0"}
			}
		},
		{
			"from": [3, 8, 7.5],
			"to": [4, 10, 8.5],
			"rotation": {"angle": -45, "axis": "z", "origin": [9, -4, 15.5]},
			"faces": {
				"north": {"uv": [9.5, 3, 10, 3.25], "rotation": 90, "texture": "#0"},
				"east": {"uv": [10, 3, 9.5, 3.125], "rotation": 270, "texture": "#0"},
				"south": {"uv": [10, 3, 9.5, 3.25], "rotation": 270, "texture": "#0"},
				"west": {"uv": [10, 3, 9.5, 3.125], "rotation": 270, "texture": "#0"},
				"up": {"uv": [9.5, 3, 9.625, 3.25], "rotation": 270, "texture": "#0"},
				"down": {"uv": [10, 3, 9.875, 3.25], "rotation": 270, "texture": "#0"}
			}
		},
		{
			"from": [2, 10, 7.5],
			"to": [3, 13, 8.5],
			"rotation": {"angle": -45, "axis": "z", "origin": [9, -4, 15.5]},
			"faces": {
				"north": {"uv": [8.75, 2.75, 9.5, 3], "rotation": 90, "texture": "#0"},
				"east": {"uv": [9.5, 2.75, 8.75, 2.875], "rotation": 270, "texture": "#0"},
				"south": {"uv": [9.5, 2.75, 8.75, 3], "rotation": 270, "texture": "#0"},
				"west": {"uv": [9.5, 2.75, 8.75, 2.875], "rotation": 270, "texture": "#0"},
				"up": {"uv": [8.75, 2.75, 8.875, 3], "rotation": 270, "texture": "#0"},
				"down": {"uv": [9.5, 2.75, 9.375, 3], "rotation": 270, "texture": "#0"}
			}
		},
		{
			"from": [1, 13, 7.5],
			"to": [2, 20, 8.5],
			"rotation": {"angle": -45, "axis": "z", "origin": [9, -4, 15.5]},
			"faces": {
				"north": {"uv": [7, 2.5, 8.75, 2.75], "rotation": 90, "texture": "#0"},
				"east": {"uv": [8.75, 2.5, 7, 2.625], "rotation": 270, "texture": "#0"},
				"south": {"uv": [8.75, 2.5, 7, 2.75], "rotation": 270, "texture": "#0"},
				"west": {"uv": [8.75, 2.5, 7, 2.625], "rotation": 270, "texture": "#0"},
				"up": {"uv": [7, 2.5, 7.125, 2.75], "rotation": 270, "texture": "#0"},
				"down": {"uv": [8.75, 2.5, 8.625, 2.75], "rotation": 270, "texture": "#0"}
			}
		},
		{
			"from": [3, 23, 7.5],
			"to": [4, 25, 8.6],
			"rotation": {"angle": -45, "axis": "z", "origin": [9, -4, 15.5]},
			"faces": {
				"north": {"uv": [5.75, 3, 6.25, 3.25], "rotation": 90, "texture": "#0"},
				"east": {"uv": [6.25, 3, 5.75, 3.125], "rotation": 270, "texture": "#0"},
				"south": {"uv": [6.25, 3, 5.75, 3.25], "rotation": 270, "texture": "#0"},
				"west": {"uv": [6.25, 3, 5.75, 3.125], "rotation": 270, "texture": "#0"},
				"up": {"uv": [5.75, 3, 5.875, 3.25], "rotation": 270, "texture": "#0"},
				"down": {"uv": [6.25, 3, 6.125, 3.25], "rotation": 270, "texture": "#0"}
			}
		},
		{
			"from": [3, 25, 7.25],
			"to": [5, 26, 8.85],
			"rotation": {"angle": -45, "axis": "z", "origin": [9, -4, 15.5]},
			"faces": {
				"north": {"uv": [5.5, 3, 5.75, 3.5], "rotation": 90, "texture": "#0"},
				"east": {"uv": [5.75, 3, 5.5, 3.125], "rotation": 270, "texture": "#0"},
				"south": {"uv": [5.75, 3, 5.5, 3.5], "rotation": 270, "texture": "#0"},
				"west": {"uv": [5.75, 3, 5.5, 3.125], "rotation": 270, "texture": "#0"},
				"up": {"uv": [5.5, 3, 5.625, 3.5], "rotation": 270, "texture": "#0"},
				"down": {"uv": [5.75, 3, 5.625, 3.5], "rotation": 270, "texture": "#0"}
			}
		},
		{
			"from": [2, 23, 7.25],
			"to": [3, 25, 8.85],
			"rotation": {"angle": -45, "axis": "z", "origin": [9, -4, 15.5]},
			"faces": {
				"north": {"uv": [5.75, 2.75, 6.25, 3], "rotation": 90, "texture": "#0"},
				"east": {"uv": [6.25, 2.75, 5.75, 2.875], "rotation": 270, "texture": "#0"},
				"south": {"uv": [6.25, 2.75, 5.75, 3], "rotation": 270, "texture": "#0"},
				"west": {"uv": [6.25, 2.75, 5.75, 2.875], "rotation": 270, "texture": "#0"},
				"up": {"uv": [5.75, 2.75, 5.875, 3], "rotation": 270, "texture": "#0"},
				"down": {"uv": [6.25, 2.75, 6.125, 3], "rotation": 270, "texture": "#0"}
			}
		},
		{
			"from": [1, 20, 7.25],
			"to": [2, 23, 8.85],
			"rotation": {"angle": -45, "axis": "z", "origin": [9, -4, 15.5]},
			"faces": {
				"north": {"uv": [6.25, 2.5, 7, 2.75], "rotation": 90, "texture": "#0"},
				"east": {"uv": [7, 2.5, 6.25, 2.625], "rotation": 270, "texture": "#0"},
				"south": {"uv": [7, 2.5, 6.25, 2.75], "rotation": 270, "texture": "#0"},
				"west": {"uv": [7, 2.5, 6.25, 2.625], "rotation": 270, "texture": "#0"},
				"up": {"uv": [6.25, 2.5, 6.375, 2.75], "rotation": 270, "texture": "#0"},
				"down": {"uv": [7, 2.5, 6.875, 2.75], "rotation": 270, "texture": "#0"}
			}
		},
		{
			"from": [2, 0, 7.25],
			"to": [3, 10, 8.85],
			"rotation": {"angle": -45, "axis": "z", "origin": [9, -4, 15.5]},
			"faces": {
				"north": {"uv": [9.5, 2.75, 12, 3], "rotation": 90, "texture": "#0"},
				"east": {"uv": [12, 2.75, 9.5, 2.875], "rotation": 270, "texture": "#0"},
				"south": {"uv": [12, 2.75, 9.5, 3], "rotation": 270, "texture": "#0"},
				"west": {"uv": [12, 2.75, 9.5, 2.875], "rotation": 270, "texture": "#0"},
				"up": {"uv": [9.5, 2.75, 9.625, 3], "rotation": 270, "texture": "#0"},
				"down": {"uv": [12, 2.75, 11.875, 3], "rotation": 270, "texture": "#0"}
			}
		},
		{
			"from": [3, -1, 7.25],
			"to": [4, 8, 8.85],
			"rotation": {"angle": -45, "axis": "z", "origin": [9, -4, 15.5]},
			"faces": {
				"north": {"uv": [10, 3, 12.25, 3.25], "rotation": 90, "texture": "#0"},
				"east": {"uv": [12.25, 3, 10, 3.125], "rotation": 270, "texture": "#0"},
				"south": {"uv": [12.25, 3, 10, 3.25], "rotation": 270, "texture": "#0"},
				"west": {"uv": [12.25, 3, 10, 3.125], "rotation": 270, "texture": "#0"},
				"up": {"uv": [10, 3, 10.125, 3.25], "rotation": 270, "texture": "#0"},
				"down": {"uv": [12.25, 3, 12.125, 3.25], "rotation": 270, "texture": "#0"}
			}
		},
		{
			"from": [4, -2, 7.25],
			"to": [5, 6, 8.85],
			"rotation": {"angle": -45, "axis": "z", "origin": [9, -4, 15.5]},
			"faces": {
				"north": {"uv": [10.5, 3.25, 12.5, 3.5], "rotation": 90, "texture": "#0"},
				"east": {"uv": [12.5, 3.25, 10.5, 3.375], "rotation": 270, "texture": "#0"},
				"south": {"uv": [12.5, 3.25, 10.5, 3.5], "rotation": 270, "texture": "#0"},
				"west": {"uv": [12.5, 3.25, 10.5, 3.375], "rotation": 270, "texture": "#0"},
				"up": {"uv": [10.5, 3.25, 10.625, 3.5], "rotation": 270, "texture": "#0"},
				"down": {"uv": [12.5, 3.25, 12.375, 3.5], "rotation": 270, "texture": "#0"}
			}
		},
		{
			"from": [5, -1, 7.25],
			"to": [6, 5, 8.85],
			"rotation": {"angle": -45, "axis": "z", "origin": [9, -4, 15.5]},
			"faces": {
				"north": {"uv": [10.75, 3.5, 12.25, 3.75], "rotation": 90, "texture": "#0"},
				"east": {"uv": [12.25, 3.5, 10.75, 3.625], "rotation": 270, "texture": "#0"},
				"south": {"uv": [12.25, 3.5, 10.75, 3.75], "rotation": 270, "texture": "#0"},
				"west": {"uv": [12.25, 3.5, 10.75, 3.625], "rotation": 270, "texture": "#0"},
				"up": {"uv": [10.75, 3.5, 10.875, 3.75], "rotation": 270, "texture": "#0"},
				"down": {"uv": [12.25, 3.5, 12.125, 3.75], "rotation": 270, "texture": "#0"}
			}
		},
		{
			"from": [6, 0, 7.25],
			"to": [7, 2, 8.85],
			"rotation": {"angle": -45, "axis": "z", "origin": [9, -4, 15.5]},
			"faces": {
				"north": {"uv": [11.5, 3.75, 12, 4], "rotation": 90, "texture": "#0"},
				"east": {"uv": [12, 3.75, 11.5, 3.875], "rotation": 270, "texture": "#0"},
				"south": {"uv": [12, 3.75, 11.5, 4], "rotation": 270, "texture": "#0"},
				"west": {"uv": [12, 3.75, 11.5, 3.875], "rotation": 270, "texture": "#0"},
				"up": {"uv": [11.5, 3.75, 11.625, 4], "rotation": 270, "texture": "#0"},
				"down": {"uv": [12, 3.75, 11.875, 4], "rotation": 270, "texture": "#0"}
			}
		},
		{
			"from": [7, 1, 7.25],
			"to": [8, 2, 8.85],
			"rotation": {"angle": -45, "axis": "z", "origin": [9, -4, 15.5]},
			"faces": {
				"north": {"uv": [11.5, 4, 11.75, 4.25], "rotation": 90, "texture": "#0"},
				"east": {"uv": [11.75, 4, 11.5, 4.125], "rotation": 270, "texture": "#0"},
				"south": {"uv": [11.75, 4, 11.5, 4.25], "rotation": 270, "texture": "#0"},
				"west": {"uv": [11.75, 4, 11.5, 4.125], "rotation": 270, "texture": "#0"},
				"up": {"uv": [11.5, 4, 11.625, 4.25], "rotation": 270, "texture": "#0"},
				"down": {"uv": [11.75, 4, 11.625, 4.25], "rotation": 270, "texture": "#0"}
			}
		},
		{
			"from": [1, 1, 7.25],
			"to": [2, 13, 8.85],
			"rotation": {"angle": -45, "axis": "z", "origin": [9, -4, 15.5]},
			"faces": {
				"north": {"uv": [8.75, 2.5, 11.75, 2.75], "rotation": 90, "texture": "#0"},
				"east": {"uv": [11.75, 2.5, 8.75, 2.625], "rotation": 270, "texture": "#0"},
				"south": {"uv": [11.75, 2.5, 8.75, 2.75], "rotation": 270, "texture": "#0"},
				"west": {"uv": [11.75, 2.5, 8.75, 2.625], "rotation": 270, "texture": "#0"},
				"up": {"uv": [8.75, 2.5, 8.875, 2.75], "rotation": 270, "texture": "#0"},
				"down": {"uv": [11.75, 2.5, 11.625, 2.75], "rotation": 270, "texture": "#0"}
			}
		},
		{
			"from": [-2, 7, 7.25],
			"to": [-1, 14, 8.85],
			"rotation": {"angle": -45, "axis": "z", "origin": [9, -4, 15.5]},
			"faces": {
				"north": {"uv": [8.5, 1.75, 10.25, 2], "rotation": 90, "texture": "#0"},
				"east": {"uv": [10.25, 1.75, 8.5, 1.875], "rotation": 270, "texture": "#0"},
				"south": {"uv": [10.25, 1.75, 8.5, 2], "rotation": 270, "texture": "#0"},
				"west": {"uv": [10.25, 1.75, 8.5, 1.875], "rotation": 270, "texture": "#0"},
				"up": {"uv": [8.5, 1.75, 8.625, 2], "rotation": 270, "texture": "#0"},
				"down": {"uv": [10.25, 1.75, 10.125, 2], "rotation": 270, "texture": "#0"}
			}
		},
		{
			"from": [-1, 4, 7.25],
			"to": [0, 18, 8.85],
			"rotation": {"angle": -45, "axis": "z", "origin": [9, -4, 15.5]},
			"faces": {
				"north": {"uv": [7.5, 2, 11, 2.25], "rotation": 90, "texture": "#0"},
				"east": {"uv": [11, 2, 7.5, 2.125], "rotation": 270, "texture": "#0"},
				"south": {"uv": [11, 2, 7.5, 2.25], "rotation": 270, "texture": "#0"},
				"west": {"uv": [11, 2, 7.5, 2.125], "rotation": 270, "texture": "#0"},
				"up": {"uv": [7.5, 2, 7.625, 2.25], "rotation": 270, "texture": "#0"},
				"down": {"uv": [11, 2, 10.875, 2.25], "rotation": 270, "texture": "#0"}
			}
		},
		{
			"from": [0, 2, 7.25],
			"to": [1, 22, 8.85],
			"rotation": {"angle": -45, "axis": "z", "origin": [9, -4, 15.5]},
			"faces": {
				"north": {"uv": [6.5, 2.25, 11.5, 2.5], "rotation": 90, "texture": "#0"},
				"east": {"uv": [11.5, 2.25, 6.5, 2.375], "rotation": 270, "texture": "#0"},
				"south": {"uv": [11.5, 2.25, 6.5, 2.5], "rotation": 270, "texture": "#0"},
				"west": {"uv": [11.5, 2.25, 6.5, 2.375], "rotation": 270, "texture": "#0"},
				"up": {"uv": [6.5, 2.25, 6.625, 2.5], "rotation": 270, "texture": "#0"},
				"down": {"uv": [11.5, 2.25, 11.375, 2.5], "rotation": 270, "texture": "#0"}
			}
		},
		{
			"from": [1, 23, 7],
			"to": [2, 24, 9.1],
			"rotation": {"angle": -45, "axis": "z", "origin": [9, -4, 15.5]},
			"faces": {
				"north": {"uv": [6, 2.5, 6.25, 2.75], "rotation": 90, "texture": "#0"},
				"east": {"uv": [6.25, 2.5, 6, 2.625], "rotation": 270, "texture": "#0"},
				"south": {"uv": [6.25, 2.5, 6, 2.75], "rotation": 270, "texture": "#0"},
				"west": {"uv": [6.25, 2.5, 6, 2.625], "rotation": 270, "texture": "#0"},
				"up": {"uv": [6, 2.5, 6.125, 2.75], "rotation": 270, "texture": "#0"},
				"down": {"uv": [6.25, 2.5, 6.125, 2.75], "rotation": 270, "texture": "#0"}
			}
		},
		{
			"from": [0, 22, 7],
			"to": [1, 23, 9.1],
			"rotation": {"angle": -45, "axis": "z", "origin": [9, -4, 15.5]},
			"faces": {
				"north": {"uv": [6.25, 2.25, 6.5, 2.5], "rotation": 90, "texture": "#0"},
				"east": {"uv": [6.5, 2.25, 6.25, 2.375], "rotation": 270, "texture": "#0"},
				"south": {"uv": [6.5, 2.25, 6.25, 2.5], "rotation": 270, "texture": "#0"},
				"west": {"uv": [6.5, 2.25, 6.25, 2.375], "rotation": 270, "texture": "#0"},
				"up": {"uv": [6.25, 2.25, 6.375, 2.5], "rotation": 270, "texture": "#0"},
				"down": {"uv": [6.5, 2.25, 6.375, 2.5], "rotation": 270, "texture": "#0"}
			}
		},
		{
			"from": [-1, 18, 7],
			"to": [0, 22, 9.1],
			"rotation": {"angle": -45, "axis": "z", "origin": [9, -4, 15.5]},
			"faces": {
				"north": {"uv": [6.5, 2, 7.5, 2.25], "rotation": 90, "texture": "#0"},
				"east": {"uv": [7.5, 2, 6.5, 2.125], "rotation": 270, "texture": "#0"},
				"south": {"uv": [7.5, 2, 6.5, 2.25], "rotation": 270, "texture": "#0"},
				"west": {"uv": [7.5, 2, 6.5, 2.125], "rotation": 270, "texture": "#0"},
				"up": {"uv": [6.5, 2, 6.625, 2.25], "rotation": 270, "texture": "#0"},
				"down": {"uv": [7.5, 2, 7.375, 2.25], "rotation": 270, "texture": "#0"}
			}
		},
		{
			"from": [-2, 14, 7],
			"to": [-1, 20, 9.1],
			"rotation": {"angle": -45, "axis": "z", "origin": [9, -4, 15.5]},
			"faces": {
				"north": {"uv": [7, 1.75, 8.5, 2], "rotation": 90, "texture": "#0"},
				"east": {"uv": [8.5, 1.75, 7, 1.875], "rotation": 270, "texture": "#0"},
				"south": {"uv": [8.5, 1.75, 7, 2], "rotation": 270, "texture": "#0"},
				"west": {"uv": [8.5, 1.75, 7, 1.875], "rotation": 270, "texture": "#0"},
				"up": {"uv": [7, 1.75, 7.125, 2], "rotation": 270, "texture": "#0"},
				"down": {"uv": [8.5, 1.75, 8.375, 2], "rotation": 270, "texture": "#0"}
			}
		},
		{
			"from": [-2, 2, 7],
			"to": [-1, 7, 9.1],
			"rotation": {"angle": -45, "axis": "z", "origin": [9, -4, 15.5]},
			"faces": {
				"north": {"uv": [10.25, 1.75, 11.5, 2], "rotation": 90, "texture": "#0"},
				"east": {"uv": [11.5, 1.75, 10.25, 1.875], "rotation": 270, "texture": "#0"},
				"south": {"uv": [11.5, 1.75, 10.25, 2], "rotation": 270, "texture": "#0"},
				"west": {"uv": [11.5, 1.75, 10.25, 1.875], "rotation": 270, "texture": "#0"},
				"up": {"uv": [10.25, 1.75, 10.375, 2], "rotation": 270, "texture": "#0"},
				"down": {"uv": [11.5, 1.75, 11.375, 2], "rotation": 270, "texture": "#0"}
			}
		},
		{
			"from": [-4, 7, 7],
			"to": [-3, 14, 9.1],
			"rotation": {"angle": -45, "axis": "z", "origin": [9, -4, 15.5]},
			"faces": {
				"north": {"uv": [8.5, 1.25, 10.25, 1.5], "rotation": 90, "texture": "#0"},
				"east": {"uv": [10.25, 1.25, 8.5, 1.375], "rotation": 270, "texture": "#0"},
				"south": {"uv": [10.25, 1.25, 8.5, 1.5], "rotation": 270, "texture": "#0"},
				"west": {"uv": [10.25, 1.25, 8.5, 1.375], "rotation": 270, "texture": "#0"},
				"up": {"uv": [8.5, 1.25, 8.625, 1.5], "rotation": 270, "texture": "#0"},
				"down": {"uv": [10.25, 1.25, 10.125, 1.5], "rotation": 270, "texture": "#0"}
			}
		},
		{
			"from": [-1, 1, 7],
			"to": [0, 4, 9.1],
			"rotation": {"angle": -45, "axis": "z", "origin": [9, -4, 15.5]},
			"faces": {
				"north": {"uv": [11, 2, 11.75, 2.25], "rotation": 90, "texture": "#0"},
				"east": {"uv": [11.75, 2, 11, 2.125], "rotation": 270, "texture": "#0"},
				"south": {"uv": [11.75, 2, 11, 2.25], "rotation": 270, "texture": "#0"},
				"west": {"uv": [11.75, 2, 11, 2.125], "rotation": 270, "texture": "#0"},
				"up": {"uv": [11, 2, 11.125, 2.25], "rotation": 270, "texture": "#0"},
				"down": {"uv": [11.75, 2, 11.625, 2.25], "rotation": 270, "texture": "#0"}
			}
		},
		{
			"from": [0, -1, 7],
			"to": [1, 2, 9.1],
			"rotation": {"angle": -45, "axis": "z", "origin": [9, -4, 15.5]},
			"faces": {
				"north": {"uv": [11.5, 2.25, 12.25, 2.5], "rotation": 90, "texture": "#0"},
				"east": {"uv": [12.25, 2.25, 11.5, 2.375], "rotation": 270, "texture": "#0"},
				"south": {"uv": [12.25, 2.25, 11.5, 2.5], "rotation": 270, "texture": "#0"},
				"west": {"uv": [12.25, 2.25, 11.5, 2.375], "rotation": 270, "texture": "#0"},
				"up": {"uv": [11.5, 2.25, 11.625, 2.5], "rotation": 270, "texture": "#0"},
				"down": {"uv": [12.25, 2.25, 12.125, 2.5], "rotation": 270, "texture": "#0"}
			}
		},
		{
			"from": [1, -2, 7],
			"to": [2, 1, 9.1],
			"rotation": {"angle": -45, "axis": "z", "origin": [9, -4, 15.5]},
			"faces": {
				"north": {"uv": [11.75, 2.5, 12.5, 2.75], "rotation": 90, "texture": "#0"},
				"east": {"uv": [12.5, 2.5, 11.75, 2.625], "rotation": 270, "texture": "#0"},
				"south": {"uv": [12.5, 2.5, 11.75, 2.75], "rotation": 270, "texture": "#0"},
				"west": {"uv": [12.5, 2.5, 11.75, 2.625], "rotation": 270, "texture": "#0"},
				"up": {"uv": [11.75, 2.5, 11.875, 2.75], "rotation": 270, "texture": "#0"},
				"down": {"uv": [12.5, 2.5, 12.375, 2.75], "rotation": 270, "texture": "#0"}
			}
		},
		{
			"from": [2, -4, 7],
			"to": [3, 0, 9.1],
			"rotation": {"angle": -45, "axis": "z", "origin": [9, -4, 15.5]},
			"faces": {
				"north": {"uv": [12, 2.75, 13, 3], "rotation": 90, "texture": "#0"},
				"east": {"uv": [13, 2.75, 12, 2.875], "rotation": 270, "texture": "#0"},
				"south": {"uv": [13, 2.75, 12, 3], "rotation": 270, "texture": "#0"},
				"west": {"uv": [13, 2.75, 12, 2.875], "rotation": 270, "texture": "#0"},
				"up": {"uv": [12, 2.75, 12.125, 3], "rotation": 270, "texture": "#0"},
				"down": {"uv": [13, 2.75, 12.875, 3], "rotation": 270, "texture": "#0"}
			}
		},
		{
			"from": [3, -4, 7],
			"to": [4, -1, 9.1],
			"rotation": {"angle": -45, "axis": "z", "origin": [9, -4, 15.5]},
			"faces": {
				"north": {"uv": [12.25, 3, 13, 3.25], "rotation": 90, "texture": "#0"},
				"east": {"uv": [13, 3, 12.25, 3.125], "rotation": 270, "texture": "#0"},
				"south": {"uv": [13, 3, 12.25, 3.25], "rotation": 270, "texture": "#0"},
				"west": {"uv": [13, 3, 12.25, 3.125], "rotation": 270, "texture": "#0"},
				"up": {"uv": [12.25, 3, 12.375, 3.25], "rotation": 270, "texture": "#0"},
				"down": {"uv": [13, 3, 12.875, 3.25], "rotation": 270, "texture": "#0"}
			}
		},
		{
			"from": [4, -3, 7],
			"to": [5, -2, 9.1],
			"rotation": {"angle": -45, "axis": "z", "origin": [9, -4, 15.5]},
			"faces": {
				"north": {"uv": [12.5, 3.25, 12.75, 3.5], "rotation": 90, "texture": "#0"},
				"east": {"uv": [12.75, 3.25, 12.5, 3.375], "rotation": 270, "texture": "#0"},
				"south": {"uv": [12.75, 3.25, 12.5, 3.5], "rotation": 270, "texture": "#0"},
				"west": {"uv": [12.75, 3.25, 12.5, 3.375], "rotation": 270, "texture": "#0"},
				"up": {"uv": [12.5, 3.25, 12.625, 3.5], "rotation": 270, "texture": "#0"},
				"down": {"uv": [12.75, 3.25, 12.625, 3.5], "rotation": 270, "texture": "#0"}
			}
		},
		{
			"from": [5, -2, 7],
			"to": [6, -1, 9.1],
			"rotation": {"angle": -45, "axis": "z", "origin": [9, -4, 15.5]},
			"faces": {
				"north": {"uv": [12.25, 3.5, 12.5, 3.75], "rotation": 90, "texture": "#0"},
				"east": {"uv": [12.5, 3.5, 12.25, 3.625], "rotation": 270, "texture": "#0"},
				"south": {"uv": [12.5, 3.5, 12.25, 3.75], "rotation": 270, "texture": "#0"},
				"west": {"uv": [12.5, 3.5, 12.25, 3.625], "rotation": 270, "texture": "#0"},
				"up": {"uv": [12.25, 3.5, 12.375, 3.75], "rotation": 270, "texture": "#0"},
				"down": {"uv": [12.5, 3.5, 12.375, 3.75], "rotation": 270, "texture": "#0"}
			}
		},
		{
			"from": [6, -1, 7],
			"to": [7, 0, 9.1],
			"rotation": {"angle": -45, "axis": "z", "origin": [9, -4, 15.5]},
			"faces": {
				"north": {"uv": [12, 3.75, 12.25, 4], "rotation": 90, "texture": "#0"},
				"east": {"uv": [12.25, 3.75, 12, 3.875], "rotation": 270, "texture": "#0"},
				"south": {"uv": [12.25, 3.75, 12, 4], "rotation": 270, "texture": "#0"},
				"west": {"uv": [12.25, 3.75, 12, 3.875], "rotation": 270, "texture": "#0"},
				"up": {"uv": [12, 3.75, 12.125, 4], "rotation": 270, "texture": "#0"},
				"down": {"uv": [12.25, 3.75, 12.125, 4], "rotation": 270, "texture": "#0"}
			}
		},
		{
			"from": [7, 0, 7],
			"to": [8, 1, 9.1],
			"rotation": {"angle": -45, "axis": "z", "origin": [9, -4, 15.5]},
			"faces": {
				"north": {"uv": [11.75, 4, 12, 4.25], "rotation": 90, "texture": "#0"},
				"east": {"uv": [12, 4, 11.75, 4.125], "rotation": 270, "texture": "#0"},
				"south": {"uv": [12, 4, 11.75, 4.25], "rotation": 270, "texture": "#0"},
				"west": {"uv": [12, 4, 11.75, 4.125], "rotation": 270, "texture": "#0"},
				"up": {"uv": [11.75, 4, 11.875, 4.25], "rotation": 270, "texture": "#0"},
				"down": {"uv": [12, 4, 11.875, 4.25], "rotation": 270, "texture": "#0"}
			}
		},
		{
			"from": [-3, 4, 7],
			"to": [-2, 18, 9.1],
			"rotation": {"angle": -45, "axis": "z", "origin": [9, -4, 15.5]},
			"faces": {
				"north": {"uv": [7.5, 1.5, 11, 1.75], "rotation": 90, "texture": "#0"},
				"east": {"uv": [11, 1.5, 7.5, 1.625], "rotation": 270, "texture": "#0"},
				"south": {"uv": [11, 1.5, 7.5, 1.75], "rotation": 270, "texture": "#0"},
				"west": {"uv": [11, 1.5, 7.5, 1.625], "rotation": 270, "texture": "#0"},
				"up": {"uv": [7.5, 1.5, 7.625, 1.75], "rotation": 270, "texture": "#0"},
				"down": {"uv": [11, 1.5, 10.875, 1.75], "rotation": 270, "texture": "#0"}
			}
		},
		{
			"from": [2, 20, 7.5],
			"to": [3, 23, 8.6],
			"rotation": {"angle": -45, "axis": "z", "origin": [9, -4, 15.5]},
			"faces": {
				"north": {"uv": [6.25, 2.75, 7, 3], "rotation": 90, "texture": "#0"},
				"east": {"uv": [7, 2.75, 6.25, 2.875], "rotation": 270, "texture": "#0"},
				"south": {"uv": [7, 2.75, 6.25, 3], "rotation": 270, "texture": "#0"},
				"west": {"uv": [7, 2.75, 6.25, 2.875], "rotation": 270, "texture": "#0"},
				"up": {"uv": [6.25, 2.75, 6.375, 3], "rotation": 270, "texture": "#0"},
				"down": {"uv": [7, 2.75, 6.875, 3], "rotation": 270, "texture": "#0"}
			}
		}
	],
	"display": {
		"head": {
			"rotation": [-25, -90, 0],
			"translation": [0, -30.5, -7.5],
			"scale": [4, 4, 4]
		}
	}
}