{
	"parent" : "item/dioxin",
		"display": {
		"thirdperson_righthand": {
			"rotation": [-112.5, 0, -45],
			"translation": [-5.75, 2.25, 3.5],
			"scale": [1.05, 1.05, 1.05]
		},
		"thirdperson_lefthand": {
			"rotation": [-112.5, 0, 45],
			"translation": [-5.75, 2.25, 3.5],
			"scale": [1.05, 1.05, 1.05]
		},
		"firstperson_righthand": {
			"rotation": [0, 0, 135],
			"translation": [-9, 3.5, 1.13],
			"scale": [0.84, 0.84, 0.84]
		},
		"firstperson_lefthand": {
			"rotation": [0, 0, -135],
			"translation": [-9, 3.5, 1.13],
			"scale": [0.84, 0.84, 0.84]
		},
		"ground": {
			"translation": [0, 2, 0],
			"scale": [0.5, 0.5, 0.5]
		},
		"gui": {
			"rotation": [0, -180, 0],
			"translation": [-3, -3, 0],
			"scale": [0.45, 0.45, 0.45]
		},
		"fixed": {
			"translation": [4, -4, 0],
			"scale": [0.5, 0.5, 0.5]
		}
	}
}