{
	"credit": "Made with Blockbench",
	"texture_size": [32, 32],
	"textures": {
		"0": "item/dioxin",
		"particle": "item/dioxin"
	},
	"elements": [
		{
			"from": [11.5, 0.43498, -1.30597],
			"to": [12, 2.93498, -0.80597],
			"rotation": {"angle": 22.5, "axis": "x", "origin": [11.75, -0.39327, 1.05799]},
			"faces": {
				"north": {"uv": [8.75, 6.75, 8.5, 8], "texture": "#0"},
				"east": {"uv": [8.5, 6.75, 8.75, 8], "texture": "#0"},
				"south": {"uv": [8.5, 6.75, 8.75, 8], "texture": "#0"},
				"west": {"uv": [8.75, 6.75, 8.5, 8], "texture": "#0"},
				"up": {"uv": [8.75, 7.75, 8.5, 8], "rotation": 90, "texture": "#0"},
				"down": {"uv": [8.75, 8, 8.5, 7.75], "rotation": 270, "texture": "#0"}
			}
		},
		{
			"from": [11.5, -3.06502, 1.69403],
			"to": [12, 0.43498, 2.19403],
			"rotation": {"angle": 22.5, "axis": "x", "origin": [11.75, -0.39327, 1.05799]},
			"faces": {
				"north": {"uv": [7.25, 8, 7, 9.75], "texture": "#0"},
				"east": {"uv": [7, 8, 7.25, 9.75], "texture": "#0"},
				"south": {"uv": [7, 8, 7.25, 9.75], "texture": "#0"},
				"west": {"uv": [7.25, 8, 7, 9.75], "texture": "#0"},
				"up": {"uv": [7.25, 9.5, 7, 9.75], "rotation": 90, "texture": "#0"},
				"down": {"uv": [7.25, 9.75, 7, 9.5], "rotation": 270, "texture": "#0"}
			}
		},
		{
			"from": [11.5, -2.56502, 1.19403],
			"to": [12, 0.93498, 1.69403],
			"rotation": {"angle": 22.5, "axis": "x", "origin": [11.75, -0.39327, 1.05799]},
			"faces": {
				"north": {"uv": [7.5, 7.75, 7.25, 9.5], "texture": "#0"},
				"east": {"uv": [7.25, 7.75, 7.5, 9.5], "texture": "#0"},
				"south": {"uv": [7.25, 7.75, 7.5, 9.5], "texture": "#0"},
				"west": {"uv": [7.5, 7.75, 7.25, 9.5], "texture": "#0"},
				"up": {"uv": [7.5, 9.25, 7.25, 9.5], "rotation": 90, "texture": "#0"},
				"down": {"uv": [7.5, 9.5, 7.25, 9.25], "rotation": 270, "texture": "#0"}
			}
		},
		{
			"from": [11.5, -2.06502, 0.69403],
			"to": [12, 1.43498, 1.19403],
			"rotation": {"angle": 22.5, "axis": "x", "origin": [11.75, -0.39327, 1.05799]},
			"faces": {
				"north": {"uv": [7.75, 7.5, 7.5, 9.25], "texture": "#0"},
				"east": {"uv": [7.5, 7.5, 7.75, 9.25], "texture": "#0"},
				"south": {"uv": [7.5, 7.5, 7.75, 9.25], "texture": "#0"},
				"west": {"uv": [7.75, 7.5, 7.5, 9.25], "texture": "#0"},
				"up": {"uv": [7.75, 9, 7.5, 9.25], "rotation": 90, "texture": "#0"},
				"down": {"uv": [7.75, 9.25, 7.5, 9], "rotation": 270, "texture": "#0"}
			}
		},
		{
			"from": [11.5, -1.56502, 0.19403],
			"to": [12, 1.43498, 0.69403],
			"rotation": {"angle": 22.5, "axis": "x", "origin": [11.75, -0.39327, 1.05799]},
			"faces": {
				"north": {"uv": [8, 7.5, 7.75, 9], "texture": "#0"},
				"east": {"uv": [7.75, 7.5, 8, 9], "texture": "#0"},
				"south": {"uv": [7.75, 7.5, 8, 9], "texture": "#0"},
				"west": {"uv": [8, 7.5, 7.75, 9], "texture": "#0"},
				"up": {"uv": [8, 8.75, 7.75, 9], "rotation": 90, "texture": "#0"},
				"down": {"uv": [8, 9, 7.75, 8.75], "rotation": 270, "texture": "#0"}
			}
		},
		{
			"from": [11.5, -1.06502, -0.30597],
			"to": [12, 1.93498, 0.19403],
			"rotation": {"angle": 22.5, "axis": "x", "origin": [11.75, -0.39327, 1.05799]},
			"faces": {
				"north": {"uv": [8.25, 7.25, 8, 8.75], "texture": "#0"},
				"east": {"uv": [8, 7.25, 8.25, 8.75], "texture": "#0"},
				"south": {"uv": [8, 7.25, 8.25, 8.75], "texture": "#0"},
				"west": {"uv": [8.25, 7.25, 8, 8.75], "texture": "#0"},
				"up": {"uv": [8.25, 8.5, 8, 8.75], "rotation": 90, "texture": "#0"},
				"down": {"uv": [8.25, 8.75, 8, 8.5], "rotation": 270, "texture": "#0"}
			}
		},
		{
			"from": [11.5, -0.56502, -0.80597],
			"to": [12, 2.43498, -0.30597],
			"rotation": {"angle": 22.5, "axis": "x", "origin": [11.75, -0.39327, 1.05799]},
			"faces": {
				"north": {"uv": [8.5, 7, 8.25, 8.5], "texture": "#0"},
				"east": {"uv": [8.25, 7, 8.5, 8.5], "texture": "#0"},
				"south": {"uv": [8.25, 7, 8.5, 8.5], "texture": "#0"},
				"west": {"uv": [8.5, 7, 8.25, 8.5], "texture": "#0"},
				"up": {"uv": [8.5, 8.25, 8.25, 8.5], "rotation": 90, "texture": "#0"},
				"down": {"uv": [8.5, 8.5, 8.25, 8.25], "rotation": 270, "texture": "#0"}
			}
		},
		{
			"from": [11.5, 0.93498, -1.80597],
			"to": [12, 3.43498, -1.30597],
			"rotation": {"angle": 22.5, "axis": "x", "origin": [11.75, -0.39327, 1.05799]},
			"faces": {
				"north": {"uv": [9, 6.5, 8.75, 7.75], "texture": "#0"},
				"east": {"uv": [8.75, 6.5, 9, 7.75], "texture": "#0"},
				"south": {"uv": [8.75, 6.5, 9, 7.75], "texture": "#0"},
				"west": {"uv": [9, 6.5, 8.75, 7.75], "texture": "#0"},
				"up": {"uv": [9, 7.5, 8.75, 7.75], "rotation": 90, "texture": "#0"},
				"down": {"uv": [9, 7.75, 8.75, 7.5], "rotation": 270, "texture": "#0"}
			}
		},
		{
			"from": [11.5, 1.43498, -2.30597],
			"to": [12, 3.93498, -1.80597],
			"rotation": {"angle": 22.5, "axis": "x", "origin": [11.75, -0.39327, 1.05799]},
			"faces": {
				"north": {"uv": [9.25, 6.25, 9, 7.5], "texture": "#0"},
				"east": {"uv": [9, 6.25, 9.25, 7.5], "texture": "#0"},
				"south": {"uv": [9, 6.25, 9.25, 7.5], "texture": "#0"},
				"west": {"uv": [9.25, 6.25, 9, 7.5], "texture": "#0"},
				"up": {"uv": [9.25, 7.25, 9, 7.5], "rotation": 90, "texture": "#0"},
				"down": {"uv": [9.25, 7.5, 9, 7.25], "rotation": 270, "texture": "#0"}
			}
		},
		{
			"from": [11.5, 1.93498, -2.80597],
			"to": [12, 4.43498, -2.30597],
			"rotation": {"angle": 22.5, "axis": "x", "origin": [11.75, -0.39327, 1.05799]},
			"faces": {
				"north": {"uv": [9.5, 6, 9.25, 7.25], "texture": "#0"},
				"east": {"uv": [9.25, 6, 9.5, 7.25], "texture": "#0"},
				"south": {"uv": [9.25, 6, 9.5, 7.25], "texture": "#0"},
				"west": {"uv": [9.5, 6, 9.25, 7.25], "texture": "#0"},
				"up": {"uv": [9.5, 7, 9.25, 7.25], "rotation": 90, "texture": "#0"},
				"down": {"uv": [9.5, 7.25, 9.25, 7], "rotation": 270, "texture": "#0"}
			}
		},
		{
			"from": [11.5, 2.43498, -3.30597],
			"to": [12, 4.93498, -2.80597],
			"rotation": {"angle": 22.5, "axis": "x", "origin": [11.75, -0.39327, 1.05799]},
			"faces": {
				"north": {"uv": [9.75, 5.75, 9.5, 7], "texture": "#0"},
				"east": {"uv": [9.5, 5.75, 9.75, 7], "texture": "#0"},
				"south": {"uv": [9.5, 5.75, 9.75, 7], "texture": "#0"},
				"west": {"uv": [9.75, 5.75, 9.5, 7], "texture": "#0"},
				"up": {"uv": [9.75, 6.75, 9.5, 7], "rotation": 90, "texture": "#0"},
				"down": {"uv": [9.75, 7, 9.5, 6.75], "rotation": 270, "texture": "#0"}
			}
		},
		{
			"from": [11.5, 2.93498, -3.80597],
			"to": [12, 5.43498, -3.30597],
			"rotation": {"angle": 22.5, "axis": "x", "origin": [11.75, -0.39327, 1.05799]},
			"faces": {
				"north": {"uv": [10, 5.5, 9.75, 6.75], "texture": "#0"},
				"east": {"uv": [9.75, 5.5, 10, 6.75], "texture": "#0"},
				"south": {"uv": [9.75, 5.5, 10, 6.75], "texture": "#0"},
				"west": {"uv": [10, 5.5, 9.75, 6.75], "texture": "#0"},
				"up": {"uv": [10, 6.5, 9.75, 6.75], "rotation": 90, "texture": "#0"},
				"down": {"uv": [10, 6.75, 9.75, 6.5], "rotation": 270, "texture": "#0"}
			}
		},
		{
			"from": [11.5, 5.93498, -6.80597],
			"to": [12, 8.43498, -6.30597],
			"rotation": {"angle": 22.5, "axis": "x", "origin": [11.75, -0.39327, 1.05799]},
			"faces": {
				"north": {"uv": [11.5, 4, 11.25, 5.25], "texture": "#0"},
				"east": {"uv": [11.25, 4, 11.5, 5.25], "texture": "#0"},
				"south": {"uv": [11.25, 4, 11.5, 5.25], "texture": "#0"},
				"west": {"uv": [11.5, 4, 11.25, 5.25], "texture": "#0"},
				"up": {"uv": [11.5, 5, 11.25, 5.25], "rotation": 90, "texture": "#0"},
				"down": {"uv": [11.5, 5.25, 11.25, 5], "rotation": 270, "texture": "#0"}
			}
		},
		{
			"from": [11.5, 5.43498, -6.30597],
			"to": [12, 7.93498, -5.80597],
			"rotation": {"angle": 22.5, "axis": "x", "origin": [11.75, -0.39327, 1.05799]},
			"faces": {
				"north": {"uv": [11.25, 4.25, 11, 5.5], "texture": "#0"},
				"east": {"uv": [11, 4.25, 11.25, 5.5], "texture": "#0"},
				"south": {"uv": [11, 4.25, 11.25, 5.5], "texture": "#0"},
				"west": {"uv": [11.25, 4.25, 11, 5.5], "texture": "#0"},
				"up": {"uv": [11.25, 5.25, 11, 5.5], "rotation": 90, "texture": "#0"},
				"down": {"uv": [11.25, 5.5, 11, 5.25], "rotation": 270, "texture": "#0"}
			}
		},
		{
			"from": [11.5, 4.93498, -5.80597],
			"to": [12, 7.43498, -5.30597],
			"rotation": {"angle": 22.5, "axis": "x", "origin": [11.75, -0.39327, 1.05799]},
			"faces": {
				"north": {"uv": [11, 4.5, 10.75, 5.75], "texture": "#0"},
				"east": {"uv": [10.75, 4.5, 11, 5.75], "texture": "#0"},
				"south": {"uv": [10.75, 4.5, 11, 5.75], "texture": "#0"},
				"west": {"uv": [11, 4.5, 10.75, 5.75], "texture": "#0"},
				"up": {"uv": [11, 5.5, 10.75, 5.75], "rotation": 90, "texture": "#0"},
				"down": {"uv": [11, 5.75, 10.75, 5.5], "rotation": 270, "texture": "#0"}
			}
		},
		{
			"from": [11.5, 4.43498, -5.30597],
			"to": [12, 6.93498, -4.80597],
			"rotation": {"angle": 22.5, "axis": "x", "origin": [11.75, -0.39327, 1.05799]},
			"faces": {
				"north": {"uv": [10.75, 4.75, 10.5, 6], "texture": "#0"},
				"east": {"uv": [10.5, 4.75, 10.75, 6], "texture": "#0"},
				"south": {"uv": [10.5, 4.75, 10.75, 6], "texture": "#0"},
				"west": {"uv": [10.75, 4.75, 10.5, 6], "texture": "#0"},
				"up": {"uv": [10.75, 5.75, 10.5, 6], "rotation": 90, "texture": "#0"},
				"down": {"uv": [10.75, 6, 10.5, 5.75], "rotation": 270, "texture": "#0"}
			}
		},
		{
			"from": [11.5, 3.93498, -4.80597],
			"to": [12, 6.43498, -4.30597],
			"rotation": {"angle": 22.5, "axis": "x", "origin": [11.75, -0.39327, 1.05799]},
			"faces": {
				"north": {"uv": [10.5, 5, 10.25, 6.25], "texture": "#0"},
				"east": {"uv": [10.25, 5, 10.5, 6.25], "texture": "#0"},
				"south": {"uv": [10.25, 5, 10.5, 6.25], "texture": "#0"},
				"west": {"uv": [10.5, 5, 10.25, 6.25], "texture": "#0"},
				"up": {"uv": [10.5, 6, 10.25, 6.25], "rotation": 90, "texture": "#0"},
				"down": {"uv": [10.5, 6.25, 10.25, 6], "rotation": 270, "texture": "#0"}
			}
		},
		{
			"from": [11.5, 3.43498, -4.30597],
			"to": [12, 5.93498, -3.80597],
			"rotation": {"angle": 22.5, "axis": "x", "origin": [11.75, -0.39327, 1.05799]},
			"faces": {
				"north": {"uv": [10.25, 5.25, 10, 6.5], "texture": "#0"},
				"east": {"uv": [10, 5.25, 10.25, 6.5], "texture": "#0"},
				"south": {"uv": [10, 5.25, 10.25, 6.5], "texture": "#0"},
				"west": {"uv": [10.25, 5.25, 10, 6.5], "texture": "#0"},
				"up": {"uv": [10.25, 6.25, 10, 6.5], "rotation": 90, "texture": "#0"},
				"down": {"uv": [10.25, 6.5, 10, 6.25], "rotation": 270, "texture": "#0"}
			}
		},
		{
			"from": [11.5, 8.93498, -9.80597],
			"to": [12, 11.43498, -9.30597],
			"rotation": {"angle": 22.5, "axis": "x", "origin": [11.75, -0.39327, 1.05799]},
			"faces": {
				"north": {"uv": [13, 2.5, 12.75, 3.75], "texture": "#0"},
				"east": {"uv": [12.75, 2.5, 13, 3.75], "texture": "#0"},
				"south": {"uv": [12.75, 2.5, 13, 3.75], "texture": "#0"},
				"west": {"uv": [13, 2.5, 12.75, 3.75], "texture": "#0"},
				"up": {"uv": [13, 3.5, 12.75, 3.75], "rotation": 90, "texture": "#0"},
				"down": {"uv": [13, 3.75, 12.75, 3.5], "rotation": 270, "texture": "#0"}
			}
		},
		{
			"from": [11.5, 8.43498, -9.30597],
			"to": [12, 10.93498, -8.80597],
			"rotation": {"angle": 22.5, "axis": "x", "origin": [11.75, -0.39327, 1.05799]},
			"faces": {
				"north": {"uv": [12.75, 2.75, 12.5, 4], "texture": "#0"},
				"east": {"uv": [12.5, 2.75, 12.75, 4], "texture": "#0"},
				"south": {"uv": [12.5, 2.75, 12.75, 4], "texture": "#0"},
				"west": {"uv": [12.75, 2.75, 12.5, 4], "texture": "#0"},
				"up": {"uv": [12.75, 3.75, 12.5, 4], "rotation": 90, "texture": "#0"},
				"down": {"uv": [12.75, 4, 12.5, 3.75], "rotation": 270, "texture": "#0"}
			}
		},
		{
			"from": [11.5, 7.93498, -8.80597],
			"to": [12, 10.43498, -8.30597],
			"rotation": {"angle": 22.5, "axis": "x", "origin": [11.75, -0.39327, 1.05799]},
			"faces": {
				"north": {"uv": [12.5, 3, 12.25, 4.25], "texture": "#0"},
				"east": {"uv": [12.25, 3, 12.5, 4.25], "texture": "#0"},
				"south": {"uv": [12.25, 3, 12.5, 4.25], "texture": "#0"},
				"west": {"uv": [12.5, 3, 12.25, 4.25], "texture": "#0"},
				"up": {"uv": [12.5, 4, 12.25, 4.25], "rotation": 90, "texture": "#0"},
				"down": {"uv": [12.5, 4.25, 12.25, 4], "rotation": 270, "texture": "#0"}
			}
		},
		{
			"from": [11.5, 7.43498, -8.30597],
			"to": [12, 9.93498, -7.80597],
			"rotation": {"angle": 22.5, "axis": "x", "origin": [11.75, -0.39327, 1.05799]},
			"faces": {
				"north": {"uv": [12.25, 3.25, 12, 4.5], "texture": "#0"},
				"east": {"uv": [12, 3.25, 12.25, 4.5], "texture": "#0"},
				"south": {"uv": [12, 3.25, 12.25, 4.5], "texture": "#0"},
				"west": {"uv": [12.25, 3.25, 12, 4.5], "texture": "#0"},
				"up": {"uv": [12.25, 4.25, 12, 4.5], "rotation": 90, "texture": "#0"},
				"down": {"uv": [12.25, 4.5, 12, 4.25], "rotation": 270, "texture": "#0"}
			}
		},
		{
			"from": [11.5, 6.93498, -7.80597],
			"to": [12, 9.43498, -7.30597],
			"rotation": {"angle": 22.5, "axis": "x", "origin": [11.75, -0.39327, 1.05799]},
			"faces": {
				"north": {"uv": [12, 3.5, 11.75, 4.75], "texture": "#0"},
				"east": {"uv": [11.75, 3.5, 12, 4.75], "texture": "#0"},
				"south": {"uv": [11.75, 3.5, 12, 4.75], "texture": "#0"},
				"west": {"uv": [12, 3.5, 11.75, 4.75], "texture": "#0"},
				"up": {"uv": [12, 4.5, 11.75, 4.75], "rotation": 90, "texture": "#0"},
				"down": {"uv": [12, 4.75, 11.75, 4.5], "rotation": 270, "texture": "#0"}
			}
		},
		{
			"from": [11.5, 6.43498, -7.30597],
			"to": [12, 8.93498, -6.80597],
			"rotation": {"angle": 22.5, "axis": "x", "origin": [11.75, -0.39327, 1.05799]},
			"faces": {
				"north": {"uv": [11.75, 3.75, 11.5, 5], "texture": "#0"},
				"east": {"uv": [11.5, 3.75, 11.75, 5], "texture": "#0"},
				"south": {"uv": [11.5, 3.75, 11.75, 5], "texture": "#0"},
				"west": {"uv": [11.75, 3.75, 11.5, 5], "texture": "#0"},
				"up": {"uv": [11.75, 4.75, 11.5, 5], "rotation": 90, "texture": "#0"},
				"down": {"uv": [11.75, 5, 11.5, 4.75], "rotation": 270, "texture": "#0"}
			}
		},
		{
			"from": [11.5, 10.93498, -11.80597],
			"to": [12, 13.43498, -11.30597],
			"rotation": {"angle": 22.5, "axis": "x", "origin": [11.75, -0.39327, 1.05799]},
			"faces": {
				"north": {"uv": [14, 1.5, 13.75, 2.75], "texture": "#0"},
				"east": {"uv": [13.75, 1.5, 14, 2.75], "texture": "#0"},
				"south": {"uv": [13.75, 1.5, 14, 2.75], "texture": "#0"},
				"west": {"uv": [14, 1.5, 13.75, 2.75], "texture": "#0"},
				"up": {"uv": [14, 2.5, 13.75, 2.75], "rotation": 90, "texture": "#0"},
				"down": {"uv": [14, 2.75, 13.75, 2.5], "rotation": 270, "texture": "#0"}
			}
		},
		{
			"from": [11.5, 10.43498, -11.30597],
			"to": [12, 12.93498, -10.80597],
			"rotation": {"angle": 22.5, "axis": "x", "origin": [11.75, -0.39327, 1.05799]},
			"faces": {
				"north": {"uv": [13.75, 1.75, 13.5, 3], "texture": "#0"},
				"east": {"uv": [13.5, 1.75, 13.75, 3], "texture": "#0"},
				"south": {"uv": [13.5, 1.75, 13.75, 3], "texture": "#0"},
				"west": {"uv": [13.75, 1.75, 13.5, 3], "texture": "#0"},
				"up": {"uv": [13.75, 2.75, 13.5, 3], "rotation": 90, "texture": "#0"},
				"down": {"uv": [13.75, 3, 13.5, 2.75], "rotation": 270, "texture": "#0"}
			}
		},
		{
			"from": [11.5, 9.93498, -10.80597],
			"to": [12, 12.43498, -10.30597],
			"rotation": {"angle": 22.5, "axis": "x", "origin": [11.75, -0.39327, 1.05799]},
			"faces": {
				"north": {"uv": [13.5, 2, 13.25, 3.25], "texture": "#0"},
				"east": {"uv": [13.25, 2, 13.5, 3.25], "texture": "#0"},
				"south": {"uv": [13.25, 2, 13.5, 3.25], "texture": "#0"},
				"west": {"uv": [13.5, 2, 13.25, 3.25], "texture": "#0"},
				"up": {"uv": [13.5, 3, 13.25, 3.25], "rotation": 90, "texture": "#0"},
				"down": {"uv": [13.5, 3.25, 13.25, 3], "rotation": 270, "texture": "#0"}
			}
		},
		{
			"from": [11.5, 9.43498, -10.30597],
			"to": [12, 11.93498, -9.80597],
			"rotation": {"angle": 22.5, "axis": "x", "origin": [11.75, -0.39327, 1.05799]},
			"faces": {
				"north": {"uv": [13.25, 2.25, 13, 3.5], "texture": "#0"},
				"east": {"uv": [13, 2.25, 13.25, 3.5], "texture": "#0"},
				"south": {"uv": [13, 2.25, 13.25, 3.5], "texture": "#0"},
				"west": {"uv": [13.25, 2.25, 13, 3.5], "texture": "#0"},
				"up": {"uv": [13.25, 3.25, 13, 3.5], "rotation": 90, "texture": "#0"},
				"down": {"uv": [13.25, 3.5, 13, 3.25], "rotation": 270, "texture": "#0"}
			}
		},
		{
			"from": [11.5, 11.43498, -12.30597],
			"to": [12, 13.43498, -11.80597],
			"rotation": {"angle": 22.5, "axis": "x", "origin": [11.75, -0.39327, 1.05799]},
			"faces": {
				"north": {"uv": [14.25, 1.5, 14, 2.5], "texture": "#0"},
				"east": {"uv": [14, 1.5, 14.25, 2.5], "texture": "#0"},
				"south": {"uv": [14, 1.5, 14.25, 2.5], "texture": "#0"},
				"west": {"uv": [14.25, 1.5, 14, 2.5], "texture": "#0"},
				"up": {"uv": [14.25, 2.25, 14, 2.5], "rotation": 90, "texture": "#0"},
				"down": {"uv": [14.25, 2.5, 14, 2.25], "rotation": 270, "texture": "#0"}
			}
		},
		{
			"from": [11.5, 11.93498, -12.80597],
			"to": [12, 13.93498, -12.30597],
			"rotation": {"angle": 22.5, "axis": "x", "origin": [11.75, -0.39327, 1.05799]},
			"faces": {
				"north": {"uv": [14.5, 1.25, 14.25, 2.25], "texture": "#0"},
				"east": {"uv": [14.25, 1.25, 14.5, 2.25], "texture": "#0"},
				"south": {"uv": [14.25, 1.25, 14.5, 2.25], "texture": "#0"},
				"west": {"uv": [14.5, 1.25, 14.25, 2.25], "texture": "#0"},
				"up": {"uv": [14.5, 2, 14.25, 2.25], "rotation": 90, "texture": "#0"},
				"down": {"uv": [14.5, 2.25, 14.25, 2], "rotation": 270, "texture": "#0"}
			}
		},
		{
			"from": [11.5, 12.93498, -13.30597],
			"to": [12, 14.43498, -12.80597],
			"rotation": {"angle": 22.5, "axis": "x", "origin": [11.75, -0.39327, 1.05799]},
			"faces": {
				"north": {"uv": [14.75, 1, 14.5, 1.75], "texture": "#0"},
				"east": {"uv": [14.5, 1, 14.75, 1.75], "texture": "#0"},
				"south": {"uv": [14.5, 1, 14.75, 1.75], "texture": "#0"},
				"west": {"uv": [14.75, 1, 14.5, 1.75], "texture": "#0"},
				"up": {"uv": [14.75, 1.5, 14.5, 1.75], "rotation": 90, "texture": "#0"},
				"down": {"uv": [14.75, 1.75, 14.5, 1.5], "rotation": 270, "texture": "#0"}
			}
		},
		{
			"from": [11.5, 13.43498, -13.80597],
			"to": [12, 14.93498, -13.30597],
			"rotation": {"angle": 22.5, "axis": "x", "origin": [11.75, -0.39327, 1.05799]},
			"faces": {
				"north": {"uv": [15, 0.75, 14.75, 1.5], "texture": "#0"},
				"east": {"uv": [14.75, 0.75, 15, 1.5], "texture": "#0"},
				"south": {"uv": [14.75, 0.75, 15, 1.5], "texture": "#0"},
				"west": {"uv": [15, 0.75, 14.75, 1.5], "texture": "#0"},
				"up": {"uv": [15, 1.25, 14.75, 1.5], "rotation": 90, "texture": "#0"},
				"down": {"uv": [15, 1.5, 14.75, 1.25], "rotation": 270, "texture": "#0"}
			}
		},
		{
			"from": [11.5, 13.93498, -14.30597],
			"to": [12, 15.43498, -13.80597],
			"rotation": {"angle": 22.5, "axis": "x", "origin": [11.75, -0.39327, 1.05799]},
			"faces": {
				"north": {"uv": [15.25, 0.5, 15, 1.25], "texture": "#0"},
				"east": {"uv": [15, 0.5, 15.25, 1.25], "texture": "#0"},
				"south": {"uv": [15, 0.5, 15.25, 1.25], "texture": "#0"},
				"west": {"uv": [15.25, 0.5, 15, 1.25], "texture": "#0"},
				"up": {"uv": [15.25, 1, 15, 1.25], "rotation": 90, "texture": "#0"},
				"down": {"uv": [15.25, 1.25, 15, 1], "rotation": 270, "texture": "#0"}
			}
		},
		{
			"from": [11.5, 14.43498, -14.80597],
			"to": [12, 15.93498, -14.30597],
			"rotation": {"angle": 22.5, "axis": "x", "origin": [11.75, -0.39327, 1.05799]},
			"faces": {
				"north": {"uv": [15.5, 0.25, 15.25, 1], "texture": "#0"},
				"east": {"uv": [15.25, 0.25, 15.5, 1], "texture": "#0"},
				"south": {"uv": [15.25, 0.25, 15.5, 1], "texture": "#0"},
				"west": {"uv": [15.5, 0.25, 15.25, 1], "texture": "#0"},
				"up": {"uv": [15.5, 0.75, 15.25, 1], "rotation": 90, "texture": "#0"},
				"down": {"uv": [15.5, 1, 15.25, 0.75], "rotation": 270, "texture": "#0"}
			}
		},
		{
			"from": [11.5, 14.93498, -15.30597],
			"to": [12, 15.93498, -14.80597],
			"rotation": {"angle": 22.5, "axis": "x", "origin": [11.75, -0.39327, 1.05799]},
			"faces": {
				"north": {"uv": [15.75, 0.25, 15.5, 0.75], "texture": "#0"},
				"east": {"uv": [15.5, 0.25, 15.75, 0.75], "texture": "#0"},
				"south": {"uv": [15.5, 0.25, 15.75, 0.75], "texture": "#0"},
				"west": {"uv": [15.75, 0.25, 15.5, 0.75], "texture": "#0"},
				"up": {"uv": [15.75, 0.5, 15.5, 0.75], "rotation": 90, "texture": "#0"},
				"down": {"uv": [15.75, 0.75, 15.5, 0.5], "rotation": 270, "texture": "#0"}
			}
		},
		{
			"from": [11.5, 15.93498, -15.80597],
			"to": [12, 16.43498, -15.30597],
			"rotation": {"angle": 22.5, "axis": "x", "origin": [11.75, -0.39327, 1.05799]},
			"faces": {
				"north": {"uv": [16, 0, 15.75, 0.25], "texture": "#0"},
				"east": {"uv": [15.75, 0, 16, 0.25], "texture": "#0"},
				"south": {"uv": [15.75, 0, 16, 0.25], "texture": "#0"},
				"west": {"uv": [16, 0, 15.75, 0.25], "texture": "#0"},
				"up": {"uv": [16, 0, 15.75, 0.25], "rotation": 90, "texture": "#0"},
				"down": {"uv": [16, 0.25, 15.75, 0], "rotation": 270, "texture": "#0"}
			}
		},
		{
			"from": [8.5, -1.7366, 1.8656],
			"to": [9, 0.7634, 2.3656],
			"rotation": {"angle": 45, "axis": "x", "origin": [8.75, -5.39327, 7.05799]},
			"faces": {
				"north": {"uv": [8.75, 6.75, 8.5, 8], "texture": "#0"},
				"east": {"uv": [8.5, 6.75, 8.75, 8], "texture": "#0"},
				"south": {"uv": [8.5, 6.75, 8.75, 8], "texture": "#0"},
				"west": {"uv": [8.75, 6.75, 8.5, 8], "texture": "#0"},
				"up": {"uv": [8.75, 7.75, 8.5, 8], "rotation": 90, "texture": "#0"},
				"down": {"uv": [8.75, 8, 8.5, 7.75], "rotation": 270, "texture": "#0"}
			}
		},
		{
			"from": [8.5, -4.2366, 3.8656],
			"to": [9, -0.7366, 4.3656],
			"rotation": {"angle": 45, "axis": "x", "origin": [8.75, -5.39327, 7.05799]},
			"faces": {
				"north": {"uv": [7.75, 7.5, 7.5, 9.25], "texture": "#0"},
				"east": {"uv": [7.5, 7.5, 7.75, 9.25], "texture": "#0"},
				"south": {"uv": [7.5, 7.5, 7.75, 9.25], "texture": "#0"},
				"west": {"uv": [7.75, 7.5, 7.5, 9.25], "texture": "#0"},
				"up": {"uv": [7.75, 9, 7.5, 9.25], "rotation": 90, "texture": "#0"},
				"down": {"uv": [7.75, 9.25, 7.5, 9], "rotation": 270, "texture": "#0"}
			}
		},
		{
			"from": [8.5, -3.7366, 3.3656],
			"to": [9, -0.7366, 3.8656],
			"rotation": {"angle": 45, "axis": "x", "origin": [8.75, -5.39327, 7.05799]},
			"faces": {
				"north": {"uv": [8, 7.5, 7.75, 9], "texture": "#0"},
				"east": {"uv": [7.75, 7.5, 8, 9], "texture": "#0"},
				"south": {"uv": [7.75, 7.5, 8, 9], "texture": "#0"},
				"west": {"uv": [8, 7.5, 7.75, 9], "texture": "#0"},
				"up": {"uv": [8, 8.75, 7.75, 9], "rotation": 90, "texture": "#0"},
				"down": {"uv": [8, 9, 7.75, 8.75], "rotation": 270, "texture": "#0"}
			}
		},
		{
			"from": [8.5, -3.2366, 2.8656],
			"to": [9, -0.2366, 3.3656],
			"rotation": {"angle": 45, "axis": "x", "origin": [8.75, -5.39327, 7.05799]},
			"faces": {
				"north": {"uv": [8.25, 7.25, 8, 8.75], "texture": "#0"},
				"east": {"uv": [8, 7.25, 8.25, 8.75], "texture": "#0"},
				"south": {"uv": [8, 7.25, 8.25, 8.75], "texture": "#0"},
				"west": {"uv": [8.25, 7.25, 8, 8.75], "texture": "#0"},
				"up": {"uv": [8.25, 8.5, 8, 8.75], "rotation": 90, "texture": "#0"},
				"down": {"uv": [8.25, 8.75, 8, 8.5], "rotation": 270, "texture": "#0"}
			}
		},
		{
			"from": [8.5, -2.7366, 2.3656],
			"to": [9, 0.2634, 2.8656],
			"rotation": {"angle": 45, "axis": "x", "origin": [8.75, -5.39327, 7.05799]},
			"faces": {
				"north": {"uv": [8.5, 7, 8.25, 8.5], "texture": "#0"},
				"east": {"uv": [8.25, 7, 8.5, 8.5], "texture": "#0"},
				"south": {"uv": [8.25, 7, 8.5, 8.5], "texture": "#0"},
				"west": {"uv": [8.5, 7, 8.25, 8.5], "texture": "#0"},
				"up": {"uv": [8.5, 8.25, 8.25, 8.5], "rotation": 90, "texture": "#0"},
				"down": {"uv": [8.5, 8.5, 8.25, 8.25], "rotation": 270, "texture": "#0"}
			}
		},
		{
			"from": [8.5, -1.2366, 1.3656],
			"to": [9, 1.2634, 1.8656],
			"rotation": {"angle": 45, "axis": "x", "origin": [8.75, -5.39327, 7.05799]},
			"faces": {
				"north": {"uv": [9, 6.5, 8.75, 7.75], "texture": "#0"},
				"east": {"uv": [8.75, 6.5, 9, 7.75], "texture": "#0"},
				"south": {"uv": [8.75, 6.5, 9, 7.75], "texture": "#0"},
				"west": {"uv": [9, 6.5, 8.75, 7.75], "texture": "#0"},
				"up": {"uv": [9, 7.5, 8.75, 7.75], "rotation": 90, "texture": "#0"},
				"down": {"uv": [9, 7.75, 8.75, 7.5], "rotation": 270, "texture": "#0"}
			}
		},
		{
			"from": [8.5, -0.7366, 0.8656],
			"to": [9, 1.7634, 1.3656],
			"rotation": {"angle": 45, "axis": "x", "origin": [8.75, -5.39327, 7.05799]},
			"faces": {
				"north": {"uv": [9.25, 6.25, 9, 7.5], "texture": "#0"},
				"east": {"uv": [9, 6.25, 9.25, 7.5], "texture": "#0"},
				"south": {"uv": [9, 6.25, 9.25, 7.5], "texture": "#0"},
				"west": {"uv": [9.25, 6.25, 9, 7.5], "texture": "#0"},
				"up": {"uv": [9.25, 7.25, 9, 7.5], "rotation": 90, "texture": "#0"},
				"down": {"uv": [9.25, 7.5, 9, 7.25], "rotation": 270, "texture": "#0"}
			}
		},
		{
			"from": [8.5, -0.2366, 0.3656],
			"to": [9, 2.2634, 0.8656],
			"rotation": {"angle": 45, "axis": "x", "origin": [8.75, -5.39327, 7.05799]},
			"faces": {
				"north": {"uv": [9.5, 6, 9.25, 7.25], "texture": "#0"},
				"east": {"uv": [9.25, 6, 9.5, 7.25], "texture": "#0"},
				"south": {"uv": [9.25, 6, 9.5, 7.25], "texture": "#0"},
				"west": {"uv": [9.5, 6, 9.25, 7.25], "texture": "#0"},
				"up": {"uv": [9.5, 7, 9.25, 7.25], "rotation": 90, "texture": "#0"},
				"down": {"uv": [9.5, 7.25, 9.25, 7], "rotation": 270, "texture": "#0"}
			}
		},
		{
			"from": [8.5, 0.2634, -0.1344],
			"to": [9, 2.7634, 0.3656],
			"rotation": {"angle": 45, "axis": "x", "origin": [8.75, -5.39327, 7.05799]},
			"faces": {
				"north": {"uv": [9.75, 5.75, 9.5, 7], "texture": "#0"},
				"east": {"uv": [9.5, 5.75, 9.75, 7], "texture": "#0"},
				"south": {"uv": [9.5, 5.75, 9.75, 7], "texture": "#0"},
				"west": {"uv": [9.75, 5.75, 9.5, 7], "texture": "#0"},
				"up": {"uv": [9.75, 6.75, 9.5, 7], "rotation": 90, "texture": "#0"},
				"down": {"uv": [9.75, 7, 9.5, 6.75], "rotation": 270, "texture": "#0"}
			}
		},
		{
			"from": [8.5, 0.7634, -0.6344],
			"to": [9, 3.2634, -0.1344],
			"rotation": {"angle": 45, "axis": "x", "origin": [8.75, -5.39327, 7.05799]},
			"faces": {
				"north": {"uv": [10, 5.5, 9.75, 6.75], "texture": "#0"},
				"east": {"uv": [9.75, 5.5, 10, 6.75], "texture": "#0"},
				"south": {"uv": [9.75, 5.5, 10, 6.75], "texture": "#0"},
				"west": {"uv": [10, 5.5, 9.75, 6.75], "texture": "#0"},
				"up": {"uv": [10, 6.5, 9.75, 6.75], "rotation": 90, "texture": "#0"},
				"down": {"uv": [10, 6.75, 9.75, 6.5], "rotation": 270, "texture": "#0"}
			}
		},
		{
			"from": [8.5, 3.7634, -3.6344],
			"to": [9, 6.2634, -3.1344],
			"rotation": {"angle": 45, "axis": "x", "origin": [8.75, -5.39327, 7.05799]},
			"faces": {
				"north": {"uv": [11.5, 4, 11.25, 5.25], "texture": "#0"},
				"east": {"uv": [11.25, 4, 11.5, 5.25], "texture": "#0"},
				"south": {"uv": [11.25, 4, 11.5, 5.25], "texture": "#0"},
				"west": {"uv": [11.5, 4, 11.25, 5.25], "texture": "#0"},
				"up": {"uv": [11.5, 5, 11.25, 5.25], "rotation": 90, "texture": "#0"},
				"down": {"uv": [11.5, 5.25, 11.25, 5], "rotation": 270, "texture": "#0"}
			}
		},
		{
			"from": [8.5, 3.2634, -3.1344],
			"to": [9, 5.7634, -2.6344],
			"rotation": {"angle": 45, "axis": "x", "origin": [8.75, -5.39327, 7.05799]},
			"faces": {
				"north": {"uv": [11.25, 4.25, 11, 5.5], "texture": "#0"},
				"east": {"uv": [11, 4.25, 11.25, 5.5], "texture": "#0"},
				"south": {"uv": [11, 4.25, 11.25, 5.5], "texture": "#0"},
				"west": {"uv": [11.25, 4.25, 11, 5.5], "texture": "#0"},
				"up": {"uv": [11.25, 5.25, 11, 5.5], "rotation": 90, "texture": "#0"},
				"down": {"uv": [11.25, 5.5, 11, 5.25], "rotation": 270, "texture": "#0"}
			}
		},
		{
			"from": [8.5, 2.7634, -2.6344],
			"to": [9, 5.2634, -2.1344],
			"rotation": {"angle": 45, "axis": "x", "origin": [8.75, -5.39327, 7.05799]},
			"faces": {
				"north": {"uv": [11, 4.5, 10.75, 5.75], "texture": "#0"},
				"east": {"uv": [10.75, 4.5, 11, 5.75], "texture": "#0"},
				"south": {"uv": [10.75, 4.5, 11, 5.75], "texture": "#0"},
				"west": {"uv": [11, 4.5, 10.75, 5.75], "texture": "#0"},
				"up": {"uv": [11, 5.5, 10.75, 5.75], "rotation": 90, "texture": "#0"},
				"down": {"uv": [11, 5.75, 10.75, 5.5], "rotation": 270, "texture": "#0"}
			}
		},
		{
			"from": [8.5, 2.2634, -2.1344],
			"to": [9, 4.7634, -1.6344],
			"rotation": {"angle": 45, "axis": "x", "origin": [8.75, -5.39327, 7.05799]},
			"faces": {
				"north": {"uv": [10.75, 4.75, 10.5, 6], "texture": "#0"},
				"east": {"uv": [10.5, 4.75, 10.75, 6], "texture": "#0"},
				"south": {"uv": [10.5, 4.75, 10.75, 6], "texture": "#0"},
				"west": {"uv": [10.75, 4.75, 10.5, 6], "texture": "#0"},
				"up": {"uv": [10.75, 5.75, 10.5, 6], "rotation": 90, "texture": "#0"},
				"down": {"uv": [10.75, 6, 10.5, 5.75], "rotation": 270, "texture": "#0"}
			}
		},
		{
			"from": [8.5, 1.7634, -1.6344],
			"to": [9, 4.2634, -1.1344],
			"rotation": {"angle": 45, "axis": "x", "origin": [8.75, -5.39327, 7.05799]},
			"faces": {
				"north": {"uv": [10.5, 5, 10.25, 6.25], "texture": "#0"},
				"east": {"uv": [10.25, 5, 10.5, 6.25], "texture": "#0"},
				"south": {"uv": [10.25, 5, 10.5, 6.25], "texture": "#0"},
				"west": {"uv": [10.5, 5, 10.25, 6.25], "texture": "#0"},
				"up": {"uv": [10.5, 6, 10.25, 6.25], "rotation": 90, "texture": "#0"},
				"down": {"uv": [10.5, 6.25, 10.25, 6], "rotation": 270, "texture": "#0"}
			}
		},
		{
			"from": [8.5, 1.2634, -1.1344],
			"to": [9, 3.7634, -0.6344],
			"rotation": {"angle": 45, "axis": "x", "origin": [8.75, -5.39327, 7.05799]},
			"faces": {
				"north": {"uv": [10.25, 5.25, 10, 6.5], "texture": "#0"},
				"east": {"uv": [10, 5.25, 10.25, 6.5], "texture": "#0"},
				"south": {"uv": [10, 5.25, 10.25, 6.5], "texture": "#0"},
				"west": {"uv": [10.25, 5.25, 10, 6.5], "texture": "#0"},
				"up": {"uv": [10.25, 6.25, 10, 6.5], "rotation": 90, "texture": "#0"},
				"down": {"uv": [10.25, 6.5, 10, 6.25], "rotation": 270, "texture": "#0"}
			}
		},
		{
			"from": [8.5, 6.7634, -6.6344],
			"to": [9, 9.2634, -6.1344],
			"rotation": {"angle": 45, "axis": "x", "origin": [8.75, -5.39327, 7.05799]},
			"faces": {
				"north": {"uv": [13, 2.5, 12.75, 3.75], "texture": "#0"},
				"east": {"uv": [12.75, 2.5, 13, 3.75], "texture": "#0"},
				"south": {"uv": [12.75, 2.5, 13, 3.75], "texture": "#0"},
				"west": {"uv": [13, 2.5, 12.75, 3.75], "texture": "#0"},
				"up": {"uv": [13, 3.5, 12.75, 3.75], "rotation": 90, "texture": "#0"},
				"down": {"uv": [13, 3.75, 12.75, 3.5], "rotation": 270, "texture": "#0"}
			}
		},
		{
			"from": [8.5, 6.2634, -6.1344],
			"to": [9, 8.7634, -5.6344],
			"rotation": {"angle": 45, "axis": "x", "origin": [8.75, -5.39327, 7.05799]},
			"faces": {
				"north": {"uv": [12.75, 2.75, 12.5, 4], "texture": "#0"},
				"east": {"uv": [12.5, 2.75, 12.75, 4], "texture": "#0"},
				"south": {"uv": [12.5, 2.75, 12.75, 4], "texture": "#0"},
				"west": {"uv": [12.75, 2.75, 12.5, 4], "texture": "#0"},
				"up": {"uv": [12.75, 3.75, 12.5, 4], "rotation": 90, "texture": "#0"},
				"down": {"uv": [12.75, 4, 12.5, 3.75], "rotation": 270, "texture": "#0"}
			}
		},
		{
			"from": [8.5, 5.7634, -5.6344],
			"to": [9, 8.2634, -5.1344],
			"rotation": {"angle": 45, "axis": "x", "origin": [8.75, -5.39327, 7.05799]},
			"faces": {
				"north": {"uv": [12.5, 3, 12.25, 4.25], "texture": "#0"},
				"east": {"uv": [12.25, 3, 12.5, 4.25], "texture": "#0"},
				"south": {"uv": [12.25, 3, 12.5, 4.25], "texture": "#0"},
				"west": {"uv": [12.5, 3, 12.25, 4.25], "texture": "#0"},
				"up": {"uv": [12.5, 4, 12.25, 4.25], "rotation": 90, "texture": "#0"},
				"down": {"uv": [12.5, 4.25, 12.25, 4], "rotation": 270, "texture": "#0"}
			}
		},
		{
			"from": [8.5, 5.2634, -5.1344],
			"to": [9, 7.7634, -4.6344],
			"rotation": {"angle": 45, "axis": "x", "origin": [8.75, -5.39327, 7.05799]},
			"faces": {
				"north": {"uv": [12.25, 3.25, 12, 4.5], "texture": "#0"},
				"east": {"uv": [12, 3.25, 12.25, 4.5], "texture": "#0"},
				"south": {"uv": [12, 3.25, 12.25, 4.5], "texture": "#0"},
				"west": {"uv": [12.25, 3.25, 12, 4.5], "texture": "#0"},
				"up": {"uv": [12.25, 4.25, 12, 4.5], "rotation": 90, "texture": "#0"},
				"down": {"uv": [12.25, 4.5, 12, 4.25], "rotation": 270, "texture": "#0"}
			}
		},
		{
			"from": [8.5, 4.7634, -4.6344],
			"to": [9, 7.2634, -4.1344],
			"rotation": {"angle": 45, "axis": "x", "origin": [8.75, -5.39327, 7.05799]},
			"faces": {
				"north": {"uv": [12, 3.5, 11.75, 4.75], "texture": "#0"},
				"east": {"uv": [11.75, 3.5, 12, 4.75], "texture": "#0"},
				"south": {"uv": [11.75, 3.5, 12, 4.75], "texture": "#0"},
				"west": {"uv": [12, 3.5, 11.75, 4.75], "texture": "#0"},
				"up": {"uv": [12, 4.5, 11.75, 4.75], "rotation": 90, "texture": "#0"},
				"down": {"uv": [12, 4.75, 11.75, 4.5], "rotation": 270, "texture": "#0"}
			}
		},
		{
			"from": [8.5, 4.2634, -4.1344],
			"to": [9, 6.7634, -3.6344],
			"rotation": {"angle": 45, "axis": "x", "origin": [8.75, -5.39327, 7.05799]},
			"faces": {
				"north": {"uv": [11.75, 3.75, 11.5, 5], "texture": "#0"},
				"east": {"uv": [11.5, 3.75, 11.75, 5], "texture": "#0"},
				"south": {"uv": [11.5, 3.75, 11.75, 5], "texture": "#0"},
				"west": {"uv": [11.75, 3.75, 11.5, 5], "texture": "#0"},
				"up": {"uv": [11.75, 4.75, 11.5, 5], "rotation": 90, "texture": "#0"},
				"down": {"uv": [11.75, 5, 11.5, 4.75], "rotation": 270, "texture": "#0"}
			}
		},
		{
			"from": [8.5, 8.7634, -8.6344],
			"to": [9, 11.2634, -8.1344],
			"rotation": {"angle": 45, "axis": "x", "origin": [8.75, -5.39327, 7.05799]},
			"faces": {
				"north": {"uv": [14, 1.5, 13.75, 2.75], "texture": "#0"},
				"east": {"uv": [13.75, 1.5, 14, 2.75], "texture": "#0"},
				"south": {"uv": [13.75, 1.5, 14, 2.75], "texture": "#0"},
				"west": {"uv": [14, 1.5, 13.75, 2.75], "texture": "#0"},
				"up": {"uv": [14, 2.5, 13.75, 2.75], "rotation": 90, "texture": "#0"},
				"down": {"uv": [14, 2.75, 13.75, 2.5], "rotation": 270, "texture": "#0"}
			}
		},
		{
			"from": [8.5, 8.2634, -8.1344],
			"to": [9, 10.7634, -7.6344],
			"rotation": {"angle": 45, "axis": "x", "origin": [8.75, -5.39327, 7.05799]},
			"faces": {
				"north": {"uv": [13.75, 1.75, 13.5, 3], "texture": "#0"},
				"east": {"uv": [13.5, 1.75, 13.75, 3], "texture": "#0"},
				"south": {"uv": [13.5, 1.75, 13.75, 3], "texture": "#0"},
				"west": {"uv": [13.75, 1.75, 13.5, 3], "texture": "#0"},
				"up": {"uv": [13.75, 2.75, 13.5, 3], "rotation": 90, "texture": "#0"},
				"down": {"uv": [13.75, 3, 13.5, 2.75], "rotation": 270, "texture": "#0"}
			}
		},
		{
			"from": [8.5, 7.7634, -7.6344],
			"to": [9, 10.2634, -7.1344],
			"rotation": {"angle": 45, "axis": "x", "origin": [8.75, -5.39327, 7.05799]},
			"faces": {
				"north": {"uv": [13.5, 2, 13.25, 3.25], "texture": "#0"},
				"east": {"uv": [13.25, 2, 13.5, 3.25], "texture": "#0"},
				"south": {"uv": [13.25, 2, 13.5, 3.25], "texture": "#0"},
				"west": {"uv": [13.5, 2, 13.25, 3.25], "texture": "#0"},
				"up": {"uv": [13.5, 3, 13.25, 3.25], "rotation": 90, "texture": "#0"},
				"down": {"uv": [13.5, 3.25, 13.25, 3], "rotation": 270, "texture": "#0"}
			}
		},
		{
			"from": [8.5, 7.2634, -7.1344],
			"to": [9, 9.7634, -6.6344],
			"rotation": {"angle": 45, "axis": "x", "origin": [8.75, -5.39327, 7.05799]},
			"faces": {
				"north": {"uv": [13.25, 2.25, 13, 3.5], "texture": "#0"},
				"east": {"uv": [13, 2.25, 13.25, 3.5], "texture": "#0"},
				"south": {"uv": [13, 2.25, 13.25, 3.5], "texture": "#0"},
				"west": {"uv": [13.25, 2.25, 13, 3.5], "texture": "#0"},
				"up": {"uv": [13.25, 3.25, 13, 3.5], "rotation": 90, "texture": "#0"},
				"down": {"uv": [13.25, 3.5, 13, 3.25], "rotation": 270, "texture": "#0"}
			}
		},
		{
			"from": [8.5, 9.2634, -9.1344],
			"to": [9, 11.2634, -8.6344],
			"rotation": {"angle": 45, "axis": "x", "origin": [8.75, -5.39327, 7.05799]},
			"faces": {
				"north": {"uv": [14.25, 1.5, 14, 2.5], "texture": "#0"},
				"east": {"uv": [14, 1.5, 14.25, 2.5], "texture": "#0"},
				"south": {"uv": [14, 1.5, 14.25, 2.5], "texture": "#0"},
				"west": {"uv": [14.25, 1.5, 14, 2.5], "texture": "#0"},
				"up": {"uv": [14.25, 2.25, 14, 2.5], "rotation": 90, "texture": "#0"},
				"down": {"uv": [14.25, 2.5, 14, 2.25], "rotation": 270, "texture": "#0"}
			}
		},
		{
			"from": [8.5, 9.7634, -9.6344],
			"to": [9, 11.7634, -9.1344],
			"rotation": {"angle": 45, "axis": "x", "origin": [8.75, -5.39327, 7.05799]},
			"faces": {
				"north": {"uv": [14.5, 1.25, 14.25, 2.25], "texture": "#0"},
				"east": {"uv": [14.25, 1.25, 14.5, 2.25], "texture": "#0"},
				"south": {"uv": [14.25, 1.25, 14.5, 2.25], "texture": "#0"},
				"west": {"uv": [14.5, 1.25, 14.25, 2.25], "texture": "#0"},
				"up": {"uv": [14.5, 2, 14.25, 2.25], "rotation": 90, "texture": "#0"},
				"down": {"uv": [14.5, 2.25, 14.25, 2], "rotation": 270, "texture": "#0"}
			}
		},
		{
			"from": [8.5, 10.7634, -10.1344],
			"to": [9, 12.2634, -9.6344],
			"rotation": {"angle": 45, "axis": "x", "origin": [8.75, -5.39327, 7.05799]},
			"faces": {
				"north": {"uv": [14.75, 1, 14.5, 1.75], "texture": "#0"},
				"east": {"uv": [14.5, 1, 14.75, 1.75], "texture": "#0"},
				"south": {"uv": [14.5, 1, 14.75, 1.75], "texture": "#0"},
				"west": {"uv": [14.75, 1, 14.5, 1.75], "texture": "#0"},
				"up": {"uv": [14.75, 1.5, 14.5, 1.75], "rotation": 90, "texture": "#0"},
				"down": {"uv": [14.75, 1.75, 14.5, 1.5], "rotation": 270, "texture": "#0"}
			}
		},
		{
			"from": [8.5, 11.2634, -10.6344],
			"to": [9, 12.7634, -10.1344],
			"rotation": {"angle": 45, "axis": "x", "origin": [8.75, -5.39327, 7.05799]},
			"faces": {
				"north": {"uv": [15, 0.75, 14.75, 1.5], "texture": "#0"},
				"east": {"uv": [14.75, 0.75, 15, 1.5], "texture": "#0"},
				"south": {"uv": [14.75, 0.75, 15, 1.5], "texture": "#0"},
				"west": {"uv": [15, 0.75, 14.75, 1.5], "texture": "#0"},
				"up": {"uv": [15, 1.25, 14.75, 1.5], "rotation": 90, "texture": "#0"},
				"down": {"uv": [15, 1.5, 14.75, 1.25], "rotation": 270, "texture": "#0"}
			}
		},
		{
			"from": [8.5, 11.7634, -11.1344],
			"to": [9, 13.2634, -10.6344],
			"rotation": {"angle": 45, "axis": "x", "origin": [8.75, -5.39327, 7.05799]},
			"faces": {
				"north": {"uv": [15.25, 0.5, 15, 1.25], "texture": "#0"},
				"east": {"uv": [15, 0.5, 15.25, 1.25], "texture": "#0"},
				"south": {"uv": [15, 0.5, 15.25, 1.25], "texture": "#0"},
				"west": {"uv": [15.25, 0.5, 15, 1.25], "texture": "#0"},
				"up": {"uv": [15.25, 1, 15, 1.25], "rotation": 90, "texture": "#0"},
				"down": {"uv": [15.25, 1.25, 15, 1], "rotation": 270, "texture": "#0"}
			}
		},
		{
			"from": [8.5, 12.2634, -11.6344],
			"to": [9, 13.7634, -11.1344],
			"rotation": {"angle": 45, "axis": "x", "origin": [8.75, -5.39327, 7.05799]},
			"faces": {
				"north": {"uv": [15.5, 0.25, 15.25, 1], "texture": "#0"},
				"east": {"uv": [15.25, 0.25, 15.5, 1], "texture": "#0"},
				"south": {"uv": [15.25, 0.25, 15.5, 1], "texture": "#0"},
				"west": {"uv": [15.5, 0.25, 15.25, 1], "texture": "#0"},
				"up": {"uv": [15.5, 0.75, 15.25, 1], "rotation": 90, "texture": "#0"},
				"down": {"uv": [15.5, 1, 15.25, 0.75], "rotation": 270, "texture": "#0"}
			}
		},
		{
			"from": [8.5, 12.7634, -12.1344],
			"to": [9, 13.7634, -11.6344],
			"rotation": {"angle": 45, "axis": "x", "origin": [8.75, -5.39327, 7.05799]},
			"faces": {
				"north": {"uv": [15.75, 0.25, 15.5, 0.75], "texture": "#0"},
				"east": {"uv": [15.5, 0.25, 15.75, 0.75], "texture": "#0"},
				"south": {"uv": [15.5, 0.25, 15.75, 0.75], "texture": "#0"},
				"west": {"uv": [15.75, 0.25, 15.5, 0.75], "texture": "#0"},
				"up": {"uv": [15.75, 0.5, 15.5, 0.75], "rotation": 90, "texture": "#0"},
				"down": {"uv": [15.75, 0.75, 15.5, 0.5], "rotation": 270, "texture": "#0"}
			}
		},
		{
			"from": [8.5, 13.7634, -12.6344],
			"to": [9, 14.2634, -12.1344],
			"rotation": {"angle": 45, "axis": "x", "origin": [8.75, -5.39327, 7.05799]},
			"faces": {
				"north": {"uv": [16, 0, 15.75, 0.25], "texture": "#0"},
				"east": {"uv": [15.75, 0, 16, 0.25], "texture": "#0"},
				"south": {"uv": [15.75, 0, 16, 0.25], "texture": "#0"},
				"west": {"uv": [16, 0, 15.75, 0.25], "texture": "#0"},
				"up": {"uv": [16, 0, 15.75, 0.25], "rotation": 90, "texture": "#0"},
				"down": {"uv": [16, 0.25, 15.75, 0], "rotation": 270, "texture": "#0"}
			}
		},
		{
			"from": [4.5, 1.29912, 15.71467],
			"to": [5, 1.79912, 18.21467],
			"rotation": {"angle": -22.5, "axis": "x", "origin": [4.75, -3.39327, 12.05799]},
			"faces": {
				"north": {"uv": [8.75, 8, 8.5, 7.75], "rotation": 90, "texture": "#0"},
				"east": {"uv": [8.5, 6.75, 8.75, 8], "rotation": 270, "texture": "#0"},
				"south": {"uv": [8.75, 7.75, 8.5, 8], "rotation": 90, "texture": "#0"},
				"west": {"uv": [8.75, 6.75, 8.5, 8], "rotation": 90, "texture": "#0"},
				"up": {"uv": [8.75, 6.75, 8.5, 8], "rotation": 180, "texture": "#0"},
				"down": {"uv": [8.5, 6.75, 8.75, 8], "texture": "#0"}
			}
		},
		{
			"from": [4.5, -1.20088, 12.71467],
			"to": [5, -0.70088, 16.21467],
			"rotation": {"angle": -22.5, "axis": "x", "origin": [4.75, -3.39327, 12.05799]},
			"faces": {
				"north": {"uv": [7.5, 9.5, 7.25, 9.25], "rotation": 90, "texture": "#0"},
				"east": {"uv": [7.25, 7.75, 7.5, 9.5], "rotation": 270, "texture": "#0"},
				"south": {"uv": [7.5, 9.25, 7.25, 9.5], "rotation": 90, "texture": "#0"},
				"west": {"uv": [7.5, 7.75, 7.25, 9.5], "rotation": 90, "texture": "#0"},
				"up": {"uv": [7.5, 7.75, 7.25, 9.5], "rotation": 180, "texture": "#0"},
				"down": {"uv": [7.25, 7.75, 7.5, 9.5], "texture": "#0"}
			}
		},
		{
			"from": [4.5, -0.70088, 13.21467],
			"to": [5, -0.20088, 16.71467],
			"rotation": {"angle": -22.5, "axis": "x", "origin": [4.75, -3.39327, 12.05799]},
			"faces": {
				"north": {"uv": [7.75, 9.25, 7.5, 9], "rotation": 90, "texture": "#0"},
				"east": {"uv": [7.5, 7.5, 7.75, 9.25], "rotation": 270, "texture": "#0"},
				"south": {"uv": [7.75, 9, 7.5, 9.25], "rotation": 90, "texture": "#0"},
				"west": {"uv": [7.75, 7.5, 7.5, 9.25], "rotation": 90, "texture": "#0"},
				"up": {"uv": [7.75, 7.5, 7.5, 9.25], "rotation": 180, "texture": "#0"},
				"down": {"uv": [7.5, 7.5, 7.75, 9.25], "texture": "#0"}
			}
		},
		{
			"from": [4.5, -0.20088, 13.71467],
			"to": [5, 0.29912, 16.71467],
			"rotation": {"angle": -22.5, "axis": "x", "origin": [4.75, -3.39327, 12.05799]},
			"faces": {
				"north": {"uv": [8, 9, 7.75, 8.75], "rotation": 90, "texture": "#0"},
				"east": {"uv": [7.75, 7.5, 8, 9], "rotation": 270, "texture": "#0"},
				"south": {"uv": [8, 8.75, 7.75, 9], "rotation": 90, "texture": "#0"},
				"west": {"uv": [8, 7.5, 7.75, 9], "rotation": 90, "texture": "#0"},
				"up": {"uv": [8, 7.5, 7.75, 9], "rotation": 180, "texture": "#0"},
				"down": {"uv": [7.75, 7.5, 8, 9], "texture": "#0"}
			}
		},
		{
			"from": [4.5, 0.29912, 14.21467],
			"to": [5, 0.79912, 17.21467],
			"rotation": {"angle": -22.5, "axis": "x", "origin": [4.75, -3.39327, 12.05799]},
			"faces": {
				"north": {"uv": [8.25, 8.75, 8, 8.5], "rotation": 90, "texture": "#0"},
				"east": {"uv": [8, 7.25, 8.25, 8.75], "rotation": 270, "texture": "#0"},
				"south": {"uv": [8.25, 8.5, 8, 8.75], "rotation": 90, "texture": "#0"},
				"west": {"uv": [8.25, 7.25, 8, 8.75], "rotation": 90, "texture": "#0"},
				"up": {"uv": [8.25, 7.25, 8, 8.75], "rotation": 180, "texture": "#0"},
				"down": {"uv": [8, 7.25, 8.25, 8.75], "texture": "#0"}
			}
		},
		{
			"from": [4.5, 0.79912, 14.71467],
			"to": [5, 1.29912, 17.71467],
			"rotation": {"angle": -22.5, "axis": "x", "origin": [4.75, -3.39327, 12.05799]},
			"faces": {
				"north": {"uv": [8.5, 8.5, 8.25, 8.25], "rotation": 90, "texture": "#0"},
				"east": {"uv": [8.25, 7, 8.5, 8.5], "rotation": 270, "texture": "#0"},
				"south": {"uv": [8.5, 8.25, 8.25, 8.5], "rotation": 90, "texture": "#0"},
				"west": {"uv": [8.5, 7, 8.25, 8.5], "rotation": 90, "texture": "#0"},
				"up": {"uv": [8.5, 7, 8.25, 8.5], "rotation": 180, "texture": "#0"},
				"down": {"uv": [8.25, 7, 8.5, 8.5], "texture": "#0"}
			}
		},
		{
			"from": [4.5, 1.79912, 16.21467],
			"to": [5, 2.29912, 18.71467],
			"rotation": {"angle": -22.5, "axis": "x", "origin": [4.75, -3.39327, 12.05799]},
			"faces": {
				"north": {"uv": [9, 7.75, 8.75, 7.5], "rotation": 90, "texture": "#0"},
				"east": {"uv": [8.75, 6.5, 9, 7.75], "rotation": 270, "texture": "#0"},
				"south": {"uv": [9, 7.5, 8.75, 7.75], "rotation": 90, "texture": "#0"},
				"west": {"uv": [9, 6.5, 8.75, 7.75], "rotation": 90, "texture": "#0"},
				"up": {"uv": [9, 6.5, 8.75, 7.75], "rotation": 180, "texture": "#0"},
				"down": {"uv": [8.75, 6.5, 9, 7.75], "texture": "#0"}
			}
		},
		{
			"from": [4.5, 2.29912, 16.71467],
			"to": [5, 2.79912, 19.21467],
			"rotation": {"angle": -22.5, "axis": "x", "origin": [4.75, -3.39327, 12.05799]},
			"faces": {
				"north": {"uv": [9.25, 7.5, 9, 7.25], "rotation": 90, "texture": "#0"},
				"east": {"uv": [9, 6.25, 9.25, 7.5], "rotation": 270, "texture": "#0"},
				"south": {"uv": [9.25, 7.25, 9, 7.5], "rotation": 90, "texture": "#0"},
				"west": {"uv": [9.25, 6.25, 9, 7.5], "rotation": 90, "texture": "#0"},
				"up": {"uv": [9.25, 6.25, 9, 7.5], "rotation": 180, "texture": "#0"},
				"down": {"uv": [9, 6.25, 9.25, 7.5], "texture": "#0"}
			}
		},
		{
			"from": [4.5, 2.79912, 17.21467],
			"to": [5, 3.29912, 19.71467],
			"rotation": {"angle": -22.5, "axis": "x", "origin": [4.75, -3.39327, 12.05799]},
			"faces": {
				"north": {"uv": [9.5, 7.25, 9.25, 7], "rotation": 90, "texture": "#0"},
				"east": {"uv": [9.25, 6, 9.5, 7.25], "rotation": 270, "texture": "#0"},
				"south": {"uv": [9.5, 7, 9.25, 7.25], "rotation": 90, "texture": "#0"},
				"west": {"uv": [9.5, 6, 9.25, 7.25], "rotation": 90, "texture": "#0"},
				"up": {"uv": [9.5, 6, 9.25, 7.25], "rotation": 180, "texture": "#0"},
				"down": {"uv": [9.25, 6, 9.5, 7.25], "texture": "#0"}
			}
		},
		{
			"from": [4.5, 3.29912, 17.71467],
			"to": [5, 3.79912, 20.21467],
			"rotation": {"angle": -22.5, "axis": "x", "origin": [4.75, -3.39327, 12.05799]},
			"faces": {
				"north": {"uv": [9.75, 7, 9.5, 6.75], "rotation": 90, "texture": "#0"},
				"east": {"uv": [9.5, 5.75, 9.75, 7], "rotation": 270, "texture": "#0"},
				"south": {"uv": [9.75, 6.75, 9.5, 7], "rotation": 90, "texture": "#0"},
				"west": {"uv": [9.75, 5.75, 9.5, 7], "rotation": 90, "texture": "#0"},
				"up": {"uv": [9.75, 5.75, 9.5, 7], "rotation": 180, "texture": "#0"},
				"down": {"uv": [9.5, 5.75, 9.75, 7], "texture": "#0"}
			}
		},
		{
			"from": [4.5, 3.79912, 18.21467],
			"to": [5, 4.29912, 20.71467],
			"rotation": {"angle": -22.5, "axis": "x", "origin": [4.75, -3.39327, 12.05799]},
			"faces": {
				"north": {"uv": [10, 6.75, 9.75, 6.5], "rotation": 90, "texture": "#0"},
				"east": {"uv": [9.75, 5.5, 10, 6.75], "rotation": 270, "texture": "#0"},
				"south": {"uv": [10, 6.5, 9.75, 6.75], "rotation": 90, "texture": "#0"},
				"west": {"uv": [10, 5.5, 9.75, 6.75], "rotation": 90, "texture": "#0"},
				"up": {"uv": [10, 5.5, 9.75, 6.75], "rotation": 180, "texture": "#0"},
				"down": {"uv": [9.75, 5.5, 10, 6.75], "texture": "#0"}
			}
		},
		{
			"from": [4.5, 6.79912, 21.21467],
			"to": [5, 7.29912, 23.71467],
			"rotation": {"angle": -22.5, "axis": "x", "origin": [4.75, -3.39327, 12.05799]},
			"faces": {
				"north": {"uv": [11.5, 5.25, 11.25, 5], "rotation": 90, "texture": "#0"},
				"east": {"uv": [11.25, 4, 11.5, 5.25], "rotation": 270, "texture": "#0"},
				"south": {"uv": [11.5, 5, 11.25, 5.25], "rotation": 90, "texture": "#0"},
				"west": {"uv": [11.5, 4, 11.25, 5.25], "rotation": 90, "texture": "#0"},
				"up": {"uv": [11.5, 4, 11.25, 5.25], "rotation": 180, "texture": "#0"},
				"down": {"uv": [11.25, 4, 11.5, 5.25], "texture": "#0"}
			}
		},
		{
			"from": [4.5, 6.29912, 20.71467],
			"to": [5, 6.79912, 23.21467],
			"rotation": {"angle": -22.5, "axis": "x", "origin": [4.75, -3.39327, 12.05799]},
			"faces": {
				"north": {"uv": [11.25, 5.5, 11, 5.25], "rotation": 90, "texture": "#0"},
				"east": {"uv": [11, 4.25, 11.25, 5.5], "rotation": 270, "texture": "#0"},
				"south": {"uv": [11.25, 5.25, 11, 5.5], "rotation": 90, "texture": "#0"},
				"west": {"uv": [11.25, 4.25, 11, 5.5], "rotation": 90, "texture": "#0"},
				"up": {"uv": [11.25, 4.25, 11, 5.5], "rotation": 180, "texture": "#0"},
				"down": {"uv": [11, 4.25, 11.25, 5.5], "texture": "#0"}
			}
		},
		{
			"from": [4.5, 5.79912, 20.21467],
			"to": [5, 6.29912, 22.71467],
			"rotation": {"angle": -22.5, "axis": "x", "origin": [4.75, -3.39327, 12.05799]},
			"faces": {
				"north": {"uv": [11, 5.75, 10.75, 5.5], "rotation": 90, "texture": "#0"},
				"east": {"uv": [10.75, 4.5, 11, 5.75], "rotation": 270, "texture": "#0"},
				"south": {"uv": [11, 5.5, 10.75, 5.75], "rotation": 90, "texture": "#0"},
				"west": {"uv": [11, 4.5, 10.75, 5.75], "rotation": 90, "texture": "#0"},
				"up": {"uv": [11, 4.5, 10.75, 5.75], "rotation": 180, "texture": "#0"},
				"down": {"uv": [10.75, 4.5, 11, 5.75], "texture": "#0"}
			}
		},
		{
			"from": [4.5, 5.29912, 19.71467],
			"to": [5, 5.79912, 22.21467],
			"rotation": {"angle": -22.5, "axis": "x", "origin": [4.75, -3.39327, 12.05799]},
			"faces": {
				"north": {"uv": [10.75, 6, 10.5, 5.75], "rotation": 90, "texture": "#0"},
				"east": {"uv": [10.5, 4.75, 10.75, 6], "rotation": 270, "texture": "#0"},
				"south": {"uv": [10.75, 5.75, 10.5, 6], "rotation": 90, "texture": "#0"},
				"west": {"uv": [10.75, 4.75, 10.5, 6], "rotation": 90, "texture": "#0"},
				"up": {"uv": [10.75, 4.75, 10.5, 6], "rotation": 180, "texture": "#0"},
				"down": {"uv": [10.5, 4.75, 10.75, 6], "texture": "#0"}
			}
		},
		{
			"from": [4.5, 4.79912, 19.21467],
			"to": [5, 5.29912, 21.71467],
			"rotation": {"angle": -22.5, "axis": "x", "origin": [4.75, -3.39327, 12.05799]},
			"faces": {
				"north": {"uv": [10.5, 6.25, 10.25, 6], "rotation": 90, "texture": "#0"},
				"east": {"uv": [10.25, 5, 10.5, 6.25], "rotation": 270, "texture": "#0"},
				"south": {"uv": [10.5, 6, 10.25, 6.25], "rotation": 90, "texture": "#0"},
				"west": {"uv": [10.5, 5, 10.25, 6.25], "rotation": 90, "texture": "#0"},
				"up": {"uv": [10.5, 5, 10.25, 6.25], "rotation": 180, "texture": "#0"},
				"down": {"uv": [10.25, 5, 10.5, 6.25], "texture": "#0"}
			}
		},
		{
			"from": [4.5, 4.29912, 18.71467],
			"to": [5, 4.79912, 21.21467],
			"rotation": {"angle": -22.5, "axis": "x", "origin": [4.75, -3.39327, 12.05799]},
			"faces": {
				"north": {"uv": [10.25, 6.5, 10, 6.25], "rotation": 90, "texture": "#0"},
				"east": {"uv": [10, 5.25, 10.25, 6.5], "rotation": 270, "texture": "#0"},
				"south": {"uv": [10.25, 6.25, 10, 6.5], "rotation": 90, "texture": "#0"},
				"west": {"uv": [10.25, 5.25, 10, 6.5], "rotation": 90, "texture": "#0"},
				"up": {"uv": [10.25, 5.25, 10, 6.5], "rotation": 180, "texture": "#0"},
				"down": {"uv": [10, 5.25, 10.25, 6.5], "texture": "#0"}
			}
		},
		{
			"from": [4.5, 9.79912, 24.21467],
			"to": [5, 10.29912, 26.71467],
			"rotation": {"angle": -22.5, "axis": "x", "origin": [4.75, -3.39327, 12.05799]},
			"faces": {
				"north": {"uv": [13, 3.75, 12.75, 3.5], "rotation": 90, "texture": "#0"},
				"east": {"uv": [12.75, 2.5, 13, 3.75], "rotation": 270, "texture": "#0"},
				"south": {"uv": [13, 3.5, 12.75, 3.75], "rotation": 90, "texture": "#0"},
				"west": {"uv": [13, 2.5, 12.75, 3.75], "rotation": 90, "texture": "#0"},
				"up": {"uv": [13, 2.5, 12.75, 3.75], "rotation": 180, "texture": "#0"},
				"down": {"uv": [12.75, 2.5, 13, 3.75], "texture": "#0"}
			}
		},
		{
			"from": [4.5, 9.29912, 23.71467],
			"to": [5, 9.79912, 26.21467],
			"rotation": {"angle": -22.5, "axis": "x", "origin": [4.75, -3.39327, 12.05799]},
			"faces": {
				"north": {"uv": [12.75, 4, 12.5, 3.75], "rotation": 90, "texture": "#0"},
				"east": {"uv": [12.5, 2.75, 12.75, 4], "rotation": 270, "texture": "#0"},
				"south": {"uv": [12.75, 3.75, 12.5, 4], "rotation": 90, "texture": "#0"},
				"west": {"uv": [12.75, 2.75, 12.5, 4], "rotation": 90, "texture": "#0"},
				"up": {"uv": [12.75, 2.75, 12.5, 4], "rotation": 180, "texture": "#0"},
				"down": {"uv": [12.5, 2.75, 12.75, 4], "texture": "#0"}
			}
		},
		{
			"from": [4.5, 8.79912, 23.21467],
			"to": [5, 9.29912, 25.71467],
			"rotation": {"angle": -22.5, "axis": "x", "origin": [4.75, -3.39327, 12.05799]},
			"faces": {
				"north": {"uv": [12.5, 4.25, 12.25, 4], "rotation": 90, "texture": "#0"},
				"east": {"uv": [12.25, 3, 12.5, 4.25], "rotation": 270, "texture": "#0"},
				"south": {"uv": [12.5, 4, 12.25, 4.25], "rotation": 90, "texture": "#0"},
				"west": {"uv": [12.5, 3, 12.25, 4.25], "rotation": 90, "texture": "#0"},
				"up": {"uv": [12.5, 3, 12.25, 4.25], "rotation": 180, "texture": "#0"},
				"down": {"uv": [12.25, 3, 12.5, 4.25], "texture": "#0"}
			}
		},
		{
			"from": [4.5, 8.29912, 22.71467],
			"to": [5, 8.79912, 25.21467],
			"rotation": {"angle": -22.5, "axis": "x", "origin": [4.75, -3.39327, 12.05799]},
			"faces": {
				"north": {"uv": [12.25, 4.5, 12, 4.25], "rotation": 90, "texture": "#0"},
				"east": {"uv": [12, 3.25, 12.25, 4.5], "rotation": 270, "texture": "#0"},
				"south": {"uv": [12.25, 4.25, 12, 4.5], "rotation": 90, "texture": "#0"},
				"west": {"uv": [12.25, 3.25, 12, 4.5], "rotation": 90, "texture": "#0"},
				"up": {"uv": [12.25, 3.25, 12, 4.5], "rotation": 180, "texture": "#0"},
				"down": {"uv": [12, 3.25, 12.25, 4.5], "texture": "#0"}
			}
		},
		{
			"from": [4.5, 7.79912, 22.21467],
			"to": [5, 8.29912, 24.71467],
			"rotation": {"angle": -22.5, "axis": "x", "origin": [4.75, -3.39327, 12.05799]},
			"faces": {
				"north": {"uv": [12, 4.75, 11.75, 4.5], "rotation": 90, "texture": "#0"},
				"east": {"uv": [11.75, 3.5, 12, 4.75], "rotation": 270, "texture": "#0"},
				"south": {"uv": [12, 4.5, 11.75, 4.75], "rotation": 90, "texture": "#0"},
				"west": {"uv": [12, 3.5, 11.75, 4.75], "rotation": 90, "texture": "#0"},
				"up": {"uv": [12, 3.5, 11.75, 4.75], "rotation": 180, "texture": "#0"},
				"down": {"uv": [11.75, 3.5, 12, 4.75], "texture": "#0"}
			}
		},
		{
			"from": [4.5, 7.29912, 21.71467],
			"to": [5, 7.79912, 24.21467],
			"rotation": {"angle": -22.5, "axis": "x", "origin": [4.75, -3.39327, 12.05799]},
			"faces": {
				"north": {"uv": [11.75, 5, 11.5, 4.75], "rotation": 90, "texture": "#0"},
				"east": {"uv": [11.5, 3.75, 11.75, 5], "rotation": 270, "texture": "#0"},
				"south": {"uv": [11.75, 4.75, 11.5, 5], "rotation": 90, "texture": "#0"},
				"west": {"uv": [11.75, 3.75, 11.5, 5], "rotation": 90, "texture": "#0"},
				"up": {"uv": [11.75, 3.75, 11.5, 5], "rotation": 180, "texture": "#0"},
				"down": {"uv": [11.5, 3.75, 11.75, 5], "texture": "#0"}
			}
		},
		{
			"from": [4.5, 11.79912, 26.21467],
			"to": [5, 12.29912, 28.71467],
			"rotation": {"angle": -22.5, "axis": "x", "origin": [4.75, -3.39327, 12.05799]},
			"faces": {
				"north": {"uv": [14, 2.75, 13.75, 2.5], "rotation": 90, "texture": "#0"},
				"east": {"uv": [13.75, 1.5, 14, 2.75], "rotation": 270, "texture": "#0"},
				"south": {"uv": [14, 2.5, 13.75, 2.75], "rotation": 90, "texture": "#0"},
				"west": {"uv": [14, 1.5, 13.75, 2.75], "rotation": 90, "texture": "#0"},
				"up": {"uv": [14, 1.5, 13.75, 2.75], "rotation": 180, "texture": "#0"},
				"down": {"uv": [13.75, 1.5, 14, 2.75], "texture": "#0"}
			}
		},
		{
			"from": [4.5, 11.29912, 25.71467],
			"to": [5, 11.79912, 28.21467],
			"rotation": {"angle": -22.5, "axis": "x", "origin": [4.75, -3.39327, 12.05799]},
			"faces": {
				"north": {"uv": [13.75, 3, 13.5, 2.75], "rotation": 90, "texture": "#0"},
				"east": {"uv": [13.5, 1.75, 13.75, 3], "rotation": 270, "texture": "#0"},
				"south": {"uv": [13.75, 2.75, 13.5, 3], "rotation": 90, "texture": "#0"},
				"west": {"uv": [13.75, 1.75, 13.5, 3], "rotation": 90, "texture": "#0"},
				"up": {"uv": [13.75, 1.75, 13.5, 3], "rotation": 180, "texture": "#0"},
				"down": {"uv": [13.5, 1.75, 13.75, 3], "texture": "#0"}
			}
		},
		{
			"from": [4.5, 10.79912, 25.21467],
			"to": [5, 11.29912, 27.71467],
			"rotation": {"angle": -22.5, "axis": "x", "origin": [4.75, -3.39327, 12.05799]},
			"faces": {
				"north": {"uv": [13.5, 3.25, 13.25, 3], "rotation": 90, "texture": "#0"},
				"east": {"uv": [13.25, 2, 13.5, 3.25], "rotation": 270, "texture": "#0"},
				"south": {"uv": [13.5, 3, 13.25, 3.25], "rotation": 90, "texture": "#0"},
				"west": {"uv": [13.5, 2, 13.25, 3.25], "rotation": 90, "texture": "#0"},
				"up": {"uv": [13.5, 2, 13.25, 3.25], "rotation": 180, "texture": "#0"},
				"down": {"uv": [13.25, 2, 13.5, 3.25], "texture": "#0"}
			}
		},
		{
			"from": [4.5, 10.29912, 24.71467],
			"to": [5, 10.79912, 27.21467],
			"rotation": {"angle": -22.5, "axis": "x", "origin": [4.75, -3.39327, 12.05799]},
			"faces": {
				"north": {"uv": [13.25, 3.5, 13, 3.25], "rotation": 90, "texture": "#0"},
				"east": {"uv": [13, 2.25, 13.25, 3.5], "rotation": 270, "texture": "#0"},
				"south": {"uv": [13.25, 3.25, 13, 3.5], "rotation": 90, "texture": "#0"},
				"west": {"uv": [13.25, 2.25, 13, 3.5], "rotation": 90, "texture": "#0"},
				"up": {"uv": [13.25, 2.25, 13, 3.5], "rotation": 180, "texture": "#0"},
				"down": {"uv": [13, 2.25, 13.25, 3.5], "texture": "#0"}
			}
		},
		{
			"from": [4.5, 12.29912, 26.71467],
			"to": [5, 12.79912, 28.71467],
			"rotation": {"angle": -22.5, "axis": "x", "origin": [4.75, -3.39327, 12.05799]},
			"faces": {
				"north": {"uv": [14.25, 2.5, 14, 2.25], "rotation": 90, "texture": "#0"},
				"east": {"uv": [14, 1.5, 14.25, 2.5], "rotation": 270, "texture": "#0"},
				"south": {"uv": [14.25, 2.25, 14, 2.5], "rotation": 90, "texture": "#0"},
				"west": {"uv": [14.25, 1.5, 14, 2.5], "rotation": 90, "texture": "#0"},
				"up": {"uv": [14.25, 1.5, 14, 2.5], "rotation": 180, "texture": "#0"},
				"down": {"uv": [14, 1.5, 14.25, 2.5], "texture": "#0"}
			}
		},
		{
			"from": [4.5, 12.79912, 27.21467],
			"to": [5, 13.29912, 29.21467],
			"rotation": {"angle": -22.5, "axis": "x", "origin": [4.75, -3.39327, 12.05799]},
			"faces": {
				"north": {"uv": [14.5, 2.25, 14.25, 2], "rotation": 90, "texture": "#0"},
				"east": {"uv": [14.25, 1.25, 14.5, 2.25], "rotation": 270, "texture": "#0"},
				"south": {"uv": [14.5, 2, 14.25, 2.25], "rotation": 90, "texture": "#0"},
				"west": {"uv": [14.5, 1.25, 14.25, 2.25], "rotation": 90, "texture": "#0"},
				"up": {"uv": [14.5, 1.25, 14.25, 2.25], "rotation": 180, "texture": "#0"},
				"down": {"uv": [14.25, 1.25, 14.5, 2.25], "texture": "#0"}
			}
		},
		{
			"from": [4.5, 13.29912, 28.21467],
			"to": [5, 13.79912, 29.71467],
			"rotation": {"angle": -22.5, "axis": "x", "origin": [4.75, -3.39327, 12.05799]},
			"faces": {
				"north": {"uv": [14.75, 1.75, 14.5, 1.5], "rotation": 90, "texture": "#0"},
				"east": {"uv": [14.5, 1, 14.75, 1.75], "rotation": 270, "texture": "#0"},
				"south": {"uv": [14.75, 1.5, 14.5, 1.75], "rotation": 90, "texture": "#0"},
				"west": {"uv": [14.75, 1, 14.5, 1.75], "rotation": 90, "texture": "#0"},
				"up": {"uv": [14.75, 1, 14.5, 1.75], "rotation": 180, "texture": "#0"},
				"down": {"uv": [14.5, 1, 14.75, 1.75], "texture": "#0"}
			}
		},
		{
			"from": [4.5, 13.79912, 28.71467],
			"to": [5, 14.29912, 30.21467],
			"rotation": {"angle": -22.5, "axis": "x", "origin": [4.75, -3.39327, 12.05799]},
			"faces": {
				"north": {"uv": [15, 1.5, 14.75, 1.25], "rotation": 90, "texture": "#0"},
				"east": {"uv": [14.75, 0.75, 15, 1.5], "rotation": 270, "texture": "#0"},
				"south": {"uv": [15, 1.25, 14.75, 1.5], "rotation": 90, "texture": "#0"},
				"west": {"uv": [15, 0.75, 14.75, 1.5], "rotation": 90, "texture": "#0"},
				"up": {"uv": [15, 0.75, 14.75, 1.5], "rotation": 180, "texture": "#0"},
				"down": {"uv": [14.75, 0.75, 15, 1.5], "texture": "#0"}
			}
		},
		{
			"from": [4.5, 14.29912, 29.21467],
			"to": [5, 14.79912, 30.71467],
			"rotation": {"angle": -22.5, "axis": "x", "origin": [4.75, -3.39327, 12.05799]},
			"faces": {
				"north": {"uv": [15.25, 1.25, 15, 1], "rotation": 90, "texture": "#0"},
				"east": {"uv": [15, 0.5, 15.25, 1.25], "rotation": 270, "texture": "#0"},
				"south": {"uv": [15.25, 1, 15, 1.25], "rotation": 90, "texture": "#0"},
				"west": {"uv": [15.25, 0.5, 15, 1.25], "rotation": 90, "texture": "#0"},
				"up": {"uv": [15.25, 0.5, 15, 1.25], "rotation": 180, "texture": "#0"},
				"down": {"uv": [15, 0.5, 15.25, 1.25], "texture": "#0"}
			}
		},
		{
			"from": [4.5, 14.79912, 29.71467],
			"to": [5, 15.29912, 31.21467],
			"rotation": {"angle": -22.5, "axis": "x", "origin": [4.75, -3.39327, 12.05799]},
			"faces": {
				"north": {"uv": [15.5, 1, 15.25, 0.75], "rotation": 90, "texture": "#0"},
				"east": {"uv": [15.25, 0.25, 15.5, 1], "rotation": 270, "texture": "#0"},
				"south": {"uv": [15.5, 0.75, 15.25, 1], "rotation": 90, "texture": "#0"},
				"west": {"uv": [15.5, 0.25, 15.25, 1], "rotation": 90, "texture": "#0"},
				"up": {"uv": [15.5, 0.25, 15.25, 1], "rotation": 180, "texture": "#0"},
				"down": {"uv": [15.25, 0.25, 15.5, 1], "texture": "#0"}
			}
		},
		{
			"from": [4.5, 15.29912, 30.21467],
			"to": [5, 15.79912, 31.21467],
			"rotation": {"angle": -22.5, "axis": "x", "origin": [4.75, -3.39327, 12.05799]},
			"faces": {
				"north": {"uv": [15.75, 0.75, 15.5, 0.5], "rotation": 90, "texture": "#0"},
				"east": {"uv": [15.5, 0.25, 15.75, 0.75], "rotation": 270, "texture": "#0"},
				"south": {"uv": [15.75, 0.5, 15.5, 0.75], "rotation": 90, "texture": "#0"},
				"west": {"uv": [15.75, 0.25, 15.5, 0.75], "rotation": 90, "texture": "#0"},
				"up": {"uv": [15.75, 0.25, 15.5, 0.75], "rotation": 180, "texture": "#0"},
				"down": {"uv": [15.5, 0.25, 15.75, 0.75], "texture": "#0"}
			}
		},
		{
			"from": [4.5, 15.79912, 31.21467],
			"to": [5, 16.29912, 31.71467],
			"rotation": {"angle": -22.5, "axis": "x", "origin": [4.75, -3.39327, 12.05799]},
			"faces": {
				"north": {"uv": [16, 0.25, 15.75, 0], "rotation": 90, "texture": "#0"},
				"east": {"uv": [15.75, 0, 16, 0.25], "rotation": 270, "texture": "#0"},
				"south": {"uv": [16, 0, 15.75, 0.25], "rotation": 90, "texture": "#0"},
				"west": {"uv": [16, 0, 15.75, 0.25], "rotation": 90, "texture": "#0"},
				"up": {"uv": [16, 0, 15.75, 0.25], "rotation": 180, "texture": "#0"},
				"down": {"uv": [15.75, 0, 16, 0.25], "texture": "#0"}
			}
		},
		{
			"from": [14.5, 1.79912, 12.21467],
			"to": [15, 2.29912, 14.71467],
			"rotation": {"angle": 0, "axis": "x", "origin": [14.75, -8.39327, 3.05799]},
			"faces": {
				"north": {"uv": [11.5, 5.25, 11.25, 5], "rotation": 90, "texture": "#0"},
				"east": {"uv": [11.25, 4, 11.5, 5.25], "rotation": 270, "texture": "#0"},
				"south": {"uv": [11.5, 5, 11.25, 5.25], "rotation": 90, "texture": "#0"},
				"west": {"uv": [11.5, 4, 11.25, 5.25], "rotation": 90, "texture": "#0"},
				"up": {"uv": [11.5, 4, 11.25, 5.25], "rotation": 180, "texture": "#0"},
				"down": {"uv": [11.25, 4, 11.5, 5.25], "texture": "#0"}
			}
		},
		{
			"from": [14.5, 1.29912, 11.71467],
			"to": [15, 1.79912, 14.21467],
			"rotation": {"angle": 0, "axis": "x", "origin": [14.75, -8.39327, 3.05799]},
			"faces": {
				"north": {"uv": [11.25, 5.5, 11, 5.25], "rotation": 90, "texture": "#0"},
				"east": {"uv": [11, 4.25, 11.25, 5.5], "rotation": 270, "texture": "#0"},
				"south": {"uv": [11.25, 5.25, 11, 5.5], "rotation": 90, "texture": "#0"},
				"west": {"uv": [11.25, 4.25, 11, 5.5], "rotation": 90, "texture": "#0"},
				"up": {"uv": [11.25, 4.25, 11, 5.5], "rotation": 180, "texture": "#0"},
				"down": {"uv": [11, 4.25, 11.25, 5.5], "texture": "#0"}
			}
		},
		{
			"from": [14.5, 0.79912, 11.21467],
			"to": [15, 1.29912, 13.71467],
			"rotation": {"angle": 0, "axis": "x", "origin": [14.75, -8.39327, 3.05799]},
			"faces": {
				"north": {"uv": [11, 5.75, 10.75, 5.5], "rotation": 90, "texture": "#0"},
				"east": {"uv": [10.75, 4.5, 11, 5.75], "rotation": 270, "texture": "#0"},
				"south": {"uv": [11, 5.5, 10.75, 5.75], "rotation": 90, "texture": "#0"},
				"west": {"uv": [11, 4.5, 10.75, 5.75], "rotation": 90, "texture": "#0"},
				"up": {"uv": [11, 4.5, 10.75, 5.75], "rotation": 180, "texture": "#0"},
				"down": {"uv": [10.75, 4.5, 11, 5.75], "texture": "#0"}
			}
		},
		{
			"from": [14.5, 0.29912, 10.71467],
			"to": [15, 0.79912, 13.21467],
			"rotation": {"angle": 0, "axis": "x", "origin": [14.75, -8.39327, 3.05799]},
			"faces": {
				"north": {"uv": [10.75, 6, 10.5, 5.75], "rotation": 90, "texture": "#0"},
				"east": {"uv": [10.5, 4.75, 10.75, 6], "rotation": 270, "texture": "#0"},
				"south": {"uv": [10.75, 5.75, 10.5, 6], "rotation": 90, "texture": "#0"},
				"west": {"uv": [10.75, 4.75, 10.5, 6], "rotation": 90, "texture": "#0"},
				"up": {"uv": [10.75, 4.75, 10.5, 6], "rotation": 180, "texture": "#0"},
				"down": {"uv": [10.5, 4.75, 10.75, 6], "texture": "#0"}
			}
		},
		{
			"from": [14.5, -0.20088, 10.21467],
			"to": [15, 0.29912, 12.71467],
			"rotation": {"angle": 0, "axis": "x", "origin": [14.75, -8.39327, 3.05799]},
			"faces": {
				"north": {"uv": [10.5, 6.25, 10.25, 6], "rotation": 90, "texture": "#0"},
				"east": {"uv": [10.25, 5, 10.5, 6.25], "rotation": 270, "texture": "#0"},
				"south": {"uv": [10.5, 6, 10.25, 6.25], "rotation": 90, "texture": "#0"},
				"west": {"uv": [10.5, 5, 10.25, 6.25], "rotation": 90, "texture": "#0"},
				"up": {"uv": [10.5, 5, 10.25, 6.25], "rotation": 180, "texture": "#0"},
				"down": {"uv": [10.25, 5, 10.5, 6.25], "texture": "#0"}
			}
		},
		{
			"from": [14.5, -0.70088, 9.71467],
			"to": [15, -0.20088, 12.21467],
			"rotation": {"angle": 0, "axis": "x", "origin": [14.75, -8.39327, 3.05799]},
			"faces": {
				"north": {"uv": [10.25, 6.5, 10, 6.25], "rotation": 90, "texture": "#0"},
				"east": {"uv": [10, 5.25, 10.25, 6.5], "rotation": 270, "texture": "#0"},
				"south": {"uv": [10.25, 6.25, 10, 6.5], "rotation": 90, "texture": "#0"},
				"west": {"uv": [10.25, 5.25, 10, 6.5], "rotation": 90, "texture": "#0"},
				"up": {"uv": [10.25, 5.25, 10, 6.5], "rotation": 180, "texture": "#0"},
				"down": {"uv": [10, 5.25, 10.25, 6.5], "texture": "#0"}
			}
		},
		{
			"from": [14.5, 4.79912, 15.21467],
			"to": [15, 5.29912, 17.71467],
			"rotation": {"angle": 0, "axis": "x", "origin": [14.75, -8.39327, 3.05799]},
			"faces": {
				"north": {"uv": [13, 3.75, 12.75, 3.5], "rotation": 90, "texture": "#0"},
				"east": {"uv": [12.75, 2.5, 13, 3.75], "rotation": 270, "texture": "#0"},
				"south": {"uv": [13, 3.5, 12.75, 3.75], "rotation": 90, "texture": "#0"},
				"west": {"uv": [13, 2.5, 12.75, 3.75], "rotation": 90, "texture": "#0"},
				"up": {"uv": [13, 2.5, 12.75, 3.75], "rotation": 180, "texture": "#0"},
				"down": {"uv": [12.75, 2.5, 13, 3.75], "texture": "#0"}
			}
		},
		{
			"from": [14.5, 4.29912, 14.71467],
			"to": [15, 4.79912, 17.21467],
			"rotation": {"angle": 0, "axis": "x", "origin": [14.75, -8.39327, 3.05799]},
			"faces": {
				"north": {"uv": [12.75, 4, 12.5, 3.75], "rotation": 90, "texture": "#0"},
				"east": {"uv": [12.5, 2.75, 12.75, 4], "rotation": 270, "texture": "#0"},
				"south": {"uv": [12.75, 3.75, 12.5, 4], "rotation": 90, "texture": "#0"},
				"west": {"uv": [12.75, 2.75, 12.5, 4], "rotation": 90, "texture": "#0"},
				"up": {"uv": [12.75, 2.75, 12.5, 4], "rotation": 180, "texture": "#0"},
				"down": {"uv": [12.5, 2.75, 12.75, 4], "texture": "#0"}
			}
		},
		{
			"from": [14.5, 3.79912, 14.21467],
			"to": [15, 4.29912, 16.71467],
			"rotation": {"angle": 0, "axis": "x", "origin": [14.75, -8.39327, 3.05799]},
			"faces": {
				"north": {"uv": [12.5, 4.25, 12.25, 4], "rotation": 90, "texture": "#0"},
				"east": {"uv": [12.25, 3, 12.5, 4.25], "rotation": 270, "texture": "#0"},
				"south": {"uv": [12.5, 4, 12.25, 4.25], "rotation": 90, "texture": "#0"},
				"west": {"uv": [12.5, 3, 12.25, 4.25], "rotation": 90, "texture": "#0"},
				"up": {"uv": [12.5, 3, 12.25, 4.25], "rotation": 180, "texture": "#0"},
				"down": {"uv": [12.25, 3, 12.5, 4.25], "texture": "#0"}
			}
		},
		{
			"from": [14.5, 3.29912, 13.71467],
			"to": [15, 3.79912, 16.21467],
			"rotation": {"angle": 0, "axis": "x", "origin": [14.75, -8.39327, 3.05799]},
			"faces": {
				"north": {"uv": [12.25, 4.5, 12, 4.25], "rotation": 90, "texture": "#0"},
				"east": {"uv": [12, 3.25, 12.25, 4.5], "rotation": 270, "texture": "#0"},
				"south": {"uv": [12.25, 4.25, 12, 4.5], "rotation": 90, "texture": "#0"},
				"west": {"uv": [12.25, 3.25, 12, 4.5], "rotation": 90, "texture": "#0"},
				"up": {"uv": [12.25, 3.25, 12, 4.5], "rotation": 180, "texture": "#0"},
				"down": {"uv": [12, 3.25, 12.25, 4.5], "texture": "#0"}
			}
		},
		{
			"from": [14.5, 2.79912, 13.21467],
			"to": [15, 3.29912, 15.71467],
			"rotation": {"angle": 0, "axis": "x", "origin": [14.75, -8.39327, 3.05799]},
			"faces": {
				"north": {"uv": [12, 4.75, 11.75, 4.5], "rotation": 90, "texture": "#0"},
				"east": {"uv": [11.75, 3.5, 12, 4.75], "rotation": 270, "texture": "#0"},
				"south": {"uv": [12, 4.5, 11.75, 4.75], "rotation": 90, "texture": "#0"},
				"west": {"uv": [12, 3.5, 11.75, 4.75], "rotation": 90, "texture": "#0"},
				"up": {"uv": [12, 3.5, 11.75, 4.75], "rotation": 180, "texture": "#0"},
				"down": {"uv": [11.75, 3.5, 12, 4.75], "texture": "#0"}
			}
		},
		{
			"from": [14.5, 2.29912, 12.71467],
			"to": [15, 2.79912, 15.21467],
			"rotation": {"angle": 0, "axis": "x", "origin": [14.75, -8.39327, 3.05799]},
			"faces": {
				"north": {"uv": [11.75, 5, 11.5, 4.75], "rotation": 90, "texture": "#0"},
				"east": {"uv": [11.5, 3.75, 11.75, 5], "rotation": 270, "texture": "#0"},
				"south": {"uv": [11.75, 4.75, 11.5, 5], "rotation": 90, "texture": "#0"},
				"west": {"uv": [11.75, 3.75, 11.5, 5], "rotation": 90, "texture": "#0"},
				"up": {"uv": [11.75, 3.75, 11.5, 5], "rotation": 180, "texture": "#0"},
				"down": {"uv": [11.5, 3.75, 11.75, 5], "texture": "#0"}
			}
		},
		{
			"from": [14.5, 6.79912, 17.21467],
			"to": [15, 7.29912, 19.71467],
			"rotation": {"angle": 0, "axis": "x", "origin": [14.75, -8.39327, 3.05799]},
			"faces": {
				"north": {"uv": [14, 2.75, 13.75, 2.5], "rotation": 90, "texture": "#0"},
				"east": {"uv": [13.75, 1.5, 14, 2.75], "rotation": 270, "texture": "#0"},
				"south": {"uv": [14, 2.5, 13.75, 2.75], "rotation": 90, "texture": "#0"},
				"west": {"uv": [14, 1.5, 13.75, 2.75], "rotation": 90, "texture": "#0"},
				"up": {"uv": [14, 1.5, 13.75, 2.75], "rotation": 180, "texture": "#0"},
				"down": {"uv": [13.75, 1.5, 14, 2.75], "texture": "#0"}
			}
		},
		{
			"from": [14.5, 6.29912, 16.71467],
			"to": [15, 6.79912, 19.21467],
			"rotation": {"angle": 0, "axis": "x", "origin": [14.75, -8.39327, 3.05799]},
			"faces": {
				"north": {"uv": [13.75, 3, 13.5, 2.75], "rotation": 90, "texture": "#0"},
				"east": {"uv": [13.5, 1.75, 13.75, 3], "rotation": 270, "texture": "#0"},
				"south": {"uv": [13.75, 2.75, 13.5, 3], "rotation": 90, "texture": "#0"},
				"west": {"uv": [13.75, 1.75, 13.5, 3], "rotation": 90, "texture": "#0"},
				"up": {"uv": [13.75, 1.75, 13.5, 3], "rotation": 180, "texture": "#0"},
				"down": {"uv": [13.5, 1.75, 13.75, 3], "texture": "#0"}
			}
		},
		{
			"from": [14.5, 5.79912, 16.21467],
			"to": [15, 6.29912, 18.71467],
			"rotation": {"angle": 0, "axis": "x", "origin": [14.75, -8.39327, 3.05799]},
			"faces": {
				"north": {"uv": [13.5, 3.25, 13.25, 3], "rotation": 90, "texture": "#0"},
				"east": {"uv": [13.25, 2, 13.5, 3.25], "rotation": 270, "texture": "#0"},
				"south": {"uv": [13.5, 3, 13.25, 3.25], "rotation": 90, "texture": "#0"},
				"west": {"uv": [13.5, 2, 13.25, 3.25], "rotation": 90, "texture": "#0"},
				"up": {"uv": [13.5, 2, 13.25, 3.25], "rotation": 180, "texture": "#0"},
				"down": {"uv": [13.25, 2, 13.5, 3.25], "texture": "#0"}
			}
		},
		{
			"from": [14.5, 5.29912, 15.71467],
			"to": [15, 5.79912, 18.21467],
			"rotation": {"angle": 0, "axis": "x", "origin": [14.75, -8.39327, 3.05799]},
			"faces": {
				"north": {"uv": [13.25, 3.5, 13, 3.25], "rotation": 90, "texture": "#0"},
				"east": {"uv": [13, 2.25, 13.25, 3.5], "rotation": 270, "texture": "#0"},
				"south": {"uv": [13.25, 3.25, 13, 3.5], "rotation": 90, "texture": "#0"},
				"west": {"uv": [13.25, 2.25, 13, 3.5], "rotation": 90, "texture": "#0"},
				"up": {"uv": [13.25, 2.25, 13, 3.5], "rotation": 180, "texture": "#0"},
				"down": {"uv": [13, 2.25, 13.25, 3.5], "texture": "#0"}
			}
		},
		{
			"from": [14.5, 7.29912, 17.71467],
			"to": [15, 7.79912, 19.71467],
			"rotation": {"angle": 0, "axis": "x", "origin": [14.75, -8.39327, 3.05799]},
			"faces": {
				"north": {"uv": [14.25, 2.5, 14, 2.25], "rotation": 90, "texture": "#0"},
				"east": {"uv": [14, 1.5, 14.25, 2.5], "rotation": 270, "texture": "#0"},
				"south": {"uv": [14.25, 2.25, 14, 2.5], "rotation": 90, "texture": "#0"},
				"west": {"uv": [14.25, 1.5, 14, 2.5], "rotation": 90, "texture": "#0"},
				"up": {"uv": [14.25, 1.5, 14, 2.5], "rotation": 180, "texture": "#0"},
				"down": {"uv": [14, 1.5, 14.25, 2.5], "texture": "#0"}
			}
		},
		{
			"from": [14.5, 7.79912, 18.21467],
			"to": [15, 8.29912, 20.21467],
			"rotation": {"angle": 0, "axis": "x", "origin": [14.75, -8.39327, 3.05799]},
			"faces": {
				"north": {"uv": [14.5, 2.25, 14.25, 2], "rotation": 90, "texture": "#0"},
				"east": {"uv": [14.25, 1.25, 14.5, 2.25], "rotation": 270, "texture": "#0"},
				"south": {"uv": [14.5, 2, 14.25, 2.25], "rotation": 90, "texture": "#0"},
				"west": {"uv": [14.5, 1.25, 14.25, 2.25], "rotation": 90, "texture": "#0"},
				"up": {"uv": [14.5, 1.25, 14.25, 2.25], "rotation": 180, "texture": "#0"},
				"down": {"uv": [14.25, 1.25, 14.5, 2.25], "texture": "#0"}
			}
		},
		{
			"from": [14.5, 8.29912, 19.21467],
			"to": [15, 8.79912, 20.71467],
			"rotation": {"angle": 0, "axis": "x", "origin": [14.75, -8.39327, 3.05799]},
			"faces": {
				"north": {"uv": [14.75, 1.75, 14.5, 1.5], "rotation": 90, "texture": "#0"},
				"east": {"uv": [14.5, 1, 14.75, 1.75], "rotation": 270, "texture": "#0"},
				"south": {"uv": [14.75, 1.5, 14.5, 1.75], "rotation": 90, "texture": "#0"},
				"west": {"uv": [14.75, 1, 14.5, 1.75], "rotation": 90, "texture": "#0"},
				"up": {"uv": [14.75, 1, 14.5, 1.75], "rotation": 180, "texture": "#0"},
				"down": {"uv": [14.5, 1, 14.75, 1.75], "texture": "#0"}
			}
		},
		{
			"from": [14.5, 8.79912, 19.71467],
			"to": [15, 9.29912, 21.21467],
			"rotation": {"angle": 0, "axis": "x", "origin": [14.75, -8.39327, 3.05799]},
			"faces": {
				"north": {"uv": [15, 1.5, 14.75, 1.25], "rotation": 90, "texture": "#0"},
				"east": {"uv": [14.75, 0.75, 15, 1.5], "rotation": 270, "texture": "#0"},
				"south": {"uv": [15, 1.25, 14.75, 1.5], "rotation": 90, "texture": "#0"},
				"west": {"uv": [15, 0.75, 14.75, 1.5], "rotation": 90, "texture": "#0"},
				"up": {"uv": [15, 0.75, 14.75, 1.5], "rotation": 180, "texture": "#0"},
				"down": {"uv": [14.75, 0.75, 15, 1.5], "texture": "#0"}
			}
		},
		{
			"from": [14.5, 9.29912, 20.21467],
			"to": [15, 9.79912, 21.71467],
			"rotation": {"angle": 0, "axis": "x", "origin": [14.75, -8.39327, 3.05799]},
			"faces": {
				"north": {"uv": [15.25, 1.25, 15, 1], "rotation": 90, "texture": "#0"},
				"east": {"uv": [15, 0.5, 15.25, 1.25], "rotation": 270, "texture": "#0"},
				"south": {"uv": [15.25, 1, 15, 1.25], "rotation": 90, "texture": "#0"},
				"west": {"uv": [15.25, 0.5, 15, 1.25], "rotation": 90, "texture": "#0"},
				"up": {"uv": [15.25, 0.5, 15, 1.25], "rotation": 180, "texture": "#0"},
				"down": {"uv": [15, 0.5, 15.25, 1.25], "texture": "#0"}
			}
		},
		{
			"from": [14.5, 9.79912, 20.71467],
			"to": [15, 10.29912, 22.21467],
			"rotation": {"angle": 0, "axis": "x", "origin": [14.75, -8.39327, 3.05799]},
			"faces": {
				"north": {"uv": [15.5, 1, 15.25, 0.75], "rotation": 90, "texture": "#0"},
				"east": {"uv": [15.25, 0.25, 15.5, 1], "rotation": 270, "texture": "#0"},
				"south": {"uv": [15.5, 0.75, 15.25, 1], "rotation": 90, "texture": "#0"},
				"west": {"uv": [15.5, 0.25, 15.25, 1], "rotation": 90, "texture": "#0"},
				"up": {"uv": [15.5, 0.25, 15.25, 1], "rotation": 180, "texture": "#0"},
				"down": {"uv": [15.25, 0.25, 15.5, 1], "texture": "#0"}
			}
		},
		{
			"from": [14.5, 10.29912, 21.21467],
			"to": [15, 10.79912, 22.21467],
			"rotation": {"angle": 0, "axis": "x", "origin": [14.75, -8.39327, 3.05799]},
			"faces": {
				"north": {"uv": [15.75, 0.75, 15.5, 0.5], "rotation": 90, "texture": "#0"},
				"east": {"uv": [15.5, 0.25, 15.75, 0.75], "rotation": 270, "texture": "#0"},
				"south": {"uv": [15.75, 0.5, 15.5, 0.75], "rotation": 90, "texture": "#0"},
				"west": {"uv": [15.75, 0.25, 15.5, 0.75], "rotation": 90, "texture": "#0"},
				"up": {"uv": [15.75, 0.25, 15.5, 0.75], "rotation": 180, "texture": "#0"},
				"down": {"uv": [15.5, 0.25, 15.75, 0.75], "texture": "#0"}
			}
		},
		{
			"from": [14.5, 10.79912, 22.21467],
			"to": [15, 11.29912, 22.71467],
			"rotation": {"angle": 0, "axis": "x", "origin": [14.75, -8.39327, 3.05799]},
			"faces": {
				"north": {"uv": [16, 0.25, 15.75, 0], "rotation": 90, "texture": "#0"},
				"east": {"uv": [15.75, 0, 16, 0.25], "rotation": 270, "texture": "#0"},
				"south": {"uv": [16, 0, 15.75, 0.25], "rotation": 90, "texture": "#0"},
				"west": {"uv": [16, 0, 15.75, 0.25], "rotation": 90, "texture": "#0"},
				"up": {"uv": [16, 0, 15.75, 0.25], "rotation": 180, "texture": "#0"},
				"down": {"uv": [15.75, 0, 16, 0.25], "texture": "#0"}
			}
		},
		{
			"from": [1.5, -2.56502, 4.69403],
			"to": [2, -0.06502, 5.19403],
			"rotation": {"angle": 0, "axis": "x", "origin": [1.75, -5.39327, 9.05799]},
			"faces": {
				"north": {"uv": [9.75, 5.75, 9.5, 7], "texture": "#0"},
				"east": {"uv": [9.5, 5.75, 9.75, 7], "texture": "#0"},
				"south": {"uv": [9.5, 5.75, 9.75, 7], "texture": "#0"},
				"west": {"uv": [9.75, 5.75, 9.5, 7], "texture": "#0"},
				"up": {"uv": [9.75, 6.75, 9.5, 7], "rotation": 90, "texture": "#0"},
				"down": {"uv": [9.75, 7, 9.5, 6.75], "rotation": 270, "texture": "#0"}
			}
		},
		{
			"from": [1.5, -2.06502, 4.19403],
			"to": [2, 0.43498, 4.69403],
			"rotation": {"angle": 0, "axis": "x", "origin": [1.75, -5.39327, 9.05799]},
			"faces": {
				"north": {"uv": [10, 5.5, 9.75, 6.75], "texture": "#0"},
				"east": {"uv": [9.75, 5.5, 10, 6.75], "texture": "#0"},
				"south": {"uv": [9.75, 5.5, 10, 6.75], "texture": "#0"},
				"west": {"uv": [10, 5.5, 9.75, 6.75], "texture": "#0"},
				"up": {"uv": [10, 6.5, 9.75, 6.75], "rotation": 90, "texture": "#0"},
				"down": {"uv": [10, 6.75, 9.75, 6.5], "rotation": 270, "texture": "#0"}
			}
		},
		{
			"from": [1.5, 0.93498, 1.19403],
			"to": [2, 3.43498, 1.69403],
			"rotation": {"angle": 0, "axis": "x", "origin": [1.75, -5.39327, 9.05799]},
			"faces": {
				"north": {"uv": [11.5, 4, 11.25, 5.25], "texture": "#0"},
				"east": {"uv": [11.25, 4, 11.5, 5.25], "texture": "#0"},
				"south": {"uv": [11.25, 4, 11.5, 5.25], "texture": "#0"},
				"west": {"uv": [11.5, 4, 11.25, 5.25], "texture": "#0"},
				"up": {"uv": [11.5, 5, 11.25, 5.25], "rotation": 90, "texture": "#0"},
				"down": {"uv": [11.5, 5.25, 11.25, 5], "rotation": 270, "texture": "#0"}
			}
		},
		{
			"from": [1.5, 0.43498, 1.69403],
			"to": [2, 2.93498, 2.19403],
			"rotation": {"angle": 0, "axis": "x", "origin": [1.75, -5.39327, 9.05799]},
			"faces": {
				"north": {"uv": [11.25, 4.25, 11, 5.5], "texture": "#0"},
				"east": {"uv": [11, 4.25, 11.25, 5.5], "texture": "#0"},
				"south": {"uv": [11, 4.25, 11.25, 5.5], "texture": "#0"},
				"west": {"uv": [11.25, 4.25, 11, 5.5], "texture": "#0"},
				"up": {"uv": [11.25, 5.25, 11, 5.5], "rotation": 90, "texture": "#0"},
				"down": {"uv": [11.25, 5.5, 11, 5.25], "rotation": 270, "texture": "#0"}
			}
		},
		{
			"from": [1.5, -0.06502, 2.19403],
			"to": [2, 2.43498, 2.69403],
			"rotation": {"angle": 0, "axis": "x", "origin": [1.75, -5.39327, 9.05799]},
			"faces": {
				"north": {"uv": [11, 4.5, 10.75, 5.75], "texture": "#0"},
				"east": {"uv": [10.75, 4.5, 11, 5.75], "texture": "#0"},
				"south": {"uv": [10.75, 4.5, 11, 5.75], "texture": "#0"},
				"west": {"uv": [11, 4.5, 10.75, 5.75], "texture": "#0"},
				"up": {"uv": [11, 5.5, 10.75, 5.75], "rotation": 90, "texture": "#0"},
				"down": {"uv": [11, 5.75, 10.75, 5.5], "rotation": 270, "texture": "#0"}
			}
		},
		{
			"from": [1.5, -0.56502, 2.69403],
			"to": [2, 1.93498, 3.19403],
			"rotation": {"angle": 0, "axis": "x", "origin": [1.75, -5.39327, 9.05799]},
			"faces": {
				"north": {"uv": [10.75, 4.75, 10.5, 6], "texture": "#0"},
				"east": {"uv": [10.5, 4.75, 10.75, 6], "texture": "#0"},
				"south": {"uv": [10.5, 4.75, 10.75, 6], "texture": "#0"},
				"west": {"uv": [10.75, 4.75, 10.5, 6], "texture": "#0"},
				"up": {"uv": [10.75, 5.75, 10.5, 6], "rotation": 90, "texture": "#0"},
				"down": {"uv": [10.75, 6, 10.5, 5.75], "rotation": 270, "texture": "#0"}
			}
		},
		{
			"from": [1.5, -1.06502, 3.19403],
			"to": [2, 1.43498, 3.69403],
			"rotation": {"angle": 0, "axis": "x", "origin": [1.75, -5.39327, 9.05799]},
			"faces": {
				"north": {"uv": [10.5, 5, 10.25, 6.25], "texture": "#0"},
				"east": {"uv": [10.25, 5, 10.5, 6.25], "texture": "#0"},
				"south": {"uv": [10.25, 5, 10.5, 6.25], "texture": "#0"},
				"west": {"uv": [10.5, 5, 10.25, 6.25], "texture": "#0"},
				"up": {"uv": [10.5, 6, 10.25, 6.25], "rotation": 90, "texture": "#0"},
				"down": {"uv": [10.5, 6.25, 10.25, 6], "rotation": 270, "texture": "#0"}
			}
		},
		{
			"from": [1.5, -1.56502, 3.69403],
			"to": [2, 0.93498, 4.19403],
			"rotation": {"angle": 0, "axis": "x", "origin": [1.75, -5.39327, 9.05799]},
			"faces": {
				"north": {"uv": [10.25, 5.25, 10, 6.5], "texture": "#0"},
				"east": {"uv": [10, 5.25, 10.25, 6.5], "texture": "#0"},
				"south": {"uv": [10, 5.25, 10.25, 6.5], "texture": "#0"},
				"west": {"uv": [10.25, 5.25, 10, 6.5], "texture": "#0"},
				"up": {"uv": [10.25, 6.25, 10, 6.5], "rotation": 90, "texture": "#0"},
				"down": {"uv": [10.25, 6.5, 10, 6.25], "rotation": 270, "texture": "#0"}
			}
		},
		{
			"from": [1.5, 3.93498, -1.80597],
			"to": [2, 6.43498, -1.30597],
			"rotation": {"angle": 0, "axis": "x", "origin": [1.75, -5.39327, 9.05799]},
			"faces": {
				"north": {"uv": [13, 2.5, 12.75, 3.75], "texture": "#0"},
				"east": {"uv": [12.75, 2.5, 13, 3.75], "texture": "#0"},
				"south": {"uv": [12.75, 2.5, 13, 3.75], "texture": "#0"},
				"west": {"uv": [13, 2.5, 12.75, 3.75], "texture": "#0"},
				"up": {"uv": [13, 3.5, 12.75, 3.75], "rotation": 90, "texture": "#0"},
				"down": {"uv": [13, 3.75, 12.75, 3.5], "rotation": 270, "texture": "#0"}
			}
		},
		{
			"from": [1.5, 3.43498, -1.30597],
			"to": [2, 5.93498, -0.80597],
			"rotation": {"angle": 0, "axis": "x", "origin": [1.75, -5.39327, 9.05799]},
			"faces": {
				"north": {"uv": [12.75, 2.75, 12.5, 4], "texture": "#0"},
				"east": {"uv": [12.5, 2.75, 12.75, 4], "texture": "#0"},
				"south": {"uv": [12.5, 2.75, 12.75, 4], "texture": "#0"},
				"west": {"uv": [12.75, 2.75, 12.5, 4], "texture": "#0"},
				"up": {"uv": [12.75, 3.75, 12.5, 4], "rotation": 90, "texture": "#0"},
				"down": {"uv": [12.75, 4, 12.5, 3.75], "rotation": 270, "texture": "#0"}
			}
		},
		{
			"from": [1.5, 2.93498, -0.80597],
			"to": [2, 5.43498, -0.30597],
			"rotation": {"angle": 0, "axis": "x", "origin": [1.75, -5.39327, 9.05799]},
			"faces": {
				"north": {"uv": [12.5, 3, 12.25, 4.25], "texture": "#0"},
				"east": {"uv": [12.25, 3, 12.5, 4.25], "texture": "#0"},
				"south": {"uv": [12.25, 3, 12.5, 4.25], "texture": "#0"},
				"west": {"uv": [12.5, 3, 12.25, 4.25], "texture": "#0"},
				"up": {"uv": [12.5, 4, 12.25, 4.25], "rotation": 90, "texture": "#0"},
				"down": {"uv": [12.5, 4.25, 12.25, 4], "rotation": 270, "texture": "#0"}
			}
		},
		{
			"from": [1.5, 2.43498, -0.30597],
			"to": [2, 4.93498, 0.19403],
			"rotation": {"angle": 0, "axis": "x", "origin": [1.75, -5.39327, 9.05799]},
			"faces": {
				"north": {"uv": [12.25, 3.25, 12, 4.5], "texture": "#0"},
				"east": {"uv": [12, 3.25, 12.25, 4.5], "texture": "#0"},
				"south": {"uv": [12, 3.25, 12.25, 4.5], "texture": "#0"},
				"west": {"uv": [12.25, 3.25, 12, 4.5], "texture": "#0"},
				"up": {"uv": [12.25, 4.25, 12, 4.5], "rotation": 90, "texture": "#0"},
				"down": {"uv": [12.25, 4.5, 12, 4.25], "rotation": 270, "texture": "#0"}
			}
		},
		{
			"from": [1.5, 1.93498, 0.19403],
			"to": [2, 4.43498, 0.69403],
			"rotation": {"angle": 0, "axis": "x", "origin": [1.75, -5.39327, 9.05799]},
			"faces": {
				"north": {"uv": [12, 3.5, 11.75, 4.75], "texture": "#0"},
				"east": {"uv": [11.75, 3.5, 12, 4.75], "texture": "#0"},
				"south": {"uv": [11.75, 3.5, 12, 4.75], "texture": "#0"},
				"west": {"uv": [12, 3.5, 11.75, 4.75], "texture": "#0"},
				"up": {"uv": [12, 4.5, 11.75, 4.75], "rotation": 90, "texture": "#0"},
				"down": {"uv": [12, 4.75, 11.75, 4.5], "rotation": 270, "texture": "#0"}
			}
		},
		{
			"from": [1.5, 1.43498, 0.69403],
			"to": [2, 3.93498, 1.19403],
			"rotation": {"angle": 0, "axis": "x", "origin": [1.75, -5.39327, 9.05799]},
			"faces": {
				"north": {"uv": [11.75, 3.75, 11.5, 5], "texture": "#0"},
				"east": {"uv": [11.5, 3.75, 11.75, 5], "texture": "#0"},
				"south": {"uv": [11.5, 3.75, 11.75, 5], "texture": "#0"},
				"west": {"uv": [11.75, 3.75, 11.5, 5], "texture": "#0"},
				"up": {"uv": [11.75, 4.75, 11.5, 5], "rotation": 90, "texture": "#0"},
				"down": {"uv": [11.75, 5, 11.5, 4.75], "rotation": 270, "texture": "#0"}
			}
		},
		{
			"from": [1.5, 5.93498, -3.80597],
			"to": [2, 8.43498, -3.30597],
			"rotation": {"angle": 0, "axis": "x", "origin": [1.75, -5.39327, 9.05799]},
			"faces": {
				"north": {"uv": [14, 1.5, 13.75, 2.75], "texture": "#0"},
				"east": {"uv": [13.75, 1.5, 14, 2.75], "texture": "#0"},
				"south": {"uv": [13.75, 1.5, 14, 2.75], "texture": "#0"},
				"west": {"uv": [14, 1.5, 13.75, 2.75], "texture": "#0"},
				"up": {"uv": [14, 2.5, 13.75, 2.75], "rotation": 90, "texture": "#0"},
				"down": {"uv": [14, 2.75, 13.75, 2.5], "rotation": 270, "texture": "#0"}
			}
		},
		{
			"from": [1.5, 5.43498, -3.30597],
			"to": [2, 7.93498, -2.80597],
			"rotation": {"angle": 0, "axis": "x", "origin": [1.75, -5.39327, 9.05799]},
			"faces": {
				"north": {"uv": [13.75, 1.75, 13.5, 3], "texture": "#0"},
				"east": {"uv": [13.5, 1.75, 13.75, 3], "texture": "#0"},
				"south": {"uv": [13.5, 1.75, 13.75, 3], "texture": "#0"},
				"west": {"uv": [13.75, 1.75, 13.5, 3], "texture": "#0"},
				"up": {"uv": [13.75, 2.75, 13.5, 3], "rotation": 90, "texture": "#0"},
				"down": {"uv": [13.75, 3, 13.5, 2.75], "rotation": 270, "texture": "#0"}
			}
		},
		{
			"from": [1.5, 4.93498, -2.80597],
			"to": [2, 7.43498, -2.30597],
			"rotation": {"angle": 0, "axis": "x", "origin": [1.75, -5.39327, 9.05799]},
			"faces": {
				"north": {"uv": [13.5, 2, 13.25, 3.25], "texture": "#0"},
				"east": {"uv": [13.25, 2, 13.5, 3.25], "texture": "#0"},
				"south": {"uv": [13.25, 2, 13.5, 3.25], "texture": "#0"},
				"west": {"uv": [13.5, 2, 13.25, 3.25], "texture": "#0"},
				"up": {"uv": [13.5, 3, 13.25, 3.25], "rotation": 90, "texture": "#0"},
				"down": {"uv": [13.5, 3.25, 13.25, 3], "rotation": 270, "texture": "#0"}
			}
		},
		{
			"from": [1.5, 4.43498, -2.30597],
			"to": [2, 6.93498, -1.80597],
			"rotation": {"angle": 0, "axis": "x", "origin": [1.75, -5.39327, 9.05799]},
			"faces": {
				"north": {"uv": [13.25, 2.25, 13, 3.5], "texture": "#0"},
				"east": {"uv": [13, 2.25, 13.25, 3.5], "texture": "#0"},
				"south": {"uv": [13, 2.25, 13.25, 3.5], "texture": "#0"},
				"west": {"uv": [13.25, 2.25, 13, 3.5], "texture": "#0"},
				"up": {"uv": [13.25, 3.25, 13, 3.5], "rotation": 90, "texture": "#0"},
				"down": {"uv": [13.25, 3.5, 13, 3.25], "rotation": 270, "texture": "#0"}
			}
		},
		{
			"from": [1.5, 6.43498, -4.30597],
			"to": [2, 8.43498, -3.80597],
			"rotation": {"angle": 0, "axis": "x", "origin": [1.75, -5.39327, 9.05799]},
			"faces": {
				"north": {"uv": [14.25, 1.5, 14, 2.5], "texture": "#0"},
				"east": {"uv": [14, 1.5, 14.25, 2.5], "texture": "#0"},
				"south": {"uv": [14, 1.5, 14.25, 2.5], "texture": "#0"},
				"west": {"uv": [14.25, 1.5, 14, 2.5], "texture": "#0"},
				"up": {"uv": [14.25, 2.25, 14, 2.5], "rotation": 90, "texture": "#0"},
				"down": {"uv": [14.25, 2.5, 14, 2.25], "rotation": 270, "texture": "#0"}
			}
		},
		{
			"from": [1.5, 6.93498, -4.80597],
			"to": [2, 8.93498, -4.30597],
			"rotation": {"angle": 0, "axis": "x", "origin": [1.75, -5.39327, 9.05799]},
			"faces": {
				"north": {"uv": [14.5, 1.25, 14.25, 2.25], "texture": "#0"},
				"east": {"uv": [14.25, 1.25, 14.5, 2.25], "texture": "#0"},
				"south": {"uv": [14.25, 1.25, 14.5, 2.25], "texture": "#0"},
				"west": {"uv": [14.5, 1.25, 14.25, 2.25], "texture": "#0"},
				"up": {"uv": [14.5, 2, 14.25, 2.25], "rotation": 90, "texture": "#0"},
				"down": {"uv": [14.5, 2.25, 14.25, 2], "rotation": 270, "texture": "#0"}
			}
		},
		{
			"from": [1.5, 7.93498, -5.30597],
			"to": [2, 9.43498, -4.80597],
			"rotation": {"angle": 0, "axis": "x", "origin": [1.75, -5.39327, 9.05799]},
			"faces": {
				"north": {"uv": [14.75, 1, 14.5, 1.75], "texture": "#0"},
				"east": {"uv": [14.5, 1, 14.75, 1.75], "texture": "#0"},
				"south": {"uv": [14.5, 1, 14.75, 1.75], "texture": "#0"},
				"west": {"uv": [14.75, 1, 14.5, 1.75], "texture": "#0"},
				"up": {"uv": [14.75, 1.5, 14.5, 1.75], "rotation": 90, "texture": "#0"},
				"down": {"uv": [14.75, 1.75, 14.5, 1.5], "rotation": 270, "texture": "#0"}
			}
		},
		{
			"from": [1.5, 8.43498, -5.80597],
			"to": [2, 9.93498, -5.30597],
			"rotation": {"angle": 0, "axis": "x", "origin": [1.75, -5.39327, 9.05799]},
			"faces": {
				"north": {"uv": [15, 0.75, 14.75, 1.5], "texture": "#0"},
				"east": {"uv": [14.75, 0.75, 15, 1.5], "texture": "#0"},
				"south": {"uv": [14.75, 0.75, 15, 1.5], "texture": "#0"},
				"west": {"uv": [15, 0.75, 14.75, 1.5], "texture": "#0"},
				"up": {"uv": [15, 1.25, 14.75, 1.5], "rotation": 90, "texture": "#0"},
				"down": {"uv": [15, 1.5, 14.75, 1.25], "rotation": 270, "texture": "#0"}
			}
		},
		{
			"from": [1.5, 8.93498, -6.30597],
			"to": [2, 10.43498, -5.80597],
			"rotation": {"angle": 0, "axis": "x", "origin": [1.75, -5.39327, 9.05799]},
			"faces": {
				"north": {"uv": [15.25, 0.5, 15, 1.25], "texture": "#0"},
				"east": {"uv": [15, 0.5, 15.25, 1.25], "texture": "#0"},
				"south": {"uv": [15, 0.5, 15.25, 1.25], "texture": "#0"},
				"west": {"uv": [15.25, 0.5, 15, 1.25], "texture": "#0"},
				"up": {"uv": [15.25, 1, 15, 1.25], "rotation": 90, "texture": "#0"},
				"down": {"uv": [15.25, 1.25, 15, 1], "rotation": 270, "texture": "#0"}
			}
		},
		{
			"from": [1.5, 9.43498, -6.80597],
			"to": [2, 10.93498, -6.30597],
			"rotation": {"angle": 0, "axis": "x", "origin": [1.75, -5.39327, 9.05799]},
			"faces": {
				"north": {"uv": [15.5, 0.25, 15.25, 1], "texture": "#0"},
				"east": {"uv": [15.25, 0.25, 15.5, 1], "texture": "#0"},
				"south": {"uv": [15.25, 0.25, 15.5, 1], "texture": "#0"},
				"west": {"uv": [15.5, 0.25, 15.25, 1], "texture": "#0"},
				"up": {"uv": [15.5, 0.75, 15.25, 1], "rotation": 90, "texture": "#0"},
				"down": {"uv": [15.5, 1, 15.25, 0.75], "rotation": 270, "texture": "#0"}
			}
		},
		{
			"from": [1.5, 9.93498, -7.30597],
			"to": [2, 10.93498, -6.80597],
			"rotation": {"angle": 0, "axis": "x", "origin": [1.75, -5.39327, 9.05799]},
			"faces": {
				"north": {"uv": [15.75, 0.25, 15.5, 0.75], "texture": "#0"},
				"east": {"uv": [15.5, 0.25, 15.75, 0.75], "texture": "#0"},
				"south": {"uv": [15.5, 0.25, 15.75, 0.75], "texture": "#0"},
				"west": {"uv": [15.75, 0.25, 15.5, 0.75], "texture": "#0"},
				"up": {"uv": [15.75, 0.5, 15.5, 0.75], "rotation": 90, "texture": "#0"},
				"down": {"uv": [15.75, 0.75, 15.5, 0.5], "rotation": 270, "texture": "#0"}
			}
		},
		{
			"from": [1.5, 10.93498, -7.80597],
			"to": [2, 11.43498, -7.30597],
			"rotation": {"angle": 0, "axis": "x", "origin": [1.75, -5.39327, 9.05799]},
			"faces": {
				"north": {"uv": [16, 0, 15.75, 0.25], "texture": "#0"},
				"east": {"uv": [15.75, 0, 16, 0.25], "texture": "#0"},
				"south": {"uv": [15.75, 0, 16, 0.25], "texture": "#0"},
				"west": {"uv": [16, 0, 15.75, 0.25], "texture": "#0"},
				"up": {"uv": [16, 0, 15.75, 0.25], "rotation": 90, "texture": "#0"},
				"down": {"uv": [16, 0.25, 15.75, 0], "rotation": 270, "texture": "#0"}
			}
		}
	],
	"gui_light": "front",
	"display": {
		"thirdperson_righthand": {
			"rotation": [-112.5, 0, -45],
			"translation": [-5.75, 2.25, 3.5],
			"scale": [1.05, 1.05, 1.05]
		},
		"thirdperson_lefthand": {
			"rotation": [-112.5, 0, 45],
			"translation": [-5.75, 2.25, 3.5],
			"scale": [1.05, 1.05, 1.05]
		},
		"firstperson_righthand": {
			"rotation": [0, 0, 135],
			"translation": [-9, 3.5, 1.13],
			"scale": [0.84, 0.84, 0.84]
		},
		"firstperson_lefthand": {
			"rotation": [0, 0, -135],
			"translation": [-9, 3.5, 1.13],
			"scale": [0.84, 0.84, 0.84]
		},
		"ground": {
			"translation": [0, 2, 0],
			"scale": [0.5, 0.5, 0.5]
		},
		"gui": {
			"rotation": [0, -180, 0],
			"translation": [-3, -3, 0],
			"scale": [0.45, 0.45, 0.45]
		},
		"head": {
			"translation": [0, -30, 0],
			"scale": [1.8, 1.8, 1.8]
		},
		"fixed": {
			"translation": [4, -4, 0],
			"scale": [0.5, 0.5, 0.5]
		}
	},
	"groups": [
		{
			"name": "spike",
			"origin": [7.5, 38.5, 15.7],
			"children": [0, 1, 2, 3, 4, 5, 6, 7, 8, 9, 10, 11, 12, 13, 14, 15, 16, 17, 18, 19, 20, 21, 22, 23, 24, 25, 26, 27, 28, 29, 30, 31, 32, 33, 34, 35]
		},
		{
			"name": "spike",
			"origin": [7.5, 38.5, 15.7],
			"children": [36, 37, 38, 39, 40, 41, 42, 43, 44, 45, 46, 47, 48, 49, 50, 51, 52, 53, 54, 55, 56, 57, 58, 59, 60, 61, 62, 63, 64, 65, 66, 67, 68, 69]
		},
		{
			"name": "spike",
			"origin": [7.5, 38.5, 15.7],
			"children": [70, 71, 72, 73, 74, 75, 76, 77, 78, 79, 80, 81, 82, 83, 84, 85, 86, 87, 88, 89, 90, 91, 92, 93, 94, 95, 96, 97, 98, 99, 100, 101, 102, 103, 104]
		},
		{
			"name": "spike",
			"origin": [7.5, 38.5, 15.7],
			"children": [105, 106, 107, 108, 109, 110, 111, 112, 113, 114, 115, 116, 117, 118, 119, 120, 121, 122, 123, 124, 125, 126, 127, 128]
		},
		{
			"name": "spike",
			"origin": [7.5, 38.5, 15.7],
			"children": [129, 130, 131, 132, 133, 134, 135, 136, 137, 138, 139, 140, 141, 142, 143, 144, 145, 146, 147, 148, 149, 150, 151, 152, 153, 154]
		}
	]
}