{
    "providers": [
        {
            "type": "space",
            "advances": {
                " ": 4,
                "\u200c": 0
            }
        },
        {
            "type": "bitmap",
            "file": "icon/gavel/coin_purse.png",
			"height": 18,
            "ascent": 12,
            "chars": [
                "\u0021\u0022\u0023\u0024\u0025\u0026\u0027\u0028\u0029\u002a",
                "\u002b\u002c\u002d\u002e\u002f\u0030\u0031\u0032\u0033\u0034",
                "\u0035\u0036\u0037\u0038\u0039\u003a\u003b\u003c\u003d\u003e",
                "\u003f\u0040\u0041\u0042\u0043\u0044\u0045\u0046\u0047\u0048",
                "\u0049\u004a\u004b\u004c\u004d\u004e\u004f\u0050\u0051\u0052"
            ]
        }
    ]
}
