{
    "parent": "item/handheld",
    "textures": {
        "layer0": "item/animus"
    },"display":{
        "thirdperson_righthand": {
            "rotation": [ -10, 190, 100 ],
            "translation": [ 9, 4.4, -2.0 ],
            "scale": [ 1.5, 1.5, 0.85 ]
        },
        "thirdperson_lefthand": {
            "rotation": [ -10, 10, -100 ],
            "translation": [ 9, 4.4, -2.0 ],
            "scale": [ 1.5, 1.5, 0.85 ]
        },
        "firstperson_righthand": {
            "rotation": [ -80, 180, 90 ],
            "translation": [ 3, 3, 0 ],
            "scale": [ 1.2, 1.2, 0.68 ]
        },
        "firstperson_lefthand": {
            "rotation": [ -80, 0, 90 ],
            "translation": [ 3, 3, 0 ],
            "scale": [ 1.2, 1.2, 0.68 ]
        },
		"head": {
			"scale":[4,4,2],
			"rotation":[ 0, 0, 45]
		
		}
    }
}
