{
	"credit": "Made with Blockbench",
	"parent": "item/handheld",
	"textures": {
		"layer0": "item/animus"
	},
	"display": {
		"thirdperson_righthand": {
			"rotation": [0, -90, 55],
			"translation": [0, 9, -0.25],
			"scale": [1.5, 1.5, 0.85]
		},
		"thirdperson_lefthand": {
			"rotation": [0, 90, -55],
			"translation": [0, 9, -0.25],
			"scale": [1.5, 1.5, 0.85]
		},
		"firstperson_righthand": {
			"rotation": [0, -90, 25],
			"translation": [1.13, 4.95, 1.63],
			"scale": [1.2, 1.2, 0.68]
		},
		"firstperson_lefthand": {
			"rotation": [0, 90, -25],
			"translation": [1.13, 4.95, 1.63],
			"scale": [1.2, 1.2, 0.68]
		},
		"head": {
			"rotation": [0, 0, 45],
			"scale": [4, 4, 2]
		}
	}
}