{
	"credit": "Made with Blockbench",
	"parent": "item/handheld",
	"textures": {
		"layer0": "item/anubis_shield"
	},
	"display": {
		"thirdperson_righthand": {
			"rotation": [45, 145.75, 45],
			"translation": [5, 6, -2],
			"scale": [2, 2, 1]
		},
		"thirdperson_lefthand": {
			"rotation": [45, 145.75, -45],
			"translation": [5, 6, -2],
			"scale": [2, 2, 1]
		},
		"firstperson_righthand": {
			"rotation": [0, -180, 45],
			"scale": [0.9, 0.9, 1]
		},
		"firstperson_lefthand": {
			"rotation": [0, 180, -45],
			"scale": [0.9, 0.9, 1]
		}
	}
}