{
    "parent": "item/handheld",
    "textures": {
        "layer0": "item/aqueous"
    },
	"display": {
        "thirdperson_righthand": {
            "rotation": [ 0, -90, 55 ],
            "translation": [ 0, 8.7, 0.0 ],
            "scale": [ 1.50, 1.50, 1.10 ]
        },
        "thirdperson_lefthand": {
            "rotation": [ 0, 90, -55 ],
            "translation": [ 0, 8.7, 0.0 ],
            "scale": [ 1.50, 1.50, 1.10 ]
        },
		"firstperson_righthand":{
			"scale":[1.3,1.3,1],
			"rotation":[325,90,45],
			"translation":[0,3,0]
		},
		"firstperson_lefthand":{
			"scale":[1.3,1.3,1],
			"rotation":[60,270,45],
			"translation":[0,3,0]
		}
    }
}