{
	"credit": "Made with Blockbench",
	"parent": "item/handheld",
	"textures": {
		"layer0": "item/archaen"
	},
	"display": {
		"thirdperson_righthand": {
			"rotation": [0, -90, 55],
			"translation": [0, -1, 9],
			"scale": [1.9, 1.9, 1]
		},
		"thirdperson_lefthand": {
			"rotation": [0, 90, -55],
			"translation": [0, -1, 9],
			"scale": [1.9, 1.9, 1]
		},
		"firstperson_righthand": {
			"rotation": [0, -90, 25],
			"translation": [1.13, 3.2, 6],
			"scale": [1.48, 1.48, 0.8]
		},
		"firstperson_lefthand": {
			"rotation": [0, 90, -25],
			"translation": [1.13, 3.2, 6],
			"scale": [1.48, 1.48, 0.8]
		},
		"ground": {
			"rotation": [90, 0, 0],
			"translation": [5, 0, -5],
			"scale": [1.9, 1.9, 1]
		}
	}
}