{
	"credit": "Made with Blockbench",
	"parent": "item/handheld",
	"textures": {
		"layer0": "item/athebyne"
	},
	"display": {
		"thirdperson_righthand": {
			"rotation": [0, 90, 45],
			"translation": [0, 11.5, 1],
			"scale": [1.7, 1.7, 1]
		},
		"thirdperson_lefthand": {
			"rotation": [0, -90, -45],
			"translation": [0, 11.5, 1],
			"scale": [1.7, 1.7, 1]
		},
		"firstperson_righthand": {
			"rotation": [0, -90, 25],
			"translation": [1.13, 5.5, 2],
			"scale": [1.36, 1.36, 0.8]
		},
		"firstperson_lefthand": {
			"rotation": [0, 90, -25],
			"translation": [1.13, 5.5, 2],
			"scale": [1.36, 1.36, 0.8]
		},
		"ground": {
			"rotation": [90, 0, 0],
			"scale": [1.7, 1.7, 1]
		},
		"head": {
			"rotation": [90, 0, 0],
			"translation": [0, -15, 0],
			"scale": [3, 3, 1]
		}
	}
}