{
    "parent": "item/generated",
    "textures": {
        "layer0": "item/barrier"
    },
	"overrides":[
	{"predicate":{"custom_model_data":2},"model":"entity/mimic/mimic"},
	{"predicate":{"custom_model_data":3},"model":"entity/mimic/mimic_hurt"},
	{"predicate":{"custom_model_data":4},"model":"entity/mummy/mummy"},
	{"predicate":{"custom_model_data":5},"model":"entity/mummy/mummy_hurt"},
	{"predicate":{"custom_model_data":6},"model":"entity/mummy/mummy_walking"},
	{"predicate":{"custom_model_data":7},"model":"entity/mummy/mummy_hand"},
	{"predicate":{"custom_model_data":8},"model":"entity/boo/boo"},
	{"predicate":{"custom_model_data":9},"model":"entity/miikun/head"},
	{"predicate":{"custom_model_data":10},"model":"entity/miikun/head_sad"},
	{"predicate":{"custom_model_data":11},"model":"entity/miikun/head_smile"},
	{"predicate":{"custom_model_data":12},"model":"entity/miikun/body"},
	{"predicate":{"custom_model_data":13},"model":"entity/miikun/trip"},
	{"predicate":{"custom_model_data":14},"model":"entity/tinyt/tinyt_normal"},
	{"predicate":{"custom_model_data":15},"model":"entity/tinyt/tinyt_jump"},
	{"predicate":{"custom_model_data":16},"model":"entity/tinyt/tinyt_land"},
	{"predicate":{"custom_model_data":17},"model":"entity/bob_the_snail/bob_snail"},
	{"predicate":{"custom_model_data":18},"model":"entity/bob_the_snail/bob_snail_wall_down"},
	{"predicate":{"custom_model_data":19},"model":"entity/bob_the_snail/bob_snail_wall_up"}
	
	]
}
