{
    "parent": "item/handheld_rod",
    "textures": {
        "layer0": "item/carrot_on_a_stick"
    },
	"overrides":[
	{"predicate":{"custom_model_data":1},"model":"item/hidden"},
	{"predicate":{"custom_model_data":960001},"model":"item/ff7/buster_sword"},
	{"predicate":{"custom_model_data":960002},"model":"item/ff7/masamune"},
	{"predicate":{"custom_model_data":960003},"model":"item/ff7/fusion_sword"},
	{"predicate":{"custom_model_data":960004},"model":"item/ff7/fusion_sword_1"},
	{"predicate":{"custom_model_data":960005},"model":"item/ff7/fusion_sword_2"},
	{"predicate":{"custom_model_data":960006},"model":"item/ff7/fusion_sword_3"},
	{"predicate":{"custom_model_data":960007},"model":"item/ff7/fusion_sword_4"},
	{"predicate":{"custom_model_data":960008},"model":"item/magic_items/halimori"},
	{"predicate":{"custom_model_data":1519010},"model":"item/halicord"},
	{"predicate":{"custom_model_data":1519011},"model":"item/halicord/hidden"},
	{"predicate":{"custom_model_data":1519012},"model":"item/halicord/phantom"},
	{"predicate":{"custom_model_data":1519013},"model":"item/halicord/spell"},
	{"predicate":{"custom_model_data":1519014},"model":"item/halicord/guillotine_end"},
	{"predicate":{"custom_model_data":1519020},"model":"item/demori"},
	{"predicate":{"custom_model_data":1519021},"model":"item/demori/razor"},
	{"predicate":{"custom_model_data":1519022},"model":"item/demori/spear"},
	{"predicate":{"custom_model_data":1519023},"model":"item/demori/strike"},
	{"predicate":{"custom_model_data":1519030},"model":"item/animus"},
	{"predicate":{"custom_model_data":1519040},"model":"item/verdantia"},
	{"predicate":{"custom_model_data":1519060},"model":"item/scormita"},
	{"predicate":{"custom_model_data":1519061},"model":"item/scormita/fire"},
	{"predicate":{"custom_model_data":1519062},"model":"item/scormita/open"},
	{"predicate":{"custom_model_data":15190110},"model":"item/chronome"},
	{"predicate":{"custom_model_data":15190140},"model":"item/tohruvan"},
	{"predicate":{"custom_model_data":15190290},"model":"item/soulseeker/katana"},
	{"predicate":{"custom_model_data":15190291},"model":"item/soulseeker/scythe"}
	]
}
