{
    "parent": "item/handheld_rod",
    "textures": {
        "layer0": "item/carrot_on_a_stick"
    },
	"overrides":[
	{"predicate":{"custom_model_data":1},"model":"item/hidden"},
	{"predicate":{"custom_model_data":2},"model":"item/diamond_sword"},
	{"predicate":{"custom_model_data":690001},"model":"item/glass_gauntlet/flags/ace/gauntlet"},
	{"predicate":{"custom_model_data":690002},"model":"item/glass_gauntlet/flags/ace/crystal"},
	{"predicate":{"custom_model_data":690003},"model":"item/halicord/skins/halloween"},
	{"predicate":{"custom_model_data":690004},"model":"item/halicord/skins/halloween/hidden"},
	{"predicate":{"custom_model_data":690005},"model":"item/halicord/skins/halloween/phantom"},
	{"predicate":{"custom_model_data":690006},"model":"item/halicord/skins/halloween/spell"},
	{"predicate":{"custom_model_data":690007},"model":"item/halicord/skins/halloween/guillotine_end"},
	{"predicate":{"custom_model_data":690008},"model":"item/animus/skins/halloween"},
	{"predicate":{"custom_model_data":690009},"model":"item/demori/skins/halloween"},
	{"predicate":{"custom_model_data":690010},"model":"item/demori/skins/halloween/razor"},
	{"predicate":{"custom_model_data":690011},"model":"item/demori/skins/halloween/spear"},
	{"predicate":{"custom_model_data":690012},"model":"item/demori/skins/halloween/strike"},
	{"predicate":{"custom_model_data":690013},"model":"item/demori/skins/halicord"},
	{"predicate":{"custom_model_data":690014},"model":"item/demori/skins/halicord/razor"},
	{"predicate":{"custom_model_data":690015},"model":"item/demori/skins/halicord/spear"},
	{"predicate":{"custom_model_data":690016},"model":"item/demori/skins/halicord/strike"},
	{"predicate":{"custom_model_data":690017},"model":"item/verdantia/skins/halloween"},
	{"predicate":{"custom_model_data":690018},"model":"item/verdantia/skins/halloween/hidden"},
	{"predicate":{"custom_model_data":690019},"model":"item/animus/skins/halloween/portal"},
	{"predicate":{"custom_model_data":690020},"model":"item/soulseeker/skins/original_color_scheme/nagamaki"},
	{"predicate":{"custom_model_data":690021},"model":"item/soulseeker/skins/original_color_scheme/scythe"},
	{"predicate":{"custom_model_data":690022},"model":"item/soulseeker/skins/retro/katana"},
	{"predicate":{"custom_model_data":690023},"model":"item/soulseeker/skins/retro/scythe"},
	
	{"predicate":{"custom_model_data":960001},"model":"item/ff7/buster_sword"},
	{"predicate":{"custom_model_data":960002},"model":"item/ff7/masamune"},
	{"predicate":{"custom_model_data":960003},"model":"item/ff7/fusion_sword"},
	{"predicate":{"custom_model_data":960004},"model":"item/ff7/fusion_sword_1"},
	{"predicate":{"custom_model_data":960005},"model":"item/ff7/fusion_sword_2"},
	{"predicate":{"custom_model_data":960006},"model":"item/ff7/fusion_sword_3"},
	{"predicate":{"custom_model_data":960007},"model":"item/ff7/fusion_sword_4"},
	{"predicate":{"custom_model_data":960008},"model":"item/magic_items/halimori"},
	{"predicate":{"custom_model_data":960009},"model":"item/kill_la_kill/red_rending_scissor"},
	{"predicate":{"custom_model_data":960010},"model":"item/kill_la_kill/red_rending_scissor_decapitator"},
	{"predicate":{"custom_model_data":960011},"model":"item/kill_la_kill/purple_rending_scissor"},
	{"predicate":{"custom_model_data":960012},"model":"item/kill_la_kill/purple_rending_scissor_reaper"},
	{"predicate":{"custom_model_data":960013},"model":"item/kill_la_kill/red_rending_scissor_alt"},
	{"predicate":{"custom_model_data":960014},"model":"item/kill_la_kill/red_rending_scissor_alt_decapitator"},
	{"predicate":{"custom_model_data":960015},"model":"item/feth_hero_relics/sacred_dragon_sign"},
	{"predicate":{"custom_model_data":960016},"model":"item/feth_hero_relics/sotc_inactive"},
	{"predicate":{"custom_model_data":960017},"model":"item/feth_hero_relics/sotc_active"},
	{"predicate":{"custom_model_data":960018},"model":"item/feth_hero_relics/aymr_inactive"},
	{"predicate":{"custom_model_data":960019},"model":"item/feth_hero_relics/aymr_active"},
	{"predicate":{"custom_model_data":960020},"model":"item/feth_hero_relics/areadbhar_inactive"},
	{"predicate":{"custom_model_data":960021},"model":"item/feth_hero_relics/areadbhar_active"},
	{"predicate":{"custom_model_data":960024},"model":"item/dnangel/niwa_feather"},
	{"predicate":{"custom_model_data":960025},"model":"item/dnangel/hikari_feather"},
	{"predicate":{"custom_model_data":960026},"model":"item/dnangel/rutile_of_grief"},
	{"predicate":{"custom_model_data":960027},"model":"item/dnangel/commissioners_axe"},
	{"predicate":{"custom_model_data":960028},"model":"item/dnangel/wedge_of_time"},
	{"predicate":{"custom_model_data":960029},"model":"item/kill_la_kill/bakuzan"},
	{"predicate":{"custom_model_data":960030},"model":"item/magic_items/nil_sanguis"},
	{"predicate":{"custom_model_data":960031},"model":"item/magic_items/yoru"},
	
	{"predicate":{"custom_model_data":1119000},"model":"item/commander_soul/ashen"},
	{"predicate":{"custom_model_data":1119001},"model":"item/commander_soul/precious"},
	{"predicate":{"custom_model_data":1119002},"model":"item/commander_soul/ancient"},
	{"predicate":{"custom_model_data":1119003},"model":"item/commander_soul/legendary"},
	{"predicate":{"custom_model_data":1119004},"model":"item/commander_soul/shining"},
	
	{"predicate":{"custom_model_data":1119010},"model":"item/halicord/tiers/tier1"},
	{"predicate":{"custom_model_data":1119011},"model":"item/halicord/tiers/hidden/tier1"},
	{"predicate":{"custom_model_data":1119012},"model":"item/halicord/tiers/guillotine/tier1"},
	{"predicate":{"custom_model_data":1119030},"model":"item/animus/tiers/tier1"},
	{"predicate":{"custom_model_data":1119110},"model":"item/chronome/tiers/tier1"},
	
	{"predicate":{"custom_model_data":1219010},"model":"item/halicord/tiers/tier2"},
	{"predicate":{"custom_model_data":1219011},"model":"item/halicord/tiers/hidden/tier2"},
	{"predicate":{"custom_model_data":1219012},"model":"item/halicord/tiers/guillotine/tier2"},
	{"predicate":{"custom_model_data":1219030},"model":"item/animus/tiers/tier2"},
	{"predicate":{"custom_model_data":1219110},"model":"item/chronome/tiers/tier2"},
	
	{"predicate":{"custom_model_data":1319010},"model":"item/halicord/tiers/tier3"},
	{"predicate":{"custom_model_data":1319011},"model":"item/halicord/tiers/hidden/tier3"},
	{"predicate":{"custom_model_data":1319012},"model":"item/halicord/tiers/guillotine/tier3"},
	{"predicate":{"custom_model_data":1319030},"model":"item/animus/tiers/tier3"},
	{"predicate":{"custom_model_data":1319110},"model":"item/chronome/tiers/tier3"},
	
	{"predicate":{"custom_model_data":1419010},"model":"item/halicord/tiers/tier4"},
	{"predicate":{"custom_model_data":1419011},"model":"item/halicord/tiers/hidden/tier4"},
	{"predicate":{"custom_model_data":1419012},"model":"item/halicord/tiers/guillotine/tier4"},
	{"predicate":{"custom_model_data":1419030},"model":"item/animus/tiers/tier4"},
	{"predicate":{"custom_model_data":1419110},"model":"item/chronome/tiers/tier4"},
	
	{"predicate":{"custom_model_data":1519010},"model":"item/halicord"},
	{"predicate":{"custom_model_data":1519011},"model":"item/halicord/hidden"},
	{"predicate":{"custom_model_data":1519012},"model":"item/halicord/phantom"},
	{"predicate":{"custom_model_data":1519013},"model":"item/halicord/spell"},
	{"predicate":{"custom_model_data":1519014},"model":"item/halicord/guillotine_end"},
	{"predicate":{"custom_model_data":1519020},"model":"item/demori"},
	{"predicate":{"custom_model_data":1519021},"model":"item/demori/razor"},
	{"predicate":{"custom_model_data":1519022},"model":"item/demori/spear"},
	{"predicate":{"custom_model_data":1519023},"model":"item/demori/strike"},
	{"predicate":{"custom_model_data":1519030},"model":"item/animus"},
	{"predicate":{"custom_model_data":1519031},"model":"item/animus/portal"},
	{"predicate":{"custom_model_data":1519040},"model":"item/verdantia"},
	{"predicate":{"custom_model_data":1519041},"model":"item/verdantia/hidden"},
	{"predicate":{"custom_model_data":1519060},"model":"item/scormita"},
	{"predicate":{"custom_model_data":1519061},"model":"item/scormita/fire"},
	{"predicate":{"custom_model_data":1519062},"model":"item/scormita/open"},
	{"predicate":{"custom_model_data":1519070},"model":"item/archaen"},
	{"predicate":{"custom_model_data":1519080},"model":"item/dioxin"},
	{"predicate":{"custom_model_data":15190110},"model":"item/chronome"},
	{"predicate":{"custom_model_data":15190111},"model":"item/chronome/hand_haste"},
	{"predicate":{"custom_model_data":15190112},"model":"item/chronome/hand_stop"},
	{"predicate":{"custom_model_data":15190113},"model":"item/chronome/hand_strike"},
	{"predicate":{"custom_model_data":15190120},"model":"item/anubis"},
	{"predicate":{"custom_model_data":15190140},"model":"item/tohruvan"},
	{"predicate":{"custom_model_data":15190150},"model":"item/aqueous"},
	{"predicate":{"custom_model_data":15190151},"model":"item/aqueous/wave"},
	{"predicate":{"custom_model_data":15190152},"model":"item/aqueous/water"},
	{"predicate":{"custom_model_data":15190170},"model":"item/perenia"},
	{"predicate":{"custom_model_data":15190180},"model":"item/enterra"},
	{"predicate":{"custom_model_data":15190190},"model":"item/trilux"},
	{"predicate":{"custom_model_data":15190220},"model":"item/rimlash"},
	{"predicate":{"custom_model_data":15190230},"model":"item/kazephyr"},
	{"predicate":{"custom_model_data":15190231},"model":"item/kazephyr/hidden"},
	{"predicate":{"custom_model_data":15190240},"model":"item/athebyne"},
	{"predicate":{"custom_model_data":15190250},"model":"item/origanta/star"},
	{"predicate":{"custom_model_data":15190260},"model":"item/ninja_wraps"},
	{"predicate":{"custom_model_data":15190280},"model":"item/exiku"},
	{"predicate":{"custom_model_data":15190290},"model":"item/soulseeker/nagamaki"},
	{"predicate":{"custom_model_data":15190291},"model":"item/soulseeker/scythe"},
	{"predicate":{"custom_model_data":15190301},"model":"item/arrohel/arrow"},
	{"predicate":{"custom_model_data":15190320},"model":"item/genesis"},
	{"predicate":{"custom_model_data":15190330},"model":"item/gavel/revolver"},
	{"predicate":{"custom_model_data":15190331},"model":"item/gavel/coin"},
	{"predicate":{"custom_model_data":15190332},"model":"item/gavel/minigun"},
	{"predicate":{"custom_model_data":15190360},"model":"item/copy"},
	{"predicate":{"custom_model_data":15190380},"model":"item/glass_gauntlet"},
	{"predicate":{"custom_model_data":15190381},"model":"item/glass_gauntlet/crystal"},
	{"predicate":{"custom_model_data":15190390},"model":"item/desolation"},
	{"predicate":{"custom_model_data":15190410},"model":"item/ragnar"},
	
	{"predicate":{"custom_model_data":15194000},"model":"item/erraticus/deck"},
	{"predicate":{"custom_model_data":15194001},"model":"item/erraticus/base"},
	{"predicate":{"custom_model_data":15194002},"model":"item/erraticus/suites/coin/ace"},
	{"predicate":{"custom_model_data":15194011},"model":"item/erraticus/suites/coin/10"},
	{"predicate":{"custom_model_data":15194015},"model":"item/erraticus/suites/cup/ace"},
	{"predicate":{"custom_model_data":15194016},"model":"item/erraticus/suites/cup/two"},
	{"predicate":{"custom_model_data":15194017},"model":"item/erraticus/suites/cup/three"},
	{"predicate":{"custom_model_data":15194018},"model":"item/erraticus/suites/cup/four"},
	{"predicate":{"custom_model_data":15194019},"model":"item/erraticus/suites/cup/five"},
	{"predicate":{"custom_model_data":15194029},"model":"item/erraticus/suites/sword/ace"},
	{"predicate":{"custom_model_data":15194043},"model":"item/erraticus/suites/wand/ace"},
	{"predicate":{"custom_model_data":15194044},"model":"item/erraticus/suites/wand/two"}
	]
}
