{
    "parent": "item/handheld_rod",
    "textures": {
        "layer0": "item/carrot_on_a_stick"
    },
	"overrides":[
	{"predicate":{"custom_model_data":1},"model":"item/nothing"},
	{"predicate":{"custom_model_data":2},"model":"item/nether_mirror_overworld"},
	{"predicate":{"custom_model_data":3},"model":"item/liintas"},
	{"predicate":{"custom_model_data":4},"model":"item/sword_of_spirit"},
	{"predicate":{"custom_model_data":5},"model":"item/end_mirror_overworld"},
	{"predicate":{"custom_model_data":6},"model":"item/bloodcleaver"},
	{"predicate":{"custom_model_data":7},"model":"item/riftmaker"},
	{"predicate":{"custom_model_data":8},"model":"item/overworld_mirror"},
	{"predicate":{"custom_model_data":9},"model":"item/venom_thread"},
	{"predicate":{"custom_model_data":10},"model":"item/mummy_crook"},
	{"predicate":{"custom_model_data":11},"model":"item/boos_candle"},
	{"predicate":{"custom_model_data":12},"model":"item/laser_drill"},
	{"predicate":{"custom_model_data":13},"model":"item/ore_scanner"},
	{"predicate":{"custom_model_data":14},"model":"item/spiker_axe"},
	{"predicate":{"custom_model_data":15},"model":"item/water_charm"},
	{"predicate":{"custom_model_data":16},"model":"item/miikuns_coffin"},
	{"predicate":{"custom_model_data":17},"model":"item/armor_breaker"},
	{"predicate":{"custom_model_data":18},"model":"item/horseslayer"},
	{"predicate":{"custom_model_data":19, "damage": 0.0},"model":"item/feth_hero_relics/areadbhar_inactive"},
	{"predicate":{"custom_model_data":19, "damage": 1.0},"model":"item/feth_hero_relics/areadbhar_active"},
	{"predicate":{"custom_model_data":20, "damage": 0.0},"model":"item/feth_hero_relics/aymr_inactive"},
	{"predicate":{"custom_model_data":20, "damage": 1.0},"model":"item/feth_hero_relics/aymr_active"},
	{"predicate":{"custom_model_data":21, "damage": 0.0},"model":"item/feth_hero_relics/sotc_inactive"},
	{"predicate":{"custom_model_data":21, "damage": 1.0},"model":"item/feth_hero_relics/sotc_active"},
	{"predicate":{"custom_model_data":22, "damage": 0.0},"model":"item/feth_hero_relics/failnaught_inactive_0"},
	{"predicate":{"custom_model_data":22, "damage": 0.33},"model":"item/feth_hero_relics/failnaught_inactive_1"},
	{"predicate":{"custom_model_data":22, "damage": 0.66},"model":"item/feth_hero_relics/failnaught_inactive_2"},
	{"predicate":{"custom_model_data":22, "damage": 0.99},"model":"item/feth_hero_relics/failnaught_inactive_3"},
	{"predicate":{"custom_model_data":23, "damage": 0.0},"model":"item/feth_hero_relics/failnaught_active_0"},
	{"predicate":{"custom_model_data":23, "damage": 0.2},"model":"item/feth_hero_relics/failnaught_active_1"},
	{"predicate":{"custom_model_data":23, "damage": 0.4},"model":"item/feth_hero_relics/failnaught_active_2"},
	{"predicate":{"custom_model_data":23, "damage": 0.6},"model":"item/feth_hero_relics/failnaught_active_3"},
	{"predicate":{"custom_model_data":23, "damage": 0.8},"model":"item/feth_hero_relics/failnaught_active_4"},
	{"predicate":{"custom_model_data":23, "damage": 1.0},"model":"item/feth_hero_relics/failnaught_active_5"},
	{"predicate":{"custom_model_data":24, "damage": 0.0},"model":"item/feth_hero_relics/thunderbrand_inactive"},
	{"predicate":{"custom_model_data":24, "damage": 1.0},"model":"item/feth_hero_relics/thunderbrand_active"},
	{"predicate":{"custom_model_data":25, "damage": 0.0},"model":"item/feth_hero_relics/luin_inactive"},
	{"predicate":{"custom_model_data":25, "damage": 1.0},"model":"item/feth_hero_relics/luin_active"},
	{"predicate":{"custom_model_data":28, "damage": 0.0},"model":"item/feth_hero_relics/blutgang_inactive"},
	{"predicate":{"custom_model_data":28, "damage": 1.0},"model":"item/feth_hero_relics/blutgang_active"},
	{"predicate":{"custom_model_data":29, "damage": 0.0},"model":"item/feth_hero_relics/rafail_gem_inactive"},
	{"predicate":{"custom_model_data":29, "damage": 1.0},"model":"item/feth_hero_relics/rafail_gem_active"},
	{"predicate":{"custom_model_data":30, "damage": 0.0},"model":"item/feth_hero_relics/thyrsus_inactive"},
	{"predicate":{"custom_model_data":30, "damage": 1.0},"model":"item/feth_hero_relics/thyrsus_active"},
	{"predicate":{"custom_model_data":31, "damage": 0.0},"model":"item/feth_hero_relics/fetters_of_dromi_inactive"},
	{"predicate":{"custom_model_data":31, "damage": 1.0},"model":"item/feth_hero_relics/fetters_of_dromi_active"},
	{"predicate":{"custom_model_data":32, "damage": 0.0},"model":"item/feth_hero_relics/crusher_inactive"},
	{"predicate":{"custom_model_data":32, "damage": 1.0},"model":"item/feth_hero_relics/crusher_active"},
	{"predicate":{"custom_model_data":33, "damage": 0.0},"model":"item/feth_hero_relics/freikugel_inactive"},
	{"predicate":{"custom_model_data":33, "damage": 1.0},"model":"item/feth_hero_relics/freikugel_active"},
	{"predicate":{"custom_model_data":34, "damage": 0.0},"model":"item/feth_hero_relics/lance_of_ruin_inactive"},
	{"predicate":{"custom_model_data":34, "damage": 1.0},"model":"item/feth_hero_relics/lance_of_ruin_active"},
	{"predicate":{"custom_model_data":35, "damage": 0.0},"model":"item/feth_hero_relics/vajra_mushti_inactive"},
	{"predicate":{"custom_model_data":35, "damage": 1.0},"model":"item/feth_hero_relics/vajra_mushti_active"},
	{"predicate":{"custom_model_data":36},"model":"item/feth_hero_relics/sacred_dragon_sign"},
	{"predicate":{"custom_model_data":37},"model":"item/dehydration_staff"},
	{"predicate":{"custom_model_data":38},"model":"item/dehydration_cube"},
	{"predicate":{"custom_model_data":39},"model":"item/lodestone_rod"},
	{"predicate":{"custom_model_data":40},"model":"item/the_forbidden_blade"},
	{"predicate":{"custom_model_data":41},"model":"item/tomes/tome"},
	{"predicate":{"custom_model_data":42},"model":"item/tomes/xp_crystal"},
	{"predicate":{"custom_model_data":43},"model":"item/masamune"},
	{"predicate":{"custom_model_data":44, "damage":0.0},"model":"item/zenith/zenith"},
	{"predicate":{"custom_model_data":44, "damage":0.04},"model":"item/zenith/bee_keeper"},
	{"predicate":{"custom_model_data":44, "damage":0.08},"model":"item/zenith/blade_of_grass"},
	{"predicate":{"custom_model_data":44, "damage":0.12},"model":"item/zenith/blood_butcherer"},
	{"predicate":{"custom_model_data":44, "damage":0.16},"model":"item/zenith/copper_shortsword"},
	{"predicate":{"custom_model_data":44, "damage":0.20},"model":"item/zenith/enchanted_sword"},
	{"predicate":{"custom_model_data":44, "damage":0.24},"model":"item/zenith/excalibur"},
	{"predicate":{"custom_model_data":44, "damage":0.28},"model":"item/zenith/fiery_greatsword"},
	{"predicate":{"custom_model_data":44, "damage":0.32},"model":"item/zenith/influx_waver"},
	{"predicate":{"custom_model_data":44, "damage":0.36},"model":"item/zenith/lights_bane"},
	{"predicate":{"custom_model_data":44, "damage":0.40},"model":"item/zenith/meowmere"},
	{"predicate":{"custom_model_data":44, "damage":0.44},"model":"item/zenith/muramasa"},
	{"predicate":{"custom_model_data":44, "damage":0.48},"model":"item/zenith/nights_edge"},
	{"predicate":{"custom_model_data":44, "damage":0.52},"model":"item/zenith/seedler"},
	{"predicate":{"custom_model_data":44, "damage":0.56},"model":"item/zenith/star_wrath"},
	{"predicate":{"custom_model_data":44, "damage":0.60},"model":"item/zenith/starfury"},
	{"predicate":{"custom_model_data":44, "damage":0.64},"model":"item/zenith/terra_blade"},
	{"predicate":{"custom_model_data":44, "damage":0.68},"model":"item/zenith/terragrim"},
	{"predicate":{"custom_model_data":44, "damage":0.72},"model":"item/zenith/the_horsemans_blade"},
	{"predicate":{"custom_model_data":44, "damage":0.76},"model":"item/zenith/tizona"},
	{"predicate":{"custom_model_data":44, "damage":0.80},"model":"item/zenith/true_excalibur"},
	{"predicate":{"custom_model_data":44, "damage":0.84},"model":"item/zenith/true_nights_edge"},
	{"predicate":{"custom_model_data":44, "damage":1.0},"model":"item/zenith/zenith_hidden"},
	{"predicate":{"custom_model_data":807010},"model":"item/soulseeker_katana"},
	{"predicate":{"custom_model_data":807011},"model":"item/soulseeker_scythe"},
	{"predicate":{"custom_model_data":807040},"model":"item/genesis"},
	{"predicate":{"custom_model_data":807100},"model":"item/glass_gauntlet"},
	{"predicate":{"custom_model_data":807101},"model":"item/glass_gauntlet_crystal"},
	{"predicate":{"custom_model_data":807110},"model":"item/desolation"},
	{"predicate":{"custom_model_data":807111},"model":"item/desolation_glow"},
	{"predicate":{"custom_model_data":807112},"model":"item/desolation_block"},
	{"predicate":{"custom_model_data":807130},"model":"item/ragnar_0"},
	{"predicate":{"custom_model_data":807131},"model":"item/ragnar_1"},
	{"predicate":{"custom_model_data":807132},"model":"item/ragnar_2"},
	{"predicate":{"custom_model_data":807133},"model":"item/ragnar_3"},
	{"predicate":{"custom_model_data":807134},"model":"item/ragnar_4"},
	{"predicate":{"custom_model_data":807135},"model":"item/ragnar_5"},
	{"predicate":{"custom_model_data":807136},"model":"item/ragnar_6"},
	{"predicate":{"custom_model_data":807137},"model":"item/ragnar_7"},
	{"predicate":{"custom_model_data":807138},"model":"item/ragnar_8"},
	{"predicate":{"custom_model_data":1519010},"model":"item/halicord"},
	{"predicate":{"custom_model_data":1519011},"model":"item/halicord_spell"},
	{"predicate":{"custom_model_data":1519012},"model":"item/halicord_guillotine"},
	{"predicate":{"custom_model_data":1519013},"model":"item/halicord_phantom"},
	{"predicate":{"custom_model_data":1519014},"model":"item/halicord_uppercut"},
	{"predicate":{"custom_model_data":1519022},"model":"item/demori"},
	{"predicate":{"custom_model_data":1519023},"model":"item/demori_forcefield"},
	{"predicate":{"custom_model_data":1519024},"model":"item/demori_razor"},
	{"predicate":{"custom_model_data":1519025},"model":"item/demori_razor2"},
	{"predicate":{"custom_model_data":1519026},"model":"item/demori_spear"},
	{"predicate":{"custom_model_data":1519027},"model":"item/demori_counter"},
	{"predicate":{"custom_model_data":1519030},"model":"item/animus"},
	{"predicate":{"custom_model_data":1519031},"model":"item/animus_summon"},
	{"predicate":{"custom_model_data":1519032},"model":"item/animus_claw"},
	{"predicate":{"custom_model_data":1519033},"model":"item/animus_bone"},
	{"predicate":{"custom_model_data":1519040},"model":"item/verdantia"},
	{"predicate":{"custom_model_data":1519041},"model":"item/verdantia_invisible"},
	{"predicate":{"custom_model_data":1519080},"model":"item/dioxin"},
	{"predicate":{"custom_model_data":1519081},"model":"item/dioxin_widow"},
	{"predicate":{"custom_model_data":1519082},"model":"item/dioxin_widow_2"},
	{"predicate":{"custom_model_data":1519083},"model":"item/dioxin_widower"},
	{"predicate":{"custom_model_data":1519084},"model":"item/dioxin_widower_2"},
	{"predicate":{"custom_model_data":1519085},"model":"item/dioxin_widower_3"},
	{"predicate":{"custom_model_data":1519086},"model":"item/dioxin_sting"},
	{"predicate":{"custom_model_data":1519087},"model":"item/dioxin_water"},
	{"predicate":{"custom_model_data":15190110},"model":"item/chronome"},
	{"predicate":{"custom_model_data":15190111},"model":"item/chronome_haste"},
	{"predicate":{"custom_model_data":15190120},"model":"item/anubis"},
	{"predicate":{"custom_model_data":15190121},"model":"item/anubis_staff"},
	{"predicate":{"custom_model_data":15190122},"model":"item/anubis_staff_twirl"},
	{"predicate":{"custom_model_data":15190124},"model":"item/anubis_eye"},
	{"predicate":{"custom_model_data":15190140},"model":"item/tohruvan"},
	{"predicate":{"custom_model_data":15190150},"model":"item/aqueous"},
	{"predicate":{"custom_model_data":15190151},"model":"item/aqueous_wave"},
	{"predicate":{"custom_model_data":15190152},"model":"item/aqueous_water"},
	{"predicate":{"custom_model_data":15190170},"model":"item/perenia"},
	{"predicate":{"custom_model_data":15190171},"model":"item/perenia_seizure_vine"},
	{"predicate":{"custom_model_data":15190172},"model":"item/perenia_seizure_ground"},
	{"predicate":{"custom_model_data":15190173},"model":"item/perenia_seizure_wrap"},
	{"predicate":{"custom_model_data":15190174},"model":"item/perenia_leaf"},
	{"predicate":{"custom_model_data":15190175},"model":"item/perenia_lance_shaft"},
	{"predicate":{"custom_model_data":15190176},"model":"item/perenia_lance_head"},
	{"predicate":{"custom_model_data":15190177, "damage": 0.04},"model":"item/perenia_flower_base"},
	{"predicate":{"custom_model_data":15190177, "damage": 0.08},"model":"item/perenia_flower_grow_atk"},
	{"predicate":{"custom_model_data":15190177, "damage": 0.16},"model":"item/perenia_flower_grow_heal"},
	{"predicate":{"custom_model_data":15190177, "damage": 0.20},"model":"item/perenia_flower_atk"},
	{"predicate":{"custom_model_data":15190177, "damage": 0.24},"model":"item/perenia_flower_heal"},
	{"predicate":{"custom_model_data":15190180},"model":"item/enterra"},
	{"predicate":{"custom_model_data":15190220},"model":"item/rimlash"},
	{"predicate":{"custom_model_data":15190221},"model":"item/rimlash_icicle"},
	{"predicate":{"custom_model_data":15190222},"model":"item/rimlash_ice_visual"},
	{"predicate":{"custom_model_data":15190223},"model":"item/rimlash_frozen"},
	{"predicate":{"custom_model_data":15190230},"model":"item/kazephyr"},
	{"predicate":{"custom_model_data":15190231},"model":"item/kazephyr_hidden"},
	{"predicate":{"custom_model_data":15190240},"model":"item/draco_cutter"},
	{"predicate":{"custom_model_data":15190280},"model":"item/exiku"},
	{"predicate":{"custom_model_data":15190281},"model":"item/exiku_portal"},
	{"predicate":{"custom_model_data":15190282},"model":"item/exiku_nether"},
	{"predicate":{"custom_model_data":15190283},"model":"item/exiku_end"},
	{"predicate":{"custom_model_data":15190284},"model":"item/exiku_guard"},
	{"predicate":{"custom_model_data":15190285},"model":"item/exiku_invisible"},
	{"predicate":{"custom_model_data":15190286},"model":"item/exiku_sword"}
	]
}
