{
    "parent": "item/handheld_rod",
    "textures": {
        "layer0": "item/carrot_on_a_stick"
    },
	"overrides":[
	{"predicate":{"custom_model_data":1},"model":"item/hidden"},
	{"predicate":{"custom_model_data":2},"model":"item/diamond_sword"},
	{"predicate":{"custom_model_data":3},"model":"item/magic_items/negative_sword"},
		
	{"predicate":{"custom_model_data":201800},"model":"item/terraria/zenith"},
	{"predicate":{"custom_model_data":201801},"model":"item/terraria/zenith/hidden"},
	{"predicate":{"custom_model_data":201802},"model":"item/terraria/zenith/bee_keeper"},
	{"predicate":{"custom_model_data":201803},"model":"item/terraria/zenith/blade_of_grass"},
	{"predicate":{"custom_model_data":201804},"model":"item/terraria/zenith/blood_butcherer"},
	{"predicate":{"custom_model_data":201805},"model":"item/terraria/zenith/copper_shortsword"},
	{"predicate":{"custom_model_data":201806},"model":"item/terraria/zenith/enchanted_sword"},
	{"predicate":{"custom_model_data":201807},"model":"item/terraria/zenith/excalibur"},
	{"predicate":{"custom_model_data":201808},"model":"item/terraria/zenith/fiery_greatsword"},
	{"predicate":{"custom_model_data":201809},"model":"item/terraria/zenith/influx_waver"},
	{"predicate":{"custom_model_data":201810},"model":"item/terraria/zenith/lights_bane"},
	{"predicate":{"custom_model_data":201811},"model":"item/terraria/zenith/meowmere"},
	{"predicate":{"custom_model_data":201812},"model":"item/terraria/zenith/muramasa"},
	{"predicate":{"custom_model_data":201813},"model":"item/terraria/zenith/nights_edge"},
	{"predicate":{"custom_model_data":201814},"model":"item/terraria/zenith/seedler"},
	{"predicate":{"custom_model_data":201815},"model":"item/terraria/zenith/star_wrath"},
	{"predicate":{"custom_model_data":201816},"model":"item/terraria/zenith/starfury"},
	{"predicate":{"custom_model_data":201817},"model":"item/terraria/zenith/terra_blade"},
	{"predicate":{"custom_model_data":201818},"model":"item/terraria/zenith/terragrim"},
	{"predicate":{"custom_model_data":201819},"model":"item/terraria/zenith/the_horsemans_blade"},
	{"predicate":{"custom_model_data":201820},"model":"item/terraria/zenith/tizona"},
	{"predicate":{"custom_model_data":201821},"model":"item/terraria/zenith/true_excalibur"},
	{"predicate":{"custom_model_data":201822},"model":"item/terraria/zenith/true_nights_edge"},
	{"predicate":{"custom_model_data":201823},"model":"item/terraria/daedalus_stormbow"},
	{"predicate":{"custom_model_data":201824},"model":"item/terraria/water_bolt"},
	{"predicate":{"custom_model_data":201825},"model":"item/terraria/shadowbeam_staff"},
	
	{"predicate":{"custom_model_data":690001},"model":"item/glass_gauntlet/flags/ace/gauntlet"},
	{"predicate":{"custom_model_data":690002},"model":"item/glass_gauntlet/flags/ace/crystal"},
	{"predicate":{"custom_model_data":690003},"model":"item/halicord/skins/halloween"},
	{"predicate":{"custom_model_data":690004},"model":"item/halicord/skins/halloween/hidden"},
	{"predicate":{"custom_model_data":690005},"model":"item/halicord/skins/halloween/phantom"},
	{"predicate":{"custom_model_data":690006},"model":"item/halicord/skins/halloween/spell"},
	{"predicate":{"custom_model_data":690007},"model":"item/halicord/skins/halloween/guillotine_end"},
	{"predicate":{"custom_model_data":690008},"model":"item/animus/skins/halloween"},
	{"predicate":{"custom_model_data":690009},"model":"item/demori/skins/halloween"},
	{"predicate":{"custom_model_data":690010},"model":"item/demori/skins/halloween/razor"},
	{"predicate":{"custom_model_data":690011},"model":"item/demori/skins/halloween/spear"},
	{"predicate":{"custom_model_data":690012},"model":"item/demori/skins/halloween/strike"},
	{"predicate":{"custom_model_data":690013},"model":"item/demori/skins/halicord"},
	{"predicate":{"custom_model_data":690014},"model":"item/demori/skins/halicord/razor"},
	{"predicate":{"custom_model_data":690015},"model":"item/demori/skins/halicord/spear"},
	{"predicate":{"custom_model_data":690016},"model":"item/demori/skins/halicord/strike"},
	{"predicate":{"custom_model_data":690017},"model":"item/verdantia/skins/halloween"},
	{"predicate":{"custom_model_data":690018},"model":"item/verdantia/skins/halloween/hidden"},
	{"predicate":{"custom_model_data":690019},"model":"item/animus/skins/halloween/portal"},
	{"predicate":{"custom_model_data":690020},"model":"item/soulseeker/skins/original_color_scheme/nagamaki"},
	{"predicate":{"custom_model_data":690021},"model":"item/soulseeker/skins/original_color_scheme/scythe"},
	{"predicate":{"custom_model_data":690022},"model":"item/soulseeker/skins/retro/katana"},
	{"predicate":{"custom_model_data":690023},"model":"item/soulseeker/skins/retro/scythe"},
	
	{"predicate":{"custom_model_data":960001},"model":"item/ff7/buster_sword"},
	{"predicate":{"custom_model_data":960002},"model":"item/ff7/masamune"},
	{"predicate":{"custom_model_data":960003},"model":"item/ff7/fusion_sword"},
	{"predicate":{"custom_model_data":960004},"model":"item/ff7/fusion_sword_1"},
	{"predicate":{"custom_model_data":960005},"model":"item/ff7/fusion_sword_2"},
	{"predicate":{"custom_model_data":960006},"model":"item/ff7/fusion_sword_3"},
	{"predicate":{"custom_model_data":960007},"model":"item/ff7/fusion_sword_4"},
	{"predicate":{"custom_model_data":960008},"model":"item/magic_items/halimori"},
	{"predicate":{"custom_model_data":960009},"model":"item/kill_la_kill/red_rending_scissor"},
	{"predicate":{"custom_model_data":960010},"model":"item/kill_la_kill/red_rending_scissor_decapitator"},
	{"predicate":{"custom_model_data":960011},"model":"item/kill_la_kill/purple_rending_scissor"},
	{"predicate":{"custom_model_data":960012},"model":"item/kill_la_kill/purple_rending_scissor_reaper"},
	{"predicate":{"custom_model_data":960013},"model":"item/kill_la_kill/red_rending_scissor_alt"},
	{"predicate":{"custom_model_data":960014},"model":"item/kill_la_kill/red_rending_scissor_alt_decapitator"},
	{"predicate":{"custom_model_data":960015},"model":"item/feth_hero_relics/sacred_dragon_sign"},
	{"predicate":{"custom_model_data":960016},"model":"item/feth_hero_relics/sotc_inactive"},
	{"predicate":{"custom_model_data":960017},"model":"item/feth_hero_relics/sotc_active"},
	{"predicate":{"custom_model_data":960018},"model":"item/feth_hero_relics/aymr_inactive"},
	{"predicate":{"custom_model_data":960019},"model":"item/feth_hero_relics/aymr_active"},
	{"predicate":{"custom_model_data":960020},"model":"item/feth_hero_relics/areadbhar_inactive"},
	{"predicate":{"custom_model_data":960021},"model":"item/feth_hero_relics/areadbhar_active"},
	{"predicate":{"custom_model_data":960024},"model":"item/dnangel/niwa_feather"},
	{"predicate":{"custom_model_data":960025},"model":"item/dnangel/hikari_feather"},
	{"predicate":{"custom_model_data":960026},"model":"item/dnangel/rutile_of_grief"},
	{"predicate":{"custom_model_data":960027},"model":"item/dnangel/commissioners_axe"},
	{"predicate":{"custom_model_data":960028},"model":"item/dnangel/wedge_of_time"},
	{"predicate":{"custom_model_data":960029},"model":"item/kill_la_kill/bakuzan"},
	{"predicate":{"custom_model_data":960030},"model":"item/magic_items/nil_sanguis"},
	{"predicate":{"custom_model_data":960031},"model":"item/magic_items/yoru"},
	{"predicate":{"custom_model_data":960032},"model":"item/magic_items/dimensional_pocket"},
	{"predicate":{"custom_model_data":960033},"model":"item/metal_gear/murasama"},
	{"predicate":{"custom_model_data":960034},"model":"item/magic_items/dehydration_staff"},
	{"predicate":{"custom_model_data":960035},"model":"item/magic_items/dehydration_staff/cube"},
	
	{"predicate":{"custom_model_data":1119000},"model":"item/commander_soul/ashen"},
	{"predicate":{"custom_model_data":1119001},"model":"item/commander_soul/precious"},
	{"predicate":{"custom_model_data":1119002},"model":"item/commander_soul/ancient"},
	{"predicate":{"custom_model_data":1119003},"model":"item/commander_soul/legendary"},
	{"predicate":{"custom_model_data":1119004},"model":"item/commander_soul/shining"},
	
	{"predicate":{"custom_model_data":1119010},"model":"item/halicord/tiers/tier1"},
	{"predicate":{"custom_model_data":1119011},"model":"item/halicord/tiers/hidden/tier1"},
	{"predicate":{"custom_model_data":1119012},"model":"item/halicord/tiers/guillotine/tier1"},
	{"predicate":{"custom_model_data":1119020},"model":"item/demori/tiers/tier1"},
	{"predicate":{"custom_model_data":1119030},"model":"item/animus/tiers/tier1"},
	{"predicate":{"custom_model_data":1119040},"model":"item/verdantia/tiers/tier1"},
	{"predicate":{"custom_model_data":1119041},"model":"item/verdantia/tiers/hidden/tier1"},
	{"predicate":{"custom_model_data":1119050},"model":"item/lisymni/tiers/tier1"},
	{"predicate":{"custom_model_data":1119051},"model":"item/lisymni/tiers/hidden/tier1"},
	{"predicate":{"custom_model_data":1119060},"model":"item/scormita/tiers/tier1"},
	{"predicate":{"custom_model_data":1119110},"model":"item/chronome/tiers/tier1"},
	{"predicate":{"custom_model_data":1119140},"model":"item/tohruvan/tiers/tier1"},
	
	{"predicate":{"custom_model_data":1219010},"model":"item/halicord/tiers/tier2"},
	{"predicate":{"custom_model_data":1219011},"model":"item/halicord/tiers/hidden/tier2"},
	{"predicate":{"custom_model_data":1219012},"model":"item/halicord/tiers/guillotine/tier2"},
	{"predicate":{"custom_model_data":1219020},"model":"item/demori/tiers/tier2"},
	{"predicate":{"custom_model_data":1219030},"model":"item/animus/tiers/tier2"},
	{"predicate":{"custom_model_data":1219040},"model":"item/verdantia/tiers/tier2"},
	{"predicate":{"custom_model_data":1219041},"model":"item/verdantia/tiers/hidden/tier2"},
	{"predicate":{"custom_model_data":1219050},"model":"item/lisymni/tiers/tier2"},
	{"predicate":{"custom_model_data":1219051},"model":"item/lisymni/tiers/hidden/tier2"},
	{"predicate":{"custom_model_data":1219060},"model":"item/scormita/tiers/tier2"},
	{"predicate":{"custom_model_data":1219110},"model":"item/chronome/tiers/tier2"},
	{"predicate":{"custom_model_data":1219140},"model":"item/tohruvan/tiers/tier2"},
	
	{"predicate":{"custom_model_data":1319010},"model":"item/halicord/tiers/tier3"},
	{"predicate":{"custom_model_data":1319011},"model":"item/halicord/tiers/hidden/tier3"},
	{"predicate":{"custom_model_data":1319012},"model":"item/halicord/tiers/guillotine/tier3"},
	{"predicate":{"custom_model_data":1319020},"model":"item/demori/tiers/tier3"},
	{"predicate":{"custom_model_data":1319030},"model":"item/animus/tiers/tier3"},
	{"predicate":{"custom_model_data":1319040},"model":"item/verdantia/tiers/tier3"},
	{"predicate":{"custom_model_data":1319041},"model":"item/verdantia/tiers/hidden/tier3"},
	{"predicate":{"custom_model_data":1319050},"model":"item/lisymni/tiers/tier3"},
	{"predicate":{"custom_model_data":1319051},"model":"item/lisymni/tiers/hidden/tier3"},
	{"predicate":{"custom_model_data":1319060},"model":"item/scormita/tiers/tier3"},
	{"predicate":{"custom_model_data":1319061},"model":"item/scormita/tiers/tier3_fire"},
	{"predicate":{"custom_model_data":1319110},"model":"item/chronome/tiers/tier3"},
	{"predicate":{"custom_model_data":1319140},"model":"item/tohruvan/tiers/tier3"},
	
	{"predicate":{"custom_model_data":1419010},"model":"item/halicord/tiers/tier4"},
	{"predicate":{"custom_model_data":1419011},"model":"item/halicord/tiers/hidden/tier4"},
	{"predicate":{"custom_model_data":1419012},"model":"item/halicord/tiers/guillotine/tier4"},
	{"predicate":{"custom_model_data":1419020},"model":"item/demori/tiers/tier4"},
	{"predicate":{"custom_model_data":1419023},"model":"item/demori/tiers/strike/tier4"},
	{"predicate":{"custom_model_data":1419030},"model":"item/animus/tiers/tier4"},
	{"predicate":{"custom_model_data":1419040},"model":"item/verdantia/tiers/tier4"},
	{"predicate":{"custom_model_data":1419041},"model":"item/verdantia/tiers/hidden/tier4"},
	{"predicate":{"custom_model_data":1419050},"model":"item/lisymni/tiers/tier4"},
	{"predicate":{"custom_model_data":1419051},"model":"item/lisymni/tiers/hidden/tier4"},
	{"predicate":{"custom_model_data":1419060},"model":"item/scormita/tiers/tier4"},
	{"predicate":{"custom_model_data":1419061},"model":"item/scormita/tiers/tier4_fire"},
	{"predicate":{"custom_model_data":1419110},"model":"item/chronome/tiers/tier4"},
	{"predicate":{"custom_model_data":1419140},"model":"item/tohruvan/tiers/tier4"},
	
	{"predicate":{"custom_model_data":1519010},"model":"item/halicord"},
	{"predicate":{"custom_model_data":1519011},"model":"item/halicord/hidden"},
	{"predicate":{"custom_model_data":1519012},"model":"item/halicord/phantom"},
	{"predicate":{"custom_model_data":1519013},"model":"item/halicord/spell"},
	{"predicate":{"custom_model_data":1519014},"model":"item/halicord/guillotine_end"},
	{"predicate":{"custom_model_data":1519020},"model":"item/demori"},
	{"predicate":{"custom_model_data":1519021},"model":"item/demori/razor"},
	{"predicate":{"custom_model_data":1519022},"model":"item/demori/spear"},
	{"predicate":{"custom_model_data":1519023},"model":"item/demori/strike"},
	{"predicate":{"custom_model_data":1519024},"model":"item/demori/forcefield"},
	{"predicate":{"custom_model_data":1519025},"model":"item/demori/aegis"},
	{"predicate":{"custom_model_data":1519030},"model":"item/animus"},
	{"predicate":{"custom_model_data":1519031},"model":"item/animus/portal"},
	{"predicate":{"custom_model_data":1519040},"model":"item/verdantia"},
	{"predicate":{"custom_model_data":1519041},"model":"item/verdantia/hidden"},
	{"predicate":{"custom_model_data":1519050},"model":"item/lisymni"},
	{"predicate":{"custom_model_data":1519051},"model":"item/lisymni/hidden"},
	{"predicate":{"custom_model_data":1519052},"model":"item/lisymni/afterimage"},
	{"predicate":{"custom_model_data":1519053},"model":"item/lisymni/fang"},
	{"predicate":{"custom_model_data":1519060},"model":"item/scormita"},
	{"predicate":{"custom_model_data":1519061},"model":"item/scormita/fire"},
	{"predicate":{"custom_model_data":1519062},"model":"item/scormita/open"},
	{"predicate":{"custom_model_data":1519070},"model":"item/archaen"},
	{"predicate":{"custom_model_data":1519080},"model":"item/dioxin"},
	{"predicate":{"custom_model_data":15190110},"model":"item/chronome"},
	{"predicate":{"custom_model_data":15190111},"model":"item/chronome/hand_haste"},
	{"predicate":{"custom_model_data":15190112},"model":"item/chronome/hand_stop"},
	{"predicate":{"custom_model_data":15190113},"model":"item/chronome/hand_strike"},
	{"predicate":{"custom_model_data":15190120},"model":"item/anubis"},
	{"predicate":{"custom_model_data":15190140},"model":"item/tohruvan"},
	{"predicate":{"custom_model_data":15190150},"model":"item/aqueous"},
	{"predicate":{"custom_model_data":15190151},"model":"item/aqueous/wave"},
	{"predicate":{"custom_model_data":15190152},"model":"item/aqueous/water"},
	{"predicate":{"custom_model_data":15190170},"model":"item/perenia"},
	{"predicate":{"custom_model_data":15190180},"model":"item/enterra"},
	{"predicate":{"custom_model_data":15190190},"model":"item/trilux"},
	{"predicate":{"custom_model_data":15190200},"model":"item/umbris"},
	{"predicate":{"custom_model_data":15190201},"model":"item/umbris/ritual"},
	{"predicate":{"custom_model_data":15190220},"model":"item/rimlash"},
	{"predicate":{"custom_model_data":15190230},"model":"item/kazephyr"},
	{"predicate":{"custom_model_data":15190231},"model":"item/kazephyr/hidden"},
	{"predicate":{"custom_model_data":15190240},"model":"item/athebyne"},
	{"predicate":{"custom_model_data":15190250},"model":"item/origanta/star"},
	{"predicate":{"custom_model_data":15190260},"model":"item/ninja_wraps"},
	{"predicate":{"custom_model_data":15190280},"model":"item/exiku"},
	{"predicate":{"custom_model_data":15190290},"model":"item/soulseeker/nagamaki"},
	{"predicate":{"custom_model_data":15190291},"model":"item/soulseeker/scythe"},
	{"predicate":{"custom_model_data":15190301},"model":"item/arrohel/arrow"},
	{"predicate":{"custom_model_data":15190320},"model":"item/genesis"},
	{"predicate":{"custom_model_data":15190330},"model":"item/gavel/revolver"},
	{"predicate":{"custom_model_data":15190331},"model":"item/gavel/coin"},
	{"predicate":{"custom_model_data":15190332},"model":"item/gavel/minigun"},
	{"predicate":{"custom_model_data":15190360},"model":"item/copy"},
	{"predicate":{"custom_model_data":15190380},"model":"item/glass_gauntlet"},
	{"predicate":{"custom_model_data":15190381},"model":"item/glass_gauntlet/crystal"},
	{"predicate":{"custom_model_data":15190390},"model":"item/desolation"},
	{"predicate":{"custom_model_data":15190410},"model":"item/ragnar"},
	
	{"predicate":{"custom_model_data":15194000},"model":"item/erraticus/deck"},
	{"predicate":{"custom_model_data":15194001},"model":"item/erraticus/base"},
	{"predicate":{"custom_model_data":15194002},"model":"item/erraticus/suites/coin/ace"},
	{"predicate":{"custom_model_data":15194011},"model":"item/erraticus/suites/coin/10"},
	{"predicate":{"custom_model_data":15194015},"model":"item/erraticus/suites/cup/ace"},
	{"predicate":{"custom_model_data":15194016},"model":"item/erraticus/suites/cup/two"},
	{"predicate":{"custom_model_data":15194017},"model":"item/erraticus/suites/cup/three"},
	{"predicate":{"custom_model_data":15194018},"model":"item/erraticus/suites/cup/four"},
	{"predicate":{"custom_model_data":15194019},"model":"item/erraticus/suites/cup/five"},
	{"predicate":{"custom_model_data":15194029},"model":"item/erraticus/suites/sword/ace"},
	{"predicate":{"custom_model_data":15194043},"model":"item/erraticus/suites/wand/ace"},
	{"predicate":{"custom_model_data":15194044},"model":"item/erraticus/suites/wand/two"},
	{"predicate":{"custom_model_data":15194057},"model":"item/erraticus/major_arcana/fool"},
	{"predicate":{"custom_model_data":15194067},"model":"item/erraticus/major_arcana/wheel_of_fortune"}
	]
}
