{
	"credit": "Made with Blockbench",
	"parent": "item/handheld",
	"textures": {
		"layer0": "item/chronome"
	},
	"display": {
		"thirdperson_righthand": {
			"rotation": [0, -90, 55],
			"translation": [0, 4, 0.5],
			"scale": [1.85, 1.85, 1]
		},
		"thirdperson_lefthand": {
			"rotation": [0, 90, -55],
			"translation": [0, 4, 0.5],
			"scale": [1.85, 1.85, -1]
		},
		"firstperson_righthand": {
			"rotation": [0, -90, 25],
			"translation": [1.13, 5.2, 2.08],
			"scale": [1.48, 1.48, 0.8]
		},
		"firstperson_lefthand": {
			"rotation": [0, 90, -25],
			"translation": [1.13, 5.2, 2.08],
			"scale": [1.48, 1.48, 0.8]
		},
		"fixed": {
			"translation": [0, 0, -0.25],
			"scale": [1, 1, -1]
		}
	}
}