{
	"credit": "Made with Blockbench",
	"parent": "item/handheld",
	"textures": {
		"layer0": "item/copy"
	},
	"display": {
		"thirdperson_righthand": {
			"rotation": [0, -90, 55],
			"translation": [0, 9.25, -0.5],
			"scale": [1.6, 1.6, 0.85]
		},
		"thirdperson_lefthand": {
			"rotation": [0, 90, -55],
			"translation": [0, 9.25, -0.5],
			"scale": [1.6, 1.6, 0.85]
		},
		"firstperson_righthand": {
			"rotation": [0, -90, 25],
			"translation": [1.13, 8.7, 2.88],
			"scale": [1.28, 1.28, 0.68]
		},
		"firstperson_lefthand": {
			"rotation": [0, 90, -25],
			"translation": [1.13, 8.7, 2.88],
			"scale": [1.28, 1.28, 0.68]
		},
		"ground": {
			"rotation": [90, 0, 0],
			"translation": [3.5, 0, 3]
		},
		"gui": {
			"translation": [4.5, 4.5, 0],
			"scale": [1.5, 1.5, 1]
		},
		"fixed": {
			"rotation": [0, 180, 0],
			"translation": [0, 0, -0.25]
		}
	}
}