{
	"credit": "Made with Blockbench",
	"texture_size": [32, 32],
	"textures": {
		"0": "item/copy",
		"particle": "item/copy"
	},
	"elements": [
		{
			"from": [3, 8, 7.75],
			"to": [5.5, 8.5, 8.25],
			"rotation": {"angle": 0, "axis": "y", "origin": [12, 16, 15.25]},
			"faces": {
				"north": {"uv": [5.25, 11.75, 6.5, 12], "texture": "#0", "cullface": "north"},
				"east": {"uv": [5.25, 11.75, 5.5, 12], "texture": "#0", "cullface": "east"},
				"south": {"uv": [6.5, 11.75, 5.25, 12], "texture": "#0", "cullface": "south"},
				"west": {"uv": [6.5, 11.75, 6.25, 12], "texture": "#0", "cullface": "west"},
				"up": {"uv": [6.5, 11.75, 5.25, 12], "texture": "#0", "cullface": "up"},
				"down": {"uv": [6.5, 11.75, 5.25, 12], "texture": "#0", "cullface": "down"}
			}
		},
		{
			"from": [2, 7.5, 7.5],
			"to": [6.5, 8, 8.5],
			"rotation": {"angle": 0, "axis": "y", "origin": [12, 15.5, 15.25]},
			"faces": {
				"north": {"uv": [4.75, 12, 7, 12.25], "texture": "#0", "cullface": "north"},
				"east": {"uv": [4.75, 12, 5, 12.25], "texture": "#0", "cullface": "east"},
				"south": {"uv": [7, 12, 4.75, 12.25], "texture": "#0", "cullface": "south"},
				"west": {"uv": [7, 12, 6.75, 12.25], "texture": "#0", "cullface": "west"},
				"up": {"uv": [7, 12, 4.75, 12.25], "texture": "#0", "cullface": "up"},
				"down": {"uv": [7, 12, 4.75, 12.25], "texture": "#0", "cullface": "down"}
			}
		},
		{
			"from": [5.5, 8, 7.5],
			"to": [7, 8.5, 8.5],
			"rotation": {"angle": 0, "axis": "y", "origin": [12.5, 16, 15.25]},
			"faces": {
				"north": {"uv": [4.5, 11.75, 5.25, 12], "texture": "#0", "cullface": "north"},
				"east": {"uv": [4.5, 11.75, 4.75, 12], "texture": "#0", "cullface": "east"},
				"south": {"uv": [5.25, 11.75, 4.5, 12], "texture": "#0", "cullface": "south"},
				"west": {"uv": [5.25, 11.75, 5, 12], "texture": "#0", "cullface": "west"},
				"up": {"uv": [5.25, 11.75, 4.5, 12], "texture": "#0", "cullface": "up"},
				"down": {"uv": [5.25, 11.75, 4.5, 12], "texture": "#0", "cullface": "down"}
			}
		},
		{
			"from": [6.5, 8.5, 7.5],
			"to": [7.5, 9, 8.5],
			"rotation": {"angle": 0, "axis": "y", "origin": [13, 16.5, 15.25]},
			"faces": {
				"north": {"uv": [4.25, 11.5, 4.75, 11.75], "texture": "#0", "cullface": "north"},
				"east": {"uv": [4.25, 11.5, 4.5, 11.75], "texture": "#0", "cullface": "east"},
				"south": {"uv": [4.75, 11.5, 4.25, 11.75], "texture": "#0", "cullface": "south"},
				"west": {"uv": [4.75, 11.5, 4.5, 11.75], "texture": "#0", "cullface": "west"},
				"up": {"uv": [4.75, 11.5, 4.25, 11.75], "texture": "#0", "cullface": "up"},
				"down": {"uv": [4.75, 11.5, 4.25, 11.75], "texture": "#0", "cullface": "down"}
			}
		},
		{
			"from": [7, 9, 7.5],
			"to": [8, 9.5, 8.5],
			"rotation": {"angle": 0, "axis": "y", "origin": [13.5, 17, 15.25]},
			"faces": {
				"north": {"uv": [4, 11.25, 4.5, 11.5], "texture": "#0", "cullface": "north"},
				"east": {"uv": [4, 11.25, 4.25, 11.5], "texture": "#0", "cullface": "east"},
				"south": {"uv": [4.5, 11.25, 4, 11.5], "texture": "#0", "cullface": "south"},
				"west": {"uv": [4.5, 11.25, 4.25, 11.5], "texture": "#0", "cullface": "west"},
				"up": {"uv": [4.5, 11.25, 4, 11.5], "texture": "#0", "cullface": "up"},
				"down": {"uv": [4.5, 11.25, 4, 11.5], "texture": "#0", "cullface": "down"}
			}
		},
		{
			"from": [7.5, 9.5, 7.5],
			"to": [8.5, 10.5, 8.5],
			"rotation": {"angle": 0, "axis": "y", "origin": [14, 17.5, 15.25]},
			"faces": {
				"north": {"uv": [3.75, 10.75, 4.25, 11.25], "texture": "#0", "cullface": "north"},
				"east": {"uv": [3.75, 10.75, 4, 11.25], "texture": "#0", "cullface": "east"},
				"south": {"uv": [4.25, 10.75, 3.75, 11.25], "texture": "#0", "cullface": "south"},
				"west": {"uv": [4.25, 10.75, 4, 11.25], "texture": "#0", "cullface": "west"},
				"up": {"uv": [4.25, 10.75, 3.75, 11], "texture": "#0", "cullface": "up"},
				"down": {"uv": [4.25, 10.75, 3.75, 11], "texture": "#0", "cullface": "down"}
			}
		},
		{
			"from": [7.5, 13, 7.5],
			"to": [8.5, 14, 8.5],
			"rotation": {"angle": 0, "axis": "y", "origin": [14, 21, 15.25]},
			"faces": {
				"north": {"uv": [3.75, 9, 4.25, 9.5], "texture": "#0", "cullface": "north"},
				"east": {"uv": [3.75, 9, 4, 9.5], "texture": "#0", "cullface": "east"},
				"south": {"uv": [4.25, 9, 3.75, 9.5], "texture": "#0", "cullface": "south"},
				"west": {"uv": [4.25, 9, 4, 9.5], "texture": "#0", "cullface": "west"},
				"up": {"uv": [4.25, 9, 3.75, 9.25], "texture": "#0", "cullface": "up"},
				"down": {"uv": [4.25, 9, 3.75, 9.25], "texture": "#0", "cullface": "down"}
			}
		},
		{
			"from": [8, 10.5, 7.5],
			"to": [9, 13, 8.5],
			"rotation": {"angle": 0, "axis": "y", "origin": [14.5, 18.5, 15.25]},
			"faces": {
				"north": {"uv": [3.5, 9.5, 4, 10.75], "texture": "#0", "cullface": "north"},
				"east": {"uv": [3.5, 9.5, 3.75, 10.75], "texture": "#0", "cullface": "east"},
				"south": {"uv": [4, 9.5, 3.5, 10.75], "texture": "#0", "cullface": "south"},
				"west": {"uv": [4, 9.5, 3.75, 10.75], "texture": "#0", "cullface": "west"},
				"up": {"uv": [4, 9.5, 3.5, 9.75], "texture": "#0", "cullface": "up"},
				"down": {"uv": [4, 9.5, 3.5, 9.75], "texture": "#0", "cullface": "down"}
			}
		},
		{
			"from": [3, 7, 7.5],
			"to": [5.5, 7.5, 8.5],
			"rotation": {"angle": 0, "axis": "y", "origin": [12, 15, 15.25]},
			"faces": {
				"north": {"uv": [5.25, 12.25, 6.5, 12.5], "texture": "#0", "cullface": "north"},
				"east": {"uv": [5.25, 12.25, 5.5, 12.5], "texture": "#0", "cullface": "east"},
				"south": {"uv": [6.5, 12.25, 5.25, 12.5], "texture": "#0", "cullface": "south"},
				"west": {"uv": [6.5, 12.25, 6.25, 12.5], "texture": "#0", "cullface": "west"},
				"up": {"uv": [6.5, 12.25, 5.25, 12.5], "texture": "#0", "cullface": "up"},
				"down": {"uv": [6.5, 12.25, 5.25, 12.5], "texture": "#0", "cullface": "down"}
			}
		},
		{
			"from": [1.5, 8, 7.5],
			"to": [3, 8.5, 8.5],
			"rotation": {"angle": 0, "axis": "y", "origin": [9.5, 16, 15.25]},
			"faces": {
				"north": {"uv": [6.5, 11.75, 7.25, 12], "texture": "#0", "cullface": "north"},
				"east": {"uv": [6.5, 11.75, 6.75, 12], "texture": "#0", "cullface": "east"},
				"south": {"uv": [7.25, 11.75, 6.5, 12], "texture": "#0", "cullface": "south"},
				"west": {"uv": [7.25, 11.75, 7, 12], "texture": "#0", "cullface": "west"},
				"up": {"uv": [7.25, 11.75, 6.5, 12], "texture": "#0", "cullface": "up"},
				"down": {"uv": [7.25, 11.75, 6.5, 12], "texture": "#0", "cullface": "down"}
			}
		},
		{
			"from": [3, 8, 8.5],
			"to": [5.5, 8.5, 9],
			"rotation": {"angle": 0, "axis": "y", "origin": [11, 16, 15.75]},
			"faces": {
				"north": {"uv": [12.5, 4.5, 13.75, 4.75], "texture": "#0", "cullface": "north"},
				"east": {"uv": [12.5, 4.5, 12.75, 4.75], "texture": "#0", "cullface": "east"},
				"south": {"uv": [13.75, 4.5, 12.5, 4.75], "texture": "#0", "cullface": "south"},
				"west": {"uv": [13.75, 4.5, 13.5, 4.75], "texture": "#0", "cullface": "west"},
				"up": {"uv": [13.75, 4.5, 12.5, 4.75], "texture": "#0", "cullface": "up"},
				"down": {"uv": [13.75, 4.5, 12.5, 4.75], "texture": "#0", "cullface": "down"}
			}
		},
		{
			"from": [2, 8.5, 8.5],
			"to": [6.5, 9, 9],
			"rotation": {"angle": 0, "axis": "y", "origin": [11, 16.5, 15.75]},
			"faces": {
				"north": {"uv": [12, 4.25, 14.25, 4.5], "texture": "#0", "cullface": "north"},
				"east": {"uv": [12, 4.25, 12.25, 4.5], "texture": "#0", "cullface": "east"},
				"south": {"uv": [14.25, 4.25, 12, 4.5], "texture": "#0", "cullface": "south"},
				"west": {"uv": [14.25, 4.25, 14, 4.5], "texture": "#0", "cullface": "west"},
				"up": {"uv": [14.25, 4.25, 12, 4.5], "texture": "#0", "cullface": "up"},
				"down": {"uv": [14.25, 4.25, 12, 4.5], "texture": "#0", "cullface": "down"}
			}
		},
		{
			"from": [1.5, 9, 8.5],
			"to": [7, 9.5, 9],
			"rotation": {"angle": 0, "axis": "y", "origin": [11, 17, 15.75]},
			"faces": {
				"north": {"uv": [11.75, 4, 14.5, 4.25], "texture": "#0", "cullface": "north"},
				"east": {"uv": [11.75, 4, 12, 4.25], "texture": "#0", "cullface": "east"},
				"south": {"uv": [14.5, 4, 11.75, 4.25], "texture": "#0", "cullface": "south"},
				"west": {"uv": [14.5, 4, 14.25, 4.25], "texture": "#0", "cullface": "west"},
				"up": {"uv": [14.5, 4, 11.75, 4.25], "texture": "#0", "cullface": "up"},
				"down": {"uv": [14.5, 4, 11.75, 4.25], "texture": "#0", "cullface": "down"}
			}
		},
		{
			"from": [1, 9.5, 8.5],
			"to": [7.5, 10, 9],
			"rotation": {"angle": 0, "axis": "y", "origin": [10.5, 17.5, 15.75]},
			"faces": {
				"north": {"uv": [11.5, 3.75, 14.75, 4], "texture": "#0", "cullface": "north"},
				"east": {"uv": [11.5, 3.75, 11.75, 4], "texture": "#0", "cullface": "east"},
				"south": {"uv": [14.75, 3.75, 11.5, 4], "texture": "#0", "cullface": "south"},
				"west": {"uv": [14.75, 3.75, 14.5, 4], "texture": "#0", "cullface": "west"},
				"up": {"uv": [14.75, 3.75, 11.5, 4], "texture": "#0", "cullface": "up"},
				"down": {"uv": [14.75, 3.75, 11.5, 4], "texture": "#0", "cullface": "down"}
			}
		},
		{
			"from": [0.5, 10, 8.5],
			"to": [7.5, 10.5, 9],
			"rotation": {"angle": 0, "axis": "y", "origin": [10.5, 18, 15.75]},
			"faces": {
				"north": {"uv": [11.5, 3.5, 15, 3.75], "texture": "#0", "cullface": "north"},
				"east": {"uv": [11.5, 3.5, 11.75, 3.75], "texture": "#0", "cullface": "east"},
				"south": {"uv": [15, 3.5, 11.5, 3.75], "texture": "#0", "cullface": "south"},
				"west": {"uv": [15, 3.5, 14.75, 3.75], "texture": "#0", "cullface": "west"},
				"up": {"uv": [15, 3.5, 11.5, 3.75], "texture": "#0", "cullface": "up"},
				"down": {"uv": [15, 3.5, 11.5, 3.75], "texture": "#0", "cullface": "down"}
			}
		},
		{
			"from": [0, 10.5, 8.5],
			"to": [8, 11, 9],
			"rotation": {"angle": 0, "axis": "y", "origin": [10.5, 18.5, 15.75]},
			"faces": {
				"north": {"uv": [11.25, 3.25, 15.25, 3.5], "texture": "#0", "cullface": "north"},
				"east": {"uv": [11.25, 3.25, 11.5, 3.5], "texture": "#0", "cullface": "east"},
				"south": {"uv": [15.25, 3.25, 11.25, 3.5], "texture": "#0", "cullface": "south"},
				"west": {"uv": [15.25, 3.25, 15, 3.5], "texture": "#0", "cullface": "west"},
				"up": {"uv": [15.25, 3.25, 11.25, 3.5], "texture": "#0", "cullface": "up"},
				"down": {"uv": [15.25, 3.25, 11.25, 3.5], "texture": "#0", "cullface": "down"}
			}
		},
		{
			"from": [-0.5, 11, 8.5],
			"to": [8, 11.5, 9],
			"rotation": {"angle": 0, "axis": "y", "origin": [10.5, 19, 15.75]},
			"faces": {
				"north": {"uv": [11.25, 3, 15.5, 3.25], "texture": "#0", "cullface": "north"},
				"east": {"uv": [11.25, 3, 11.5, 3.25], "texture": "#0", "cullface": "east"},
				"south": {"uv": [15.5, 3, 11.25, 3.25], "texture": "#0", "cullface": "south"},
				"west": {"uv": [15.5, 3, 15.25, 3.25], "texture": "#0", "cullface": "west"},
				"up": {"uv": [15.5, 3, 11.25, 3.25], "texture": "#0", "cullface": "up"},
				"down": {"uv": [15.5, 3, 11.25, 3.25], "texture": "#0", "cullface": "down"}
			}
		},
		{
			"from": [-1, 11.5, 8.5],
			"to": [8, 12, 9],
			"rotation": {"angle": 0, "axis": "y", "origin": [10.5, 19.5, 15.75]},
			"faces": {
				"north": {"uv": [11.25, 2.75, 15.75, 3], "texture": "#0", "cullface": "north"},
				"east": {"uv": [11.25, 2.75, 11.5, 3], "texture": "#0", "cullface": "east"},
				"south": {"uv": [15.75, 2.75, 11.25, 3], "texture": "#0", "cullface": "south"},
				"west": {"uv": [15.75, 2.75, 15.5, 3], "texture": "#0", "cullface": "west"},
				"up": {"uv": [15.75, 2.75, 11.25, 3], "texture": "#0", "cullface": "up"},
				"down": {"uv": [15.75, 2.75, 11.25, 3], "texture": "#0", "cullface": "down"}
			}
		},
		{
			"from": [-1, 12, 8.5],
			"to": [8, 12.5, 9],
			"rotation": {"angle": 0, "axis": "y", "origin": [10.5, 20, 15.75]},
			"faces": {
				"north": {"uv": [11.25, 2.5, 15.75, 2.75], "texture": "#0", "cullface": "north"},
				"east": {"uv": [11.25, 2.5, 11.5, 2.75], "texture": "#0", "cullface": "east"},
				"south": {"uv": [15.75, 2.5, 11.25, 2.75], "texture": "#0", "cullface": "south"},
				"west": {"uv": [15.75, 2.5, 15.5, 2.75], "texture": "#0", "cullface": "west"},
				"up": {"uv": [15.75, 2.5, 11.25, 2.75], "texture": "#0", "cullface": "up"},
				"down": {"uv": [15.75, 2.5, 11.25, 2.75], "texture": "#0", "cullface": "down"}
			}
		},
		{
			"from": [-1.5, 12.5, 8.5],
			"to": [8, 13, 9],
			"rotation": {"angle": 0, "axis": "y", "origin": [10.5, 20.5, 15.75]},
			"faces": {
				"north": {"uv": [11.25, 2.25, 16, 2.5], "texture": "#0", "cullface": "north"},
				"east": {"uv": [11.25, 2.25, 11.5, 2.5], "texture": "#0", "cullface": "east"},
				"south": {"uv": [16, 2.25, 11.25, 2.5], "texture": "#0", "cullface": "south"},
				"west": {"uv": [16, 2.25, 15.75, 2.5], "texture": "#0", "cullface": "west"},
				"up": {"uv": [16, 2.25, 11.25, 2.5], "texture": "#0", "cullface": "up"},
				"down": {"uv": [16, 2.25, 11.25, 2.5], "texture": "#0", "cullface": "down"}
			}
		},
		{
			"from": [-1.5, 13, 8.5],
			"to": [7.5, 13.5, 9],
			"rotation": {"angle": 0, "axis": "y", "origin": [10.5, 21, 15.75]},
			"faces": {
				"north": {"uv": [11.5, 2, 16, 2.25], "texture": "#0", "cullface": "north"},
				"east": {"uv": [11.5, 2, 11.75, 2.25], "texture": "#0", "cullface": "east"},
				"south": {"uv": [16, 2, 11.5, 2.25], "texture": "#0", "cullface": "south"},
				"west": {"uv": [16, 2, 15.75, 2.25], "texture": "#0", "cullface": "west"},
				"up": {"uv": [16, 2, 11.5, 2.25], "texture": "#0", "cullface": "up"},
				"down": {"uv": [16, 2, 11.5, 2.25], "texture": "#0", "cullface": "down"}
			}
		},
		{
			"from": [-1.5, 13.5, 8.5],
			"to": [7.5, 14, 9],
			"rotation": {"angle": 0, "axis": "y", "origin": [10.5, 21.5, 15.75]},
			"faces": {
				"north": {"uv": [11.5, 1.75, 16, 2], "texture": "#0", "cullface": "north"},
				"east": {"uv": [11.5, 1.75, 11.75, 2], "texture": "#0", "cullface": "east"},
				"south": {"uv": [16, 1.75, 11.5, 2], "texture": "#0", "cullface": "south"},
				"west": {"uv": [16, 1.75, 15.75, 2], "texture": "#0", "cullface": "west"},
				"up": {"uv": [16, 1.75, 11.5, 2], "texture": "#0", "cullface": "up"},
				"down": {"uv": [16, 1.75, 11.5, 2], "texture": "#0", "cullface": "down"}
			}
		},
		{
			"from": [-1.5, 14, 8.5],
			"to": [7, 14.5, 9],
			"rotation": {"angle": 0, "axis": "y", "origin": [10.5, 22, 15.75]},
			"faces": {
				"north": {"uv": [11.75, 1.5, 16, 1.75], "texture": "#0", "cullface": "north"},
				"east": {"uv": [11.75, 1.5, 12, 1.75], "texture": "#0", "cullface": "east"},
				"south": {"uv": [16, 1.5, 11.75, 1.75], "texture": "#0", "cullface": "south"},
				"west": {"uv": [16, 1.5, 15.75, 1.75], "texture": "#0", "cullface": "west"},
				"up": {"uv": [16, 1.5, 11.75, 1.75], "texture": "#0", "cullface": "up"},
				"down": {"uv": [16, 1.5, 11.75, 1.75], "texture": "#0", "cullface": "down"}
			}
		},
		{
			"from": [-1.5, 14.5, 8.5],
			"to": [6.5, 15, 9],
			"rotation": {"angle": 0, "axis": "y", "origin": [10.5, 22.5, 15.75]},
			"faces": {
				"north": {"uv": [12, 1.25, 16, 1.5], "texture": "#0", "cullface": "north"},
				"east": {"uv": [12, 1.25, 12.25, 1.5], "texture": "#0", "cullface": "east"},
				"south": {"uv": [16, 1.25, 12, 1.5], "texture": "#0", "cullface": "south"},
				"west": {"uv": [16, 1.25, 15.75, 1.5], "texture": "#0", "cullface": "west"},
				"up": {"uv": [16, 1.25, 12, 1.5], "texture": "#0", "cullface": "up"},
				"down": {"uv": [16, 1.25, 12, 1.5], "texture": "#0", "cullface": "down"}
			}
		},
		{
			"from": [-1, 15, 8.5],
			"to": [6, 15.5, 9],
			"rotation": {"angle": 0, "axis": "y", "origin": [10.5, 23, 15.75]},
			"faces": {
				"north": {"uv": [12.25, 1, 15.75, 1.25], "texture": "#0", "cullface": "north"},
				"east": {"uv": [12.25, 1, 12.5, 1.25], "texture": "#0", "cullface": "east"},
				"south": {"uv": [15.75, 1, 12.25, 1.25], "texture": "#0", "cullface": "south"},
				"west": {"uv": [15.75, 1, 15.5, 1.25], "texture": "#0", "cullface": "west"},
				"up": {"uv": [15.75, 1, 12.25, 1.25], "texture": "#0", "cullface": "up"},
				"down": {"uv": [15.75, 1, 12.25, 1.25], "texture": "#0", "cullface": "down"}
			}
		},
		{
			"from": [-1, 15.5, 8.5],
			"to": [5.5, 16, 9],
			"rotation": {"angle": 0, "axis": "y", "origin": [10.5, 23.5, 15.75]},
			"faces": {
				"north": {"uv": [12.5, 0.75, 15.75, 1], "texture": "#0", "cullface": "north"},
				"east": {"uv": [12.5, 0.75, 12.75, 1], "texture": "#0", "cullface": "east"},
				"south": {"uv": [15.75, 0.75, 12.5, 1], "texture": "#0", "cullface": "south"},
				"west": {"uv": [15.75, 0.75, 15.5, 1], "texture": "#0", "cullface": "west"},
				"up": {"uv": [15.75, 0.75, 12.5, 1], "texture": "#0", "cullface": "up"},
				"down": {"uv": [15.75, 0.75, 12.5, 1], "texture": "#0", "cullface": "down"}
			}
		},
		{
			"from": [-0.5, 16, 8.5],
			"to": [5, 16.5, 9],
			"rotation": {"angle": 0, "axis": "y", "origin": [10.5, 24, 15.75]},
			"faces": {
				"north": {"uv": [12.75, 0.5, 15.5, 0.75], "texture": "#0", "cullface": "north"},
				"east": {"uv": [12.75, 0.5, 13, 0.75], "texture": "#0", "cullface": "east"},
				"south": {"uv": [15.5, 0.5, 12.75, 0.75], "texture": "#0", "cullface": "south"},
				"west": {"uv": [15.5, 0.5, 15.25, 0.75], "texture": "#0", "cullface": "west"},
				"up": {"uv": [15.5, 0.5, 12.75, 0.75], "texture": "#0", "cullface": "up"},
				"down": {"uv": [15.5, 0.5, 12.75, 0.75], "texture": "#0", "cullface": "down"}
			}
		},
		{
			"from": [0, 16.5, 8.5],
			"to": [4.5, 17, 9],
			"rotation": {"angle": 0, "axis": "y", "origin": [10.5, 24.5, 15.75]},
			"faces": {
				"north": {"uv": [13, 0.25, 15.25, 0.5], "texture": "#0", "cullface": "north"},
				"east": {"uv": [13, 0.25, 13.25, 0.5], "texture": "#0", "cullface": "east"},
				"south": {"uv": [15.25, 0.25, 13, 0.5], "texture": "#0", "cullface": "south"},
				"west": {"uv": [15.25, 0.25, 15, 0.5], "texture": "#0", "cullface": "west"},
				"up": {"uv": [15.25, 0.25, 13, 0.5], "texture": "#0", "cullface": "up"},
				"down": {"uv": [15.25, 0.25, 13, 0.5], "texture": "#0", "cullface": "down"}
			}
		},
		{
			"from": [1, 17, 8.5],
			"to": [3.5, 17.5, 9],
			"rotation": {"angle": 0, "axis": "y", "origin": [10.5, 25, 15.75]},
			"faces": {
				"north": {"uv": [13.5, 0, 14.75, 0.25], "texture": "#0", "cullface": "north"},
				"east": {"uv": [13.5, 0, 13.75, 0.25], "texture": "#0", "cullface": "east"},
				"south": {"uv": [14.75, 0, 13.5, 0.25], "texture": "#0", "cullface": "south"},
				"west": {"uv": [14.75, 0, 14.5, 0.25], "texture": "#0", "cullface": "west"},
				"up": {"uv": [14.75, 0, 13.5, 0.25], "texture": "#0", "cullface": "up"},
				"down": {"uv": [14.75, 0, 13.5, 0.25], "texture": "#0", "cullface": "down"}
			}
		},
		{
			"from": [1, 7.5, 7.5],
			"to": [1.5, 8, 8.5],
			"rotation": {"angle": 0, "axis": "y", "origin": [9, 15.5, 15.25]},
			"faces": {
				"north": {"uv": [7.25, 12, 7.5, 12.25], "texture": "#0", "cullface": "north"},
				"east": {"uv": [7.25, 12, 7.5, 12.25], "texture": "#0", "cullface": "east"},
				"south": {"uv": [7.5, 12, 7.25, 12.25], "texture": "#0", "cullface": "south"},
				"west": {"uv": [7.5, 12, 7.25, 12.25], "texture": "#0", "cullface": "west"},
				"up": {"uv": [7.5, 12, 7.25, 12.25], "texture": "#0", "cullface": "up"},
				"down": {"uv": [7.5, 12, 7.25, 12.25], "texture": "#0", "cullface": "down"}
			}
		},
		{
			"from": [7, 14, 7.5],
			"to": [8, 14.5, 8.5],
			"rotation": {"angle": 0, "axis": "y", "origin": [15.5, 22, 15.25]},
			"faces": {
				"north": {"uv": [4, 8.75, 4.5, 9], "texture": "#0", "cullface": "north"},
				"east": {"uv": [4, 8.75, 4.25, 9], "texture": "#0", "cullface": "east"},
				"south": {"uv": [4.5, 8.75, 4, 9], "texture": "#0", "cullface": "south"},
				"west": {"uv": [4.5, 8.75, 4.25, 9], "texture": "#0", "cullface": "west"},
				"up": {"uv": [4.5, 8.75, 4, 9], "texture": "#0", "cullface": "up"},
				"down": {"uv": [4.5, 8.75, 4, 9], "texture": "#0", "cullface": "down"}
			}
		},
		{
			"from": [6.5, 14.5, 7.5],
			"to": [7.5, 15, 8.5],
			"rotation": {"angle": 0, "axis": "y", "origin": [15, 22.5, 15.25]},
			"faces": {
				"north": {"uv": [4.25, 8.5, 4.75, 8.75], "texture": "#0", "cullface": "north"},
				"east": {"uv": [4.25, 8.5, 4.5, 8.75], "texture": "#0", "cullface": "east"},
				"south": {"uv": [4.75, 8.5, 4.25, 8.75], "texture": "#0", "cullface": "south"},
				"west": {"uv": [4.75, 8.5, 4.5, 8.75], "texture": "#0", "cullface": "west"},
				"up": {"uv": [4.75, 8.5, 4.25, 8.75], "texture": "#0", "cullface": "up"},
				"down": {"uv": [4.75, 8.5, 4.25, 8.75], "texture": "#0", "cullface": "down"}
			}
		},
		{
			"from": [5, 16, 7.5],
			"to": [6, 16.5, 8.5],
			"rotation": {"angle": 0, "axis": "y", "origin": [13.5, 24, 15.25]},
			"faces": {
				"north": {"uv": [5, 7.75, 5.5, 8], "texture": "#0", "cullface": "north"},
				"east": {"uv": [5, 7.75, 5.25, 8], "texture": "#0", "cullface": "east"},
				"south": {"uv": [5.5, 7.75, 5, 8], "texture": "#0", "cullface": "south"},
				"west": {"uv": [5.5, 7.75, 5.25, 8], "texture": "#0", "cullface": "west"},
				"up": {"uv": [5.5, 7.75, 5, 8], "texture": "#0", "cullface": "up"},
				"down": {"uv": [5.5, 7.75, 5, 8], "texture": "#0", "cullface": "down"}
			}
		},
		{
			"from": [4.5, 16.5, 7.5],
			"to": [5.5, 17, 8.5],
			"rotation": {"angle": 0, "axis": "y", "origin": [13, 24.5, 15.25]},
			"faces": {
				"north": {"uv": [5.25, 7.5, 5.75, 7.75], "texture": "#0", "cullface": "north"},
				"east": {"uv": [5.25, 7.5, 5.5, 7.75], "texture": "#0", "cullface": "east"},
				"south": {"uv": [5.75, 7.5, 5.25, 7.75], "texture": "#0", "cullface": "south"},
				"west": {"uv": [5.75, 7.5, 5.5, 7.75], "texture": "#0", "cullface": "west"},
				"up": {"uv": [5.75, 7.5, 5.25, 7.75], "texture": "#0", "cullface": "up"},
				"down": {"uv": [5.75, 7.5, 5.25, 7.75], "texture": "#0", "cullface": "down"}
			}
		},
		{
			"from": [3.5, 17, 7.5],
			"to": [5, 17.5, 8.5],
			"rotation": {"angle": 0, "axis": "y", "origin": [12.5, 25, 15.25]},
			"faces": {
				"north": {"uv": [5.5, 7.25, 6.25, 7.5], "texture": "#0", "cullface": "north"},
				"east": {"uv": [5.5, 7.25, 5.75, 7.5], "texture": "#0", "cullface": "east"},
				"south": {"uv": [6.25, 7.25, 5.5, 7.5], "texture": "#0", "cullface": "south"},
				"west": {"uv": [6.25, 7.25, 6, 7.5], "texture": "#0", "cullface": "west"},
				"up": {"uv": [6.25, 7.25, 5.5, 7.5], "texture": "#0", "cullface": "up"},
				"down": {"uv": [6.25, 7.25, 5.5, 7.5], "texture": "#0", "cullface": "down"}
			}
		},
		{
			"from": [0, 17.5, 7.5],
			"to": [4.5, 18, 8.5],
			"rotation": {"angle": 0, "axis": "y", "origin": [12, 25.5, 15.25]},
			"faces": {
				"north": {"uv": [5.75, 7, 8, 7.25], "texture": "#0", "cullface": "north"},
				"east": {"uv": [5.75, 7, 6, 7.25], "texture": "#0", "cullface": "east"},
				"south": {"uv": [8, 7, 5.75, 7.25], "texture": "#0", "cullface": "south"},
				"west": {"uv": [8, 7, 7.75, 7.25], "texture": "#0", "cullface": "west"},
				"up": {"uv": [8, 7, 5.75, 7.25], "texture": "#0", "cullface": "up"},
				"down": {"uv": [8, 7, 5.75, 7.25], "texture": "#0", "cullface": "down"}
			}
		},
		{
			"from": [6.5, 15, 7.5],
			"to": [7, 15.5, 8.5],
			"rotation": {"angle": 0, "axis": "y", "origin": [15, 23, 15.25]},
			"faces": {
				"north": {"uv": [4.5, 8.25, 4.75, 8.5], "texture": "#0", "cullface": "north"},
				"east": {"uv": [4.5, 8.25, 4.75, 8.5], "texture": "#0", "cullface": "east"},
				"south": {"uv": [4.75, 8.25, 4.5, 8.5], "texture": "#0", "cullface": "south"},
				"west": {"uv": [4.75, 8.25, 4.5, 8.5], "texture": "#0", "cullface": "west"},
				"up": {"uv": [4.75, 8.25, 4.5, 8.5], "texture": "#0", "cullface": "up"},
				"down": {"uv": [4.75, 8.25, 4.5, 8.5], "texture": "#0", "cullface": "down"}
			}
		},
		{
			"from": [8, 14.5, 7.5],
			"to": [8.5, 15, 8.5],
			"rotation": {"angle": 0, "axis": "y", "origin": [16, 22.5, 15.25]},
			"faces": {
				"north": {"uv": [3.75, 8.5, 4, 8.75], "texture": "#0", "cullface": "north"},
				"east": {"uv": [3.75, 8.5, 4, 8.75], "texture": "#0", "cullface": "east"},
				"south": {"uv": [4, 8.5, 3.75, 8.75], "texture": "#0", "cullface": "south"},
				"west": {"uv": [4, 8.5, 3.75, 8.75], "texture": "#0", "cullface": "west"},
				"up": {"uv": [4, 8.5, 3.75, 8.75], "texture": "#0", "cullface": "up"},
				"down": {"uv": [4, 8.5, 3.75, 8.75], "texture": "#0", "cullface": "down"}
			}
		},
		{
			"from": [1, 8.5, 7.5],
			"to": [2, 9, 8.5],
			"rotation": {"angle": 0, "axis": "y", "origin": [9.5, 16.5, 15.25]},
			"faces": {
				"north": {"uv": [7, 11.5, 7.5, 11.75], "texture": "#0", "cullface": "north"},
				"east": {"uv": [7, 11.5, 7.25, 11.75], "texture": "#0", "cullface": "east"},
				"south": {"uv": [7.5, 11.5, 7, 11.75], "texture": "#0", "cullface": "south"},
				"west": {"uv": [7.5, 11.5, 7.25, 11.75], "texture": "#0", "cullface": "west"},
				"up": {"uv": [7.5, 11.5, 7, 11.75], "texture": "#0", "cullface": "up"},
				"down": {"uv": [7.5, 11.5, 7, 11.75], "texture": "#0", "cullface": "down"}
			}
		},
		{
			"from": [0.5, 9, 7.5],
			"to": [1.5, 9.5, 8.5],
			"rotation": {"angle": 0, "axis": "y", "origin": [9, 17, 15.25]},
			"faces": {
				"north": {"uv": [7.25, 11.25, 7.75, 11.5], "texture": "#0", "cullface": "north"},
				"east": {"uv": [7.25, 11.25, 7.5, 11.5], "texture": "#0", "cullface": "east"},
				"south": {"uv": [7.75, 11.25, 7.25, 11.5], "texture": "#0", "cullface": "south"},
				"west": {"uv": [7.75, 11.25, 7.5, 11.5], "texture": "#0", "cullface": "west"},
				"up": {"uv": [7.75, 11.25, 7.25, 11.5], "texture": "#0", "cullface": "up"},
				"down": {"uv": [7.75, 11.25, 7.25, 11.5], "texture": "#0", "cullface": "down"}
			}
		},
		{
			"from": [-0.5, 10, 7.5],
			"to": [0, 10.5, 8.5],
			"rotation": {"angle": 0, "axis": "y", "origin": [8, 18, 15.25]},
			"faces": {
				"north": {"uv": [8, 10.75, 8.25, 11], "texture": "#0", "cullface": "north"},
				"east": {"uv": [8, 10.75, 8.25, 11], "texture": "#0", "cullface": "east"},
				"south": {"uv": [8.25, 10.75, 8, 11], "texture": "#0", "cullface": "south"},
				"west": {"uv": [8.25, 10.75, 8, 11], "texture": "#0", "cullface": "west"},
				"up": {"uv": [8.25, 10.75, 8, 11], "texture": "#0", "cullface": "up"},
				"down": {"uv": [8.25, 10.75, 8, 11], "texture": "#0", "cullface": "down"}
			}
		},
		{
			"from": [-3, 14.5, 7.5],
			"to": [-2.5, 15, 8.5],
			"rotation": {"angle": 0, "axis": "y", "origin": [5.5, 22, 15.25]},
			"faces": {
				"north": {"uv": [9.25, 8.5, 9.5, 8.75], "texture": "#0", "cullface": "north"},
				"east": {"uv": [9.25, 8.5, 9.5, 8.75], "texture": "#0", "cullface": "east"},
				"south": {"uv": [9.5, 8.5, 9.25, 8.75], "texture": "#0", "cullface": "south"},
				"west": {"uv": [9.5, 8.5, 9.25, 8.75], "texture": "#0", "cullface": "west"},
				"up": {"uv": [9.5, 8.5, 9.25, 8.75], "texture": "#0", "cullface": "up"},
				"down": {"uv": [9.5, 8.5, 9.25, 8.75], "texture": "#0", "cullface": "down"}
			}
		},
		{
			"from": [1, 18.5, 7.5],
			"to": [1.5, 19, 8.5],
			"rotation": {"angle": 0, "axis": "y", "origin": [9.5, 26, 15.25]},
			"faces": {
				"north": {"uv": [7.25, 6.5, 7.5, 6.75], "texture": "#0", "cullface": "north"},
				"east": {"uv": [7.25, 6.5, 7.5, 6.75], "texture": "#0", "cullface": "east"},
				"south": {"uv": [7.5, 6.5, 7.25, 6.75], "texture": "#0", "cullface": "south"},
				"west": {"uv": [7.5, 6.5, 7.25, 6.75], "texture": "#0", "cullface": "west"},
				"up": {"uv": [7.5, 6.5, 7.25, 6.75], "texture": "#0", "cullface": "up"},
				"down": {"uv": [7.5, 6.5, 7.25, 6.75], "texture": "#0", "cullface": "down"}
			}
		},
		{
			"from": [0, 18, 7.25],
			"to": [1, 18.5, 8.75],
			"rotation": {"angle": 0, "axis": "y", "origin": [9, 25.5, 15.25]},
			"faces": {
				"north": {"uv": [7.5, 6.75, 8, 7], "texture": "#0", "cullface": "north"},
				"east": {"uv": [7.5, 6.75, 7.75, 7], "texture": "#0", "cullface": "east"},
				"south": {"uv": [8, 6.75, 7.5, 7], "texture": "#0", "cullface": "south"},
				"west": {"uv": [8, 6.75, 7.75, 7], "texture": "#0", "cullface": "west"},
				"up": {"uv": [8, 6.75, 7.5, 7], "texture": "#0", "cullface": "up"},
				"down": {"uv": [8, 6.75, 7.5, 7], "texture": "#0", "cullface": "down"}
			}
		},
		{
			"from": [-1, 17.5, 7.25],
			"to": [0, 18, 8.75],
			"rotation": {"angle": 0, "axis": "y", "origin": [8, 25, 15.25]},
			"faces": {
				"north": {"uv": [8, 7, 8.5, 7.25], "texture": "#0", "cullface": "north"},
				"east": {"uv": [8, 7, 8.25, 7.25], "texture": "#0", "cullface": "east"},
				"south": {"uv": [8.5, 7, 8, 7.25], "texture": "#0", "cullface": "south"},
				"west": {"uv": [8.5, 7, 8.25, 7.25], "texture": "#0", "cullface": "west"},
				"up": {"uv": [8.5, 7, 8, 7.25], "texture": "#0", "cullface": "up"},
				"down": {"uv": [8.5, 7, 8, 7.25], "texture": "#0", "cullface": "down"}
			}
		},
		{
			"from": [-2, 18, 7.25],
			"to": [-1, 18.5, 8.75],
			"rotation": {"angle": 0, "axis": "y", "origin": [7, 25.5, 15.25]},
			"faces": {
				"north": {"uv": [8.5, 6.75, 9, 7], "texture": "#0", "cullface": "north"},
				"east": {"uv": [8.5, 6.75, 8.75, 7], "texture": "#0", "cullface": "east"},
				"south": {"uv": [9, 6.75, 8.5, 7], "texture": "#0", "cullface": "south"},
				"west": {"uv": [9, 6.75, 8.75, 7], "texture": "#0", "cullface": "west"},
				"up": {"uv": [9, 6.75, 8.5, 7], "texture": "#0", "cullface": "up"},
				"down": {"uv": [9, 6.75, 8.5, 7], "texture": "#0", "cullface": "down"}
			}
		},
		{
			"from": [-2.5, 17.5, 7.25],
			"to": [-1.5, 18, 8.75],
			"rotation": {"angle": 0, "axis": "y", "origin": [6.5, 25, 15.25]},
			"faces": {
				"north": {"uv": [8.75, 7, 9.25, 7.25], "texture": "#0", "cullface": "north"},
				"east": {"uv": [8.75, 7, 9, 7.25], "texture": "#0", "cullface": "east"},
				"south": {"uv": [9.25, 7, 8.75, 7.25], "texture": "#0", "cullface": "south"},
				"west": {"uv": [9.25, 7, 9, 7.25], "texture": "#0", "cullface": "west"},
				"up": {"uv": [9.25, 7, 8.75, 7.25], "texture": "#0", "cullface": "up"},
				"down": {"uv": [9.25, 7, 8.75, 7.25], "texture": "#0", "cullface": "down"}
			}
		},
		{
			"from": [-2.5, 17, 7.25],
			"to": [-2, 17.5, 8.75],
			"rotation": {"angle": 0, "axis": "y", "origin": [6.5, 24.5, 15.25]},
			"faces": {
				"north": {"uv": [9, 7.25, 9.25, 7.5], "texture": "#0", "cullface": "north"},
				"east": {"uv": [9, 7.25, 9.25, 7.5], "texture": "#0", "cullface": "east"},
				"south": {"uv": [9.25, 7.25, 9, 7.5], "texture": "#0", "cullface": "south"},
				"west": {"uv": [9.25, 7.25, 9, 7.5], "texture": "#0", "cullface": "west"},
				"up": {"uv": [9.25, 7.25, 9, 7.5], "texture": "#0", "cullface": "up"},
				"down": {"uv": [9.25, 7.25, 9, 7.5], "texture": "#0", "cullface": "down"}
			}
		},
		{
			"from": [-2, 16.5, 7.25],
			"to": [-1.5, 17, 8.75],
			"rotation": {"angle": 0, "axis": "y", "origin": [7, 24, 15.25]},
			"faces": {
				"north": {"uv": [8.75, 7.5, 9, 7.75], "texture": "#0", "cullface": "north"},
				"east": {"uv": [8.75, 7.5, 9, 7.75], "texture": "#0", "cullface": "east"},
				"south": {"uv": [9, 7.5, 8.75, 7.75], "texture": "#0", "cullface": "south"},
				"west": {"uv": [9, 7.5, 8.75, 7.75], "texture": "#0", "cullface": "west"},
				"up": {"uv": [9, 7.5, 8.75, 7.75], "texture": "#0", "cullface": "up"},
				"down": {"uv": [9, 7.5, 8.75, 7.75], "texture": "#0", "cullface": "down"}
			}
		},
		{
			"from": [-1.5, 15.5, 7.25],
			"to": [-1, 16, 8.75],
			"rotation": {"angle": 0, "axis": "y", "origin": [7.5, 23, 15.25]},
			"faces": {
				"north": {"uv": [8.5, 8, 8.75, 8.25], "texture": "#0", "cullface": "north"},
				"east": {"uv": [8.5, 8, 8.75, 8.25], "texture": "#0", "cullface": "east"},
				"south": {"uv": [8.75, 8, 8.5, 8.25], "texture": "#0", "cullface": "south"},
				"west": {"uv": [8.75, 8, 8.5, 8.25], "texture": "#0", "cullface": "west"},
				"up": {"uv": [8.75, 8, 8.5, 8.25], "texture": "#0", "cullface": "up"},
				"down": {"uv": [8.75, 8, 8.5, 8.25], "texture": "#0", "cullface": "down"}
			}
		},
		{
			"from": [-2.5, 15, 7.25],
			"to": [-2, 16, 8.75],
			"rotation": {"angle": 0, "axis": "y", "origin": [6.5, 23, 15.25]},
			"faces": {
				"north": {"uv": [9, 8, 9.25, 8.5], "texture": "#0", "cullface": "north"},
				"east": {"uv": [9, 8, 9.25, 8.5], "texture": "#0", "cullface": "east"},
				"south": {"uv": [9.25, 8, 9, 8.5], "texture": "#0", "cullface": "south"},
				"west": {"uv": [9.25, 8, 9, 8.5], "texture": "#0", "cullface": "west"},
				"up": {"uv": [9.25, 8, 9, 8.25], "texture": "#0", "cullface": "up"},
				"down": {"uv": [9.25, 8, 9, 8.25], "texture": "#0", "cullface": "down"}
			}
		},
		{
			"from": [-3.5, 15.5, 7.25],
			"to": [-3, 16.5, 8.75],
			"rotation": {"angle": 0, "axis": "y", "origin": [5.5, 23.5, 15.25]},
			"faces": {
				"north": {"uv": [9.5, 7.75, 9.75, 8.25], "texture": "#0", "cullface": "north"},
				"east": {"uv": [9.5, 7.75, 9.75, 8.25], "texture": "#0", "cullface": "east"},
				"south": {"uv": [9.75, 7.75, 9.5, 8.25], "texture": "#0", "cullface": "south"},
				"west": {"uv": [9.75, 7.75, 9.5, 8.25], "texture": "#0", "cullface": "west"},
				"up": {"uv": [9.75, 7.75, 9.5, 8], "texture": "#0", "cullface": "up"},
				"down": {"uv": [9.75, 7.75, 9.5, 8], "texture": "#0", "cullface": "down"}
			}
		},
		{
			"from": [-2.5, 12.5, 7.25],
			"to": [-2, 13.5, 8.75],
			"rotation": {"angle": 0, "axis": "y", "origin": [6.5, 20.5, 15.25]},
			"faces": {
				"north": {"uv": [9, 9.25, 9.25, 9.75], "texture": "#0", "cullface": "north"},
				"east": {"uv": [9, 9.25, 9.25, 9.75], "texture": "#0", "cullface": "east"},
				"south": {"uv": [9.25, 9.25, 9, 9.75], "texture": "#0", "cullface": "south"},
				"west": {"uv": [9.25, 9.25, 9, 9.75], "texture": "#0", "cullface": "west"},
				"up": {"uv": [9.25, 9.25, 9, 9.5], "texture": "#0", "cullface": "up"},
				"down": {"uv": [9.25, 9.25, 9, 9.5], "texture": "#0", "cullface": "down"}
			}
		},
		{
			"from": [-3, 12, 7.25],
			"to": [-2.5, 13, 8.75],
			"rotation": {"angle": 0, "axis": "y", "origin": [6, 20, 15.25]},
			"faces": {
				"north": {"uv": [9.25, 9.5, 9.5, 10], "texture": "#0", "cullface": "north"},
				"east": {"uv": [9.25, 9.5, 9.5, 10], "texture": "#0", "cullface": "east"},
				"south": {"uv": [9.5, 9.5, 9.25, 10], "texture": "#0", "cullface": "south"},
				"west": {"uv": [9.5, 9.5, 9.25, 10], "texture": "#0", "cullface": "west"},
				"up": {"uv": [9.5, 9.5, 9.25, 9.75], "texture": "#0", "cullface": "up"},
				"down": {"uv": [9.5, 9.5, 9.25, 9.75], "texture": "#0", "cullface": "down"}
			}
		},
		{
			"from": [-3.5, 11.5, 7.25],
			"to": [-3, 12, 8.75],
			"rotation": {"angle": 0, "axis": "y", "origin": [5.5, 19.5, 15.25]},
			"faces": {
				"north": {"uv": [9.5, 10, 9.75, 10.25], "texture": "#0", "cullface": "north"},
				"east": {"uv": [9.5, 10, 9.75, 10.25], "texture": "#0", "cullface": "east"},
				"south": {"uv": [9.75, 10, 9.5, 10.25], "texture": "#0", "cullface": "south"},
				"west": {"uv": [9.75, 10, 9.5, 10.25], "texture": "#0", "cullface": "west"},
				"up": {"uv": [9.75, 10, 9.5, 10.25], "texture": "#0", "cullface": "up"},
				"down": {"uv": [9.75, 10, 9.5, 10.25], "texture": "#0", "cullface": "down"}
			}
		},
		{
			"from": [-4, 12, 7.25],
			"to": [-3, 12.5, 8.75],
			"rotation": {"angle": 0, "axis": "y", "origin": [5.5, 20, 15.25]},
			"faces": {
				"north": {"uv": [9.5, 9.75, 10, 10], "texture": "#0", "cullface": "north"},
				"east": {"uv": [9.5, 9.75, 9.75, 10], "texture": "#0", "cullface": "east"},
				"south": {"uv": [10, 9.75, 9.5, 10], "texture": "#0", "cullface": "south"},
				"west": {"uv": [10, 9.75, 9.75, 10], "texture": "#0", "cullface": "west"},
				"up": {"uv": [10, 9.75, 9.5, 10], "texture": "#0", "cullface": "up"},
				"down": {"uv": [10, 9.75, 9.5, 10], "texture": "#0", "cullface": "down"}
			}
		},
		{
			"from": [-3, 11, 7.25],
			"to": [-2, 11.5, 8.75],
			"rotation": {"angle": 0, "axis": "y", "origin": [6.5, 19, 15.25]},
			"faces": {
				"north": {"uv": [9, 10.25, 9.5, 10.5], "texture": "#0", "cullface": "north"},
				"east": {"uv": [9, 10.25, 9.25, 10.5], "texture": "#0", "cullface": "east"},
				"south": {"uv": [9.5, 10.25, 9, 10.5], "texture": "#0", "cullface": "south"},
				"west": {"uv": [9.5, 10.25, 9.25, 10.5], "texture": "#0", "cullface": "west"},
				"up": {"uv": [9.5, 10.25, 9, 10.5], "texture": "#0", "cullface": "up"},
				"down": {"uv": [9.5, 10.25, 9, 10.5], "texture": "#0", "cullface": "down"}
			}
		},
		{
			"from": [-2, 10.5, 7.25],
			"to": [-1, 11, 8.75],
			"rotation": {"angle": 0, "axis": "y", "origin": [7.5, 18.5, 15.25]},
			"faces": {
				"north": {"uv": [8.5, 10.5, 9, 10.75], "texture": "#0", "cullface": "north"},
				"east": {"uv": [8.5, 10.5, 8.75, 10.75], "texture": "#0", "cullface": "east"},
				"south": {"uv": [9, 10.5, 8.5, 10.75], "texture": "#0", "cullface": "south"},
				"west": {"uv": [9, 10.5, 8.75, 10.75], "texture": "#0", "cullface": "west"},
				"up": {"uv": [9, 10.5, 8.5, 10.75], "texture": "#0", "cullface": "up"},
				"down": {"uv": [9, 10.5, 8.5, 10.75], "texture": "#0", "cullface": "down"}
			}
		},
		{
			"from": [0, 10, 7.25],
			"to": [1, 10.5, 8.75],
			"rotation": {"angle": 0, "axis": "y", "origin": [9.5, 18, 15.25]},
			"faces": {
				"north": {"uv": [7.5, 10.75, 8, 11], "texture": "#0", "cullface": "north"},
				"east": {"uv": [7.5, 10.75, 7.75, 11], "texture": "#0", "cullface": "east"},
				"south": {"uv": [8, 10.75, 7.5, 11], "texture": "#0", "cullface": "south"},
				"west": {"uv": [8, 10.75, 7.75, 11], "texture": "#0", "cullface": "west"},
				"up": {"uv": [8, 10.75, 7.5, 11], "texture": "#0", "cullface": "up"},
				"down": {"uv": [8, 10.75, 7.5, 11], "texture": "#0", "cullface": "down"}
			}
		},
		{
			"from": [5.5, 15, 7.25],
			"to": [6.5, 15.5, 8.75],
			"rotation": {"angle": 0, "axis": "y", "origin": [15, 23, 15.25]},
			"faces": {
				"north": {"uv": [4.75, 8.25, 5.25, 8.5], "texture": "#0", "cullface": "north"},
				"east": {"uv": [4.75, 8.25, 5, 8.5], "texture": "#0", "cullface": "east"},
				"south": {"uv": [5.25, 8.25, 4.75, 8.5], "texture": "#0", "cullface": "south"},
				"west": {"uv": [5.25, 8.25, 5, 8.5], "texture": "#0", "cullface": "west"},
				"up": {"uv": [5.25, 8.25, 4.75, 8.5], "texture": "#0", "cullface": "up"},
				"down": {"uv": [5.25, 8.25, 4.75, 8.5], "texture": "#0", "cullface": "down"}
			}
		},
		{
			"from": [5.5, 15.5, 7.25],
			"to": [7, 16, 8.75],
			"rotation": {"angle": 0, "axis": "y", "origin": [15, 23.5, 15.25]},
			"faces": {
				"north": {"uv": [4.5, 8, 5.25, 8.25], "texture": "#0", "cullface": "north"},
				"east": {"uv": [4.5, 8, 4.75, 8.25], "texture": "#0", "cullface": "east"},
				"south": {"uv": [5.25, 8, 4.5, 8.25], "texture": "#0", "cullface": "south"},
				"west": {"uv": [5.25, 8, 5, 8.25], "texture": "#0", "cullface": "west"},
				"up": {"uv": [5.25, 8, 4.5, 8.25], "texture": "#0", "cullface": "up"},
				"down": {"uv": [5.25, 8, 4.5, 8.25], "texture": "#0", "cullface": "down"}
			}
		},
		{
			"from": [6, 16, 7.25],
			"to": [6.5, 16.5, 8.75],
			"rotation": {"angle": 0, "axis": "y", "origin": [15, 24, 15.25]},
			"faces": {
				"north": {"uv": [4.75, 7.75, 5, 8], "texture": "#0", "cullface": "north"},
				"east": {"uv": [4.75, 7.75, 5, 8], "texture": "#0", "cullface": "east"},
				"south": {"uv": [5, 7.75, 4.75, 8], "texture": "#0", "cullface": "south"},
				"west": {"uv": [5, 7.75, 4.75, 8], "texture": "#0", "cullface": "west"},
				"up": {"uv": [5, 7.75, 4.75, 8], "texture": "#0", "cullface": "up"},
				"down": {"uv": [5, 7.75, 4.75, 8], "texture": "#0", "cullface": "down"}
			}
		},
		{
			"from": [4, 19, 7.25],
			"to": [4.5, 19.5, 8.75],
			"rotation": {"angle": 0, "axis": "y", "origin": [13, 27, 15.25]},
			"faces": {
				"north": {"uv": [5.75, 6.25, 6, 6.5], "texture": "#0", "cullface": "north"},
				"east": {"uv": [5.75, 6.25, 6, 6.5], "texture": "#0", "cullface": "east"},
				"south": {"uv": [6, 6.25, 5.75, 6.5], "texture": "#0", "cullface": "south"},
				"west": {"uv": [6, 6.25, 5.75, 6.5], "texture": "#0", "cullface": "west"},
				"up": {"uv": [6, 6.25, 5.75, 6.5], "texture": "#0", "cullface": "up"},
				"down": {"uv": [6, 6.25, 5.75, 6.5], "texture": "#0", "cullface": "down"}
			}
		},
		{
			"from": [3, 18, 7.25],
			"to": [3.5, 19, 8.75],
			"rotation": {"angle": 0, "axis": "y", "origin": [12, 26, 15.25]},
			"faces": {
				"north": {"uv": [6.25, 6.5, 6.5, 7], "texture": "#0", "cullface": "north"},
				"east": {"uv": [6.25, 6.5, 6.5, 7], "texture": "#0", "cullface": "east"},
				"south": {"uv": [6.5, 6.5, 6.25, 7], "texture": "#0", "cullface": "south"},
				"west": {"uv": [6.5, 6.5, 6.25, 7], "texture": "#0", "cullface": "west"},
				"up": {"uv": [6.5, 6.5, 6.25, 6.75], "texture": "#0", "cullface": "up"},
				"down": {"uv": [6.5, 6.5, 6.25, 6.75], "texture": "#0", "cullface": "down"}
			}
		},
		{
			"from": [2.5, 18, 7.25],
			"to": [3, 18.5, 8.75],
			"rotation": {"angle": 0, "axis": "y", "origin": [11.5, 26, 15.25]},
			"faces": {
				"north": {"uv": [6.5, 6.75, 6.75, 7], "texture": "#0", "cullface": "north"},
				"east": {"uv": [6.5, 6.75, 6.75, 7], "texture": "#0", "cullface": "east"},
				"south": {"uv": [6.75, 6.75, 6.5, 7], "texture": "#0", "cullface": "south"},
				"west": {"uv": [6.75, 6.75, 6.5, 7], "texture": "#0", "cullface": "west"},
				"up": {"uv": [6.75, 6.75, 6.5, 7], "texture": "#0", "cullface": "up"},
				"down": {"uv": [6.75, 6.75, 6.5, 7], "texture": "#0", "cullface": "down"}
			}
		},
		{
			"from": [5.5, 16.5, 7.25],
			"to": [6, 17, 8.75],
			"rotation": {"angle": 0, "axis": "y", "origin": [14.5, 24.5, 15.25]},
			"faces": {
				"north": {"uv": [5, 7.5, 5.25, 7.75], "texture": "#0", "cullface": "north"},
				"east": {"uv": [5, 7.5, 5.25, 7.75], "texture": "#0", "cullface": "east"},
				"south": {"uv": [5.25, 7.5, 5, 7.75], "texture": "#0", "cullface": "south"},
				"west": {"uv": [5.25, 7.5, 5, 7.75], "texture": "#0", "cullface": "west"},
				"up": {"uv": [5.25, 7.5, 5, 7.75], "texture": "#0", "cullface": "up"},
				"down": {"uv": [5.25, 7.5, 5, 7.75], "texture": "#0", "cullface": "down"}
			}
		},
		{
			"from": [5, 17, 7.25],
			"to": [5.5, 18, 8.75],
			"rotation": {"angle": 0, "axis": "y", "origin": [14, 25, 15.25]},
			"faces": {
				"north": {"uv": [5.25, 7, 5.5, 7.5], "texture": "#0", "cullface": "north"},
				"east": {"uv": [5.25, 7, 5.5, 7.5], "texture": "#0", "cullface": "east"},
				"south": {"uv": [5.5, 7, 5.25, 7.5], "texture": "#0", "cullface": "south"},
				"west": {"uv": [5.5, 7, 5.25, 7.5], "texture": "#0", "cullface": "west"},
				"up": {"uv": [5.5, 7, 5.25, 7.25], "texture": "#0", "cullface": "up"},
				"down": {"uv": [5.5, 7, 5.25, 7.25], "texture": "#0", "cullface": "down"}
			}
		},
		{
			"from": [4.5, 18, 7.25],
			"to": [5, 19, 8.75],
			"rotation": {"angle": 0, "axis": "y", "origin": [13.5, 26, 15.25]},
			"faces": {
				"north": {"uv": [5.5, 6.5, 5.75, 7], "texture": "#0", "cullface": "north"},
				"east": {"uv": [5.5, 6.5, 5.75, 7], "texture": "#0", "cullface": "east"},
				"south": {"uv": [5.75, 6.5, 5.5, 7], "texture": "#0", "cullface": "south"},
				"west": {"uv": [5.75, 6.5, 5.5, 7], "texture": "#0", "cullface": "west"},
				"up": {"uv": [5.75, 6.5, 5.5, 6.75], "texture": "#0", "cullface": "up"},
				"down": {"uv": [5.75, 6.5, 5.5, 6.75], "texture": "#0", "cullface": "down"}
			}
		},
		{
			"from": [3.5, 18.5, 7.25],
			"to": [4, 20, 8.75],
			"rotation": {"angle": 0, "axis": "y", "origin": [12.5, 27, 15.25]},
			"faces": {
				"north": {"uv": [6, 6, 6.25, 6.75], "texture": "#0", "cullface": "north"},
				"east": {"uv": [6, 6, 6.25, 6.75], "texture": "#0", "cullface": "east"},
				"south": {"uv": [6.25, 6, 6, 6.75], "texture": "#0", "cullface": "south"},
				"west": {"uv": [6.25, 6, 6, 6.75], "texture": "#0", "cullface": "west"},
				"up": {"uv": [6.25, 6, 6, 6.25], "texture": "#0", "cullface": "up"},
				"down": {"uv": [6.25, 6, 6, 6.25], "texture": "#0", "cullface": "down"}
			}
		},
		{
			"from": [-0.5, 9.5, 7.25],
			"to": [1, 10, 8.75],
			"rotation": {"angle": 0, "axis": "y", "origin": [9.5, 17.5, 15.25]},
			"faces": {
				"north": {"uv": [7.5, 11, 8.25, 11.25], "texture": "#0", "cullface": "north"},
				"east": {"uv": [7.5, 11, 7.75, 11.25], "texture": "#0", "cullface": "east"},
				"south": {"uv": [8.25, 11, 7.5, 11.25], "texture": "#0", "cullface": "south"},
				"west": {"uv": [8.25, 11, 8, 11.25], "texture": "#0", "cullface": "west"},
				"up": {"uv": [8.25, 11, 7.5, 11.25], "texture": "#0", "cullface": "up"},
				"down": {"uv": [8.25, 11, 7.5, 11.25], "texture": "#0", "cullface": "down"}
			}
		},
		{
			"from": [0, 9, 7.25],
			"to": [0.5, 9.5, 8.75],
			"rotation": {"angle": 0, "axis": "y", "origin": [9.5, 17, 15.25]},
			"faces": {
				"north": {"uv": [7.75, 11.25, 8, 11.5], "texture": "#0", "cullface": "north"},
				"east": {"uv": [7.75, 11.25, 8, 11.5], "texture": "#0", "cullface": "east"},
				"south": {"uv": [8, 11.25, 7.75, 11.5], "texture": "#0", "cullface": "south"},
				"west": {"uv": [8, 11.25, 7.75, 11.5], "texture": "#0", "cullface": "west"},
				"up": {"uv": [8, 11.25, 7.75, 11.5], "texture": "#0", "cullface": "up"},
				"down": {"uv": [8, 11.25, 7.75, 11.5], "texture": "#0", "cullface": "down"}
			}
		},
		{
			"from": [3.5, 6, 7.25],
			"to": [4, 6.5, 8.75],
			"rotation": {"angle": 0, "axis": "y", "origin": [13, 14, 15.25]},
			"faces": {
				"north": {"uv": [6, 12.75, 6.25, 13], "texture": "#0", "cullface": "north"},
				"east": {"uv": [6, 12.75, 6.25, 13], "texture": "#0", "cullface": "east"},
				"south": {"uv": [6.25, 12.75, 6, 13], "texture": "#0", "cullface": "south"},
				"west": {"uv": [6.25, 12.75, 6, 13], "texture": "#0", "cullface": "west"},
				"up": {"uv": [6.25, 12.75, 6, 13], "texture": "#0", "cullface": "up"},
				"down": {"uv": [6.25, 12.75, 6, 13], "texture": "#0", "cullface": "down"}
			}
		},
		{
			"from": [4, 6.5, 7.25],
			"to": [7, 7, 8.75],
			"rotation": {"angle": 0, "axis": "y", "origin": [13.5, 14.5, 15.25]},
			"faces": {
				"north": {"uv": [4.5, 12.5, 6, 12.75], "texture": "#0", "cullface": "north"},
				"east": {"uv": [4.5, 12.5, 4.75, 12.75], "texture": "#0", "cullface": "east"},
				"south": {"uv": [6, 12.5, 4.5, 12.75], "texture": "#0", "cullface": "south"},
				"west": {"uv": [6, 12.5, 5.75, 12.75], "texture": "#0", "cullface": "west"},
				"up": {"uv": [6, 12.5, 4.5, 12.75], "texture": "#0", "cullface": "up"},
				"down": {"uv": [6, 12.5, 4.5, 12.75], "texture": "#0", "cullface": "down"}
			}
		},
		{
			"from": [5.5, 7, 7.25],
			"to": [7.5, 7.5, 8.75],
			"rotation": {"angle": 0, "axis": "y", "origin": [14, 15, 15.25]},
			"faces": {
				"north": {"uv": [4.25, 12.25, 5.25, 12.5], "texture": "#0", "cullface": "north"},
				"east": {"uv": [4.25, 12.25, 4.5, 12.5], "texture": "#0", "cullface": "east"},
				"south": {"uv": [5.25, 12.25, 4.25, 12.5], "texture": "#0", "cullface": "south"},
				"west": {"uv": [5.25, 12.25, 5, 12.5], "texture": "#0", "cullface": "west"},
				"up": {"uv": [5.25, 12.25, 4.25, 12.5], "texture": "#0", "cullface": "up"},
				"down": {"uv": [5.25, 12.25, 4.25, 12.5], "texture": "#0", "cullface": "down"}
			}
		},
		{
			"from": [6.5, 7.5, 7.25],
			"to": [7.5, 8, 8.75],
			"rotation": {"angle": 0, "axis": "y", "origin": [14, 15.5, 15.25]},
			"faces": {
				"north": {"uv": [4.25, 12, 4.75, 12.25], "texture": "#0", "cullface": "north"},
				"east": {"uv": [4.25, 12, 4.5, 12.25], "texture": "#0", "cullface": "east"},
				"south": {"uv": [4.75, 12, 4.25, 12.25], "texture": "#0", "cullface": "south"},
				"west": {"uv": [4.75, 12, 4.5, 12.25], "texture": "#0", "cullface": "west"},
				"up": {"uv": [4.75, 12, 4.25, 12.25], "texture": "#0", "cullface": "up"},
				"down": {"uv": [4.75, 12, 4.25, 12.25], "texture": "#0", "cullface": "down"}
			}
		},
		{
			"from": [7, 8, 7.25],
			"to": [8, 8.5, 8.75],
			"rotation": {"angle": 0, "axis": "y", "origin": [14.5, 16, 15.25]},
			"faces": {
				"north": {"uv": [4, 11.75, 4.5, 12], "texture": "#0", "cullface": "north"},
				"east": {"uv": [4, 11.75, 4.25, 12], "texture": "#0", "cullface": "east"},
				"south": {"uv": [4.5, 11.75, 4, 12], "texture": "#0", "cullface": "south"},
				"west": {"uv": [4.5, 11.75, 4.25, 12], "texture": "#0", "cullface": "west"},
				"up": {"uv": [4.5, 11.75, 4, 12], "texture": "#0", "cullface": "up"},
				"down": {"uv": [4.5, 11.75, 4, 12], "texture": "#0", "cullface": "down"}
			}
		},
		{
			"from": [7.5, 8.5, 7.25],
			"to": [8, 9, 8.75],
			"rotation": {"angle": 0, "axis": "y", "origin": [14.5, 16.5, 15.25]},
			"faces": {
				"north": {"uv": [4, 11.5, 4.25, 11.75], "texture": "#0", "cullface": "north"},
				"east": {"uv": [4, 11.5, 4.25, 11.75], "texture": "#0", "cullface": "east"},
				"south": {"uv": [4.25, 11.5, 4, 11.75], "texture": "#0", "cullface": "south"},
				"west": {"uv": [4.25, 11.5, 4, 11.75], "texture": "#0", "cullface": "west"},
				"up": {"uv": [4.25, 11.5, 4, 11.75], "texture": "#0", "cullface": "up"},
				"down": {"uv": [4.25, 11.5, 4, 11.75], "texture": "#0", "cullface": "down"}
			}
		},
		{
			"from": [8, 7, 7],
			"to": [8.5, 9.5, 9],
			"rotation": {"angle": 0, "axis": "y", "origin": [15, 16.5, 15.25]},
			"faces": {
				"north": {"uv": [3.75, 11.25, 4, 12.5], "texture": "#0", "cullface": "north"},
				"east": {"uv": [3.75, 11.25, 4, 12.5], "texture": "#0", "cullface": "east"},
				"south": {"uv": [4, 11.25, 3.75, 12.5], "texture": "#0", "cullface": "south"},
				"west": {"uv": [4, 11.25, 3.75, 12.5], "texture": "#0", "cullface": "west"},
				"up": {"uv": [4, 11.25, 3.75, 11.5], "texture": "#0", "cullface": "up"},
				"down": {"uv": [4, 11.25, 3.75, 11.5], "texture": "#0", "cullface": "down"}
			}
		},
		{
			"from": [8.5, 8.5, 7],
			"to": [9, 10.5, 9],
			"rotation": {"angle": 0, "axis": "y", "origin": [15.5, 17.5, 15.25]},
			"faces": {
				"north": {"uv": [3.5, 10.75, 3.75, 11.75], "texture": "#0", "cullface": "north"},
				"east": {"uv": [3.5, 10.75, 3.75, 11.75], "texture": "#0", "cullface": "east"},
				"south": {"uv": [3.75, 10.75, 3.5, 11.75], "texture": "#0", "cullface": "south"},
				"west": {"uv": [3.75, 10.75, 3.5, 11.75], "texture": "#0", "cullface": "west"},
				"up": {"uv": [3.75, 10.75, 3.5, 11], "texture": "#0", "cullface": "up"},
				"down": {"uv": [3.75, 10.75, 3.5, 11], "texture": "#0", "cullface": "down"}
			}
		},
		{
			"from": [9, 9, 7],
			"to": [9.5, 12, 9],
			"rotation": {"angle": 0, "axis": "y", "origin": [16, 18, 15.25]},
			"faces": {
				"north": {"uv": [3.25, 10, 3.5, 11.5], "texture": "#0", "cullface": "north"},
				"east": {"uv": [3.25, 10, 3.5, 11.5], "texture": "#0", "cullface": "east"},
				"south": {"uv": [3.5, 10, 3.25, 11.5], "texture": "#0", "cullface": "south"},
				"west": {"uv": [3.5, 10, 3.25, 11.5], "texture": "#0", "cullface": "west"},
				"up": {"uv": [3.5, 10, 3.25, 10.25], "texture": "#0", "cullface": "up"},
				"down": {"uv": [3.5, 10, 3.25, 10.25], "texture": "#0", "cullface": "down"}
			}
		},
		{
			"from": [9.5, 10, 7],
			"to": [10, 11, 9],
			"rotation": {"angle": 0, "axis": "y", "origin": [16.5, 18, 15.25]},
			"faces": {
				"north": {"uv": [3, 10.5, 3.25, 11], "texture": "#0", "cullface": "north"},
				"east": {"uv": [3, 10.5, 3.25, 11], "texture": "#0", "cullface": "east"},
				"south": {"uv": [3.25, 10.5, 3, 11], "texture": "#0", "cullface": "south"},
				"west": {"uv": [3.25, 10.5, 3, 11], "texture": "#0", "cullface": "west"},
				"up": {"uv": [3.25, 10.5, 3, 10.75], "texture": "#0", "cullface": "up"},
				"down": {"uv": [3.25, 10.5, 3, 10.75], "texture": "#0", "cullface": "down"}
			}
		},
		{
			"from": [9.5, 12, 7],
			"to": [10, 12.5, 9],
			"rotation": {"angle": 0, "axis": "y", "origin": [16.5, 19.5, 15.25]},
			"faces": {
				"north": {"uv": [3, 9.75, 3.25, 10], "texture": "#0", "cullface": "north"},
				"east": {"uv": [3, 9.75, 3.25, 10], "texture": "#0", "cullface": "east"},
				"south": {"uv": [3.25, 9.75, 3, 10], "texture": "#0", "cullface": "south"},
				"west": {"uv": [3.25, 9.75, 3, 10], "texture": "#0", "cullface": "west"},
				"up": {"uv": [3.25, 9.75, 3, 10], "texture": "#0", "cullface": "up"},
				"down": {"uv": [3.25, 9.75, 3, 10], "texture": "#0", "cullface": "down"}
			}
		},
		{
			"from": [10, 11, 7],
			"to": [11, 11.5, 9],
			"rotation": {"angle": 0, "axis": "y", "origin": [17, 18.5, 15.25]},
			"faces": {
				"north": {"uv": [2.5, 10.25, 3, 10.5], "texture": "#0", "cullface": "north"},
				"east": {"uv": [2.5, 10.25, 2.75, 10.5], "texture": "#0", "cullface": "east"},
				"south": {"uv": [3, 10.25, 2.5, 10.5], "texture": "#0", "cullface": "south"},
				"west": {"uv": [3, 10.25, 2.75, 10.5], "texture": "#0", "cullface": "west"},
				"up": {"uv": [3, 10.25, 2.5, 10.5], "texture": "#0", "cullface": "up"},
				"down": {"uv": [3, 10.25, 2.5, 10.5], "texture": "#0", "cullface": "down"}
			}
		},
		{
			"from": [9.5, 5.5, 7],
			"to": [10, 7, 9],
			"rotation": {"angle": 0, "axis": "y", "origin": [16.5, 14, 15.25]},
			"faces": {
				"north": {"uv": [3, 12.5, 3.25, 13.25], "texture": "#0", "cullface": "north"},
				"east": {"uv": [3, 12.5, 3.25, 13.25], "texture": "#0", "cullface": "east"},
				"south": {"uv": [3.25, 12.5, 3, 13.25], "texture": "#0", "cullface": "south"},
				"west": {"uv": [3.25, 12.5, 3, 13.25], "texture": "#0", "cullface": "west"},
				"up": {"uv": [3.25, 12.5, 3, 12.75], "texture": "#0", "cullface": "up"},
				"down": {"uv": [3.25, 12.5, 3, 12.75], "texture": "#0", "cullface": "down"}
			}
		},
		{
			"from": [11, 1.5, 7],
			"to": [11.5, 5.5, 9],
			"rotation": {"angle": 0, "axis": "y", "origin": [18, 12.5, 15.25]},
			"faces": {
				"north": {"uv": [2.25, 13.25, 2.5, 15.25], "texture": "#0", "cullface": "north"},
				"east": {"uv": [2.25, 13.25, 2.5, 15.25], "texture": "#0", "cullface": "east"},
				"south": {"uv": [2.5, 13.25, 2.25, 15.25], "texture": "#0", "cullface": "south"},
				"west": {"uv": [2.5, 13.25, 2.25, 15.25], "texture": "#0", "cullface": "west"},
				"up": {"uv": [2.5, 13.25, 2.25, 13.5], "texture": "#0", "cullface": "up"},
				"down": {"uv": [2.5, 13.25, 2.25, 13.5], "texture": "#0", "cullface": "down"}
			}
		},
		{
			"from": [11.5, 2, 7],
			"to": [12, 4.5, 9],
			"rotation": {"angle": 0, "axis": "y", "origin": [18.5, 12.5, 15.25]},
			"faces": {
				"north": {"uv": [2, 13.75, 2.25, 15], "texture": "#0", "cullface": "north"},
				"east": {"uv": [2, 13.75, 2.25, 15], "texture": "#0", "cullface": "east"},
				"south": {"uv": [2.25, 13.75, 2, 15], "texture": "#0", "cullface": "south"},
				"west": {"uv": [2.25, 13.75, 2, 15], "texture": "#0", "cullface": "west"},
				"up": {"uv": [2.25, 13.75, 2, 14], "texture": "#0", "cullface": "up"},
				"down": {"uv": [2.25, 13.75, 2, 14], "texture": "#0", "cullface": "down"}
			}
		},
		{
			"from": [12, 1.5, 7],
			"to": [12.5, 3, 9],
			"rotation": {"angle": 0, "axis": "y", "origin": [19, 11, 15.25]},
			"faces": {
				"north": {"uv": [1.75, 14.5, 2, 15.25], "texture": "#0", "cullface": "north"},
				"east": {"uv": [1.75, 14.5, 2, 15.25], "texture": "#0", "cullface": "east"},
				"south": {"uv": [2, 14.5, 1.75, 15.25], "texture": "#0", "cullface": "south"},
				"west": {"uv": [2, 14.5, 1.75, 15.25], "texture": "#0", "cullface": "west"},
				"up": {"uv": [2, 14.5, 1.75, 14.75], "texture": "#0", "cullface": "up"},
				"down": {"uv": [2, 14.5, 1.75, 14.75], "texture": "#0", "cullface": "down"}
			}
		},
		{
			"from": [12.5, 1, 7],
			"to": [13, 2, 9],
			"rotation": {"angle": 0, "axis": "y", "origin": [19.5, 10.5, 15.25]},
			"faces": {
				"north": {"uv": [1.5, 15, 1.75, 15.5], "texture": "#0", "cullface": "north"},
				"east": {"uv": [1.5, 15, 1.75, 15.5], "texture": "#0", "cullface": "east"},
				"south": {"uv": [1.75, 15, 1.5, 15.5], "texture": "#0", "cullface": "south"},
				"west": {"uv": [1.75, 15, 1.5, 15.5], "texture": "#0", "cullface": "west"},
				"up": {"uv": [1.75, 15, 1.5, 15.25], "texture": "#0", "cullface": "up"},
				"down": {"uv": [1.75, 15, 1.5, 15.25], "texture": "#0", "cullface": "down"}
			}
		},
		{
			"from": [13, 0.5, 7],
			"to": [14, 1.5, 9],
			"rotation": {"angle": 0, "axis": "y", "origin": [20, 10, 15.25]},
			"faces": {
				"north": {"uv": [1, 15.25, 1.5, 15.75], "texture": "#0", "cullface": "north"},
				"east": {"uv": [1, 15.25, 1.25, 15.75], "texture": "#0", "cullface": "east"},
				"south": {"uv": [1.5, 15.25, 1, 15.75], "texture": "#0", "cullface": "south"},
				"west": {"uv": [1.5, 15.25, 1.25, 15.75], "texture": "#0", "cullface": "west"},
				"up": {"uv": [1.5, 15.25, 1, 15.5], "texture": "#0", "cullface": "up"},
				"down": {"uv": [1.5, 15.25, 1, 15.5], "texture": "#0", "cullface": "down"}
			}
		},
		{
			"from": [14, 0, 7],
			"to": [15, 1, 9],
			"rotation": {"angle": 0, "axis": "y", "origin": [21, 9.5, 15.25]},
			"faces": {
				"north": {"uv": [0.5, 15.5, 1, 16], "texture": "#0", "cullface": "north"},
				"east": {"uv": [0.5, 15.5, 0.75, 16], "texture": "#0", "cullface": "east"},
				"south": {"uv": [1, 15.5, 0.5, 16], "texture": "#0", "cullface": "south"},
				"west": {"uv": [1, 15.5, 0.75, 16], "texture": "#0", "cullface": "west"},
				"up": {"uv": [1, 15.5, 0.5, 15.75], "texture": "#0", "cullface": "up"},
				"down": {"uv": [1, 15.5, 0.5, 15.75], "texture": "#0", "cullface": "down"}
			}
		},
		{
			"from": [15, 0, 7],
			"to": [15.5, 1.5, 9],
			"rotation": {"angle": 0, "axis": "y", "origin": [21.5, 9.5, 15.25]},
			"faces": {
				"north": {"uv": [0.25, 15.25, 0.5, 16], "texture": "#0", "cullface": "north"},
				"east": {"uv": [0.25, 15.25, 0.5, 16], "texture": "#0", "cullface": "east"},
				"south": {"uv": [0.5, 15.25, 0.25, 16], "texture": "#0", "cullface": "south"},
				"west": {"uv": [0.5, 15.25, 0.25, 16], "texture": "#0", "cullface": "west"},
				"up": {"uv": [0.5, 15.25, 0.25, 15.5], "texture": "#0", "cullface": "up"},
				"down": {"uv": [0.5, 15.25, 0.25, 15.5], "texture": "#0", "cullface": "down"}
			}
		},
		{
			"from": [15.5, 0.5, 7],
			"to": [16, 1.5, 9],
			"rotation": {"angle": 0, "axis": "y", "origin": [22, 9.5, 15.25]},
			"faces": {
				"north": {"uv": [0, 15.25, 0.25, 15.75], "texture": "#0", "cullface": "north"},
				"east": {"uv": [0, 15.25, 0.25, 15.75], "texture": "#0", "cullface": "east"},
				"south": {"uv": [0.25, 15.25, 0, 15.75], "texture": "#0", "cullface": "south"},
				"west": {"uv": [0.25, 15.25, 0, 15.75], "texture": "#0", "cullface": "west"},
				"up": {"uv": [0.25, 15.25, 0, 15.5], "texture": "#0", "cullface": "up"},
				"down": {"uv": [0.25, 15.25, 0, 15.5], "texture": "#0", "cullface": "down"}
			}
		},
		{
			"from": [11.5, 1, 7],
			"to": [12, 1.5, 9],
			"rotation": {"angle": 0, "axis": "y", "origin": [18, 9.5, 15.25]},
			"faces": {
				"north": {"uv": [2, 15.25, 2.25, 15.5], "texture": "#0", "cullface": "north"},
				"east": {"uv": [2, 15.25, 2.25, 15.5], "texture": "#0", "cullface": "east"},
				"south": {"uv": [2.25, 15.25, 2, 15.5], "texture": "#0", "cullface": "south"},
				"west": {"uv": [2.25, 15.25, 2, 15.5], "texture": "#0", "cullface": "west"},
				"up": {"uv": [2.25, 15.25, 2, 15.5], "texture": "#0", "cullface": "up"},
				"down": {"uv": [2.25, 15.25, 2, 15.5], "texture": "#0", "cullface": "down"}
			}
		},
		{
			"from": [7.5, 7.5, 7],
			"to": [8, 8, 9],
			"rotation": {"angle": 0, "axis": "y", "origin": [14.5, 16.5, 15.25]},
			"faces": {
				"north": {"uv": [4, 12, 4.25, 12.25], "texture": "#0", "cullface": "north"},
				"east": {"uv": [4, 12, 4.25, 12.25], "texture": "#0", "cullface": "east"},
				"south": {"uv": [4.25, 12, 4, 12.25], "texture": "#0", "cullface": "south"},
				"west": {"uv": [4.25, 12, 4, 12.25], "texture": "#0", "cullface": "west"},
				"up": {"uv": [4.25, 12, 4, 12.25], "texture": "#0", "cullface": "up"},
				"down": {"uv": [4.25, 12, 4, 12.25], "texture": "#0", "cullface": "down"}
			}
		},
		{
			"from": [8.5, 6.5, 7.25],
			"to": [9, 8, 8.75],
			"rotation": {"angle": 0, "axis": "y", "origin": [15.5, 15.5, 15.25]},
			"faces": {
				"north": {"uv": [3.5, 12, 3.75, 12.75], "texture": "#0", "cullface": "north"},
				"east": {"uv": [3.5, 12, 3.75, 12.75], "texture": "#0", "cullface": "east"},
				"south": {"uv": [3.75, 12, 3.5, 12.75], "texture": "#0", "cullface": "south"},
				"west": {"uv": [3.75, 12, 3.5, 12.75], "texture": "#0", "cullface": "west"},
				"up": {"uv": [3.75, 12, 3.5, 12.25], "texture": "#0", "cullface": "up"},
				"down": {"uv": [3.75, 12, 3.5, 12.25], "texture": "#0", "cullface": "down"}
			}
		},
		{
			"from": [9, 6, 7.25],
			"to": [9.5, 7.5, 8.75],
			"rotation": {"angle": 0, "axis": "y", "origin": [16, 15, 15.25]},
			"faces": {
				"north": {"uv": [3.25, 12.25, 3.5, 13], "texture": "#0", "cullface": "north"},
				"east": {"uv": [3.25, 12.25, 3.5, 13], "texture": "#0", "cullface": "east"},
				"south": {"uv": [3.5, 12.25, 3.25, 13], "texture": "#0", "cullface": "south"},
				"west": {"uv": [3.5, 12.25, 3.25, 13], "texture": "#0", "cullface": "west"},
				"up": {"uv": [3.5, 12.25, 3.25, 12.5], "texture": "#0", "cullface": "up"},
				"down": {"uv": [3.5, 12.25, 3.25, 12.5], "texture": "#0", "cullface": "down"}
			}
		},
		{
			"from": [10, 5, 7.25],
			"to": [10.5, 6.5, 8.75],
			"rotation": {"angle": 0, "axis": "y", "origin": [17, 14, 15.25]},
			"faces": {
				"north": {"uv": [2.75, 12.75, 3, 13.5], "texture": "#0", "cullface": "north"},
				"east": {"uv": [2.75, 12.75, 3, 13.5], "texture": "#0", "cullface": "east"},
				"south": {"uv": [3, 12.75, 2.75, 13.5], "texture": "#0", "cullface": "south"},
				"west": {"uv": [3, 12.75, 2.75, 13.5], "texture": "#0", "cullface": "west"},
				"up": {"uv": [3, 12.75, 2.75, 13], "texture": "#0", "cullface": "up"},
				"down": {"uv": [3, 12.75, 2.75, 13], "texture": "#0", "cullface": "down"}
			}
		},
		{
			"from": [10.5, 4, 7.25],
			"to": [11, 6, 8.75],
			"rotation": {"angle": 0, "axis": "y", "origin": [17.5, 13.5, 15.25]},
			"faces": {
				"north": {"uv": [2.5, 13, 2.75, 14], "texture": "#0", "cullface": "north"},
				"east": {"uv": [2.5, 13, 2.75, 14], "texture": "#0", "cullface": "east"},
				"south": {"uv": [2.75, 13, 2.5, 14], "texture": "#0", "cullface": "south"},
				"west": {"uv": [2.75, 13, 2.5, 14], "texture": "#0", "cullface": "west"},
				"up": {"uv": [2.75, 13, 2.5, 13.25], "texture": "#0", "cullface": "up"},
				"down": {"uv": [2.75, 13, 2.5, 13.25], "texture": "#0", "cullface": "down"}
			}
		},
		{
			"from": [11.5, 4.5, 7.25],
			"to": [13, 5, 8.75],
			"rotation": {"angle": 0, "axis": "y", "origin": [19, 13.5, 15.25]},
			"faces": {
				"north": {"uv": [1.5, 13.5, 2.25, 13.75], "texture": "#0", "cullface": "north"},
				"east": {"uv": [1.5, 13.5, 1.75, 13.75], "texture": "#0", "cullface": "east"},
				"south": {"uv": [2.25, 13.5, 1.5, 13.75], "texture": "#0", "cullface": "south"},
				"west": {"uv": [2.25, 13.5, 2, 13.75], "texture": "#0", "cullface": "west"},
				"up": {"uv": [2.25, 13.5, 1.5, 13.75], "texture": "#0", "cullface": "up"},
				"down": {"uv": [2.25, 13.5, 1.5, 13.75], "texture": "#0", "cullface": "down"}
			}
		},
		{
			"from": [12, 4, 7.25],
			"to": [14, 4.5, 8.75],
			"rotation": {"angle": 0, "axis": "y", "origin": [19.5, 13, 15.25]},
			"faces": {
				"north": {"uv": [1, 13.75, 2, 14], "texture": "#0", "cullface": "north"},
				"east": {"uv": [1, 13.75, 1.25, 14], "texture": "#0", "cullface": "east"},
				"south": {"uv": [2, 13.75, 1, 14], "texture": "#0", "cullface": "south"},
				"west": {"uv": [2, 13.75, 1.75, 14], "texture": "#0", "cullface": "west"},
				"up": {"uv": [2, 13.75, 1, 14], "texture": "#0", "cullface": "up"},
				"down": {"uv": [2, 13.75, 1, 14], "texture": "#0", "cullface": "down"}
			}
		},
		{
			"from": [13, 3.5, 7.25],
			"to": [14.5, 4, 8.75],
			"rotation": {"angle": 0, "axis": "y", "origin": [20, 12.5, 15.25]},
			"faces": {
				"north": {"uv": [0.75, 14, 1.5, 14.25], "texture": "#0", "cullface": "north"},
				"east": {"uv": [0.75, 14, 1, 14.25], "texture": "#0", "cullface": "east"},
				"south": {"uv": [1.5, 14, 0.75, 14.25], "texture": "#0", "cullface": "south"},
				"west": {"uv": [1.5, 14, 1.25, 14.25], "texture": "#0", "cullface": "west"},
				"up": {"uv": [1.5, 14, 0.75, 14.25], "texture": "#0", "cullface": "up"},
				"down": {"uv": [1.5, 14, 0.75, 14.25], "texture": "#0", "cullface": "down"}
			}
		},
		{
			"from": [14, 3, 7.25],
			"to": [15, 3.5, 8.75],
			"rotation": {"angle": 0, "axis": "y", "origin": [20.5, 12, 15.25]},
			"faces": {
				"north": {"uv": [0.5, 14.25, 1, 14.5], "texture": "#0", "cullface": "north"},
				"east": {"uv": [0.5, 14.25, 0.75, 14.5], "texture": "#0", "cullface": "east"},
				"south": {"uv": [1, 14.25, 0.5, 14.5], "texture": "#0", "cullface": "south"},
				"west": {"uv": [1, 14.25, 0.75, 14.5], "texture": "#0", "cullface": "west"},
				"up": {"uv": [1, 14.25, 0.5, 14.5], "texture": "#0", "cullface": "up"},
				"down": {"uv": [1, 14.25, 0.5, 14.5], "texture": "#0", "cullface": "down"}
			}
		},
		{
			"from": [14.5, 2, 7.25],
			"to": [15.5, 3, 8.75],
			"rotation": {"angle": 0, "axis": "y", "origin": [21, 11.5, 15.25]},
			"faces": {
				"north": {"uv": [0.25, 14.5, 0.75, 15], "texture": "#0", "cullface": "north"},
				"east": {"uv": [0.25, 14.5, 0.5, 15], "texture": "#0", "cullface": "east"},
				"south": {"uv": [0.75, 14.5, 0.25, 15], "texture": "#0", "cullface": "south"},
				"west": {"uv": [0.75, 14.5, 0.5, 15], "texture": "#0", "cullface": "west"},
				"up": {"uv": [0.75, 14.5, 0.25, 14.75], "texture": "#0", "cullface": "up"},
				"down": {"uv": [0.75, 14.5, 0.25, 14.75], "texture": "#0", "cullface": "down"}
			}
		},
		{
			"from": [15, 1.5, 7.25],
			"to": [15.5, 2, 8.75],
			"rotation": {"angle": 0, "axis": "y", "origin": [21, 11, 15.25]},
			"faces": {
				"north": {"uv": [0.25, 15, 0.5, 15.25], "texture": "#0", "cullface": "north"},
				"east": {"uv": [0.25, 15, 0.5, 15.25], "texture": "#0", "cullface": "east"},
				"south": {"uv": [0.5, 15, 0.25, 15.25], "texture": "#0", "cullface": "south"},
				"west": {"uv": [0.5, 15, 0.25, 15.25], "texture": "#0", "cullface": "west"},
				"up": {"uv": [0.5, 15, 0.25, 15.25], "texture": "#0", "cullface": "up"},
				"down": {"uv": [0.5, 15, 0.25, 15.25], "texture": "#0", "cullface": "down"}
			}
		},
		{
			"from": [5, 6, 7.25],
			"to": [6, 6.5, 8.75],
			"rotation": {"angle": 0, "axis": "y", "origin": [13.5, 14, 15.25]},
			"faces": {
				"north": {"uv": [5, 12.75, 5.5, 13], "texture": "#0", "cullface": "north"},
				"east": {"uv": [5, 12.75, 5.25, 13], "texture": "#0", "cullface": "east"},
				"south": {"uv": [5.5, 12.75, 5, 13], "texture": "#0", "cullface": "south"},
				"west": {"uv": [5.5, 12.75, 5.25, 13], "texture": "#0", "cullface": "west"},
				"up": {"uv": [5.5, 12.75, 5, 13], "texture": "#0", "cullface": "up"},
				"down": {"uv": [5.5, 12.75, 5, 13], "texture": "#0", "cullface": "down"}
			}
		},
		{
			"from": [4.5, 5, 7.25],
			"to": [5, 6, 8.75],
			"rotation": {"angle": 0, "axis": "y", "origin": [13, 13.5, 15.25]},
			"faces": {
				"north": {"uv": [5.5, 13, 5.75, 13.5], "texture": "#0", "cullface": "north"},
				"east": {"uv": [5.5, 13, 5.75, 13.5], "texture": "#0", "cullface": "east"},
				"south": {"uv": [5.75, 13, 5.5, 13.5], "texture": "#0", "cullface": "south"},
				"west": {"uv": [5.75, 13, 5.5, 13.5], "texture": "#0", "cullface": "west"},
				"up": {"uv": [5.75, 13, 5.5, 13.25], "texture": "#0", "cullface": "up"},
				"down": {"uv": [5.75, 13, 5.5, 13.25], "texture": "#0", "cullface": "down"}
			}
		},
		{
			"from": [-1, 10, 7.25],
			"to": [-0.5, 10.5, 8.75],
			"rotation": {"angle": 0, "axis": "y", "origin": [8.5, 18, 15.25]},
			"faces": {
				"north": {"uv": [8.25, 10.75, 8.5, 11], "texture": "#0", "cullface": "north"},
				"east": {"uv": [8.25, 10.75, 8.5, 11], "texture": "#0", "cullface": "east"},
				"south": {"uv": [8.5, 10.75, 8.25, 11], "texture": "#0", "cullface": "south"},
				"west": {"uv": [8.5, 10.75, 8.25, 11], "texture": "#0", "cullface": "west"},
				"up": {"uv": [8.5, 10.75, 8.25, 11], "texture": "#0", "cullface": "up"},
				"down": {"uv": [8.5, 10.75, 8.25, 11], "texture": "#0", "cullface": "down"}
			}
		},
		{
			"from": [-0.5, 17, 7.25],
			"to": [0.5, 17.5, 8.75],
			"rotation": {"angle": 0, "axis": "y", "origin": [8.5, 24.5, 15.25]},
			"faces": {
				"north": {"uv": [7.75, 7.25, 8.25, 7.5], "texture": "#0", "cullface": "north"},
				"east": {"uv": [7.75, 7.25, 8, 7.5], "texture": "#0", "cullface": "east"},
				"south": {"uv": [8.25, 7.25, 7.75, 7.5], "texture": "#0", "cullface": "south"},
				"west": {"uv": [8.25, 7.25, 8, 7.5], "texture": "#0", "cullface": "west"},
				"up": {"uv": [8.25, 7.25, 7.75, 7.5], "texture": "#0", "cullface": "up"},
				"down": {"uv": [8.25, 7.25, 7.75, 7.5], "texture": "#0", "cullface": "down"}
			}
		},
		{
			"from": [-1, 16.5, 7.25],
			"to": [0, 17, 8.75],
			"rotation": {"angle": 0, "axis": "y", "origin": [8, 24, 15.25]},
			"faces": {
				"north": {"uv": [8, 7.5, 8.5, 7.75], "texture": "#0", "cullface": "north"},
				"east": {"uv": [8, 7.5, 8.25, 7.75], "texture": "#0", "cullface": "east"},
				"south": {"uv": [8.5, 7.5, 8, 7.75], "texture": "#0", "cullface": "south"},
				"west": {"uv": [8.5, 7.5, 8.25, 7.75], "texture": "#0", "cullface": "west"},
				"up": {"uv": [8.5, 7.5, 8, 7.75], "texture": "#0", "cullface": "up"},
				"down": {"uv": [8.5, 7.5, 8, 7.75], "texture": "#0", "cullface": "down"}
			}
		},
		{
			"from": [-0.5, 19, 7.25],
			"to": [0.5, 19.5, 8.75],
			"rotation": {"angle": 0, "axis": "y", "origin": [8.5, 26.5, 15.25]},
			"faces": {
				"north": {"uv": [7.75, 6.25, 8.25, 6.5], "texture": "#0", "cullface": "north"},
				"east": {"uv": [7.75, 6.25, 8, 6.5], "texture": "#0", "cullface": "east"},
				"south": {"uv": [8.25, 6.25, 7.75, 6.5], "texture": "#0", "cullface": "south"},
				"west": {"uv": [8.25, 6.25, 8, 6.5], "texture": "#0", "cullface": "west"},
				"up": {"uv": [8.25, 6.25, 7.75, 6.5], "texture": "#0", "cullface": "up"},
				"down": {"uv": [8.25, 6.25, 7.75, 6.5], "texture": "#0", "cullface": "down"}
			}
		},
		{
			"from": [-0.5, 18.5, 7.25],
			"to": [0, 19, 8.75],
			"rotation": {"angle": 0, "axis": "y", "origin": [8.5, 26, 15.25]},
			"faces": {
				"north": {"uv": [8, 6.5, 8.25, 6.75], "texture": "#0", "cullface": "north"},
				"east": {"uv": [8, 6.5, 8.25, 6.75], "texture": "#0", "cullface": "east"},
				"south": {"uv": [8.25, 6.5, 8, 6.75], "texture": "#0", "cullface": "south"},
				"west": {"uv": [8.25, 6.5, 8, 6.75], "texture": "#0", "cullface": "west"},
				"up": {"uv": [8.25, 6.5, 8, 6.75], "texture": "#0", "cullface": "up"},
				"down": {"uv": [8.25, 6.5, 8, 6.75], "texture": "#0", "cullface": "down"}
			}
		},
		{
			"from": [-0.5, 15.5, 7.25],
			"to": [0.5, 16, 8.75],
			"rotation": {"angle": 0, "axis": "y", "origin": [8.5, 23, 15.25]},
			"faces": {
				"north": {"uv": [7.75, 8, 8.25, 8.25], "texture": "#0", "cullface": "north"},
				"east": {"uv": [7.75, 8, 8, 8.25], "texture": "#0", "cullface": "east"},
				"south": {"uv": [8.25, 8, 7.75, 8.25], "texture": "#0", "cullface": "south"},
				"west": {"uv": [8.25, 8, 8, 8.25], "texture": "#0", "cullface": "west"},
				"up": {"uv": [8.25, 8, 7.75, 8.25], "texture": "#0", "cullface": "up"},
				"down": {"uv": [8.25, 8, 7.75, 8.25], "texture": "#0", "cullface": "down"}
			}
		},
		{
			"from": [-2, 16, 7.25],
			"to": [0.5, 16.5, 8.75],
			"rotation": {"angle": 0, "axis": "y", "origin": [8.5, 23.5, 15.25]},
			"faces": {
				"north": {"uv": [7.75, 7.75, 9, 8], "texture": "#0", "cullface": "north"},
				"east": {"uv": [7.75, 7.75, 8, 8], "texture": "#0", "cullface": "east"},
				"south": {"uv": [9, 7.75, 7.75, 8], "texture": "#0", "cullface": "south"},
				"west": {"uv": [9, 7.75, 8.75, 8], "texture": "#0", "cullface": "west"},
				"up": {"uv": [9, 7.75, 7.75, 8], "texture": "#0", "cullface": "up"},
				"down": {"uv": [9, 7.75, 7.75, 8], "texture": "#0", "cullface": "down"}
			}
		},
		{
			"from": [-3, 16, 7.25],
			"to": [-2.5, 16.5, 8.75],
			"rotation": {"angle": 0, "axis": "y", "origin": [7.5, 23.5, 15.25]},
			"faces": {
				"north": {"uv": [9.25, 7.75, 9.5, 8], "texture": "#0", "cullface": "north"},
				"east": {"uv": [9.25, 7.75, 9.5, 8], "texture": "#0", "cullface": "east"},
				"south": {"uv": [9.5, 7.75, 9.25, 8], "texture": "#0", "cullface": "south"},
				"west": {"uv": [9.5, 7.75, 9.25, 8], "texture": "#0", "cullface": "west"},
				"up": {"uv": [9.5, 7.75, 9.25, 8], "texture": "#0", "cullface": "up"},
				"down": {"uv": [9.5, 7.75, 9.25, 8], "texture": "#0", "cullface": "down"}
			}
		},
		{
			"from": [-1.5, 15, 7.5],
			"to": [-1, 15.5, 8.5],
			"rotation": {"angle": 0, "axis": "y", "origin": [7, 22.5, 15.25]},
			"faces": {
				"north": {"uv": [8.5, 8.25, 8.75, 8.5], "texture": "#0", "cullface": "north"},
				"east": {"uv": [8.5, 8.25, 8.75, 8.5], "texture": "#0", "cullface": "east"},
				"south": {"uv": [8.75, 8.25, 8.5, 8.5], "texture": "#0", "cullface": "south"},
				"west": {"uv": [8.75, 8.25, 8.5, 8.5], "texture": "#0", "cullface": "west"},
				"up": {"uv": [8.75, 8.25, 8.5, 8.5], "texture": "#0", "cullface": "up"},
				"down": {"uv": [8.75, 8.25, 8.5, 8.5], "texture": "#0", "cullface": "down"}
			}
		},
		{
			"from": [0.5, 17, 7.5],
			"to": [1, 17.5, 8.5],
			"rotation": {"angle": 0, "axis": "y", "origin": [9, 24.5, 15.25]},
			"faces": {
				"north": {"uv": [7.5, 7.25, 7.75, 7.5], "texture": "#0", "cullface": "north"},
				"east": {"uv": [7.5, 7.25, 7.75, 7.5], "texture": "#0", "cullface": "east"},
				"south": {"uv": [7.75, 7.25, 7.5, 7.5], "texture": "#0", "cullface": "south"},
				"west": {"uv": [7.75, 7.25, 7.5, 7.5], "texture": "#0", "cullface": "west"},
				"up": {"uv": [7.75, 7.25, 7.5, 7.5], "texture": "#0", "cullface": "up"},
				"down": {"uv": [7.75, 7.25, 7.5, 7.5], "texture": "#0", "cullface": "down"}
			}
		},
		{
			"from": [1, 18, 7.5],
			"to": [2.5, 18.5, 8.5],
			"rotation": {"angle": 0, "axis": "y", "origin": [10.5, 25.5, 15.25]},
			"faces": {
				"north": {"uv": [6.75, 6.75, 7.5, 7], "texture": "#0", "cullface": "north"},
				"east": {"uv": [6.75, 6.75, 7, 7], "texture": "#0", "cullface": "east"},
				"south": {"uv": [7.5, 6.75, 6.75, 7], "texture": "#0", "cullface": "south"},
				"west": {"uv": [7.5, 6.75, 7.25, 7], "texture": "#0", "cullface": "west"},
				"up": {"uv": [7.5, 6.75, 6.75, 7], "texture": "#0", "cullface": "up"},
				"down": {"uv": [7.5, 6.75, 6.75, 7], "texture": "#0", "cullface": "down"}
			}
		},
		{
			"from": [-2, 15, 7.5],
			"to": [-1.5, 16, 8.5],
			"rotation": {"angle": 0, "axis": "y", "origin": [6.5, 22.5, 15.25]},
			"faces": {
				"north": {"uv": [8.75, 8, 9, 8.5], "texture": "#0", "cullface": "north"},
				"east": {"uv": [8.75, 8, 9, 8.5], "texture": "#0", "cullface": "east"},
				"south": {"uv": [9, 8, 8.75, 8.5], "texture": "#0", "cullface": "south"},
				"west": {"uv": [9, 8, 8.75, 8.5], "texture": "#0", "cullface": "west"},
				"up": {"uv": [9, 8, 8.75, 8.25], "texture": "#0", "cullface": "up"},
				"down": {"uv": [9, 8, 8.75, 8.25], "texture": "#0", "cullface": "down"}
			}
		},
		{
			"from": [-2, 12.5, 7.5],
			"to": [-1.5, 13.5, 8.5],
			"rotation": {"angle": 0, "axis": "y", "origin": [6.5, 20.5, 15.25]},
			"faces": {
				"north": {"uv": [8.75, 9.25, 9, 9.75], "texture": "#0", "cullface": "north"},
				"east": {"uv": [8.75, 9.25, 9, 9.75], "texture": "#0", "cullface": "east"},
				"south": {"uv": [9, 9.25, 8.75, 9.75], "texture": "#0", "cullface": "south"},
				"west": {"uv": [9, 9.25, 8.75, 9.75], "texture": "#0", "cullface": "west"},
				"up": {"uv": [9, 9.25, 8.75, 9.5], "texture": "#0", "cullface": "up"},
				"down": {"uv": [9, 9.25, 8.75, 9.5], "texture": "#0", "cullface": "down"}
			}
		},
		{
			"from": [-2.5, 13.5, 7.5],
			"to": [-1.5, 15, 8.5],
			"rotation": {"angle": 0, "axis": "y", "origin": [6.5, 21.5, 15.25]},
			"faces": {
				"north": {"uv": [8.75, 8.5, 9.25, 9.25], "texture": "#0", "cullface": "north"},
				"east": {"uv": [8.75, 8.5, 9, 9.25], "texture": "#0", "cullface": "east"},
				"south": {"uv": [9.25, 8.5, 8.75, 9.25], "texture": "#0", "cullface": "south"},
				"west": {"uv": [9.25, 8.5, 9, 9.25], "texture": "#0", "cullface": "west"},
				"up": {"uv": [9.25, 8.5, 8.75, 8.75], "texture": "#0", "cullface": "up"},
				"down": {"uv": [9.25, 8.5, 8.75, 8.75], "texture": "#0", "cullface": "down"}
			}
		},
		{
			"from": [-1, 10.5, 7.5],
			"to": [0, 11, 8.5],
			"rotation": {"angle": 0, "axis": "y", "origin": [8, 18.5, 15.25]},
			"faces": {
				"north": {"uv": [8, 10.5, 8.5, 10.75], "texture": "#0", "cullface": "north"},
				"east": {"uv": [8, 10.5, 8.25, 10.75], "texture": "#0", "cullface": "east"},
				"south": {"uv": [8.5, 10.5, 8, 10.75], "texture": "#0", "cullface": "south"},
				"west": {"uv": [8.5, 10.5, 8.25, 10.75], "texture": "#0", "cullface": "west"},
				"up": {"uv": [8.5, 10.5, 8, 10.75], "texture": "#0", "cullface": "up"},
				"down": {"uv": [8.5, 10.5, 8, 10.75], "texture": "#0", "cullface": "down"}
			}
		},
		{
			"from": [-1.5, 11, 7.5],
			"to": [-0.5, 11.5, 8.5],
			"rotation": {"angle": 0, "axis": "y", "origin": [7.5, 19, 15.25]},
			"faces": {
				"north": {"uv": [8.25, 10.25, 8.75, 10.5], "texture": "#0", "cullface": "north"},
				"east": {"uv": [8.25, 10.25, 8.5, 10.5], "texture": "#0", "cullface": "east"},
				"south": {"uv": [8.75, 10.25, 8.25, 10.5], "texture": "#0", "cullface": "south"},
				"west": {"uv": [8.75, 10.25, 8.5, 10.5], "texture": "#0", "cullface": "west"},
				"up": {"uv": [8.75, 10.25, 8.25, 10.5], "texture": "#0", "cullface": "up"},
				"down": {"uv": [8.75, 10.25, 8.25, 10.5], "texture": "#0", "cullface": "down"}
			}
		},
		{
			"from": [-2, 11.5, 7.5],
			"to": [-1, 12.5, 8.5],
			"rotation": {"angle": 0, "axis": "y", "origin": [7, 19.5, 15.25]},
			"faces": {
				"north": {"uv": [8.5, 9.75, 9, 10.25], "texture": "#0", "cullface": "north"},
				"east": {"uv": [8.5, 9.75, 8.75, 10.25], "texture": "#0", "cullface": "east"},
				"south": {"uv": [9, 9.75, 8.5, 10.25], "texture": "#0", "cullface": "south"},
				"west": {"uv": [9, 9.75, 8.75, 10.25], "texture": "#0", "cullface": "west"},
				"up": {"uv": [9, 9.75, 8.5, 10], "texture": "#0", "cullface": "up"},
				"down": {"uv": [9, 9.75, 8.5, 10], "texture": "#0", "cullface": "down"}
			}
		},
		{
			"from": [2, 8.5, 7.75],
			"to": [6.5, 9, 8.25],
			"rotation": {"angle": 0, "axis": "y", "origin": [12, 16.5, 15.25]},
			"faces": {
				"north": {"uv": [4.75, 11.5, 7, 11.75], "texture": "#0", "cullface": "north"},
				"east": {"uv": [4.75, 11.5, 5, 11.75], "texture": "#0", "cullface": "east"},
				"south": {"uv": [7, 11.5, 4.75, 11.75], "texture": "#0", "cullface": "south"},
				"west": {"uv": [7, 11.5, 6.75, 11.75], "texture": "#0", "cullface": "west"},
				"up": {"uv": [7, 11.5, 4.75, 11.75], "texture": "#0", "cullface": "up"},
				"down": {"uv": [7, 11.5, 4.75, 11.75], "texture": "#0", "cullface": "down"}
			}
		},
		{
			"from": [1.5, 9, 7.75],
			"to": [7, 9.5, 8.25],
			"rotation": {"angle": 0, "axis": "y", "origin": [12, 17, 15.25]},
			"faces": {
				"north": {"uv": [4.5, 11.25, 7.25, 11.5], "texture": "#0", "cullface": "north"},
				"east": {"uv": [4.5, 11.25, 4.75, 11.5], "texture": "#0", "cullface": "east"},
				"south": {"uv": [7.25, 11.25, 4.5, 11.5], "texture": "#0", "cullface": "south"},
				"west": {"uv": [7.25, 11.25, 7, 11.5], "texture": "#0", "cullface": "west"},
				"up": {"uv": [7.25, 11.25, 4.5, 11.5], "texture": "#0", "cullface": "up"},
				"down": {"uv": [7.25, 11.25, 4.5, 11.5], "texture": "#0", "cullface": "down"}
			}
		},
		{
			"from": [1, 9.5, 7.75],
			"to": [7.5, 10, 8.25],
			"rotation": {"angle": 0, "axis": "y", "origin": [12, 17.5, 15.25]},
			"faces": {
				"north": {"uv": [4.25, 11, 7.5, 11.25], "texture": "#0", "cullface": "north"},
				"east": {"uv": [4.25, 11, 4.5, 11.25], "texture": "#0", "cullface": "east"},
				"south": {"uv": [7.5, 11, 4.25, 11.25], "texture": "#0", "cullface": "south"},
				"west": {"uv": [7.5, 11, 7.25, 11.25], "texture": "#0", "cullface": "west"},
				"up": {"uv": [7.5, 11, 4.25, 11.25], "texture": "#0", "cullface": "up"},
				"down": {"uv": [7.5, 11, 4.25, 11.25], "texture": "#0", "cullface": "down"}
			}
		},
		{
			"from": [1, 10, 7.75],
			"to": [7.5, 10.5, 8.25],
			"rotation": {"angle": 0, "axis": "y", "origin": [12, 18, 15.25]},
			"faces": {
				"north": {"uv": [4.25, 10.75, 7.5, 11], "texture": "#0", "cullface": "north"},
				"east": {"uv": [4.25, 10.75, 4.5, 11], "texture": "#0", "cullface": "east"},
				"south": {"uv": [7.5, 10.75, 4.25, 11], "texture": "#0", "cullface": "south"},
				"west": {"uv": [7.5, 10.75, 7.25, 11], "texture": "#0", "cullface": "west"},
				"up": {"uv": [7.5, 10.75, 4.25, 11], "texture": "#0", "cullface": "up"},
				"down": {"uv": [7.5, 10.75, 4.25, 11], "texture": "#0", "cullface": "down"}
			}
		},
		{
			"from": [0, 10.5, 7.75],
			"to": [8, 11, 8.25],
			"rotation": {"angle": 0, "axis": "y", "origin": [12, 18.5, 15.25]},
			"faces": {
				"north": {"uv": [4, 10.5, 8, 10.75], "texture": "#0", "cullface": "north"},
				"east": {"uv": [4, 10.5, 4.25, 10.75], "texture": "#0", "cullface": "east"},
				"south": {"uv": [8, 10.5, 4, 10.75], "texture": "#0", "cullface": "south"},
				"west": {"uv": [8, 10.5, 7.75, 10.75], "texture": "#0", "cullface": "west"},
				"up": {"uv": [8, 10.5, 4, 10.75], "texture": "#0", "cullface": "up"},
				"down": {"uv": [8, 10.5, 4, 10.75], "texture": "#0", "cullface": "down"}
			}
		},
		{
			"from": [-0.5, 11, 7.75],
			"to": [8, 11.5, 8.25],
			"rotation": {"angle": 0, "axis": "y", "origin": [12, 19, 15.25]},
			"faces": {
				"north": {"uv": [4, 10.25, 8.25, 10.5], "texture": "#0", "cullface": "north"},
				"east": {"uv": [4, 10.25, 4.25, 10.5], "texture": "#0", "cullface": "east"},
				"south": {"uv": [8.25, 10.25, 4, 10.5], "texture": "#0", "cullface": "south"},
				"west": {"uv": [8.25, 10.25, 8, 10.5], "texture": "#0", "cullface": "west"},
				"up": {"uv": [8.25, 10.25, 4, 10.5], "texture": "#0", "cullface": "up"},
				"down": {"uv": [8.25, 10.25, 4, 10.5], "texture": "#0", "cullface": "down"}
			}
		},
		{
			"from": [-1, 11.5, 7.75],
			"to": [8, 12, 8.25],
			"rotation": {"angle": 0, "axis": "y", "origin": [12, 19.5, 15.25]},
			"faces": {
				"north": {"uv": [4, 10, 8.5, 10.25], "texture": "#0", "cullface": "north"},
				"east": {"uv": [4, 10, 4.25, 10.25], "texture": "#0", "cullface": "east"},
				"south": {"uv": [8.5, 10, 4, 10.25], "texture": "#0", "cullface": "south"},
				"west": {"uv": [8.5, 10, 8.25, 10.25], "texture": "#0", "cullface": "west"},
				"up": {"uv": [8.5, 10, 4, 10.25], "texture": "#0", "cullface": "up"},
				"down": {"uv": [8.5, 10, 4, 10.25], "texture": "#0", "cullface": "down"}
			}
		},
		{
			"from": [-1, 12, 7.75],
			"to": [8, 12.5, 8.25],
			"rotation": {"angle": 0, "axis": "y", "origin": [12, 20, 15.25]},
			"faces": {
				"north": {"uv": [4, 9.75, 8.5, 10], "texture": "#0", "cullface": "north"},
				"east": {"uv": [4, 9.75, 4.25, 10], "texture": "#0", "cullface": "east"},
				"south": {"uv": [8.5, 9.75, 4, 10], "texture": "#0", "cullface": "south"},
				"west": {"uv": [8.5, 9.75, 8.25, 10], "texture": "#0", "cullface": "west"},
				"up": {"uv": [8.5, 9.75, 4, 10], "texture": "#0", "cullface": "up"},
				"down": {"uv": [8.5, 9.75, 4, 10], "texture": "#0", "cullface": "down"}
			}
		},
		{
			"from": [-1.5, 12.5, 7.75],
			"to": [8, 13, 8.25],
			"rotation": {"angle": 0, "axis": "y", "origin": [12, 20.5, 15.25]},
			"faces": {
				"north": {"uv": [4, 9.5, 8.75, 9.75], "texture": "#0", "cullface": "north"},
				"east": {"uv": [4, 9.5, 4.25, 9.75], "texture": "#0", "cullface": "east"},
				"south": {"uv": [8.75, 9.5, 4, 9.75], "texture": "#0", "cullface": "south"},
				"west": {"uv": [8.75, 9.5, 8.5, 9.75], "texture": "#0", "cullface": "west"},
				"up": {"uv": [8.75, 9.5, 4, 9.75], "texture": "#0", "cullface": "up"},
				"down": {"uv": [8.75, 9.5, 4, 9.75], "texture": "#0", "cullface": "down"}
			}
		},
		{
			"from": [-1.5, 13, 7.75],
			"to": [7.5, 13.5, 8.25],
			"rotation": {"angle": 0, "axis": "y", "origin": [12, 21, 15.25]},
			"faces": {
				"north": {"uv": [4.25, 9.25, 8.75, 9.5], "texture": "#0", "cullface": "north"},
				"east": {"uv": [4.25, 9.25, 4.5, 9.5], "texture": "#0", "cullface": "east"},
				"south": {"uv": [8.75, 9.25, 4.25, 9.5], "texture": "#0", "cullface": "south"},
				"west": {"uv": [8.75, 9.25, 8.5, 9.5], "texture": "#0", "cullface": "west"},
				"up": {"uv": [8.75, 9.25, 4.25, 9.5], "texture": "#0", "cullface": "up"},
				"down": {"uv": [8.75, 9.25, 4.25, 9.5], "texture": "#0", "cullface": "down"}
			}
		},
		{
			"from": [-1.5, 13.5, 7.75],
			"to": [7.5, 14, 8.25],
			"rotation": {"angle": 0, "axis": "y", "origin": [12, 21.5, 15.25]},
			"faces": {
				"north": {"uv": [4.25, 9, 8.75, 9.25], "texture": "#0", "cullface": "north"},
				"east": {"uv": [4.25, 9, 4.5, 9.25], "texture": "#0", "cullface": "east"},
				"south": {"uv": [8.75, 9, 4.25, 9.25], "texture": "#0", "cullface": "south"},
				"west": {"uv": [8.75, 9, 8.5, 9.25], "texture": "#0", "cullface": "west"},
				"up": {"uv": [8.75, 9, 4.25, 9.25], "texture": "#0", "cullface": "up"},
				"down": {"uv": [8.75, 9, 4.25, 9.25], "texture": "#0", "cullface": "down"}
			}
		},
		{
			"from": [-1.5, 14, 7.75],
			"to": [7, 14.5, 8.25],
			"rotation": {"angle": 0, "axis": "y", "origin": [12, 22, 15.25]},
			"faces": {
				"north": {"uv": [4.5, 8.75, 8.75, 9], "texture": "#0", "cullface": "north"},
				"east": {"uv": [4.5, 8.75, 4.75, 9], "texture": "#0", "cullface": "east"},
				"south": {"uv": [8.75, 8.75, 4.5, 9], "texture": "#0", "cullface": "south"},
				"west": {"uv": [8.75, 8.75, 8.5, 9], "texture": "#0", "cullface": "west"},
				"up": {"uv": [8.75, 8.75, 4.5, 9], "texture": "#0", "cullface": "up"},
				"down": {"uv": [8.75, 8.75, 4.5, 9], "texture": "#0", "cullface": "down"}
			}
		},
		{
			"from": [-1.5, 14.5, 7.75],
			"to": [6.5, 15, 8.25],
			"rotation": {"angle": 0, "axis": "y", "origin": [12, 22.5, 15.25]},
			"faces": {
				"north": {"uv": [4.75, 8.5, 8.75, 8.75], "texture": "#0", "cullface": "north"},
				"east": {"uv": [4.75, 8.5, 5, 8.75], "texture": "#0", "cullface": "east"},
				"south": {"uv": [8.75, 8.5, 4.75, 8.75], "texture": "#0", "cullface": "south"},
				"west": {"uv": [8.75, 8.5, 8.5, 8.75], "texture": "#0", "cullface": "west"},
				"up": {"uv": [8.75, 8.5, 4.75, 8.75], "texture": "#0", "cullface": "up"},
				"down": {"uv": [8.75, 8.5, 4.75, 8.75], "texture": "#0", "cullface": "down"}
			}
		},
		{
			"from": [-1, 15, 7.75],
			"to": [5.5, 15.5, 8.25],
			"rotation": {"angle": 0, "axis": "y", "origin": [12, 23, 15.25]},
			"faces": {
				"north": {"uv": [5.25, 8.25, 8.5, 8.5], "texture": "#0", "cullface": "north"},
				"east": {"uv": [5.25, 8.25, 5.5, 8.5], "texture": "#0", "cullface": "east"},
				"south": {"uv": [8.5, 8.25, 5.25, 8.5], "texture": "#0", "cullface": "south"},
				"west": {"uv": [8.5, 8.25, 8.25, 8.5], "texture": "#0", "cullface": "west"},
				"up": {"uv": [8.5, 8.25, 5.25, 8.5], "texture": "#0", "cullface": "up"},
				"down": {"uv": [8.5, 8.25, 5.25, 8.5], "texture": "#0", "cullface": "down"}
			}
		},
		{
			"from": [-1, 15.5, 7.75],
			"to": [-0.5, 16, 8.25],
			"rotation": {"angle": 0, "axis": "y", "origin": [12, 23.5, 15.25]},
			"faces": {
				"north": {"uv": [8.25, 8, 8.5, 8.25], "texture": "#0", "cullface": "north"},
				"east": {"uv": [8.25, 8, 8.5, 8.25], "texture": "#0", "cullface": "east"},
				"south": {"uv": [8.5, 8, 8.25, 8.25], "texture": "#0", "cullface": "south"},
				"west": {"uv": [8.5, 8, 8.25, 8.25], "texture": "#0", "cullface": "west"},
				"up": {"uv": [8.5, 8, 8.25, 8.25], "texture": "#0", "cullface": "up"},
				"down": {"uv": [8.5, 8, 8.25, 8.25], "texture": "#0", "cullface": "down"}
			}
		},
		{
			"from": [0.5, 15.5, 7.75],
			"to": [5.5, 16, 8.25],
			"rotation": {"angle": 0, "axis": "y", "origin": [13.5, 23.5, 15.25]},
			"faces": {
				"north": {"uv": [5.25, 8, 7.75, 8.25], "texture": "#0", "cullface": "north"},
				"east": {"uv": [5.25, 8, 5.5, 8.25], "texture": "#0", "cullface": "east"},
				"south": {"uv": [7.75, 8, 5.25, 8.25], "texture": "#0", "cullface": "south"},
				"west": {"uv": [7.75, 8, 7.5, 8.25], "texture": "#0", "cullface": "west"},
				"up": {"uv": [7.75, 8, 5.25, 8.25], "texture": "#0", "cullface": "up"},
				"down": {"uv": [7.75, 8, 5.25, 8.25], "texture": "#0", "cullface": "down"}
			}
		},
		{
			"from": [0.5, 16, 7.75],
			"to": [5, 16.5, 8.25],
			"rotation": {"angle": 0, "axis": "y", "origin": [13.5, 24, 15.25]},
			"faces": {
				"north": {"uv": [5.5, 7.75, 7.75, 8], "texture": "#0", "cullface": "north"},
				"east": {"uv": [5.5, 7.75, 5.75, 8], "texture": "#0", "cullface": "east"},
				"south": {"uv": [7.75, 7.75, 5.5, 8], "texture": "#0", "cullface": "south"},
				"west": {"uv": [7.75, 7.75, 7.5, 8], "texture": "#0", "cullface": "west"},
				"up": {"uv": [7.75, 7.75, 5.5, 8], "texture": "#0", "cullface": "up"},
				"down": {"uv": [7.75, 7.75, 5.5, 8], "texture": "#0", "cullface": "down"}
			}
		},
		{
			"from": [0, 16.5, 7.75],
			"to": [4.5, 17, 8.25],
			"rotation": {"angle": 0, "axis": "y", "origin": [13, 24.5, 15.25]},
			"faces": {
				"north": {"uv": [5.75, 7.5, 8, 7.75], "texture": "#0", "cullface": "north"},
				"east": {"uv": [5.75, 7.5, 6, 7.75], "texture": "#0", "cullface": "east"},
				"south": {"uv": [8, 7.5, 5.75, 7.75], "texture": "#0", "cullface": "south"},
				"west": {"uv": [8, 7.5, 7.75, 7.75], "texture": "#0", "cullface": "west"},
				"up": {"uv": [8, 7.5, 5.75, 7.75], "texture": "#0", "cullface": "up"},
				"down": {"uv": [8, 7.5, 5.75, 7.75], "texture": "#0", "cullface": "down"}
			}
		},
		{
			"from": [1, 17, 7.75],
			"to": [3.5, 17.5, 8.25],
			"rotation": {"angle": 0, "axis": "y", "origin": [13, 25, 15.25]},
			"faces": {
				"north": {"uv": [6.25, 7.25, 7.5, 7.5], "texture": "#0", "cullface": "north"},
				"east": {"uv": [6.25, 7.25, 6.5, 7.5], "texture": "#0", "cullface": "east"},
				"south": {"uv": [7.5, 7.25, 6.25, 7.5], "texture": "#0", "cullface": "south"},
				"west": {"uv": [7.5, 7.25, 7.25, 7.5], "texture": "#0", "cullface": "west"},
				"up": {"uv": [7.5, 7.25, 6.25, 7.5], "texture": "#0", "cullface": "up"},
				"down": {"uv": [7.5, 7.25, 6.25, 7.5], "texture": "#0", "cullface": "down"}
			}
		}
	],
	"gui_light": "front",
	"display": {
		"thirdperson_righthand": {
			"rotation": [0, 90, -55],
			"translation": [0, 0.25, 0.5],
			"scale": [0.85, 0.85, 0.85]
		},
		"thirdperson_lefthand": {
			"rotation": [0, 90, 35],
			"translation": [0, 0.25, 0.5],
			"scale": [0.85, 0.85, 0.85]
		},
		"firstperson_righthand": {
			"rotation": [0, 90, -25],
			"translation": [1.13, 2.45, 1.13],
			"scale": [0.68, 0.68, 0.68]
		},
		"firstperson_lefthand": {
			"rotation": [0, 90, 55],
			"translation": [1.13, 2.45, 1.13],
			"scale": [0.68, 0.68, 0.68]
		},
		"ground": {
			"rotation": [90, 0, 0],
			"translation": [1, 0, -1],
			"scale":[0.5, 0.5, 0.5]
		},
		"gui": {
			"rotation": [0, -180, 0],
			"translation": [-1.5, -1.5, 0],
			"scale": [0.75, 0.75, 0.75]
		},
		"fixed": {
			"translation": [1.25, -1.25, -0.5],
			"scale": [0.85, 0.85, 0.85]
		}
	}
}