{
	"credit": "Made with Blockbench",
	"textures": {
		"0": "item/demori_forcefield",
		"particle": "item/demori_forcefield"
	},
	"elements": [
		{
			"name": "bottom",
			"from": [0, 0, 0],
			"to": [16, 1, 16],
			"faces": {
				"north": {"uv": [0, 0.5, 16, 2.5], "texture": "#0"},
				"east": {"uv": [0, 0.5, 16, 2.5], "texture": "#0"},
				"south": {"uv": [0, 0.5, 16, 2.5], "texture": "#0"},
				"west": {"uv": [0, 0.5, 16, 2.5], "texture": "#0"},
				"down": {"uv": [0, 0, 16, 16], "texture": "#0"}
			}
		},
		{
			"name": "top",
			"from": [0, 17, 0],
			"to": [16, 18, 16],
			"faces": {
				"north": {"uv": [0, 0.5, 16, 2.5], "texture": "#0"},
				"east": {"uv": [0, 0.5, 16, 2.5], "texture": "#0"},
				"south": {"uv": [0, 0.5, 16, 2.5], "texture": "#0"},
				"west": {"uv": [0, 0.5, 16, 2.5], "texture": "#0"},
				"up": {"uv": [0, 0, 16, 16], "texture": "#0"}
			}
		},
		{
			"name": "north",
			"from": [0, 1, -1],
			"to": [16, 17, 0],
			"faces": {
				"north": {"uv": [0, 0, 16, 16], "texture": "#0"},
				"east": {"uv": [0.5, 0, 2.5, 16], "texture": "#0"},
				"west": {"uv": [0.5, 0, 2.5, 16], "texture": "#0"},
				"up": {"uv": [0, 0.5, 16, 2.5], "texture": "#0"},
				"down": {"uv": [0, 0.5, 16, 2.5], "texture": "#0"}
			}
		},
		{
			"name": "south",
			"from": [0, 1, 16],
			"to": [16, 17, 17],
			"faces": {
				"east": {"uv": [0.5, 0, 2.5, 16], "texture": "#0"},
				"south": {"uv": [0, 0, 16, 16], "texture": "#0"},
				"west": {"uv": [0.5, 0, 2.5, 16], "texture": "#0"},
				"up": {"uv": [0, 0.5, 16, 2.5], "texture": "#0"},
				"down": {"uv": [0, 0.5, 16, 2.5], "texture": "#0"}
			}
		},
		{
			"name": "west",
			"from": [-1, 1, 0],
			"to": [0, 17, 16],
			"faces": {
				"north": {"uv": [0.5, 0, 2.5, 16], "texture": "#0"},
				"south": {"uv": [0.5, 0, 2.5, 16], "texture": "#0"},
				"west": {"uv": [0, 0, 16, 16], "texture": "#0"},
				"up": {"uv": [0.5, 0, 2.5, 16], "texture": "#0"},
				"down": {"uv": [0.5, 0, 2.5, 16], "texture": "#0"}
			}
		},
		{
			"name": "east",
			"from": [16, 1, 0],
			"to": [17, 17, 16],
			"faces": {
				"north": {"uv": [0.5, 0, 2.5, 16], "texture": "#0"},
				"east": {"uv": [0, 0, 16, 16], "texture": "#0"},
				"south": {"uv": [0.5, 0, 2.5, 16], "texture": "#0"},
				"up": {"uv": [0.5, 0, 2.5, 16], "texture": "#0"},
				"down": {"uv": [0.5, 0, 2.5, 16], "texture": "#0"}
			}
		}
	],
	"display": {
		"head": {
			"rotation": [0, 90, 45],
			"translation": [0, -52, 0],
			"scale": [4, 4, 4]
		}
	}
}