{
	"credit": "Made with Blockbench",
	"parent": "item/handheld",
	"textures": {
		"layer0": "item/desolation_glow"
	},
	"display": {
		"thirdperson_righthand": {
			"rotation": [0, -90, 45],
			"translation": [-0.25, 13.25, 1.75],
			"scale": [2.1, 2.2, 1.5]
		},
		"thirdperson_lefthand": {
			"rotation": [0, -90, 45],
			"translation": [-0.25, 13.25, 1.75],
			"scale": [-2.1, 2.2, 1.5]
		},
		"firstperson_righthand": {
			"rotation": [0, -90, 45],
			"translation": [3, 6.75, 0.5],
			"scale": [2.2, 2.2, 1.5]
		},
		"firstperson_lefthand": {
			"rotation": [0, -90, 45],
			"translation": [3, 6.75, 0.5],
			"scale": [-2.2, 2.2, 1.5]
		},
		"ground": {
			"rotation": [90, 0, 0],
			"scale": [2.1, 2.1, 1.5]
		},
		"fixed": {
			"scale": [-2, 2, 1.5]
		}
	}
}