{
	"credit": "Made with Blockbench",
	"parent": "item/handheld",
	"textures": {
		"layer0": "item/desolation"
	},
	"display": {
		"thirdperson_righthand": {
			"rotation": [0, -90, 45],
			"translation": [-0.25, 13.25, 1.75],
			"scale": [2.1, 2.2, 1.5]
		},
		"thirdperson_lefthand": {
			"rotation": [0, -90, 45],
			"translation": [-0.25, 13.25, 1.75],
			"scale": [-2.1, 2.2, 1.5]
		},
		"firstperson_righthand": {
			"rotation": [0, -90, 25],
			"translation": [1.13, 7.25, 3.13],
			"scale": [1.76, 1.76, 1.2]
		},
		"firstperson_lefthand": {
			"rotation": [0, 90, -25],
			"translation": [1.13, 7.25, 3.13],
			"scale": [1.76, 1.76, 1.2]
		},
		"ground": {
			"rotation": [90, 0, 0],
			"scale": [2.1, 2.1, 1.5]
		},
		"fixed": {
			"scale": [-2, 2, 1.5]
		}
	}
}