{
    "parent": "item/handheld_spear",
    "textures": {
        "layer0": "item/dioxin"
    },
	"display": {
        "thirdperson_righthand": {
            "rotation": [ 0, -90, 55 ],
            "translation": [ 0, 10.7, -2.0 ],
            "scale": [ 1.50, 1.50, 1.00 ]
        },
        "thirdperson_lefthand": {
            "rotation": [ 0, 90, -55 ],
            "translation": [ 0, 8.7, -2.0 ],
            "scale": [ 1.20, 1.20, 1.00 ]
        },
		"firstperson_righthand":{
			"scale":[1.3,1.3,1],
			"rotation":[270,90,45],
			"translation":[0,8,2]
		},
		"firstperson_lefthand":{
			"scale":[1.3,1.3,1],
			"rotation":[0,270,45],
			"translation":[0,8,2]
		}
    }
}