{
    "parent": "item/handheld_spear",
    "textures": {
        "layer0": "item/dioxin_widow"
    },
	"display": {
        "thirdperson_righthand": {
            "rotation": [-10,190,-20],
            "translation": [ -13, 5.7, 2.0 ],
            "scale": [ 1.50, 1.50, 1.00 ]
        },
        "thirdperson_lefthand": {
            "rotation": [ -10,10,20 ],
            "translation": [ -13, 5.7, 2.0 ],
            "scale": [ 1.20, 1.20, 1.00 ]
        },
		"firstperson_righthand":{
			"scale":[1.3,1.3,1],
			"rotation":[-80,180,-30],
			"translation":[-15,3,0]
		},
		"firstperson_lefthand":{
			"scale":[1.3,1.3,1],
			"rotation":[-80,0,30],
			"translation":[-15,3,0]
		}
    }
}