{
	"credit": "Made with Blockbench",
	"parent": "item/handheld",
	"textures": {
		"layer0": "item/dioxin"
	},
	"display": {
		"thirdperson_righthand": {
			"rotation": [0, -90, 55],
			"translation": [0, 10.7, -2],
			"scale": [1.5, 1.5, 1]
		},
		"thirdperson_lefthand": {
			"rotation": [0, 90, -55],
			"translation": [0, 8.7, -2],
			"scale": [1.2, 1.2, 1]
		},
		"firstperson_righthand": {
			"rotation": [325, 90, 45],
			"translation": [0, 3, 0],
			"scale": [1.3, 1.3, 1]
		},
		"firstperson_lefthand": {
			"rotation": [60, 270, 45],
			"translation": [0, 3, 0],
			"scale": [1.3, 1.3, 1]
		},
		"gui": {
			"translation": [1, 1, 0]
		}
	}
}