{
	"credit": "Made with Blockbench",
	"parent": "item/handheld",
	"textures": {
		"layer0": "item/draco_cutter"
	},
	"display": {
		"thirdperson_righthand": {
			"rotation": [0, 90, 45],
			"translation": [0, 11.25, 1],
			"scale": [1.6, 1.6, 1]
		},
		"thirdperson_lefthand": {
			"rotation": [0, -90, -45],
			"translation": [0, 11.25, 1],
			"scale": [1.6, 1.6, 1]
		},
		"firstperson_righthand": {
			"rotation": [0, -90, 45],
			"translation": [3, 7.25, 0.5],
			"scale": [1.28, 1.28, 0.8]
		},
		"firstperson_lefthand": {
			"rotation": [0, 90, -45],
			"translation": [3, 7.25, 0.5],
			"scale": [1.28, 1.28, 0.8]
		},
		"ground": {
			"rotation": [90, 0, 0],
			"scale": [1.6, 1.6, 1]
		}
	}
}