{
	"credit": "Made with Blockbench",
	"texture_size": [32, 32],
	"textures": {
		"0": "item/enterra/crack",
		"1": "item/enterra/metal",
		"2": "item/enterra/lava",
		"particle": "item/enterra/metal"
	},
	"elements": [
		{
			"name": "bottom_hilt",
			"from": [6, 0, 6],
			"to": [10, 1, 10],
			"faces": {
				"north": {"uv": [0, 0, 1, 0.25], "texture": "#1"},
				"east": {"uv": [0, 0, 1, 0.25], "texture": "#1"},
				"south": {"uv": [0, 0, 1, 0.25], "texture": "#1"},
				"west": {"uv": [0, 0, 1, 0.25], "texture": "#1"},
				"up": {"uv": [0, 0, 1, 1], "texture": "#1"},
				"down": {"uv": [0, 0, 1, 1], "texture": "#1"}
			}
		},
		{
			"name": "handle",
			"from": [7, 1, 7],
			"to": [9, 16, 9],
			"faces": {
				"north": {"uv": [0, 0, 1, 7.5], "texture": "#0"},
				"east": {"uv": [6, 0, 7, 7.5], "texture": "#0"},
				"south": {"uv": [1, 0, 2, 7.5], "texture": "#0"},
				"west": {"uv": [2.5, 0, 3.5, 7.5], "texture": "#0"},
				"up": {"uv": [0, 0, 1, 1], "texture": "#0"},
				"down": {"uv": [0, 0, 1, 1], "texture": "#0"}
			}
		},
		{
			"name": "top_hilt",
			"from": [6, 16, 6],
			"to": [10, 18, 10],
			"rotation": {"angle": 0, "axis": "y", "origin": [8, 5, 8]},
			"faces": {
				"north": {"uv": [0, 0, 1, 0.5], "texture": "#1"},
				"east": {"uv": [0, 0, 1, 0.5], "texture": "#1"},
				"south": {"uv": [0, 0, 1, 0.5], "texture": "#1"},
				"west": {"uv": [0, 0, 1, 0.5], "texture": "#1"},
				"up": {"uv": [0, 0, 1, 1], "texture": "#1"},
				"down": {"uv": [0, 0, 1, 1], "texture": "#1"}
			}
		},
		{
			"name": "hammer_bottom",
			"from": [3, 18, 0],
			"to": [13, 27, 17],
			"rotation": {"angle": 0, "axis": "y", "origin": [8, 6, 9]},
			"faces": {
				"north": {"uv": [5, 0, 9.5, 5], "rotation": 90, "texture": "#0"},
				"east": {"uv": [5, 0, 9.5, 8.5], "rotation": 90, "texture": "#0"},
				"south": {"uv": [5, 0, 9.5, 5], "rotation": 90, "texture": "#0"},
				"west": {"uv": [5, 0, 9.5, 8.5], "rotation": 90, "texture": "#0"},
				"up": {"uv": [5, 0, 13.5, 5], "rotation": 90, "texture": "#0"},
				"down": {"uv": [5, 0, 13.5, 5], "rotation": 90, "texture": "#0"}
			}
		},
		{
			"name": "hammer_edge",
			"from": [22, 10, 0],
			"to": [23, 11, 17],
			"rotation": {"angle": 45, "axis": "z", "origin": [8, 3, 9]},
			"faces": {
				"north": {"uv": [0, 0, 0.5, 0.5], "texture": "#2"},
				"east": {"uv": [0, 0, 8.5, 0.5], "texture": "#2"},
				"south": {"uv": [0, 0, 0.5, 0.5], "texture": "#2"},
				"west": {"uv": [0, 0, 8.5, 0.5], "texture": "#2"},
				"up": {"uv": [0, 0, 0.5, 8.5], "texture": "#2"},
				"down": {"uv": [0, 0, 0.5, 8.5], "texture": "#1"}
			}
		},
		{
			"name": "hammer_edge2",
			"from": [15, 17, 0],
			"to": [16, 18, 17],
			"rotation": {"angle": 45, "axis": "z", "origin": [8, 3, 9]},
			"faces": {
				"north": {"uv": [0, 0, 0.5, 0.5], "texture": "#2"},
				"east": {"uv": [0, 0, 8.5, 0.5], "texture": "#2"},
				"south": {"uv": [0, 0, 0.5, 0.5], "texture": "#2"},
				"west": {"uv": [0, 0, 8.5, 0.5], "texture": "#1"},
				"up": {"uv": [0, 0, 0.5, 8.5], "texture": "#2"},
				"down": {"uv": [0, 0, 0.5, 8.5], "texture": "#2"}
			}
		},
		{
			"name": "hammer_edge3",
			"from": [-5.5, 22.5, 0],
			"to": [-4.5, 23.5, 17],
			"rotation": {"angle": -45, "axis": "z", "origin": [8, 3, 9]},
			"faces": {
				"north": {"uv": [0, 0, 0.5, 0.5], "rotation": 270, "texture": "#2"},
				"east": {"uv": [0, 0, 0.5, 8.5], "rotation": 270, "texture": "#2"},
				"south": {"uv": [0, 0, 0.5, 0.5], "rotation": 270, "texture": "#2"},
				"west": {"uv": [0, 0, 0.5, 8.5], "rotation": 270, "texture": "#2"},
				"up": {"uv": [0, 0, 8.5, 0.5], "rotation": 270, "texture": "#1"},
				"down": {"uv": [0, 0, 8.5, 0.5], "rotation": 270, "texture": "#2"}
			}
		},
		{
			"name": "hammer_edge4",
			"from": [-12.5, 15.5, 0],
			"to": [-11.5, 16.5, 17],
			"rotation": {"angle": -45, "axis": "z", "origin": [8, 3, 9]},
			"faces": {
				"north": {"uv": [0, 0, 0.5, 0.5], "rotation": 270, "texture": "#2"},
				"east": {"uv": [0, 0, 0.5, 8.5], "rotation": 270, "texture": "#2"},
				"south": {"uv": [0, 0, 0.5, 0.5], "rotation": 270, "texture": "#2"},
				"west": {"uv": [0, 0, 0.5, 8.5], "rotation": 270, "texture": "#1"},
				"up": {"uv": [0, 0, 8.5, 0.5], "rotation": 270, "texture": "#2"},
				"down": {"uv": [0, 0, 8.5, 0.5], "rotation": 270, "texture": "#2"}
			}
		},
		{
			"name": "hammer_edge5",
			"from": [3, 7, -9],
			"to": [13, 8, -8],
			"rotation": {"angle": 45, "axis": "x", "origin": [8, 3, 9]},
			"faces": {
				"north": {"uv": [0, 0, 5, 0.5], "texture": "#2"},
				"east": {"uv": [0, 0, 0.5, 0.5], "texture": "#2"},
				"south": {"uv": [0, 0, 5, 0.5], "texture": "#2"},
				"west": {"uv": [0, 0, 0.5, 0.5], "texture": "#2"},
				"up": {"uv": [0, 0, 5, 0.5], "texture": "#2"},
				"down": {"uv": [0, 0, 5, 0.5], "texture": "#1"}
			}
		},
		{
			"name": "hammer_edge6",
			"from": [3, 19, 3],
			"to": [13, 20, 4],
			"rotation": {"angle": 45, "axis": "x", "origin": [8, 3, 9]},
			"faces": {
				"north": {"uv": [0, 0, 5, 0.5], "texture": "#2"},
				"east": {"uv": [0, 0, 0.5, 0.5], "texture": "#2"},
				"south": {"uv": [0, 0, 5, 0.5], "texture": "#1"},
				"west": {"uv": [0, 0, 0.5, 0.5], "texture": "#2"},
				"up": {"uv": [0, 0, 5, 0.5], "texture": "#2"},
				"down": {"uv": [0, 0, 5, 0.5], "texture": "#2"}
			}
		},
		{
			"name": "hammer_edge7",
			"from": [3, 24.6, -2.4],
			"to": [13, 25.6, -1.4],
			"rotation": {"angle": 45, "axis": "x", "origin": [8, 3, 9]},
			"faces": {
				"north": {"uv": [0, 0, 5, 0.5], "texture": "#2"},
				"east": {"uv": [0, 0, 0.5, 0.5], "texture": "#2"},
				"south": {"uv": [0, 0, 5, 0.5], "texture": "#2"},
				"west": {"uv": [0, 0, 0.5, 0.5], "texture": "#2"},
				"up": {"uv": [0, 0, 5, 0.5], "texture": "#1"},
				"down": {"uv": [0, 0, 5, 0.5], "texture": "#2"}
			}
		},
		{
			"name": "hammer_edge8",
			"from": [3, 12.6, -14.4],
			"to": [13, 13.6, -13.4],
			"rotation": {"angle": 45, "axis": "x", "origin": [8, 3, 9]},
			"faces": {
				"north": {"uv": [0, 0, 5, 0.5], "texture": "#1"},
				"east": {"uv": [0, 0, 0.5, 0.5], "texture": "#2"},
				"south": {"uv": [0, 0, 5, 0.5], "texture": "#2"},
				"west": {"uv": [0, 0, 0.5, 0.5], "texture": "#2"},
				"up": {"uv": [0, 0, 5, 0.5], "texture": "#2"},
				"down": {"uv": [0, 0, 5, 0.5], "texture": "#2"}
			}
		},
		{
			"name": "hammer_side_wide",
			"from": [2.3, 18.5, 0],
			"to": [3.3, 26.3, 17],
			"rotation": {"angle": 0, "axis": "y", "origin": [8, 3, 9]},
			"faces": {
				"north": {"uv": [0, 0, 0.5, 3.9], "texture": "#0"},
				"east": {"uv": [0, 0, 8.5, 3.9], "texture": "#0"},
				"south": {"uv": [0, 0, 0.5, 3.9], "texture": "#0"},
				"west": {"uv": [0, 0, 8.5, 3.9], "texture": "#0"},
				"up": {"uv": [0, 0, 0.5, 8.5], "texture": "#0"},
				"down": {"uv": [0, 0, 0.5, 8.5], "texture": "#0"}
			}
		},
		{
			"name": "hammer_side_wide2",
			"from": [12.7, 18.5, 0],
			"to": [13.7, 26.3, 17],
			"rotation": {"angle": 0, "axis": "y", "origin": [8, 3, 9]},
			"faces": {
				"north": {"uv": [0, 0, 0.5, 3.9], "texture": "#0"},
				"east": {"uv": [0, 0, 8.5, 3.9], "texture": "#0"},
				"south": {"uv": [0, 0, 0.5, 3.9], "texture": "#0"},
				"west": {"uv": [0, 0, 8.5, 3.9], "texture": "#0"},
				"up": {"uv": [0, 0, 0.5, 8.5], "texture": "#0"},
				"down": {"uv": [0, 0, 0.5, 8.5], "texture": "#0"}
			}
		},
		{
			"name": "hammer_side_short",
			"from": [3, 18.6, 16.5],
			"to": [13, 26.2, 17.5],
			"rotation": {"angle": 0, "axis": "y", "origin": [8, 3, 9]},
			"faces": {
				"north": {"uv": [0, 0, 5, 3.8], "texture": "#0"},
				"east": {"uv": [0, 0, 0.5, 3.8], "texture": "#0"},
				"south": {"uv": [0, 0, 5, 3.8], "texture": "#0"},
				"west": {"uv": [0, 0, 0.5, 3.8], "texture": "#0"},
				"up": {"uv": [0, 0, 5, 0.5], "texture": "#0"},
				"down": {"uv": [0, 0, 5, 0.5], "texture": "#0"}
			}
		},
		{
			"name": "hammer_side_short2",
			"from": [3, 18.6, -0.7],
			"to": [13, 26.2, 0.3],
			"rotation": {"angle": 0, "axis": "y", "origin": [8, 3, 9]},
			"faces": {
				"north": {"uv": [0, 0, 5, 3.8], "texture": "#0"},
				"east": {"uv": [0, 0, 0.5, 3.8], "texture": "#0"},
				"south": {"uv": [0, 0, 5, 3.8], "texture": "#0"},
				"west": {"uv": [0, 0, 0.5, 3.8], "texture": "#0"},
				"up": {"uv": [0, 0, 5, 0.5], "texture": "#0"},
				"down": {"uv": [0, 0, 5, 0.5], "texture": "#0"}
			}
		},
		{
			"name": "hammer_corner",
			"from": [10.3, 18.5, -1.5],
			"to": [11.3, 26.5, -0.5],
			"rotation": {"angle": 45, "axis": "y", "origin": [8, 3, 9]},
			"faces": {
				"north": {"uv": [0, 0, 0.5, 4], "texture": "#2"},
				"east": {"uv": [0, 0, 0.5, 4], "texture": "#2"},
				"south": {"uv": [0, 0, 0.5, 4], "texture": "#2"},
				"west": {"uv": [0, 0, 0.5, 4], "texture": "#2"},
				"up": {"uv": [0, 0, 0.5, 0.5], "texture": "#2"},
				"down": {"uv": [0, 0, 0.5, 0.5], "texture": "#2"}
			}
		},
		{
			"name": "hammer_corner2",
			"from": [17.5, 18.5, 5.5],
			"to": [18.5, 26.5, 6.5],
			"rotation": {"angle": 45, "axis": "y", "origin": [8, 3, 9]},
			"faces": {
				"north": {"uv": [0, 0, 0.5, 4], "texture": "#2"},
				"east": {"uv": [0, 0, 0.5, 4], "texture": "#2"},
				"south": {"uv": [0, 0, 0.5, 4], "texture": "#2"},
				"west": {"uv": [0, 0, 0.5, 4], "texture": "#2"},
				"up": {"uv": [0, 0, 0.5, 0.5], "texture": "#2"},
				"down": {"uv": [0, 0, 0.5, 0.5], "texture": "#2"}
			}
		},
		{
			"name": "hammer_corner3",
			"from": [5.5, 18.5, 17.6],
			"to": [6.5, 26.5, 18.6],
			"rotation": {"angle": 45, "axis": "y", "origin": [8, 3, 9]},
			"faces": {
				"north": {"uv": [0, 0, 0.5, 4], "texture": "#2"},
				"east": {"uv": [0, 0, 0.5, 4], "texture": "#2"},
				"south": {"uv": [0, 0, 0.5, 4], "texture": "#2"},
				"west": {"uv": [0, 0, 0.5, 4], "texture": "#2"},
				"up": {"uv": [0, 0, 0.5, 0.5], "texture": "#2"},
				"down": {"uv": [0, 0, 0.5, 0.5], "texture": "#2"}
			}
		},
		{
			"name": "hammer_corner4",
			"from": [-1.6, 18.5, 10.6],
			"to": [-0.6, 26.5, 11.6],
			"rotation": {"angle": 45, "axis": "y", "origin": [8, 3, 9]},
			"faces": {
				"north": {"uv": [0, 0, 0.5, 4], "texture": "#2"},
				"east": {"uv": [0, 0, 0.5, 4], "texture": "#2"},
				"south": {"uv": [0, 0, 0.5, 4], "texture": "#2"},
				"west": {"uv": [0, 0, 0.5, 4], "texture": "#2"},
				"up": {"uv": [0, 0, 0.5, 0.5], "texture": "#2"},
				"down": {"uv": [0, 0, 0.5, 0.5], "texture": "#2"}
			}
		},
		{
			"name": "hammer_spike_front1",
			"from": [6, 20.5, -2],
			"to": [10, 24.5, 0],
			"rotation": {"angle": 0, "axis": "y", "origin": [8, 3, 9]},
			"faces": {
				"north": {"uv": [0, 0, 2, 2], "texture": "#1"},
				"east": {"uv": [0, 0, 1, 2], "texture": "#1"},
				"south": {"uv": [0, 0, 2, 2], "texture": "#1"},
				"west": {"uv": [0, 0, 1, 2], "texture": "#1"},
				"up": {"uv": [0, 0, 2, 1], "texture": "#1"},
				"down": {"uv": [0, 0, 2, 1], "texture": "#1"}
			}
		},
		{
			"name": "hammer_spike_front2",
			"from": [7, 21.5, -3],
			"to": [9, 23.5, -2],
			"rotation": {"angle": 0, "axis": "y", "origin": [8, 8, 9]},
			"faces": {
				"north": {"uv": [0, 0, 1, 1], "texture": "#2"},
				"east": {"uv": [0, 0, 0.5, 1], "texture": "#2"},
				"south": {"uv": [0, 0, 1, 1], "texture": "#2"},
				"west": {"uv": [0, 0, 0.5, 1], "texture": "#2"},
				"up": {"uv": [0, 0, 1, 0.5], "texture": "#2"},
				"down": {"uv": [0, 0, 1, 0.5], "texture": "#2"}
			}
		},
		{
			"name": "hammer_spike_front3",
			"from": [7.5, 22, -6],
			"to": [8.5, 23, -2],
			"rotation": {"angle": 0, "axis": "y", "origin": [8, 8, 9]},
			"faces": {
				"north": {"uv": [0, 0, 0.5, 0.5], "texture": "#1"},
				"east": {"uv": [0, 0, 2, 0.5], "texture": "#1"},
				"south": {"uv": [0, 0, 0.5, 0.5], "texture": "#1"},
				"west": {"uv": [0, 0, 2, 0.5], "texture": "#1"},
				"up": {"uv": [0, 0, 0.5, 2], "texture": "#1"},
				"down": {"uv": [0, 0, 0.5, 2], "texture": "#1"}
			}
		},
		{
			"name": "hammer_spike_back1",
			"from": [6, 20.5, 17],
			"to": [10, 24.5, 19],
			"rotation": {"angle": 0, "axis": "y", "origin": [8, 3, 9]},
			"faces": {
				"north": {"uv": [0, 0, 2, 2], "texture": "#1"},
				"east": {"uv": [0, 0, 1, 2], "texture": "#1"},
				"south": {"uv": [0, 0, 2, 2], "texture": "#1"},
				"west": {"uv": [0, 0, 1, 2], "texture": "#1"},
				"up": {"uv": [0, 0, 2, 1], "texture": "#1"},
				"down": {"uv": [0, 0, 2, 1], "texture": "#1"}
			}
		},
		{
			"name": "hammer_spike_back2",
			"from": [7, 21.5, 19],
			"to": [9, 23.5, 20],
			"rotation": {"angle": 0, "axis": "y", "origin": [8, 8, 9]},
			"faces": {
				"north": {"uv": [0, 0, 1, 1], "texture": "#2"},
				"east": {"uv": [0, 0, 0.5, 1], "texture": "#2"},
				"south": {"uv": [0, 0, 1, 1], "texture": "#2"},
				"west": {"uv": [0, 0, 0.5, 1], "texture": "#2"},
				"up": {"uv": [0, 0, 1, 0.5], "texture": "#2"},
				"down": {"uv": [0, 0, 1, 0.5], "texture": "#2"}
			}
		},
		{
			"name": "hammer_spike_back3",
			"from": [7.5, 22, 19],
			"to": [8.5, 23, 23],
			"rotation": {"angle": 0, "axis": "y", "origin": [8, 8, 9]},
			"faces": {
				"north": {"uv": [0, 0, 0.5, 0.5], "texture": "#1"},
				"east": {"uv": [0, 0, 2, 0.5], "texture": "#1"},
				"south": {"uv": [0, 0, 0.5, 0.5], "texture": "#1"},
				"west": {"uv": [0, 0, 2, 0.5], "texture": "#1"},
				"up": {"uv": [0, 0, 0.5, 2], "texture": "#1"},
				"down": {"uv": [0, 0, 0.5, 2], "texture": "#1"}
			}
		},
		{
			"name": "hammer_topspike",
			"from": [7.5, 28, 7.5],
			"to": [8.5, 32, 8.5],
			"rotation": {"angle": 0, "axis": "y", "origin": [8, 8, 9]},
			"faces": {
				"north": {"uv": [0, 0, 0.5, 2], "texture": "#1"},
				"east": {"uv": [0, 0, 0.5, 2], "texture": "#1"},
				"south": {"uv": [0, 0, 0.5, 2], "texture": "#1"},
				"west": {"uv": [0, 0, 0.5, 2], "texture": "#1"},
				"up": {"uv": [0, 0, 0.5, 0.5], "texture": "#1"},
				"down": {"uv": [0, 0, 0.5, 0.5], "texture": "#1"}
			}
		},
		{
			"name": "hammer_topspike2",
			"from": [7, 28, 7],
			"to": [9, 29, 9],
			"rotation": {"angle": 0, "axis": "y", "origin": [8, 8, 9]},
			"faces": {
				"north": {"uv": [0, 0, 1, 0.5], "texture": "#2"},
				"east": {"uv": [0, 0, 1, 0.5], "texture": "#2"},
				"south": {"uv": [0, 0, 1, 0.5], "texture": "#2"},
				"west": {"uv": [0, 0, 1, 0.5], "texture": "#2"},
				"up": {"uv": [0, 0, 1, 1], "texture": "#2"},
				"down": {"uv": [0, 0, 1, 1], "texture": "#2"}
			}
		},
		{
			"name": "hammer_topspike3",
			"from": [6, 27, 6],
			"to": [10, 28, 10],
			"rotation": {"angle": 0, "axis": "y", "origin": [8, 8, 9]},
			"faces": {
				"north": {"uv": [0, 0, 2, 0.5], "texture": "#1"},
				"east": {"uv": [0, 0, 2, 0.5], "texture": "#1"},
				"south": {"uv": [0, 0, 2, 0.5], "texture": "#1"},
				"west": {"uv": [0, 0, 2, 0.5], "texture": "#1"},
				"up": {"uv": [0, 0, 2, 2], "texture": "#1"},
				"down": {"uv": [0, 0, 2, 2], "texture": "#1"}
			}
		}
	],
	"display": {
		"thirdperson_righthand": {
			"translation": [0, -1.75, 1.25]
		},
		"thirdperson_lefthand": {
			"rotation": [-2, 0, 0],
			"translation": [0, -1.75, 1.25]
		},
		"firstperson_righthand": {
			"translation": [1.13, 3.2, 1.13],
			"scale": [0.68, 0.68, 0.68]
		},
		"firstperson_lefthand": {
			"translation": [1.13, 3.2, 1.13],
			"scale": [0.68, 0.68, 0.68]
		},
		"ground": {
			"rotation": [0, 0, 90],
			"translation": [4, 0, 0]
		},
		"gui": {
			"rotation": [90, 45, -90],
			"translation": [-3.75, -4, 0],
			"scale": [1, 0.55, 0.55]
		},
		"fixed": {
			"rotation": [0, 90, 0],
			"translation": [0, -3.75, 0],
			"scale": [0.75, 0.75, 0.75]
		}
	}
}