{
	"credit": "Made with Blockbench",
	"parent": "item/handheld",
	"textures": {
		"layer0": "item/exiku"
	},
	"display": {
		"thirdperson_righthand": {
			"rotation": [70, 0, 45],
			"translation": [0, 5.5, 6.25],
			"scale": [0, 0, 0]
		},
		"thirdperson_lefthand": {
			"rotation": [70, 0, -45],
			"translation": [0, 5.5, 6.25],
			"scale": [0, 0, 0]
		},
		"firstperson_righthand": {
			"rotation": [0, 0, 45],
			"translation": [3.5, 8, 0],
			"scale": [0, 0, 0]
		},
		"firstperson_lefthand": {
			"rotation": [0, 0, -45],
			"translation": [3.5, 8, 0],
			"scale": [0, 0, 0]
		},
		"ground": {
			"scale": [0.5, 0.5, 0.5]
		},
		"head": {
			"rotation": [90, 0, -45],
			"translation": [0, -42, 0],
			"scale": [0, 0, 0]
		}
	}
}