{
	"credit": "Made with Blockbench",
	"parent": "item/handheld",
	"textures": {
		"layer0": "item/exiku_end"
	},
	"display": {
		"thirdperson_righthand": {
			"rotation": [90, 0, 0],
			"translation": [-6.1, -0.5, 10],
			"scale": [4, 4, 1]
		},
		"thirdperson_lefthand": {
			"rotation": [70, 0, -45],
			"translation": [0, 5.5, 6.25],
			"scale": [0.6, 0.6, 0.65]
		},
		"firstperson_righthand": {
			"rotation": [0, 0, 45],
			"translation": [3.5, 8, 0],
			"scale": [0.7, 0.7, 0.7]
		},
		"firstperson_lefthand": {
			"rotation": [0, 0, -45],
			"translation": [3.5, 8, 0],
			"scale": [0.7, 0.7, 0.7]
		},
		"ground": {
			"scale": [0.5, 0.5, 0.5]
		},
		"head": {
			"rotation": [90, 0, 0],
			"translation": [0, -42, 0],
			"scale": [4, 4, 2]
		}
	}
}