{
	"credit": "Made with Blockbench",
	"parent": "item/handheld",
	"textures": {
		"layer0": "item/genesis"
	},
	"display": {
		"thirdperson_righthand": {
			"rotation": [0, -90, 55],
			"translation": [0, 1.75, 0.5],
			"scale": [1.7, 1.7, 1]
		},
		"thirdperson_lefthand": {
			"rotation": [0, 90, -55],
			"translation": [0, 1.75, 0.5],
			"scale": [1.7, 1.7, 1]
		},
		"firstperson_righthand": {
			"rotation": [0, -90, 25],
			"translation": [1.13, 3.2, 1.13],
			"scale": [1.36, 1.36, 0.8]
		},
		"firstperson_lefthand": {
			"rotation": [0, 90, -25],
			"translation": [1.13, 3.2, 1.13],
			"scale": [1.36, 1.36, 0.8]
		},
		"ground": {
			"rotation": [90, 0, 0],
			"scale": [1.7, 1.7, 1]
		}
	}
}