{
	"credit": "Made with Blockbench",
	"textures": {
		"0": "item/halicord_spell",
		"particle": "item/halicord_spell"
	},
	"elements": [
		{
			"from": [0, 7, 0],
			"to": [16, 9, 16],
			"rotation": {"angle": 22.5, "axis": "x", "origin": [8, 8, 8]},
			"faces": {
				"north": {"uv": [0, 0, 14.5, 2.5], "texture": "#0"},
				"east": {"uv": [0, 0, 14.5, 2.5], "texture": "#0"},
				"south": {"uv": [0, 0, 14.5, 2.5], "texture": "#0"},
				"west": {"uv": [0, 0, 14.5, 2.5], "texture": "#0"},
				"up": {"uv": [15.5, 0.25, 16, 1.25], "texture": "#0"},
				"down": {"uv": [14, 2.5, 14.5, 3.75], "texture": "#0"}
			}
		},
		{
			"from": [0, 7, 0],
			"to": [16, 9, 16],
			"rotation": {"angle": -22.5, "axis": "x", "origin": [8, 8, 8]},
			"faces": {
				"north": {"uv": [0, 0, 14.5, 2.5], "texture": "#0"},
				"east": {"uv": [0, 0, 14.5, 2.5], "texture": "#0"},
				"south": {"uv": [0, 0, 14.5, 2.5], "texture": "#0"},
				"west": {"uv": [0, 0, 14.5, 2.5], "texture": "#0"},
				"up": {"uv": [15.5, 0.25, 16, 1.25], "texture": "#0"},
				"down": {"uv": [14, 2.5, 14.5, 3.75], "texture": "#0"}
			}
		}
	],
	"display": {
		"head": {
			"rotation": [0, 90, 0],
			"translation": [0, -17.5, 0],
			"scale": [1.89, 3.14, 2.27]
		}
	}
}