{
	"credit": "Made with Blockbench",
	"parent": "item/handheld",
	"textures": {
		"layer0": "item/halicord"
	},
	"display": {
		"thirdperson_righthand": {
			"rotation": [0, -90, 45],
			"translation": [0, 4, 1],
			"scale": [2, 2, 1]
		},
		"thirdperson_lefthand": {
			"rotation": [0, 90, -45],
			"translation": [0, 4, 1],
			"scale": [2, 2, 1]
		},
		"firstperson_righthand": {
			"rotation": [0, -90, 45],
			"translation": [3, 3, 0.5],
			"scale": [2, 2, 1]
		},
		"firstperson_lefthand": {
			"rotation": [0, 90, -45],
			"translation": [3, 3, 0.5],
			"scale": [2, 2, 1]
		},
		"ground": {
			"rotation": [90, 0, 0],
			"scale": [2, 2, 1]
		},
		"fixed": {
			"scale": [2, 2, 2]
		}
	}
}