{
	"credit": "Made with Blockbench",
	"parent": "item/handheld",
	"textures": {
		"layer0": "item/halicord"
	},
	"display": {
		"thirdperson_righthand": {
			"rotation": [0, 90, 80],
			"translation": [0, 9.5, 7.5],
			"scale": [2, 2, 1]
		},
		"thirdperson_lefthand": {
			"rotation": [0, -90, -80],
			"translation": [0, 9.5, 7.5],
			"scale": [2, 2, 1]
		},
		"firstperson_righthand": {
			"rotation": [0, 90, 30],
			"translation": [3, 7, 0.5],
			"scale": [2, 2, 1]
		},
		"firstperson_lefthand": {
			"rotation": [0, -90, -30],
			"translation": [3, 7, 0.5],
			"scale": [2, 2, 1]
		},
		"ground": {
			"rotation": [90, 0, 0],
			"scale": [2, 2, 1]
		},
		"fixed": {
			"scale": [2, 2, 2]
		}
	}
}