{
    "parent": "item/generated",
    "display":{
		"thirdperson_righthand":{
			"scale":[1.2,1.2,1],
			"rotation":[0,90,45],
			"translation":[0,2,1]
		},
		"firstperson_righthand":{
		"scale":[1.2,1.2,1],
		"rotation":[305,90,45],
		"translation":[0,2,0]
		},
		"thirdperson_lefthand":{
			"scale":[1.2,1.2,1],
			"rotation":[90,270,45],
			"translation":[0,2,1]
		},
		"firstperson_lefthand":{
			"scale":[1.2,1.2,1],
			"rotation":[40,270,45],
			"translation":[0,2,0]
		}
	}
}
