{
	"credit": "Made with Blockbench",
	"textures": {
		"0": "item/greatsword_base",
		"particle": "item/greatsword_base"
	},
	"elements": [
		{
			"from": [6.96343, 7.25259, 6.93751],
			"to": [8.96343, 32, 8.93751],
			"rotation": {"angle": 45, "axis": "y", "origin": [8, 8, 8]},
			"faces": {
				"north": {"uv": [3, 0, 6, 16], "texture": "#0"},
				"east": {"uv": [0, 0, 3, 16], "texture": "#0"},
				"south": {"uv": [3, 0, 6, 16], "texture": "#0"},
				"west": {"uv": [0, 0, 3, 16], "texture": "#0"},
				"up": {"uv": [8, 0, 10, 2], "rotation": 270, "texture": "#0"},
				"down": {"uv": [8, 0, 10, 2], "rotation": 90, "texture": "#0"}
			}
		},
		{
			"from": [7.73778, -1.25172, 7.01394],
			"to": [8.23778, 6.74828, 9.01394],
			"faces": {
				"north": {"uv": [6, 0, 8, 16], "texture": "#0"},
				"east": {"uv": [6, 0, 8, 16], "texture": "#0"},
				"south": {"uv": [6, 0, 8, 16], "texture": "#0"},
				"west": {"uv": [6, 0, 8, 16], "texture": "#0"},
				"up": {"uv": [8, 2, 10, 4], "texture": "#0"},
				"down": {"uv": [8, 2, 10, 4], "texture": "#0"}
			}
		},
		{
			"from": [6.25179, 6.73863, 6.49906],
			"to": [9.50179, 9.48863, 9.49906],
			"faces": {
				"north": {"uv": [8, 8, 11, 16], "rotation": 90, "texture": "#0"},
				"east": {"uv": [11, 10, 14, 16], "texture": "#0"},
				"south": {"uv": [8, 8, 11, 16], "rotation": 90, "texture": "#0"},
				"west": {"uv": [11, 10, 14, 16], "texture": "#0"},
				"up": {"uv": [8, 4, 10, 8], "texture": "#0"},
				"down": {"uv": [8, 4, 10, 8], "texture": "#0"}
			}
		}
	],
	"gui_light": "front",
	"display": {
		"thirdperson_righthand": {
			"rotation": [0, 90, 0],
			"translation": [0, 1.5, 0.75],
			"scale": [2, 1, 0.5]
		},
		"thirdperson_lefthand": {
			"rotation": [0, 90, 0],
			"translation": [0, 1.5, 0.75],
			"scale": [2, 1, 0.5]
		},
		"firstperson_righthand": {
			"rotation": [0, -90, 0],
			"translation": [1.13, 2.95, 1.88],
			"scale": [1.36, 0.68, 0.34]
		},
		"firstperson_lefthand": {
			"rotation": [0, -90, 0],
			"translation": [1.13, 2.95, 1.88],
			"scale": [1.36, 0.68, 0.34]
		},
		"ground": {
			"scale": [2, 1, 0.5]
		},
		"gui": {
			"rotation": [0, 0, -45],
			"translation": [-3.5, -3.5, 0],
			"scale": [1.2, 0.6, 0.3]
		},
		"fixed": {
			"rotation": [0, -180, -45],
			"translation": [4.25, -4.25, 0],
			"scale": [1.5, 0.75, 0.375]
		}
	}
}