{
    "parent": "item/generated",
    "display": {
        "thirdperson_righthand": {
            "rotation": [ 0, 90, 50 ],
            "translation": [ 0, 8.3, 2.0 ],
            "scale": [ 1.5, 1.5, 0.85 ]
        },
        "thirdperson_lefthand": {
            "rotation": [ 0, -90, -50 ],
            "translation": [ 0, 8.3, 2.0 ],
            "scale": [ 1.5, 1.5, 0.85 ]
        },
        "firstperson_righthand": {
            "rotation": [ 0, 90, 45 ],
            "translation": [ 1.13, 6.2, 1.13 ],
            "scale": [ 1.3, 1.3, 0.68 ]
        },
        "firstperson_lefthand": {
            "rotation": [ 0, -90, -45 ],
            "translation": [ 1.13, 6.2, 1.13 ],
            "scale": [ 1.3, 1.3, 0.68 ]
        }
    }
}
