{
	"credit": "Made with Blockbench",
	"parent": "item/handheld",
	"textures": {
		"layer0": "item/holy_mirror_blocking"
	},
	"display": {
		"thirdperson_righthand": {
			"rotation": [45, 145.75, 0],
			"translation": [1.75, 1, 0],
			"scale": [0.9, 0.9, 1]
		},
		"thirdperson_lefthand": {
			"rotation": [45, 145.75, 0],
			"translation": [1.75, 1, 0],
			"scale": [0.9, 0.9, 1]
		},
		"firstperson_righthand": {
			"rotation": [0, 180, -5],
			"scale": [0.9, 0.9, 1]
		},
		"firstperson_lefthand": {
			"rotation": [0, 180, -5],
			"scale": [0.9, 0.9, 1]
		}
	}
}