{
	"parent":
	"item/handheld",
	"textures":{
	"layer0": "item/iron_sword"
	},
	"overrides":[
	{"predicate":{"custom_model_data":151924},"model":"item/draco_cutter"},
	{"predicate":{"custom_model_data":151926},"model":"item/ninja_sword"},
	{"predicate":{"custom_model_data":213021},"model":"item/bladed_boomerang_r1"},
	{"predicate":{"custom_model_data":213022},"model":"item/bladed_boomerang_r2"},
	{"predicate":{"custom_model_data":213023},"model":"item/bladed_boomerang_r3"},
	{"predicate":{"custom_model_data":213024},"model":"item/bladed_boomerang_r4"},
	{"predicate":{"custom_model_data":213025},"model":"item/iron_dagger"}
	]
 }
