{
	"credit": "Made with Blockbench",
	"parent": "item/handheld",
	"textures": {
		"layer0": "item/laser_drill"
	},
	"display": {
		"thirdperson_righthand": {
			"rotation": [0, 90, 0],
			"translation": [0, -1.5, -5.75],
			"scale": [1.15, 1.15, 1.3]
		},
		"thirdperson_lefthand": {
			"rotation": [0, 90, 0],
			"translation": [0, -1.5, -5.75],
			"scale": [-1.15, 1.15, 1.3]
		},
		"firstperson_righthand": {
			"rotation": [0, 90, 0],
			"translation": [0, 3, 0]
		},
		"firstperson_lefthand": {
			"rotation": [0, 90, 0],
			"translation": [0, 3, 0],
			"scale": [-1, 1, 1]
		},
		"ground": {
			"scale": [1.15, 1.15, 1]
		}
	}
}