{
	"credit": "Made with Blockbench",
	"parent": "item/handheld",
	"textures": {
		"layer0": "item/masamune"
	},
	"display": {
		"thirdperson_righthand": {
			"rotation": [0, 90, 45],
			"translation": [0, 34, 1.25],
			"scale": [4, 4, 1]
		},
		"thirdperson_lefthand": {
			"rotation": [0, -90, -45],
			"translation": [0, 34, 1.25],
			"scale": [4, 4, 1]
		},
		"firstperson_righthand": {
			"rotation": [0, 90, 45],
			"translation": [3, 26.5, 1],
			"scale": [3.2, 3.2, 1]
		},
		"firstperson_lefthand": {
			"rotation": [0, -90, -45],
			"translation": [3, 26.5, 1],
			"scale": [3.2, 3.2, 1]
		},
		"ground": {
			"rotation": [90, 0, 0],
			"scale": [4, 4, 1]
		},
		"fixed": {
			"scale": [2, 2, 2]
		}
	}
}