{
	"credit": "Made with Blockbench",
	"parent": "item/handheld",
	"textures": {
		"layer0": "item/miikuns_coffin"
	},
	"display": {
		"thirdperson_righthand": {
			"rotation": [0, 0, 45],
			"translation": [0, 3, 1.75],
			"scale": [0.5, 0.5, 2]
		},
		"thirdperson_lefthand": {
			"rotation": [0, 0, 45],
			"translation": [0, 3, 1.75],
			"scale": [-0.5, 0.5, 2]
		},
		"firstperson_righthand": {
			"rotation": [-47, 0, 32],
			"translation": [3, 3, 0.5],
			"scale": [0.5, 0.5, 2]
		},
		"firstperson_lefthand": {
			"rotation": [-53, 0, 32],
			"translation": [3, 3, 0.5],
			"scale": [-0.5, 0.5, 2]
		},
		"ground": {
			"rotation": [90, 0, 0],
			"scale": [0.5, 0.5, 2]
		},
		"gui": {
			"rotation": [0, 0, 45],
			"translation": [0, -1, 0],
			"scale": [0.75, 0.75, 1]
		},
		"fixed": {
			"rotation": [0, 0, 45],
			"translation": [0, -1, 0],
			"scale": [0.75, 0.75, 1]
		}
	}
}