{
	"credit": "Made with Blockbench",
	"textures": {
		"0": "item/mimic_hurt",
		"1": "item/mimic_hurt_assets",
		"particle": "normal"
	},
	"elements": [
		{
			"name": "chest_bottom",
			"from": [4, 5, 3],
			"to": [13, 11, 12],
			"rotation": {"angle": -22.5, "axis": "x", "origin": [8, 8, 8]},
			"faces": {
				"north": {"uv": [3.5, 8.25, 7, 10.75], "texture": "#0"},
				"east": {"uv": [7, 8.25, 10.5, 10.75], "texture": "#0"},
				"south": {"uv": [7, 8.25, 10.5, 10.75], "texture": "#0"},
				"west": {"uv": [7, 8.25, 10.5, 10.75], "texture": "#0"},
				"up": {"uv": [3.5, 4.75, 7, 8.25], "texture": "#0"},
				"down": {"uv": [7, 4.75, 10.5, 8.25], "texture": "#0"}
			}
		},
		{
			"name": "chest_top",
			"from": [4, 12.5, 0],
			"to": [13, 15.5, 9],
			"rotation": {"angle": 22.5, "axis": "x", "origin": [8, 8, 8]},
			"faces": {
				"north": {"uv": [3.5, 3.5, 7, 4.75], "texture": "#0"},
				"east": {"uv": [7, 3.5, 10.5, 4.75], "texture": "#0"},
				"south": {"uv": [7, 3.5, 10.5, 4.75], "texture": "#0"},
				"west": {"uv": [7, 3.5, 10.5, 4.75], "texture": "#0"},
				"up": {"uv": [3.5, 0, 7, 3.5], "texture": "#0"},
				"down": {"uv": [7, 0, 10.5, 3.5], "texture": "#0"}
			}
		},
		{
			"name": "chest_lock",
			"from": [8, 11.5, -0.5],
			"to": [9, 13.7, 0.5],
			"rotation": {"angle": 22.5, "axis": "x", "origin": [8, 8, 8]},
			"faces": {
				"north": {"uv": [0.25, 0.25, 0.75, 1.25], "texture": "#0"},
				"east": {"uv": [0, 0.25, 0.25, 1.25], "texture": "#0"},
				"south": {"uv": [0.25, 0.25, 0.75, 1.25], "texture": "#0"},
				"west": {"uv": [0, 0.25, 0.25, 1.25], "texture": "#0"},
				"up": {"uv": [0.625, 0, 0.875, 0.25], "texture": "#0"},
				"down": {"uv": [0.625, 0, 0.875, 0.25], "texture": "#0"}
			}
		},
		{
			"name": "teeth2",
			"from": [4, 10.5, 0],
			"to": [13, 12.5, 7],
			"rotation": {"angle": 22.5, "axis": "x", "origin": [8, 8, 8]},
			"faces": {
				"north": {"uv": [0, 0, 14.5, 3], "texture": "#1"},
				"east": {"uv": [0, 0, 14.5, 3], "texture": "#1"},
				"south": {"uv": [0, 3.75, 14.5, 6.75], "texture": "#1"},
				"west": {"uv": [0, 0, 14.625, 2.875], "texture": "#1"},
				"up": {"uv": [0, 3.125, 14.5, 6.125], "texture": "#1"},
				"down": {"uv": [0, 3.75, 14.5, 6.75], "texture": "#1"}
			}
		},
		{
			"name": "teeth1",
			"from": [4, 11, 3],
			"to": [13, 13, 10],
			"rotation": {"angle": -22.5, "axis": "x", "origin": [8, 8, 8]},
			"faces": {
				"north": {"uv": [0, 0, 14.5, 3], "rotation": 180, "texture": "#1"},
				"east": {"uv": [0, 0, 14.5, 3], "rotation": 180, "texture": "#1"},
				"south": {"uv": [0, 3.75, 14.5, 6.75], "rotation": 180, "texture": "#1"},
				"west": {"uv": [0, 0, 14.5, 3], "rotation": 180, "texture": "#1"},
				"up": {"uv": [0, 3.5, 14.5, 6.5], "rotation": 180, "texture": "#1"},
				"down": {"uv": [0, 4.25, 14.5, 7.25], "rotation": 180, "texture": "#1"}
			}
		},
		{
			"name": "toe3",
			"from": [2, 0, 0],
			"to": [3, 1, 5],
			"rotation": {"angle": 0, "axis": "y", "origin": [2, 0, 3]},
			"faces": {
				"north": {"uv": [12, 15.375, 12.5, 16], "rotation": 180, "texture": "#1"},
				"east": {"uv": [8.75, 15.375, 12.5, 16], "texture": "#1"},
				"south": {"uv": [8.75, 15.375, 9.25, 16], "rotation": 90, "texture": "#1"},
				"west": {"uv": [8.75, 15.375, 12.5, 16], "rotation": 180, "texture": "#1"},
				"up": {"uv": [8.75, 15.375, 12.5, 16], "rotation": 270, "texture": "#1"},
				"down": {"uv": [8.75, 15.375, 12.5, 16], "rotation": 90, "texture": "#1"}
			}
		},
		{
			"name": "toe4",
			"from": [14.5, 0, -2],
			"to": [15.5, 1, 3],
			"rotation": {"angle": 0, "axis": "y", "origin": [2, 0, 3]},
			"faces": {
				"north": {"uv": [12, 15.375, 12.5, 16], "rotation": 180, "texture": "#1"},
				"east": {"uv": [8.75, 15.375, 12.5, 16], "texture": "#1"},
				"south": {"uv": [8.75, 15.375, 9.25, 16], "rotation": 90, "texture": "#1"},
				"west": {"uv": [8.75, 15.375, 12.5, 16], "rotation": 180, "texture": "#1"},
				"up": {"uv": [8.75, 15.375, 12.5, 16], "rotation": 270, "texture": "#1"},
				"down": {"uv": [8.75, 15.375, 12.5, 16], "rotation": 90, "texture": "#1"}
			}
		},
		{
			"name": "toe2",
			"from": [-2, 0, 3.5],
			"to": [3, 1, 4.5],
			"rotation": {"angle": -45, "axis": "y", "origin": [2, 0, 3]},
			"faces": {
				"north": {"uv": [8.75, 15.375, 12.5, 16], "texture": "#1"},
				"east": {"uv": [8.75, 15.375, 9.25, 16], "rotation": 90, "texture": "#1"},
				"south": {"uv": [8.75, 15.375, 12.5, 16], "rotation": 180, "texture": "#1"},
				"west": {"uv": [12, 15.375, 12.5, 16], "rotation": 180, "texture": "#1"},
				"up": {"uv": [8.75, 15.375, 12.5, 16], "rotation": 180, "texture": "#1"},
				"down": {"uv": [8.75, 15.375, 12.5, 16], "rotation": 180, "texture": "#1"}
			}
		},
		{
			"name": "toe5",
			"from": [11, 0, -11],
			"to": [12, 1, -6],
			"rotation": {"angle": -45, "axis": "y", "origin": [2, 0, 3]},
			"faces": {
				"north": {"uv": [12, 15.375, 12.5, 16], "rotation": 180, "texture": "#1"},
				"east": {"uv": [8.75, 15.375, 12.5, 16], "texture": "#1"},
				"south": {"uv": [8.75, 15.375, 9.25, 16], "rotation": 90, "texture": "#1"},
				"west": {"uv": [8.75, 15.375, 12.5, 16], "rotation": 180, "texture": "#1"},
				"up": {"uv": [8.75, 15.375, 12.5, 16], "rotation": 270, "texture": "#1"},
				"down": {"uv": [8.75, 15.375, 12.5, 16], "rotation": 90, "texture": "#1"}
			}
		},
		{
			"name": "toe1",
			"from": [14, 0, -2],
			"to": [14.5, 0.5, 3],
			"rotation": {"angle": -22.5, "axis": "y", "origin": [2, 0, 3]},
			"faces": {
				"north": {"uv": [8.75, 15.375, 9.25, 16], "rotation": 90, "texture": "#1"},
				"east": {"uv": [8.75, 15.375, 12.5, 16], "rotation": 180, "texture": "#1"},
				"south": {"uv": [12, 15.375, 12.5, 16], "rotation": 180, "texture": "#1"},
				"west": {"uv": [8.75, 15.375, 12.5, 16], "texture": "#1"},
				"up": {"uv": [8.75, 15.375, 12.5, 16], "rotation": 90, "texture": "#1"},
				"down": {"uv": [8.75, 15.375, 12.5, 16], "rotation": 270, "texture": "#1"}
			}
		},
		{
			"name": "toe6",
			"from": [2, 0, 3],
			"to": [2.5, 0.5, 8],
			"rotation": {"angle": 22.5, "axis": "y", "origin": [2, 0, 3]},
			"faces": {
				"north": {"uv": [8.75, 15.375, 9.25, 16], "rotation": 90, "texture": "#1"},
				"east": {"uv": [8.75, 15.375, 12.5, 16], "rotation": 180, "texture": "#1"},
				"south": {"uv": [12, 15.375, 12.5, 16], "rotation": 180, "texture": "#1"},
				"west": {"uv": [8.75, 15.375, 12.5, 16], "texture": "#1"},
				"up": {"uv": [8.75, 15.375, 12.5, 16], "rotation": 90, "texture": "#1"},
				"down": {"uv": [8.75, 15.375, 12.5, 16], "rotation": 270, "texture": "#1"}
			}
		},
		{
			"name": "Lleg1",
			"from": [0.5, 2, 2],
			"to": [2.5, 3.5, 13],
			"rotation": {"angle": -22.5, "axis": "x", "origin": [1, 3, 7]},
			"faces": {
				"north": {"uv": [0, 8.125, 9.875, 8.75], "rotation": 270, "texture": "#1"},
				"east": {"uv": [0, 8.125, 9.875, 8.75], "rotation": 270, "texture": "#1"},
				"south": {"uv": [0, 8.125, 9.875, 8.75], "rotation": 270, "texture": "#1"},
				"west": {"uv": [0, 8.125, 9.875, 8.75], "rotation": 270, "texture": "#1"},
				"up": {"uv": [0, 8.125, 9.875, 8.75], "rotation": 270, "texture": "#1"},
				"down": {"uv": [0, 8.125, 9.875, 8.75], "rotation": 270, "texture": "#1"}
			}
		},
		{
			"name": "RLeg1",
			"from": [14.5, 2, 2],
			"to": [16.5, 3.5, 13],
			"rotation": {"angle": -22.5, "axis": "x", "origin": [1, 3, 7]},
			"faces": {
				"north": {"uv": [0, 8.125, 9.75, 8.75], "rotation": 270, "texture": "#1"},
				"east": {"uv": [0, 8.125, 9.75, 8.75], "rotation": 270, "texture": "#1"},
				"south": {"uv": [0, 8.125, 9.75, 8.75], "rotation": 270, "texture": "#1"},
				"west": {"uv": [0, 8.125, 9.75, 8.75], "rotation": 270, "texture": "#1"},
				"up": {"uv": [0, 8.125, 9.75, 8.75], "rotation": 270, "texture": "#1"},
				"down": {"uv": [0, 8.125, 9.75, 8.75], "rotation": 270, "texture": "#1"}
			}
		},
		{
			"name": "Lleg2",
			"from": [1.5, 9, 12],
			"to": [5.5, 11, 13.5],
			"rotation": {"angle": 45, "axis": "z", "origin": [8, 8, 8]},
			"faces": {
				"north": {"uv": [0, 8, 16, 11.75], "texture": "#1"},
				"east": {"uv": [0, 8, 16, 11.75], "texture": "#1"},
				"south": {"uv": [0, 8, 16, 11.75], "texture": "#1"},
				"west": {"uv": [0, 8, 16, 11.75], "texture": "#1"},
				"up": {"uv": [0, 8, 16, 11.75], "texture": "#1"},
				"down": {"uv": [0, 8, 16, 11.75], "texture": "#1"}
			}
		},
		{
			"name": "RLeg2",
			"from": [10, 0.5, 12],
			"to": [12, 4.5, 13.5],
			"rotation": {"angle": 45, "axis": "z", "origin": [8, 8, 8]},
			"faces": {
				"north": {"uv": [0, 8, 16, 11.75], "rotation": 90, "texture": "#1"},
				"east": {"uv": [0, 8, 16, 11.75], "rotation": 270, "texture": "#1"},
				"south": {"uv": [0, 8, 16, 11.75], "rotation": 270, "texture": "#1"},
				"west": {"uv": [0, 8, 16, 11.75], "rotation": 270, "texture": "#1"},
				"up": {"uv": [0, 8, 16, 11.75], "rotation": 270, "texture": "#1"},
				"down": {"uv": [0, 8, 16, 11.75], "rotation": 270, "texture": "#1"}
			}
		}
	],
	"display": {
		"head": {
			"translation": [0, -24, 0],
			"scale": [2.3, 2.3, 2.3]
		}
	}
}