{
	"credit": "Made with Blockbench",
	"textures": {
		"0": "entity/chest/normal",
		"particle": "normal"
	},
	"elements": [
		{
			"name": "chest_bottom",
			"from": [1, 0, 1],
			"to": [15, 11, 15],
			"faces": {
				"north": {"uv": [3.5, 8.25, 7, 10.75], "texture": "#0"},
				"east": {"uv": [7, 8.25, 10.5, 10.75], "texture": "#0"},
				"south": {"uv": [7, 8.25, 10.5, 10.75], "texture": "#0"},
				"west": {"uv": [7, 8.25, 10.5, 10.75], "texture": "#0"},
				"up": {"uv": [3.5, 4.75, 7, 8.25], "texture": "#0"},
				"down": {"uv": [7, 4.75, 10.5, 8.25], "texture": "#0"}
			}
		},
		{
			"from": [1, 10, 1],
			"to": [15, 15, 15],
			"faces": {
				"north": {"uv": [3.5, 3.5, 7, 4.75], "texture": "#0"},
				"east": {"uv": [7, 3.5, 10.5, 4.75], "texture": "#0"},
				"south": {"uv": [7, 3.5, 10.5, 4.75], "texture": "#0"},
				"west": {"uv": [7, 3.5, 10.5, 4.75], "texture": "#0"},
				"up": {"uv": [3.5, 0, 7, 3.5], "texture": "#0"},
				"down": {"uv": [7, 0, 10.5, 3.5], "texture": "#0"}
			}
		},
		{
			"from": [7, 8, 0],
			"to": [9, 12, 1],
			"faces": {
				"north": {"uv": [0.25, 0.25, 0.75, 1.25], "texture": "#0"},
				"east": {"uv": [0, 0.25, 0.25, 1.25], "texture": "#0"},
				"south": {"uv": [0.25, 0.25, 0.75, 1.25], "texture": "#0"},
				"west": {"uv": [0, 0.25, 0.25, 1.25], "texture": "#0"},
				"up": {"uv": [0.625, 0, 0.875, 0.25], "texture": "#0"},
				"down": {"uv": [0.625, 0, 0.875, 0.25], "texture": "#0"}
			}
		}
	],
	"display": {
		"head": {
			"translation": [0, -31, 0],
			"scale": [1.6, 1.5, 1.6]
		}
	}
}