{
	"credit": "Made with Blockbench",
	"parent": "item/handheld",
	"textures": {
		"layer0": "item/monado"
	},
	"display": {
		"thirdperson_righthand": {
			"rotation": [0, 90, 50],
			"translation": [0, 8.75, 1.5],
			"scale": [1.4, 1.4, 1]
		},
		"thirdperson_lefthand": {
			"rotation": [0, 90, 50],
			"translation": [0, 8.75, 1.5],
			"scale": [-1.4, 1.4, 1]
		},
		"firstperson_righthand": {
			"rotation": [0, 90, 45],
			"translation": [1.13, 5.75, 2.75],
			"scale": [1, 1, 0.68]
		},
		"firstperson_lefthand": {
			"rotation": [0, 90, 45],
			"translation": [1.13, 5.75, 2.75],
			"scale": [-1, 1, 0.68]
		},
		"ground": {
			"rotation": [90, 0, 0],
			"scale": [1.4, 1.4, 1]
		},
		"gui": {
			"translation": [0.5, 0.5, 0],
			"scale": [1.05, 1.05, 1]
		},
		"head": {
			"rotation": [0, 0, 45],
			"scale": [4, 4, 2]
		},
		"fixed": {
			"translation": [0.5, 0.5, 0],
			"scale": [1.3, 1.3, 1]
		}
	}
}