{
    "parent": "item/handheld",
    "textures": {
        "layer0": "item/ninja_knife"
    },
    "display": {
        "thirdperson_righthand": {
            "rotation": [ 0, -90, 230 ],
            "translation": [ 0, -6.5, 2.0 ],
            "scale": [ 0.6, 0.6, 0.85 ]
        },
        "thirdperson_lefthand": {
            "rotation": [ 0, 90, -230 ],
            "translation": [ 0, -6.5, 2.0 ],
            "scale": [ 0.6, 0.6, 0.85 ]
        },
        "firstperson_righthand": {
            "rotation": [ 0, -90, 25 ],
            "translation": [ 1.13, 3.2, 1.13 ],
            "scale": [ 0.5, 0.5, 0.68 ]
        },
        "firstperson_lefthand": {
            "rotation": [ 0, 90, -25 ],
            "translation": [ 1.13, 3.2, 1.13 ],
            "scale": [ 0.5, 0.5, 0.68 ]
        }
    }
}
