{
	"credit": "Made with Blockbench",
	"parent": "item/handheld",
	"textures": {
		"layer0": "item/ore_scanner"
	},
	"display": {
		"thirdperson_righthand": {
			"rotation": [0, 0, 50],
			"translation": [0, 3.25, 2],
			"scale": [0.75, 0.75, 1.6]
		},
		"thirdperson_lefthand": {
			"rotation": [0, 0, 50],
			"translation": [0, 3.25, 2],
			"scale": [-0.75, 0.75, 1.6]
		},
		"firstperson_righthand": {
			"rotation": [0, 0, 45],
			"translation": [2.38, 4.2, 1.13],
			"scale": [0.75, 0.75, 1]
		},
		"firstperson_lefthand": {
			"rotation": [0, 0, 45],
			"translation": [2.38, 4.2, 1.13],
			"scale": [-0.75, 0.75, 1]
		},
		"ground": {
			"scale": [0.75, 0.75, 1.5]
		}
	}
}