{
	"credit": "Made with Blockbench",
	"texture_size": [32, 32],
	"textures": {
		"0": "item/perenia_seizure",
		"particle": "item/perenia_seizure"
	},
	"elements": [
		{
			"from": [0, 0, 0],
			"to": [16, 21, 0],
			"rotation": {"angle": 0, "axis": "y", "origin": [13, 8, 5]},
			"faces": {
				"north": {"uv": [16, 0, 9, 8.5], "texture": "#0"},
				"south": {"uv": [9, 0, 16, 8.5], "texture": "#0"}
			}
		},
		{
			"from": [0, 0, 16],
			"to": [16, 21, 16],
			"rotation": {"angle": 0, "axis": "y", "origin": [13, 8, 5]},
			"faces": {
				"north": {"uv": [16, 0, 9, 8.5], "texture": "#0"},
				"south": {"uv": [9, 0, 16, 8.5], "texture": "#0"}
			}
		},
		{
			"from": [16, 0, 0],
			"to": [16, 21, 16],
			"rotation": {"angle": 0, "axis": "y", "origin": [13, 8, 5]},
			"faces": {
				"east": {"uv": [9, 0, 16, 8.5], "texture": "#0"},
				"west": {"uv": [16, 0, 9, 8.5], "texture": "#0"}
			}
		},
		{
			"from": [0, 0, 0],
			"to": [0, 21, 16],
			"rotation": {"angle": 0, "axis": "y", "origin": [13, 8, 5]},
			"faces": {
				"east": {"uv": [9, 0, 16, 8.5], "texture": "#0"},
				"west": {"uv": [16, 0, 9, 8.5], "texture": "#0"}
			}
		}
	],
	"display": {
		"head": {
			"translation": [0, -24.75, 0],
			"scale": [1.5, 1.5, 1.5]
		}
	}
}