{
	"credit": "Made with Blockbench",
	"textures": {
		"0": "item/perenia_wood",
		"particle": "item/perenia_wood"
	},
	"elements": [
		{
			"from": [4, 0, 0],
			"to": [12, 8, 16],
			"faces": {
				"north": {"uv": [0, 0, 8, 8], "texture": "#0"},
				"east": {"uv": [0, 0, 8, 8], "rotation": 90, "texture": "#0"},
				"south": {"uv": [0, 0, 8, 8], "texture": "#0"},
				"west": {"uv": [0, 0, 8, 8], "rotation": 90, "texture": "#0"},
				"up": {"uv": [0, 0, 8, 8], "texture": "#0"},
				"down": {"uv": [0, 0, 8, 8], "texture": "#0"}
			}
		}
	],
	"display": {
		"head": {
			"translation": [0, 0, 0],
			"scale": [1.7, 1.7, 1.7]
		}
	}
}