{
	"credit": "Made with Blockbench",
	"texture_size": [32, 32],
	"textures": {
		"0": "item/perenia_seizure",
		"particle": "item/perenia_seizure"
	},
	"elements": [
		{
			"from": [5, 0, 8],
			"to": [16, 4, 8],
			"rotation": {"angle": 0, "axis": "y", "origin": [13, 8, 5]},
			"faces": {
				"north": {"uv": [11, 12.5, 0, 16], "texture": "#0"},
				"south": {"uv": [0, 12.5, 11, 16], "texture": "#0"}
			}
		},
		{
			"from": [5, 0, 8],
			"to": [16, 4, 8],
			"rotation": {"angle": 22.5, "axis": "y", "origin": [10, 1, 8]},
			"faces": {
				"north": {"uv": [11, 12.5, 0, 16], "texture": "#0"},
				"south": {"uv": [0, 12.5, 11, 16], "texture": "#0"}
			}
		},
		{
			"from": [5, 0, 8],
			"to": [16, 4, 8],
			"rotation": {"angle": -22.5, "axis": "y", "origin": [10, 1, 8]},
			"faces": {
				"north": {"uv": [11, 12.5, 0, 16], "texture": "#0"},
				"south": {"uv": [0, 12.5, 11, 16], "texture": "#0"}
			}
		}
	],
	"display": {
		"head": {
			"rotation": [0, 90, 0],
			"translation": [0, -31.5, 6.5],
			"scale": [1.5, 1.5, 1.5]
		}
	}
}