{
	"credit": "Made with Blockbench",
	"textures": {
		"0": "item/perenia_flower",
		"particle": "item/perenia_flower"
	},
	"elements": [
		{
			"from": [7, 0, 8],
			"to": [9, 11, 8],
			"faces": {
				"north": {"uv": [4.5, 0, 8, 16], "texture": "#0"},
				"south": {"uv": [8, 0, 4.5, 16], "texture": "#0"}
			}
		},
		{
			"from": [8, 0, 7],
			"to": [8, 11, 9],
			"faces": {
				"east": {"uv": [8, 0, 4.5, 16], "texture": "#0"},
				"west": {"uv": [4.5, 0, 8, 16], "texture": "#0"}
			}
		},
		{
			"from": [3.5, 11, 3.5],
			"to": [12.5, 11, 12.5],
			"faces": {
				"up": {"uv": [10.5, 0, 16, 5.5], "texture": "#0"},
				"down": {"uv": [16, 0, 10.5, 5.5], "texture": "#0"}
			}
		}
	],
	"display": {
		"head": {
			"translation": [0, -23.25, 0],
			"scale": [2.6, 2.4, 2.6]
		}
	}
}