{
	"credit": "Made with Blockbench",
	"texture_size": [32, 32],
	"textures": {
		"0": "item/perenia_seizure",
		"particle": "item/perenia_seizure"
	},
	"elements": [
		{
			"from": [0, 0, 2],
			"to": [4, 12, 2],
			"rotation": {"angle": 0, "axis": "y", "origin": [13, 8, 5]},
			"faces": {
				"north": {"uv": [5, 0.5, 1, 8], "texture": "#0"},
				"south": {"uv": [1, 0.5, 5, 8], "texture": "#0"}
			}
		},
		{
			"from": [2, 0, 0],
			"to": [2, 12, 4],
			"rotation": {"angle": 0, "axis": "y", "origin": [13, 8, 5]},
			"faces": {
				"east": {"uv": [5, 0.5, 1, 8], "texture": "#0"},
				"west": {"uv": [1, 0.5, 5, 8], "texture": "#0"}
			}
		}
	],
	"display": {
		"head": {
			"translation": [17, -28, 19],
			"scale": [3, 2, 3]
		}
	}
}