{
	"credit": "Made with Blockbench",
	"parent": "item/handheld",
	"textures": {
		"layer0": "item/rimlash"
	},
	"display": {
		"thirdperson_righthand": {
			"rotation": [0, 90, 45],
			"translation": [0, 7, 1],
			"scale": [1.2, 1.2, 0.95]
		},
		"thirdperson_lefthand": {
			"rotation": [0, 90, 45],
			"translation": [0, 7, 1],
			"scale": [-1.2, 1.2, 0.95]
		},
		"firstperson_righthand": {
			"rotation": [0, -90, 50],
			"translation": [4, 4, 0.5],
			"scale": [1.2, 1.2, 1]
		},
		"firstperson_lefthand": {
			"rotation": [0, -90, 50],
			"translation": [4, 4, 0.5],
			"scale": [-1.2, 1.2, 1]
		},
		"ground": {
			"rotation": [90, 0, 0],
			"scale": [1.2, 1.2, 1]
		}
	}
}