{
	"credit": "Made with Blockbench",
	"parent": "item/handheld",
	"textures": {
		"layer0": "item/scormita"
	},
	"display": {
		"thirdperson_righthand": {
			"rotation": [0, 90, 50],
			"translation": [0.5, 21.55, 3],
			"scale": [2.35, 2.35, 0.85]
		},
		"thirdperson_lefthand": {
			"rotation": [0, -90, -50],
			"translation": [-0.25, 21.55, 3],
			"scale": [2.35, 2.35, 0.85]
		},
		"firstperson_righthand": {
			"rotation": [0, -90, 25],
			"translation": [3, 15.2, 5.25],
			"scale": [1.88, 1.88, 0.68]
		},
		"firstperson_lefthand": {
			"rotation": [0, 90, -25],
			"translation": [3, 15.2, 5.25],
			"scale": [1.88, 1.88, 0.68]
		},
		"ground": {
			"translation": [9, 12, 0],
			"scale": [2, 2, 2]
		},
		"gui": {
			"translation": [8, 8, 0],
			"scale": [2, 2, 2]
		},
		"head": {
			"rotation": [0, 0, 45],
			"scale": [4, 4, 2]
		},
		"fixed": {
			"translation": [8, 8, 0],
			"scale": [2, 2, 2]
		}
	}
}