{
	"credit": "Made with Blockbench",
	"parent": "item/handheld",
	"textures": {
		"layer0": "item/solo_sword"
	},
	"display": {
		"thirdperson_righthand": {
			"rotation": [0, -90, 40],
			"translation": [0, 7.75, 2],
			"scale": [1.3, 1.3, 0.9]
		},
		"thirdperson_lefthand": {
			"rotation": [0, -90, 40],
			"translation": [0, 7.75, 2],
			"scale": [-1.3, 1.3, 0.9]
		},
		"firstperson_righthand": {
			"rotation": [0, -90, 35],
			"translation": [1.13, 5.75, 2.5],
			"scale": [1, 1, 0.68]
		},
		"firstperson_lefthand": {
			"rotation": [0, -90, 35],
			"translation": [1.13, 5.75, 2.5],
			"scale": [-1, 1, 0.68]
		},
		"ground": {
			"rotation": [90, 0, 0],
			"scale": [1.3, 1.3, 1]
		},
		"head": {
			"rotation": [0, 0, 45],
			"scale": [4, 4, 2]
		}
	}
}