{
	"credit": "Made with Blockbench",
	"parent": "item/handheld",
	"textures": {
		"layer0": "item/soulseeker/katana"
	},
	"display": {
		"thirdperson_righthand": {
			"rotation": [0, -90, 45],
			"translation": [-0.25, 7.8, 1.25],
			"scale": [1.35, 1.35, 0.8]
		},
		"thirdperson_lefthand": {
			"rotation": [0, 90, -45],
			"translation": [-0.25, 7.8, 1.25],
			"scale": [1.35, 1.35, 0.8]
		},
		"firstperson_righthand": {
			"rotation": [0, -100, 45],
			"translation": [3.25, 2.25, 0],
			"scale": [1.35, 1.35, 0.8]
		},
		"firstperson_lefthand": {
			"rotation": [0, 100, -45],
			"translation": [3.25, 2.25, 0],
			"scale": [1.35, 1.35, 0.8]
		},
		"ground": {
			"rotation": [-90, 0, 0],
			"translation": [0, -2.75, 0],
			"scale": [1.35, 1.35, 1]
		},
		"head": {
			"rotation": [0, 0, 45],
			"scale": [4, 4, 2]
		}
	}
}