{
	"credit": "Made with Blockbench",
	"parent": "item/handheld",
	"textures": {
		"layer0": "item/spiker_axe"
	},
	"display": {
		"thirdperson_righthand": {
			"rotation": [0, -90, 45],
			"translation": [0, 6.5, 1.25],
			"scale": [1.15, 1.15, 0.95]
		},
		"thirdperson_lefthand": {
			"rotation": [0, -90, 45],
			"translation": [0, 6.5, 1.25],
			"scale": [-1.15, 1.15, 0.95]
		},
		"firstperson_righthand": {
			"rotation": [0, -90, 45],
			"translation": [3, 6.5, 1.25],
			"scale": [1.15, 1.15, 0.95]
		},
		"firstperson_lefthand": {
			"rotation": [0, -90, 45],
			"translation": [3.5, 6.5, 1.25],
			"scale": [-1.15, 1.15, 0.95]
		}
	}
}