{
	"parent":
	"item/handheld",
	"textures":{
		"layer0": "item/stone_sword"
	},
	"overrides":[
		{"predicate":{"custom_model_data":180701},"model":"item/soulseeker_katana"},
		{"predicate":{"custom_model_data":213031},"model":"item/fire_boomerang_r1"},
		{"predicate":{"custom_model_data":213032},"model":"item/fire_boomerang_r2"},
		{"predicate":{"custom_model_data":213033},"model":"item/fire_boomerang_r3"},
		{"predicate":{"custom_model_data":213034},"model":"item/fire_boomerang_r4"},
		{"predicate":{"custom_model_data":213041},"model":"item/elec_boomerang_r1"},
		{"predicate":{"custom_model_data":213042},"model":"item/elec_boomerang_r2"},
		{"predicate":{"custom_model_data":213043},"model":"item/elec_boomerang_r3"},
		{"predicate":{"custom_model_data":213044},"model":"item/elec_boomerang_r4"},
		{"predicate":{"custom_model_data":213051},"model":"item/wind_boomerang_r1"},
		{"predicate":{"custom_model_data":213052},"model":"item/wind_boomerang_r2"},
		{"predicate":{"custom_model_data":213053},"model":"item/wind_boomerang_r3"},
		{"predicate":{"custom_model_data":213054},"model":"item/wind_boomerang_r4"},
		{"predicate":{"custom_model_data":213061},"model":"item/ice_boomerang_r1"},
		{"predicate":{"custom_model_data":213062},"model":"item/ice_boomerang_r2"},
		{"predicate":{"custom_model_data":213063},"model":"item/ice_boomerang_r3"},
		{"predicate":{"custom_model_data":213064},"model":"item/ice_boomerang_r4"},
		{"predicate":{"custom_model_data":213071},"model":"item/end_boomerang_r1"},
		{"predicate":{"custom_model_data":213072},"model":"item/end_boomerang_r2"},
		{"predicate":{"custom_model_data":213073},"model":"item/end_boomerang_r3"},
		{"predicate":{"custom_model_data":213074},"model":"item/end_boomerang_r4"},
		{"predicate":{"custom_model_data":213081},"model":"item/emerald_boomerang_r1"},
		{"predicate":{"custom_model_data":213082},"model":"item/emerald_boomerang_r2"},
		{"predicate":{"custom_model_data":213083},"model":"item/emerald_boomerang_r3"},
		{"predicate":{"custom_model_data":213084},"model":"item/emerald_boomerang_r4"},
		{"predicate":{"custom_model_data":231602},"model":"item/emerald_sword"},
		{"predicate":{"custom_model_data":231603},"model":"item/stone_dagger"},
		{"predicate":{"custom_model_data":231604},"model":"item/emerald_dagger"}
	]
}
