{
	"credit": "Made with Blockbench",
	"parent": "item/handheld",
	"textures": {
		"layer0": "item/the_forbidden_blade"
	},
	"display": {
		"thirdperson_righthand": {
			"rotation": [0, 90, 35],
			"translation": [0, 13, -1.25],
			"scale": [1.6, 1.6, 1]
		},
		"thirdperson_lefthand": {
			"rotation": [0, -90, -35],
			"translation": [0, 13, -1.25],
			"scale": [1.6, 1.6, 1]
		},
		"firstperson_righthand": {
			"rotation": [0, 90, 45],
			"translation": [1.13, 4.95, 1.13],
			"scale": [1.28, 1.28, 1]
		},
		"firstperson_lefthand": {
			"rotation": [0, -90, -45],
			"translation": [1.13, 4.95, 1.13],
			"scale": [1.28, 1.28, 1]
		},
		"ground": {
			"rotation": [90, 0, 0],
			"scale": [1.6, 1.6, 1]
		}
	}
}