{
	"credit": "Made with Blockbench",
	"parent": "item/handheld",
	"textures": {
		"layer0": "item/tohruvan"
	},
	"display": {
		"thirdperson_righthand": {
			"rotation": [0, 90, 50],
			"translation": [0, 7.8, 2],
			"scale": [1.3, 1.3, 0.85]
		},
		"thirdperson_lefthand": {
			"rotation": [0, -90, -50],
			"translation": [0, 7.8, 2],
			"scale": [1.3, 1.3, 0.85]
		},
		"firstperson_righthand": {
			"rotation": [0, -90, 25],
			"translation": [1.13, 5.45, 2.38],
			"scale": [1.04, 1.04, 0.68]
		},
		"firstperson_lefthand": {
			"rotation": [0, 90, -25],
			"translation": [1.13, 5.45, 2.38],
			"scale": [1.04, 1.04, 0.68]
		},
		"head": {
			"rotation": [0, 0, 45],
			"scale": [4, 4, 2]
		}
	}
}