{
	"credit": "Made with Blockbench",
	"parent": "item/handheld",
	"textures": {
		"layer0": "item/trilux"
	},
	"display": {
		"thirdperson_righthand": {
			"rotation": [0, 90, 45],
			"translation": [0, 6.25, 1],
			"scale": [2, 2, 1]
		},
		"thirdperson_lefthand": {
			"rotation": [0, -90, -45],
			"translation": [0, 6.25, 1],
			"scale": [2, 2, 1]
		},
		"firstperson_righthand": {
			"rotation": [0, -90, 25],
			"translation": [1.13, 6.5, 2],
			"scale": [1.6, 1.6, 0.8]
		},
		"firstperson_lefthand": {
			"rotation": [0, 90, -25],
			"translation": [1.13, 6.5, 2],
			"scale": [1.6, 1.6, 0.8]
		},
		"ground": {
			"rotation": [90, 0, 0],
			"scale": [2, 2, 1]
		},
		"head": {
			"rotation": [90, 0, 0],
			"translation": [0, -15, 0],
			"scale": [3, 3, 1]
		},
		"fixed": {
			"scale": [2, 2, 2]
		}
	}
}