{
    "parent": "item/handheld",
    "textures": {
        "layer0": "item/verdantia"
    },
	"display": {
        "thirdperson_righthand": {
            "rotation": [ 0, -90, 55 ],
            "translation": [ 0, 4.0, 0.5 ],
            "scale": [ 2, 2, 1 ]
        },
        "thirdperson_lefthand": {
            "rotation": [ 0, 90, -55 ],
            "translation": [ 0, 4.0, 0.5 ],
            "scale": [ 2, 2, 1 ]
        },
        "firstperson_righthand": {
            "rotation": [ 0, -90, 25 ],
            "translation": [ 1.13, 3.2, 1.13 ],
            "scale": [ 1.5, 1.5, 1 ]
        },
        "firstperson_lefthand": {
            "rotation": [ 0, 90, -25 ],
            "translation": [ 1.13, 3.2, 1.13 ],
            "scale": [ 1.5, 1.5, 1 ]
        },
		"head": {
		"scale": [ 3, 3, 1],
		"rotation":[90,0,0],
		"translation":[0,-15,0]
		}
    }
}
