{
    "parent": "item/handheld",
    "textures": {
        "layer0": "item/wooden_sword"
		},
	"overrides":[
	{"predicate":{"custom_model_data":1},"model":"item/mummy_flail"},
	{"predicate":{"custom_model_data":213011},"model":"item/wooden_boomerang_r1"},
	{"predicate":{"custom_model_data":213012},"model":"item/wooden_boomerang_r2"},
	{"predicate":{"custom_model_data":213013},"model":"item/wooden_boomerang_r3"},
	{"predicate":{"custom_model_data":213014},"model":"item/wooden_boomerang_r4"},
	{"predicate":{"custom_model_data":213025},"model":"item/wooden_dagger"}
	]
}
