{
    "parent": "item/generated",
    "textures": {
        "layer0": "item/written_book"
    },"overrides":[
		{"predicate":{"custom_model_data":1},"model":"item/arusu_sword"},
		{"predicate":{"custom_model_data":2},"model":"item/solo_sword"},
		{"predicate":{"custom_model_data":3},"model":"item/eight_sword"},
		{"predicate":{"custom_model_data":4},"model":"item/eleven_sword"},
		{"predicate":{"custom_model_data":5},"model":"item/monado"},
		{"predicate":{"custom_model_data":6},"model":"item/societal_compass"},
		{"predicate":{"custom_model_data":807100},"model":"item/glass_gauntlet"}
	]
}
