{
	"credit": "Made with Blockbench",
	"texture_size": [16, 32],
	"textures": {
		"0": "item/fe_fates/brynhildr_tree",
		"particle": "item/fe_fates/brynhildr_tree"
	},
	"elements": [
		{
			"name": "trunk",
			"from": [6.98778, 0.00002, 7.0122],
			"to": [8.98778, 16.00002, 9.0122],
			"faces": {
				"north": {"uv": [0, 8, 1, 15.75], "texture": "#0"},
				"east": {"uv": [5, 8, 6, 16], "texture": "#0"},
				"south": {"uv": [3, 8, 4, 16], "texture": "#0"},
				"west": {"uv": [1.5, 8, 2.5, 16], "texture": "#0"},
				"up": {"uv": [3, 8, 5, 16], "texture": "#0"},
				"down": {"uv": [3, 8, 4, 16], "texture": "#0"}
			}
		},
		{
			"from": [7.00176, 6.99825, 2.99998],
			"to": [8.00176, 7.99825, 6.99998],
			"faces": {
				"north": {"uv": [0, 8.5, 0.5, 10.5], "texture": "#0"},
				"east": {"uv": [0.5, 8.5, 1, 10.5], "rotation": 90, "texture": "#0"},
				"south": {"uv": [0, 8.5, 0.5, 10.5], "texture": "#0"},
				"west": {"uv": [0, 8.5, 0.5, 10.5], "rotation": 90, "texture": "#0"},
				"up": {"uv": [0, 8.5, 0.5, 10.5], "texture": "#0"},
				"down": {"uv": [3, 8.5, 3.5, 10.5], "texture": "#0"}
			}
		},
		{
			"from": [7.5, -0.5, 4.0122],
			"to": [8.5, 0.5, 7.0122],
			"faces": {
				"north": {"uv": [0, 8.5, 0.5, 10.5], "texture": "#0"},
				"east": {"uv": [0.5, 8.5, 1, 10.5], "rotation": 90, "texture": "#0"},
				"south": {"uv": [0, 8.5, 0.5, 10.5], "texture": "#0"},
				"west": {"uv": [0, 8.5, 0.5, 10.5], "rotation": 90, "texture": "#0"},
				"up": {"uv": [0, 8.5, 0.5, 10.5], "texture": "#0"},
				"down": {"uv": [3, 8.5, 3.5, 10.5], "texture": "#0"}
			}
		},
		{
			"from": [4.0122, -0.5, 7.5],
			"to": [7.0122, 0.5, 8.5],
			"faces": {
				"north": {"uv": [0.5, 8.5, 1, 10.5], "rotation": 90, "texture": "#0"},
				"east": {"uv": [0, 8.5, 0.5, 10.5], "texture": "#0"},
				"south": {"uv": [0, 8.5, 0.5, 10.5], "rotation": 90, "texture": "#0"},
				"west": {"uv": [0, 8.5, 0.5, 10.5], "texture": "#0"},
				"up": {"uv": [0, 8.5, 0.5, 10.5], "rotation": 270, "texture": "#0"},
				"down": {"uv": [3, 8.5, 3.5, 10.5], "rotation": 90, "texture": "#0"}
			}
		},
		{
			"from": [8.9878, -0.5, 7.5],
			"to": [11.9878, 0.5, 8.5],
			"faces": {
				"north": {"uv": [0, 8.5, 0.5, 10.5], "rotation": 90, "texture": "#0"},
				"east": {"uv": [0, 8.5, 0.5, 10.5], "texture": "#0"},
				"south": {"uv": [0.5, 8.5, 1, 10.5], "rotation": 90, "texture": "#0"},
				"west": {"uv": [0, 8.5, 0.5, 10.5], "texture": "#0"},
				"up": {"uv": [0, 8.5, 0.5, 10.5], "rotation": 90, "texture": "#0"},
				"down": {"uv": [3, 8.5, 3.5, 10.5], "rotation": 270, "texture": "#0"}
			}
		},
		{
			"from": [7.48955, -0.5, 9.01218],
			"to": [8.48955, 0.5, 12.01218],
			"faces": {
				"north": {"uv": [0, 8.5, 0.5, 10.5], "texture": "#0"},
				"east": {"uv": [0.5, 8.5, 1, 10.5], "rotation": 90, "texture": "#0"},
				"south": {"uv": [0, 8.5, 0.5, 10.5], "texture": "#0"},
				"west": {"uv": [0, 8.5, 0.5, 10.5], "rotation": 90, "texture": "#0"},
				"up": {"uv": [0, 8.5, 0.5, 10.5], "texture": "#0"},
				"down": {"uv": [3, 8.5, 3.5, 10.5], "texture": "#0"}
			}
		},
		{
			"from": [7.99652, 3.99652, 5.00696],
			"to": [8.99652, 4.99652, 7.00696],
			"faces": {
				"north": {"uv": [0, 8.5, 0.5, 10.5], "texture": "#0"},
				"east": {"uv": [0.5, 8.5, 1, 10.5], "rotation": 90, "texture": "#0"},
				"south": {"uv": [0, 8.5, 0.5, 10.5], "texture": "#0"},
				"west": {"uv": [0, 8.5, 0.5, 10.5], "rotation": 90, "texture": "#0"},
				"up": {"uv": [0, 8.5, 0.5, 10.5], "texture": "#0"},
				"down": {"uv": [3, 8.5, 3.5, 10.5], "texture": "#0"}
			}
		},
		{
			"from": [9.00002, 6.99825, 7.00176],
			"to": [13.00002, 7.99825, 8.00176],
			"faces": {
				"north": {"uv": [0, 8.5, 0.5, 10.5], "rotation": 90, "texture": "#0"},
				"east": {"uv": [0, 8.5, 0.5, 10.5], "texture": "#0"},
				"south": {"uv": [0.5, 8.5, 1, 10.5], "rotation": 90, "texture": "#0"},
				"west": {"uv": [0, 8.5, 0.5, 10.5], "texture": "#0"},
				"up": {"uv": [0, 8.5, 0.5, 10.5], "rotation": 90, "texture": "#0"},
				"down": {"uv": [3, 8.5, 3.5, 10.5], "rotation": 270, "texture": "#0"}
			}
		},
		{
			"from": [1.00348, 8.99825, 7.99475],
			"to": [7.00348, 9.99825, 8.99475],
			"faces": {
				"north": {"uv": [0, 8.5, 0.5, 14], "rotation": 90, "texture": "#0"},
				"east": {"uv": [0, 8.5, 0.5, 14], "rotation": 90, "texture": "#0"},
				"south": {"uv": [0, 8.5, 0.5, 14], "rotation": 90, "texture": "#0"},
				"west": {"uv": [0, 8.5, 0.5, 14], "rotation": 90, "texture": "#0"},
				"up": {"uv": [0, 8.5, 0.5, 14], "rotation": 90, "texture": "#0"},
				"down": {"uv": [0, 8.5, 0.5, 14], "rotation": 90, "texture": "#0"}
			}
		},
		{
			"from": [7.993, 7.99825, 8.99827],
			"to": [8.993, 8.99825, 14.99827],
			"faces": {
				"north": {"uv": [0, 8.5, 0.5, 14], "rotation": 90, "texture": "#0"},
				"east": {"uv": [0, 8.5, 0.5, 14], "rotation": 90, "texture": "#0"},
				"south": {"uv": [0, 8.5, 0.5, 14], "rotation": 90, "texture": "#0"},
				"west": {"uv": [0, 8.5, 0.5, 14], "rotation": 90, "texture": "#0"},
				"up": {"uv": [0, 8.5, 0.5, 14], "texture": "#0"},
				"down": {"uv": [0, 8.5, 0.5, 14], "rotation": 180, "texture": "#0"}
			}
		},
		{
			"from": [6.99999, 11.99998, 8.98954],
			"to": [7.99999, 12.99998, 12.98954],
			"faces": {
				"north": {"uv": [0, 8.5, 0.5, 14], "rotation": 90, "texture": "#0"},
				"east": {"uv": [0, 8.5, 0.5, 14], "rotation": 90, "texture": "#0"},
				"south": {"uv": [0, 8.5, 0.5, 14], "rotation": 90, "texture": "#0"},
				"west": {"uv": [0, 8.5, 0.5, 14], "rotation": 90, "texture": "#0"},
				"up": {"uv": [0, 8.5, 0.5, 14], "texture": "#0"},
				"down": {"uv": [0, 8.5, 0.5, 14], "rotation": 180, "texture": "#0"}
			}
		},
		{
			"from": [8.0087, 10.98775, 2.99305],
			"to": [9.0087, 11.98775, 6.99305],
			"faces": {
				"north": {"uv": [0, 8.5, 0.5, 14], "rotation": 90, "texture": "#0"},
				"east": {"uv": [0, 8.5, 0.5, 14], "rotation": 90, "texture": "#0"},
				"south": {"uv": [0, 8.5, 0.5, 14], "rotation": 90, "texture": "#0"},
				"west": {"uv": [0, 8.5, 0.5, 14], "rotation": 90, "texture": "#0"},
				"up": {"uv": [0, 8.5, 0.5, 14], "texture": "#0"},
				"down": {"uv": [0, 8.5, 0.5, 14], "rotation": 180, "texture": "#0"}
			}
		},
		{
			"from": [9.01045, 12.98774, 8.00521],
			"to": [13.01045, 13.98774, 9.00521],
			"faces": {
				"north": {"uv": [0, 8.5, 0.5, 14], "rotation": 90, "texture": "#0"},
				"east": {"uv": [0, 8.5, 0.5, 14], "rotation": 90, "texture": "#0"},
				"south": {"uv": [0, 8.5, 0.5, 14], "rotation": 90, "texture": "#0"},
				"west": {"uv": [0, 8.5, 0.5, 14], "rotation": 90, "texture": "#0"},
				"up": {"uv": [0, 8.5, 0.5, 14], "rotation": 90, "texture": "#0"},
				"down": {"uv": [0, 8.5, 0.5, 14], "rotation": 90, "texture": "#0"}
			}
		},
		{
			"from": [3.01221, 12.99647, 6.99474],
			"to": [7.01221, 13.99647, 7.99474],
			"faces": {
				"north": {"uv": [0, 8.5, 0.5, 14], "rotation": 90, "texture": "#0"},
				"east": {"uv": [0, 8.5, 0.5, 14], "rotation": 90, "texture": "#0"},
				"south": {"uv": [0, 8.5, 0.5, 14], "rotation": 90, "texture": "#0"},
				"west": {"uv": [0, 8.5, 0.5, 14], "rotation": 90, "texture": "#0"},
				"up": {"uv": [0, 8.5, 0.5, 14], "rotation": 90, "texture": "#0"},
				"down": {"uv": [0, 8.5, 0.5, 14], "rotation": 90, "texture": "#0"}
			}
		},
		{
			"from": [5.00874, 7.993, -0.00175],
			"to": [10.00874, 9.993, 5.99825],
			"faces": {
				"north": {"uv": [2, 1, 8, 3], "texture": "#0"},
				"east": {"uv": [2, 1, 8, 3], "texture": "#0"},
				"south": {"uv": [2, 1, 8, 3], "texture": "#0"},
				"west": {"uv": [2, 1, 8, 3], "texture": "#0"},
				"up": {"uv": [2, 1, 8, 7], "texture": "#0"},
				"down": {"uv": [0, 2, 6, 8], "texture": "#0"}
			}
		},
		{
			"from": [4.99826, 3.99651, 2.00522],
			"to": [9.99826, 5.99651, 8.00522],
			"faces": {
				"north": {"uv": [2, 1, 8, 3], "texture": "#0"},
				"east": {"uv": [2, 1, 8, 3], "texture": "#0"},
				"south": {"uv": [2, 1, 8, 3], "texture": "#0"},
				"west": {"uv": [2, 1, 8, 3], "texture": "#0"},
				"up": {"uv": [2, 1, 8, 7], "texture": "#0"},
				"down": {"uv": [0, 2, 6, 8], "texture": "#0"}
			}
		},
		{
			"from": [10.00175, 7.993, 5.00874],
			"to": [16.00175, 9.993, 10.00874],
			"faces": {
				"north": {"uv": [2, 1, 8, 3], "texture": "#0"},
				"east": {"uv": [2, 1, 8, 3], "texture": "#0"},
				"south": {"uv": [2, 1, 8, 3], "texture": "#0"},
				"west": {"uv": [2, 1, 8, 3], "texture": "#0"},
				"up": {"uv": [2, 1, 8, 7], "rotation": 90, "texture": "#0"},
				"down": {"uv": [0, 2, 6, 8], "rotation": 270, "texture": "#0"}
			}
		},
		{
			"from": [0.00174, 9.993, 5.98777],
			"to": [6.00174, 11.993, 10.98777],
			"faces": {
				"north": {"uv": [2, 1, 8, 3], "texture": "#0"},
				"east": {"uv": [2, 1, 8, 3], "texture": "#0"},
				"south": {"uv": [2, 1, 8, 3], "texture": "#0"},
				"west": {"uv": [2, 1, 8, 3], "texture": "#0"},
				"up": {"uv": [2, 1, 8, 7], "rotation": 270, "texture": "#0"},
				"down": {"uv": [0, 2, 6, 8], "rotation": 90, "texture": "#0"}
			}
		},
		{
			"from": [4.98778, 8.99651, 12.99822],
			"to": [10.98778, 10.99651, 17.99822],
			"faces": {
				"north": {"uv": [2, 1, 8, 3], "texture": "#0"},
				"east": {"uv": [2, 1, 8, 3], "texture": "#0"},
				"south": {"uv": [2, 1, 8, 3], "texture": "#0"},
				"west": {"uv": [2, 1, 8, 3], "texture": "#0"},
				"up": {"uv": [2, 1, 8, 7], "rotation": 270, "texture": "#0"},
				"down": {"uv": [0, 2, 6, 8], "rotation": 90, "texture": "#0"}
			}
		},
		{
			"from": [3.99826, 12.99475, 10.9895],
			"to": [9.99826, 14.99475, 15.9895],
			"faces": {
				"north": {"uv": [2, 1, 8, 3], "texture": "#0"},
				"east": {"uv": [2, 1, 8, 3], "texture": "#0"},
				"south": {"uv": [2, 1, 8, 3], "texture": "#0"},
				"west": {"uv": [2, 1, 8, 3], "texture": "#0"},
				"up": {"uv": [2, 1, 8, 7], "rotation": 270, "texture": "#0"},
				"down": {"uv": [0, 2, 6, 8], "rotation": 90, "texture": "#0"}
			}
		},
		{
			"from": [0.01048, 13.99124, 4.98079],
			"to": [6.01048, 15.99124, 9.98079],
			"faces": {
				"north": {"uv": [2, 1, 8, 3], "texture": "#0"},
				"east": {"uv": [2, 1, 8, 3], "texture": "#0"},
				"south": {"uv": [2, 1, 8, 3], "texture": "#0"},
				"west": {"uv": [2, 1, 8, 3], "texture": "#0"},
				"up": {"uv": [2, 1, 8, 7], "rotation": 270, "texture": "#0"},
				"down": {"uv": [0, 2, 6, 8], "rotation": 90, "texture": "#0"}
			}
		},
		{
			"from": [5.01568, 11.97377, -0.00698],
			"to": [11.01568, 13.97377, 4.99302],
			"faces": {
				"north": {"uv": [2, 1, 8, 3], "texture": "#0"},
				"east": {"uv": [2, 1, 8, 3], "texture": "#0"},
				"south": {"uv": [2, 1, 8, 3], "texture": "#0"},
				"west": {"uv": [2, 1, 8, 3], "texture": "#0"},
				"up": {"uv": [2, 1, 8, 7], "rotation": 270, "texture": "#0"},
				"down": {"uv": [0, 2, 6, 8], "rotation": 90, "texture": "#0"}
			}
		},
		{
			"from": [10.00871, 13.97553, 5.99824],
			"to": [16.00871, 15.97553, 10.99824],
			"faces": {
				"north": {"uv": [2, 1, 8, 3], "texture": "#0"},
				"east": {"uv": [2, 1, 8, 3], "texture": "#0"},
				"south": {"uv": [2, 1, 8, 3], "texture": "#0"},
				"west": {"uv": [2, 1, 8, 3], "texture": "#0"},
				"up": {"uv": [2, 1, 8, 7], "rotation": 270, "texture": "#0"},
				"down": {"uv": [0, 2, 6, 8], "rotation": 90, "texture": "#0"}
			}
		},
		{
			"from": [5.00873, 15.98775, 7.98602],
			"to": [11.00873, 17.98775, 12.98602],
			"faces": {
				"north": {"uv": [2, 1, 8, 3], "texture": "#0"},
				"east": {"uv": [2, 1, 8, 3], "texture": "#0"},
				"south": {"uv": [2, 1, 8, 3], "texture": "#0"},
				"west": {"uv": [2, 1, 8, 3], "texture": "#0"},
				"up": {"uv": [2, 1, 8, 7], "rotation": 270, "texture": "#0"},
				"down": {"uv": [0, 2, 6, 8], "rotation": 90, "texture": "#0"}
			}
		},
		{
			"from": [5.01744, 15.97901, 2.98603],
			"to": [11.01744, 17.97901, 7.98603],
			"faces": {
				"north": {"uv": [2, 1, 8, 3], "texture": "#0"},
				"east": {"uv": [2, 1, 8, 3], "texture": "#0"},
				"south": {"uv": [2, 1, 8, 3], "texture": "#0"},
				"west": {"uv": [2, 1, 8, 3], "texture": "#0"},
				"up": {"uv": [2, 1, 8, 7], "rotation": 270, "texture": "#0"},
				"down": {"uv": [0, 2, 6, 8], "rotation": 90, "texture": "#0"}
			}
		}
	],
	"display": {
		"head": {
			"translation": [0, -19, 0],
			"scale": [3.5, 3, 3.5]
		}
	}
}