{
	"credit": "Made with Blockbench",
	"texture_size": [64, 64],
	"textures": {
		"0": "item/fe_fates/brynhildr",
		"particle": "item/fe_fates/brynhildr"
	},
	"elements": [
		{
			"name": "spine",
			"from": [3.00173, -0.00698, 7.00524],
			"to": [14.00173, 0.99302, 8.00524],
			"faces": {
				"north": {"uv": [5.75, 6.75, 6.25, 13.25], "rotation": 90, "texture": "#0"},
				"east": {"uv": [5.75, 6.75, 6.25, 13.25], "rotation": 90, "texture": "#0"},
				"south": {"uv": [5.75, 6.75, 6.25, 13.25], "rotation": 90, "texture": "#0"},
				"west": {"uv": [5.75, 6.75, 6.25, 13.25], "rotation": 90, "texture": "#0"},
				"up": {"uv": [5.75, 6.75, 6.25, 13.25], "rotation": 90, "texture": "#0"},
				"down": {"uv": [5.5, 0, 6.25, 6.5], "rotation": 90, "texture": "#0"}
			}
		},
		{
			"name": "half",
			"from": [3.00173, 0.21287, 2.08363],
			"to": [14.00173, 1.21287, 10.08363],
			"rotation": {"angle": 22.5, "axis": "x", "origin": [8, 8, 8]},
			"faces": {
				"north": {"uv": [4.75, 0, 5.25, 6.5], "rotation": 90, "texture": "#0"},
				"east": {"uv": [0, 6, 5.25, 6.5], "texture": "#0"},
				"south": {"uv": [5.5, 0, 6.25, 6.5], "rotation": 90, "texture": "#0"},
				"west": {"uv": [0, 0, 5.25, 0.5], "rotation": 180, "texture": "#0"},
				"up": {"uv": [5.75, 6.75, 11, 13.25], "rotation": 270, "texture": "#0"},
				"down": {"uv": [0, 0, 5.25, 6.5], "rotation": 90, "texture": "#0"}
			}
		},
		{
			"name": "page",
			"from": [3.00173, 1.51943, 2.08363],
			"to": [14.00173, 1.51943, 10.08363],
			"rotation": {"angle": 22.5, "axis": "x", "origin": [8, 8, 8]},
			"faces": {
				"north": {"uv": [4.75, 0, 5.25, 6.5], "rotation": 90, "texture": "#0"},
				"east": {"uv": [0, 6, 5.25, 6.5], "texture": "#0"},
				"south": {"uv": [5.5, 0, 6.25, 6.5], "rotation": 90, "texture": "#0"},
				"west": {"uv": [0, 0, 5.25, 0.5], "rotation": 180, "texture": "#0"},
				"up": {"uv": [0, 6.75, 5.25, 13.25], "rotation": 270, "texture": "#0"},
				"down": {"uv": [0, 6.75, 5.25, 13.25], "rotation": 90, "texture": "#0"}
			}
		},
		{
			"name": "half",
			"from": [3.00173, 0.57423, 5.07829],
			"to": [14.00173, 1.57423, 13.07829],
			"rotation": {"angle": -22.5, "axis": "x", "origin": [8, 8, 8]},
			"faces": {
				"north": {"uv": [4.75, 0, 5.25, 6.5], "rotation": 90, "texture": "#0"},
				"east": {"uv": [0, 6, 5.25, 6.5], "rotation": 180, "texture": "#0"},
				"south": {"uv": [4.75, 0, 5.25, 6.5], "rotation": 90, "texture": "#0"},
				"west": {"uv": [0, 0, 5.25, 0.5], "texture": "#0"},
				"up": {"uv": [5.75, 6.75, 11, 13.25], "rotation": 90, "texture": "#0"},
				"down": {"uv": [0, 0, 5.25, 6.5], "rotation": 270, "texture": "#0"}
			}
		},
		{
			"name": "half",
			"from": [3.00522, 1.87984, 5.07829],
			"to": [14.00522, 1.87984, 13.07829],
			"rotation": {"angle": -22.5, "axis": "x", "origin": [8, 8, 8]},
			"faces": {
				"north": {"uv": [4.75, 0, 5.25, 6.5], "rotation": 90, "texture": "#0"},
				"east": {"uv": [0, 6, 5.25, 6.5], "rotation": 180, "texture": "#0"},
				"south": {"uv": [4.75, 0, 5.25, 6.5], "rotation": 90, "texture": "#0"},
				"west": {"uv": [0, 0, 5.25, 0.5], "texture": "#0"},
				"up": {"uv": [0, 6.75, 5.25, 13.25], "rotation": 90, "texture": "#0"},
				"down": {"uv": [0, 6.75, 5.25, 13.25], "rotation": 270, "texture": "#0"}
			}
		}
	],
	"display": {
		"thirdperson_righthand": {
			"rotation": [0, -90, -75],
			"translation": [0, 4.75, 4.5],
			"scale": [0.7, 0.7, 0.7]
		},
		"thirdperson_lefthand": {
			"rotation": [0, 90, 75],
			"translation": [0, 4.75, 4.5],
			"scale": [0.7, 0.7, 0.7]
		},
		"firstperson_righthand": {
			"rotation": [0, 90, 63],
			"translation": [3.88, 2.95, 1.13],
			"scale": [0.68, 0.68, 0.68]
		},
		"firstperson_lefthand": {
			"rotation": [0, -90, -63],
			"translation": [3.88, 2.95, 1.13],
			"scale": [0.68, 0.68, 0.68]
		},
		"ground": {
			"translation": [0, 2, 0],
			"scale": [0.7, 0.7, 0.7]
		},
		"gui": {
			"rotation": [0, 25, 45],
			"translation": [-2.75, 4, 0]
		},
		"head": {
			"rotation": [0, 180, 0],
			"translation": [0, 13, 7]
		},
		"fixed": {
			"rotation": [-90, 90, 0],
			"translation": [0.5, 0, -7.5]
		}
	}
}