{
	"credit": "Made with Blockbench",
	"parent": "item/handheld",
	"textures": {
		"layer0": "item/fe_fates/fujin_yumi_standby"
	},
	"display": {
		"thirdperson_righthand": {
			"rotation": [0, -90, 45],
			"translation": [0, 2.5, 6.25],
			"scale": [1.8, 1.8, 1]
		},
		"thirdperson_lefthand": {
			"rotation": [0, 90, -45],
			"translation": [0, 2.5, 6.25],
			"scale": [1.8, 1.8, 1]
		},
		"firstperson_righthand": {
			"rotation": [0, -90, 25],
			"translation": [1.13, 6.25, 5.75],
			"scale": [1.44, 1.44, 0.8]
		},
		"firstperson_lefthand": {
			"rotation": [0, 90, -25],
			"translation": [1.13, 6.25, 5.75],
			"scale": [1.44, 1.44, 0.8]
		},
		"ground": {
			"rotation": [90, 0, 0],
			"scale": [1.8, 1.8, 1]
		}
	}
}