{
	"credit": "Made with Blockbench",
	"parent": "item/handheld",
	"textures": {
		"layer0": "item/fe_fates/raijinto"
	},
	"display": {
		"thirdperson_righthand": {
			"rotation": [0, -90, 55],
			"translation": [0, 10, 0.5],
			"scale": [1.5, 1.5, 1]
		},
		"thirdperson_lefthand": {
			"rotation": [0, 90, -55],
			"translation": [0, 10, 0.5],
			"scale": [1.5, 1.5, 1]
		},
		"firstperson_righthand": {
			"rotation": [0, -90, 25],
			"translation": [1.13, 7.45, 3.63],
			"scale": [1.2, 1.2, 0.8]
		},
		"firstperson_lefthand": {
			"rotation": [0, 90, -25],
			"translation": [1.13, 7.45, 3.63],
			"scale": [1.2, 1.2, 0.8]
		},
		"ground": {
			"rotation": [90, 0, 0],
			"scale": [1.5, 1.5, 1]
		}
	}
}