{
	"credit": "Made with Blockbench",
	"parent": "item/handheld",
	"textures": {
		"layer0": "item/fe_fates/siegfried"
	},
	"display": {
		"thirdperson_righthand": {
			"rotation": [0, 90, 35],
			"translation": [0, 7.25, -0.25],
			"scale": [1.3, 1.3, 1]
		},
		"thirdperson_lefthand": {
			"rotation": [0, -90, -35],
			"translation": [0, 7.25, -0.25],
			"scale": [1.3, 1.3, 1]
		},
		"firstperson_righthand": {
			"rotation": [0, -90, 25],
			"translation": [1.13, 7.2, 3.13],
			"scale": [1.04, 1.04, 0.8]
		},
		"firstperson_lefthand": {
			"rotation": [0, 90, -25],
			"translation": [1.13, 7.2, 3.13],
			"scale": [1.04, 1.04, 0.8]
		},
		"ground": {
			"rotation": [90, 0, 0],
			"scale": [1.3, 1.3, 1]
		}
	}
}