{
	"credit": "Made with Blockbench",
	"parent": "item/handheld",
	"textures": {
		"layer0": "item/fe_fates/yato"
	},
	"display": {
		"thirdperson_righthand": {
			"rotation": [0, 90, 45],
			"translation": [0, 6.75, 1],
			"scale": [1.5, 1.5, 1]
		},
		"thirdperson_lefthand": {
			"rotation": [0, -90, -45],
			"translation": [0, 6.75, 1],
			"scale": [1.5, 1.5, 1]
		},
		"firstperson_righthand": {
			"rotation": [0, -90, 45],
			"translation": [3, 6.25, 1.75],
			"scale": [1.2, 1.2, 0.8]
		},
		"firstperson_lefthand": {
			"rotation": [0, 90, -45],
			"translation": [3, 6.25, 1.75],
			"scale": [1.2, 1.2, 0.8]
		},
		"ground": {
			"rotation": [90, 0, 0],
			"scale": [1.5, 1.5, 1]
		}
	}
}