{
	"credit": "Made with Blockbench",
	"textures": {
		"0": "item/glass_gauntlet/flags/ace",
		"particle": "item/glass_gauntlet/flags/ace"
	},
	"elements": [
		{
			"from": [3, 3, 5],
			"to": [14, 14, 13],
			"faces": {
				"north": {"uv": [0, 0, 5, 7], "texture": "#0"},
				"east": {"uv": [0, 0, 5, 7], "texture": "#0"},
				"south": {"uv": [0, 0, 5, 7], "texture": "#0"},
				"west": {"uv": [0, 0, 5, 7], "texture": "#0"},
				"up": {"uv": [0, 0, 5, 7], "rotation": 180, "texture": "#0"},
				"down": {"uv": [0, 0, 5, 7], "texture": "#0"}
			}
		},
		{
			"from": [3, 14, 11],
			"to": [5, 18, 13],
			"faces": {
				"north": {"uv": [0, 0, 4, 6.5], "texture": "#0"},
				"east": {"uv": [0, 0, 4, 6.5], "texture": "#0"},
				"south": {"uv": [0, 0, 4, 6.5], "texture": "#0"},
				"west": {"uv": [0, 0, 4, 6.5], "texture": "#0"},
				"up": {"uv": [0, 0, 4, 6.5], "texture": "#0"},
				"down": {"uv": [0, 0, 4, 6.5], "texture": "#0"}
			}
		},
		{
			"from": [2, 9, 7],
			"to": [5, 16, 10],
			"rotation": {"angle": 45, "axis": "z", "origin": [8, 8, 8]},
			"faces": {
				"north": {"uv": [0, 0, 4, 6.5], "texture": "#0"},
				"east": {"uv": [0, 0, 4, 6.5], "texture": "#0"},
				"south": {"uv": [0, 0, 4, 6.5], "texture": "#0"},
				"west": {"uv": [0, 0, 4, 6.5], "texture": "#0"},
				"up": {"uv": [0, 0, 4, 6.5], "texture": "#0"},
				"down": {"uv": [0, 0, 4, 6.5], "texture": "#0"}
			}
		},
		{
			"from": [-2, 9.5, 7],
			"to": [0, 15.5, 10],
			"faces": {
				"north": {"uv": [0, 0, 4, 6.5], "texture": "#0"},
				"east": {"uv": [0, 0, 4, 6.5], "texture": "#0"},
				"south": {"uv": [0, 0, 4, 6.5], "texture": "#0"},
				"west": {"uv": [0, 0, 4, 6.5], "texture": "#0"},
				"up": {"uv": [0, 0, 4, 6.5], "texture": "#0"},
				"down": {"uv": [0, 0, 4, 6.5], "texture": "#0"}
			}
		},
		{
			"from": [3, 17, 6],
			"to": [5, 19, 11],
			"faces": {
				"north": {"uv": [0, 0, 4, 6.5], "rotation": 180, "texture": "#0"},
				"east": {"uv": [0, 0, 4, 6.5], "rotation": 90, "texture": "#0"},
				"south": {"uv": [0, 0, 4, 6.5], "texture": "#0"},
				"west": {"uv": [0, 0, 4, 6.5], "rotation": 270, "texture": "#0"},
				"up": {"uv": [0, 0, 4, 6.5], "texture": "#0"},
				"down": {"uv": [0, 0, 4, 6.5], "rotation": 180, "texture": "#0"}
			}
		},
		{
			"from": [6, 17, 6],
			"to": [8, 19, 11],
			"faces": {
				"north": {"uv": [0, 0, 4, 6.5], "rotation": 180, "texture": "#0"},
				"east": {"uv": [0, 0, 4, 6.5], "rotation": 90, "texture": "#0"},
				"south": {"uv": [0, 0, 4, 6.5], "texture": "#0"},
				"west": {"uv": [0, 0, 4, 6.5], "rotation": 270, "texture": "#0"},
				"up": {"uv": [0, 0, 4, 6.5], "texture": "#0"},
				"down": {"uv": [0, 0, 4, 6.5], "rotation": 180, "texture": "#0"}
			}
		},
		{
			"from": [9, 17, 6],
			"to": [11, 19, 11],
			"faces": {
				"north": {"uv": [0, 0, 4, 6.5], "rotation": 180, "texture": "#0"},
				"east": {"uv": [0, 0, 4, 6.5], "rotation": 90, "texture": "#0"},
				"south": {"uv": [0, 0, 4, 6.5], "texture": "#0"},
				"west": {"uv": [0, 0, 4, 6.5], "rotation": 270, "texture": "#0"},
				"up": {"uv": [0, 0, 4, 6.5], "texture": "#0"},
				"down": {"uv": [0, 0, 4, 6.5], "rotation": 180, "texture": "#0"}
			}
		},
		{
			"from": [12, 17, 6],
			"to": [14, 19, 11],
			"faces": {
				"north": {"uv": [0, 0, 4, 6.5], "rotation": 180, "texture": "#0"},
				"east": {"uv": [0, 0, 4, 6.5], "rotation": 90, "texture": "#0"},
				"south": {"uv": [0, 0, 4, 6.5], "texture": "#0"},
				"west": {"uv": [0, 0, 4, 6.5], "rotation": 270, "texture": "#0"},
				"up": {"uv": [0, 0, 4, 6.5], "texture": "#0"},
				"down": {"uv": [0, 0, 4, 6.5], "rotation": 180, "texture": "#0"}
			}
		},
		{
			"from": [6, 14, 11],
			"to": [8, 18, 13],
			"faces": {
				"north": {"uv": [0, 0, 4, 6.5], "texture": "#0"},
				"east": {"uv": [0, 0, 4, 6.5], "texture": "#0"},
				"south": {"uv": [0, 0, 4, 6.5], "texture": "#0"},
				"west": {"uv": [0, 0, 4, 6.5], "texture": "#0"},
				"up": {"uv": [0, 0, 4, 6.5], "texture": "#0"},
				"down": {"uv": [0, 0, 4, 6.5], "texture": "#0"}
			}
		},
		{
			"from": [9, 14, 11],
			"to": [11, 18, 13],
			"faces": {
				"north": {"uv": [0, 0, 4, 6.5], "texture": "#0"},
				"east": {"uv": [0, 0, 4, 6.5], "texture": "#0"},
				"south": {"uv": [0, 0, 4, 6.5], "texture": "#0"},
				"west": {"uv": [0, 0, 4, 6.5], "texture": "#0"},
				"up": {"uv": [0, 0, 4, 6.5], "texture": "#0"},
				"down": {"uv": [0, 0, 4, 6.5], "texture": "#0"}
			}
		},
		{
			"from": [12, 14, 11],
			"to": [14, 18, 13],
			"faces": {
				"north": {"uv": [0, 0, 4, 6.5], "texture": "#0"},
				"east": {"uv": [0, 0, 4, 6.5], "texture": "#0"},
				"south": {"uv": [0, 0, 4, 6.5], "texture": "#0"},
				"west": {"uv": [0, 0, 4, 6.5], "texture": "#0"},
				"up": {"uv": [0, 0, 4, 6.5], "texture": "#0"},
				"down": {"uv": [0, 0, 4, 6.5], "texture": "#0"}
			}
		},
		{
			"from": [2, 0, 5],
			"to": [3, 5, 13],
			"faces": {
				"north": {"uv": [0, 0, 2, 7.5], "texture": "#0"},
				"east": {"uv": [0, 0, 2, 7.5], "texture": "#0"},
				"south": {"uv": [0, 0, 2, 7.5], "texture": "#0"},
				"west": {"uv": [0, 0, 2, 7.5], "texture": "#0"},
				"up": {"uv": [0, 0, 2, 7.5], "texture": "#0"},
				"down": {"uv": [0, 0, 2, 7.5], "texture": "#0"}
			}
		},
		{
			"from": [3, 0, 13],
			"to": [14, 5, 14],
			"faces": {
				"north": {"uv": [0, 0, 2, 7.5], "texture": "#0"},
				"east": {"uv": [0, 0, 2, 7.5], "texture": "#0"},
				"south": {"uv": [0, 0, 2, 7.5], "texture": "#0"},
				"west": {"uv": [0, 0, 2, 7.5], "texture": "#0"},
				"up": {"uv": [0, 0, 2, 7.5], "texture": "#0"},
				"down": {"uv": [0, 0, 2, 7.5], "texture": "#0"}
			}
		},
		{
			"from": [14, 0, 5],
			"to": [15, 5, 13],
			"faces": {
				"north": {"uv": [0, 0, 1.5, 7.5], "texture": "#0"},
				"east": {"uv": [0, 0, 1.5, 7.5], "texture": "#0"},
				"south": {"uv": [0, 0, 1.5, 7.5], "texture": "#0"},
				"west": {"uv": [0, 0, 1.5, 7.5], "texture": "#0"},
				"up": {"uv": [0, 0, 1.5, 7.5], "texture": "#0"},
				"down": {"uv": [0, 0, 1.5, 7.5], "texture": "#0"}
			}
		}
	],
	"display": {
		"thirdperson_righthand": {
			"rotation": [-90, 0, 0],
			"translation": [-0.25, -2.5, 2],
			"scale": [0.45, 0.5, 0.6]
		},
		"thirdperson_lefthand": {
			"rotation": [-90, 0, 0],
			"translation": [-0.25, -2.5, 2],
			"scale": [-0.45, 0.5, 0.6]
		},
		"firstperson_righthand": {
			"rotation": [-45, 0, 0],
			"translation": [6.75, 0, 0],
			"scale": [0.6, 0.6, 0.6]
		},
		"firstperson_lefthand": {
			"rotation": [-45, 0, 0],
			"translation": [6.75, 0, 0],
			"scale": [-0.6, 0.6, 0.6]
		},
		"ground": {
			"rotation": [-90, 0, 0],
			"translation": [-0.25, -2.5, 2],
			"scale": [0.4, 0.5, 0.55]
		},
		"gui": {
			"rotation": [-95, 33, 116],
			"translation": [0.25, -0.5, 0],
			"scale": [0.7, 0.7, 0.7]
		},
		"fixed": {
			"rotation": [180, 0, -180],
			"scale": [0.7, 0.8, 0.54]
		}
	}
}