{
    "parent": "item/crossbow",
    "display": {
        "thirdperson_righthand": {
            "rotation": [ -90, 0, -60 ],
            "translation": [ 2, 0.1, -3 ],
            "scale": [ 0.92, 0.92, 0.92 ]
        },
        "thirdperson_lefthand": {
            "rotation": [ -90, 0, 30 ],
            "translation": [ 2, 0.1, -3 ],
            "scale": [ 0.92, 0.92, 0.92 ]
        },
        "firstperson_righthand": {
            "rotation": [ -90, 0, -55 ],
            "translation": [ 1.12, 3.2, 1.15],
            "scale": [ 0.682, 0.682, 0.72 ]
        },
        "firstperson_lefthand": {
            "rotation": [ -90, 0, 35 ],
            "translation": [ 1.12, 3.2, 1.15],
            "scale": [ 0.682, 0.682, 0.72 ]
        }
    }
}
