{
	"credit": "Made with Blockbench",
	"textures": {
		"0": "entity/piranha/hurt",
		"particle": "entity/piranha/hurt"
	},
	"elements": [
		{
			"from": [7, 0, 7],
			"to": [9, 4, 12],
			"rotation": {"angle": 0, "axis": "y", "origin": [15, 8, 19]},
			"faces": {
				"north": {"uv": [0, 0, 1, 2], "texture": "#0"},
				"east": {"uv": [4.5, 0, 7, 2], "texture": "#0"},
				"south": {"uv": [1, 0, 2, 2], "texture": "#0"},
				"west": {"uv": [2, 0, 4.5, 2], "texture": "#0"},
				"up": {"uv": [0, 2, 1, 4.5], "texture": "#0"},
				"down": {"uv": [1, 2, 2, 4.5], "texture": "#0"}
			}
		},
		{
			"from": [7.5, 0.5, 5],
			"to": [8.5, 3.5, 7],
			"rotation": {"angle": 0, "axis": "y", "origin": [15.5, 8.5, 14]},
			"faces": {
				"north": {"uv": [7, 0, 7.5, 1.5], "texture": "#0"},
				"east": {"uv": [9, 0, 10, 1.5], "texture": "#0"},
				"south": {"uv": [7.5, 0, 8, 1.5], "texture": "#0"},
				"west": {"uv": [8, 0, 9, 1.5], "texture": "#0"},
				"up": {"uv": [7, 1.5, 7.5, 2.5], "texture": "#0"},
				"down": {"uv": [7.5, 1.5, 8, 2.5], "texture": "#0"}
			}
		},
		{
			"from": [8, 1, 3],
			"to": [8, 3, 5],
			"rotation": {"angle": 0, "axis": "y", "origin": [15, 10, 12]},
			"faces": {
				"east": {"uv": [4, 2, 5, 3], "texture": "#0"},
				"west": {"uv": [5, 2, 6, 3], "texture": "#0"}
			}
		},
		{
			"from": [7.5, 1.5, 12],
			"to": [8.5, 3.5, 14],
			"rotation": {"angle": 0, "axis": "y", "origin": [15.5, 10.5, 20]},
			"faces": {
				"north": {"uv": [4, 3, 4.5, 4], "texture": "#0"},
				"east": {"uv": [5, 3, 6, 4], "texture": "#0"},
				"south": {"uv": [4.5, 3, 5, 4], "texture": "#0"},
				"west": {"uv": [6, 2, 7, 3], "texture": "#0"},
				"up": {"uv": [6, 3, 6.5, 4], "texture": "#0"},
				"down": {"uv": [6.5, 3, 7, 4], "texture": "#0"}
			}
		},
		{
			"from": [7.5, -7.20711, 14.6066],
			"to": [8.5, -6.20711, 16.6066],
			"rotation": {"angle": 45, "axis": "x", "origin": [15.5, 0.79289, 22.6066]},
			"faces": {
				"north": {"uv": [7, 2.5, 7.5, 3], "texture": "#0"},
				"east": {"uv": [7, 3.5, 8, 4], "texture": "#0"},
				"south": {"uv": [7.5, 2.5, 8, 3], "texture": "#0"},
				"west": {"uv": [7, 3, 8, 3.5], "texture": "#0"},
				"up": {"uv": [8, 3, 8.5, 4], "texture": "#0"},
				"down": {"uv": [8.5, 3, 9, 4], "texture": "#0"}
			}
		}
	],
	"display": {
		"head": {
			"rotation": [0, -180, 0],
			"translation": [0, 10, 0],
			"scale": [4, 4, 4]
		}
	}
}