{
	"credit": "Made with Blockbench",
	"parent": "item/handheld",
	"textures": {
		"layer0": "item/fe_falchions/falchion"
	},
	"display": {
		"thirdperson_righthand": {
			"rotation": [0, 90, 45],
			"translation": [0, 7.75, 1],
			"scale": [1.3, 1.3, 1]
		},
		"thirdperson_lefthand": {
			"rotation": [0, -90, -45],
			"translation": [0, 7.75, 1],
			"scale": [1.3, 1.3, 1]
		},
		"firstperson_righthand": {
			"rotation": [0, -90, 45],
			"translation": [3, 7, 2],
			"scale": [1.04, 1.04, 0.8]
		},
		"firstperson_lefthand": {
			"rotation": [0, 90, -45],
			"translation": [3, 7, 2],
			"scale": [1.04, 1.04, 0.8]
		},
		"ground": {
			"rotation": [90, 0, 0],
			"scale": [1.3, 1.3, 1]
		}
	}
}