{
	"credit": "Made with Blockbench",
	"parent": "item/handheld",
	"textures": {
		"layer0": "item/fe_falchions/valentian_falchion"
	},
	"display": {
		"thirdperson_righthand": {
			"rotation": [0, 90, 45],
			"translation": [0, 8.5, 1],
			"scale": [1.4, 1.4, 1]
		},
		"thirdperson_lefthand": {
			"rotation": [0, -90, -45],
			"translation": [0, 8.5, 1],
			"scale": [1.4, 1.4, 1]
		},
		"firstperson_righthand": {
			"rotation": [0, -90, 45],
			"translation": [3, 7.75, 2],
			"scale": [1.12, 1.12, 0.8]
		},
		"firstperson_lefthand": {
			"rotation": [0, 90, -45],
			"translation": [3, 7.75, 2],
			"scale": [1.12, 1.12, 0.8]
		},
		"ground": {
			"rotation": [90, 0, 0],
			"scale": [1.4, 1.4, 1]
		}
	}
}