{	
	"credit": "Made with Blockbench",
	"parent": "item/handheld",
	"textures": {
        "layer0": "item/zenith/zenith"
    },
	"display": {
		"thirdperson_righthand": {
			"rotation": [0, -90, 45],
			"translation": [0, 10.25, 1],
			"scale": [0, 0, 0]
		},
		"thirdperson_lefthand": {
			"rotation": [0, 90, -45],
			"translation": [0, 10.25, 1],
			"scale": [0, 0, 0]
		},
		"firstperson_righthand": {
			"rotation": [0, -90, 45],
			"translation": [3, 3, 0.5],
			"scale": [0, 0, 0]
		},
		"firstperson_lefthand": {
			"rotation": [0, 90, -45],
			"translation": [3, 3, 0.5],
			"scale": [0, 0, 0]
		},
		"ground": {
			"translation": [0, 7.25, 0],
			"scale": [0, 0, 0]
		},
		"head": {
			"rotation": [90, 0, 45],
			"translation": [0, -11.75, -0.75],
			"scale": [0, 0, 0]
		}
	}
}