{
	"credit": "Made with Blockbench",
	"parent": "item/handheld",
	"display": {
		"thirdperson_righthand": {
			"rotation": [0, -90, 45],
			"translation": [0, 10.25, 1],
			"scale": [1.8, 1.8, 1]
		},
		"thirdperson_lefthand": {
			"rotation": [0, 90, -45],
			"translation": [0, 10.25, 1],
			"scale": [1.8, 1.8, 1]
		},
		"firstperson_righthand": {
			"rotation": [0, -90, 45],
			"translation": [3, 3, 0.5],
			"scale": [1.44, 1.44, 0.8]
		},
		"firstperson_lefthand": {
			"rotation": [0, 90, -45],
			"translation": [3, 3, 0.5],
			"scale": [1.44, 1.44, 0.8]
		},
		"ground": {
			"translation": [0, 7.25, 0],
			"scale": [1.8, 1.8, 1]
		},
		"head": {
			"rotation": [90, 0, 45],
			"translation": [0, -11.75, -0.75],
			"scale": [2.4, 2.4, 1]
		}
	}
}