{
	"credit": "Made with Blockbench",
	"textures": {
		"0": "entity/miikun_assets",
		"particle": "entity/miikun_assets"
	},
	"elements": [
		{
			"name": "head",
			"from": [4, 15, 2],
			"to": [15, 26, 13],
			"faces": {
				"north": {"uv": [13, 0.25, 15.75, 3], "texture": "#0"},
				"east": {"uv": [0.25, 9.25, 3, 12], "texture": "#0"},
				"south": {"uv": [0.25, 6.25, 3, 9], "texture": "#0"},
				"west": {"uv": [0.25, 3.25, 3, 6], "texture": "#0"},
				"up": {"uv": [3.25, 0.25, 6, 3], "texture": "#0"},
				"down": {"uv": [0.25, 12.25, 3, 15], "texture": "#0"}
			}
		},
		{
			"name": "body",
			"from": [5, 4, 5],
			"to": [14, 15, 11],
			"faces": {
				"north": {"uv": [3.5, 3.5, 5.75, 6.75], "texture": "#0"},
				"east": {"uv": [3.5, 7, 5.25, 10.25], "texture": "#0"},
				"south": {"uv": [3.5, 3.5, 5.75, 6.75], "texture": "#0"},
				"west": {"uv": [3.5, 7, 5.25, 10.25], "texture": "#0"},
				"up": {"uv": [3.5, 10.5, 5.75, 12.25], "texture": "#0"},
				"down": {"uv": [3.5, 10.5, 5.75, 12.25], "texture": "#0"}
			}
		},
		{
			"name": "lleg",
			"from": [5, 0, 7],
			"to": [8, 4, 10],
			"faces": {
				"north": {"uv": [3.5, 12.75, 4.25, 14], "texture": "#0"},
				"east": {"uv": [3.5, 12.75, 4.25, 14], "texture": "#0"},
				"south": {"uv": [3.5, 12.75, 4.25, 14], "texture": "#0"},
				"west": {"uv": [3.5, 12.75, 4.25, 14], "texture": "#0"},
				"up": {"uv": [4.5, 12.75, 5.25, 13.5], "texture": "#0"},
				"down": {"uv": [4.5, 12.75, 5.25, 13.5], "texture": "#0"}
			}
		},
		{
			"name": "rleg",
			"from": [11, 0, 7],
			"to": [14, 4, 10],
			"faces": {
				"north": {"uv": [3.5, 12.75, 4.25, 14], "texture": "#0"},
				"east": {"uv": [3.5, 12.75, 4.25, 14], "texture": "#0"},
				"south": {"uv": [3.5, 12.75, 4.25, 14], "texture": "#0"},
				"west": {"uv": [3.5, 12.75, 4.25, 14], "texture": "#0"},
				"up": {"uv": [4.5, 12.75, 5.25, 13.5], "texture": "#0"},
				"down": {"uv": [4.5, 12.75, 5.25, 13.5], "texture": "#0"}
			}
		},
		{
			"name": "rarm",
			"from": [13, 9, 6],
			"to": [16, 13, 9],
			"faces": {
				"north": {"uv": [3.5, 12.75, 4.25, 14], "texture": "#0"},
				"east": {"uv": [3.5, 12.75, 4.25, 14], "texture": "#0"},
				"south": {"uv": [3.5, 12.75, 4.25, 14], "texture": "#0"},
				"west": {"uv": [3.5, 12.75, 4.25, 14], "texture": "#0"},
				"up": {"uv": [4.5, 12.75, 5.25, 13.5], "texture": "#0"},
				"down": {"uv": [4.5, 12.75, 5.25, 13.5], "texture": "#0"}
			}
		},
		{
			"name": "larm",
			"from": [3, 9, 6],
			"to": [6, 13, 9],
			"faces": {
				"north": {"uv": [3.5, 12.75, 4.25, 14], "texture": "#0"},
				"east": {"uv": [3.5, 12.75, 4.25, 14], "texture": "#0"},
				"south": {"uv": [3.5, 12.75, 4.25, 14], "texture": "#0"},
				"west": {"uv": [3.5, 12.75, 4.25, 14], "texture": "#0"},
				"up": {"uv": [4.5, 12.75, 5.25, 13.5], "texture": "#0"},
				"down": {"uv": [4.5, 12.75, 5.25, 13.5], "texture": "#0"}
			}
		}
	],
	"display": {
		"head": {
			"rotation": [-90, 0, 0],
			"translation": [-1.5, -28.75, 1.5],
			"scale": [0.5, 0.5, 0.5]
		}
	}
}