{
	"model" : {
		"type" : "minecraft:composite",
		"models" : [
			{
				"type": "minecraft:range_dispatch",
				"property": "minecraft:damage",
				"entries": [
					{
						"model": {
							"type": "minecraft:model",
							"model": "minecraft:item/emerald_sword/durability_1"
						},
						"threshold": 0.0
					},
					{
						"model": {
							"type": "minecraft:model",
							"model": "minecraft:item/emerald_sword/durability_2"
						},
						"threshold": 0.1
					},
					{
						"model": {
							"type": "minecraft:model",
							"model": "minecraft:item/emerald_sword/durability_3"
						},
						"threshold": 0.3
					},
					{
						"model": {
							"type": "minecraft:model",
							"model": "minecraft:item/emerald_sword/durability_4"
						},
						"threshold": 0.5
					},
					{
						"model": {
							"type": "minecraft:model",
							"model": "minecraft:item/emerald_sword/durability_5"
						},
						"threshold": 0.7
					},
					{
						"model": {
							"type": "minecraft:model",
							"model": "minecraft:item/emerald_sword/durability_6"
						},
						"threshold": 0.9
					}
				],
				"fallback": {
					"type": "minecraft:model",
					"model": "minecraft:item/emerald_sword/durability_1"
				}
			},
			{
				"type": "minecraft:select",
				"cases": [
				  {
					"model": {
					  "type": "minecraft:model",
					  "model": "minecraft:item/item_trims/sword/iron"
					},
					"when": "minecraft:iron"
				  },
				  {
					"model": {
					  "type": "minecraft:model",
					  "model": "minecraft:item/item_trims/sword/redstone"
					},
					"when": "minecraft:redstone"
				  },
				  {
					"model": {
					  "type": "minecraft:model",
					  "model": "minecraft:item/item_trims/sword/emerald"
					},
					"when": "minecraft:emerald"
				  },
				  {
					"model": {
					  "type": "minecraft:model",
					  "model": "minecraft:item/item_trims/sword/gold"
					},
					"when": "minecraft:gold"
				  },
				  {
					"model": {
					  "type": "minecraft:model",
					  "model": "minecraft:item/item_trims/sword/obsidian"
					},
					"when": "ossurvivalplus:obsidian"
				  },
				  {
					"model": {
					  "type": "minecraft:model",
					  "model": "minecraft:item/item_trims/sword/copper"
					},
					"when": "minecraft:copper"
				  },
				  {
					"model": {
					  "type": "minecraft:model",
					  "model": "minecraft:item/item_trims/sword/resin"
					},
					"when": "minecraft:resin"
				  },
				  {
					"model": {
					  "type": "minecraft:model",
					  "model": "minecraft:item/item_trims/sword/netherite"
					},
					"when": "minecraft:netherite"
				  },
				  {
					"model": {
					  "type": "minecraft:model",
					  "model": "minecraft:item/item_trims/sword/amethyst"
					},
					"when": "minecraft:amethyst"
				  },
				  {
					"model": {
					  "type": "minecraft:model",
					  "model": "minecraft:item/item_trims/sword/quartz"
					},
					"when": "minecraft:quartz"
				  },
				  {
					"model": {
					  "type": "minecraft:model",
					  "model": "minecraft:item/item_trims/sword/diamond"
					},
					"when": "minecraft:diamond"
				  },
				  {
					"model": {
					  "type": "minecraft:model",
					  "model": "minecraft:item/item_trims/sword/lapis"
					},
					"when": "minecraft:lapis"
				  },
				  {
					"model": {
					  "type": "minecraft:model",
					  "model": "minecraft:item/item_trims/sword/oxidized_copper"
					},
					"when": "ossurvivalplus:oxidized_copper"
				  },
				  {
					"model": {
					  "type": "minecraft:model",
					  "model": "minecraft:item/item_trims/sword/raw_iron"
					},
					"when": "ossurvivalplus:raw_iron"
				  },
				  {
					"model": {
					  "type": "minecraft:model",
					  "model": "minecraft:item/item_trims/sword/echo"
					},
					"when": "ossurvivalplus:echo"
				  },
				  {
					"model": {
					  "type": "minecraft:model",
					  "model": "minecraft:item/item_trims/sword/breeze"
					},
					"when": "ossurvivalplus:breeze"
				  },
				  {
					"model": {
					  "type": "minecraft:model",
					  "model": "minecraft:item/item_trims/sword/rainbow"
					},
					"when": "ossurvivalplus:rainbow"
				  },
				  {
					"model": {
					  "type": "minecraft:model",
					  "model": "minecraft:item/item_trims/sword/void"
					},
					"when": "ossurvivalplus:void"
				  },
				  {
					"model": {
					  "type": "minecraft:model",
					  "model": "minecraft:item/item_trims/sword/pastel"
					},
					"when": "ossurvivalplus:pastel"
				  },
				  {
					"model": {
					  "type": "minecraft:model",
					  "model": "minecraft:item/item_trims/sword/cocoa"
					},
					"when": "ossurvivalplus:cocoa"
				  }
				],
				"fallback": {
				  "type": "minecraft:model",
				  "model": "minecraft:item/empty"
				},
				"property": "minecraft:trim_material"
			  }
		]
	}
}