{
	"credit": "Made with Blockbench",
	"parent": "item/kazephyr",
		"display": {
		"thirdperson_righthand": {
			"rotation": [-25, -90, 55],
			"translation": [0, 0.5, -4.75],
			"scale": [0.0, 0.0, 0.0]
		},
		"thirdperson_lefthand": {
			"rotation": [-25, -90, 55],
			"translation": [0, 0.5, -4.75],
			"scale": [0.0, 0.0, 0.0]
		},
		"firstperson_righthand": {
			"rotation": [0, -90, 25],
			"translation": [1.13, 7.95, 1.13],
			"scale": [0.0, 0.0, 0.0]
		},
		"firstperson_lefthand": {
			"rotation": [0, -90, 25],
			"translation": [1.13, 7.95, 1.13],
			"scale": [0.0, 0.0, 0.0]
		},
		"ground": {
			"rotation": [90, 0, 0],
			"translation": [-0.5, 0, 6.75]
		},
		"gui": {
			"rotation": [0, 0, 25],
			"translation": [-1.25, 2.5, 0],
			"scale": [0.4, 0.4, 0.4]
		},
		"head": {
			"rotation": [90, 0, 0],
			"translation": [0.25, -7, 12.75],
			"scale": [2, 2, 2]
		},
		"fixed": {
			"translation": [0, 3.5, 0],
			"scale": [0.5, 0.5, 0.5]
		}
	}
}