{
	"model" : {
		"type" : "minecraft:composite",
		"models" : [
			{
				"type": "minecraft:model",
				"model": "minecraft:item/copper_chestplate"
			},
			{
				"type": "minecraft:select",
				"cases": [
				  {
					"model": {
					  "type": "minecraft:model",
					  "model": "minecraft:item/item_trims/chestplate/iron"
					},
					"when": "minecraft:iron"
				  },
				  {
					"model": {
					  "type": "minecraft:model",
					  "model": "minecraft:item/item_trims/chestplate/redstone"
					},
					"when": "minecraft:redstone"
				  },
				  {
					"model": {
					  "type": "minecraft:model",
					  "model": "minecraft:item/item_trims/chestplate/emerald"
					},
					"when": "minecraft:emerald"
				  },
				  {
					"model": {
					  "type": "minecraft:model",
					  "model": "minecraft:item/item_trims/chestplate/gold"
					},
					"when": "minecraft:gold"
				  },
				  {
					"model": {
					  "type": "minecraft:model",
					  "model": "minecraft:item/item_trims/chestplate/obsidian"
					},
					"when": "ossurvivalplus:obsidian"
				  },
				  {
					"model": {
					  "type": "minecraft:model",
					  "model": "minecraft:item/item_trims/chestplate/copper"
					},
					"when": "minecraft:copper"
				  },
				  {
					"model": {
					  "type": "minecraft:model",
					  "model": "minecraft:item/item_trims/chestplate/resin"
					},
					"when": "minecraft:resin"
				  },
				  {
					"model": {
					  "type": "minecraft:model",
					  "model": "minecraft:item/item_trims/chestplate/netherite"
					},
					"when": "minecraft:netherite"
				  },
				  {
					"model": {
					  "type": "minecraft:model",
					  "model": "minecraft:item/item_trims/chestplate/amethyst"
					},
					"when": "minecraft:amethyst"
				  },
				  {
					"model": {
					  "type": "minecraft:model",
					  "model": "minecraft:item/item_trims/chestplate/quartz"
					},
					"when": "minecraft:quartz"
				  },
				  {
					"model": {
					  "type": "minecraft:model",
					  "model": "minecraft:item/item_trims/chestplate/diamond"
					},
					"when": "minecraft:diamond"
				  },
				  {
					"model": {
					  "type": "minecraft:model",
					  "model": "minecraft:item/item_trims/chestplate/lapis"
					},
					"when": "minecraft:lapis"
				  },
				  {
					"model": {
					  "type": "minecraft:model",
					  "model": "minecraft:item/item_trims/chestplate/oxidized_copper"
					},
					"when": "ossurvivalplus:oxidized_copper"
				  },
				  {
					"model": {
					  "type": "minecraft:model",
					  "model": "minecraft:item/item_trims/chestplate/raw_iron"
					},
					"when": "ossurvivalplus:raw_iron"
				  },
				  {
					"model": {
					  "type": "minecraft:model",
					  "model": "minecraft:item/item_trims/chestplate/echo"
					},
					"when": "ossurvivalplus:echo"
				  },
				  {
					"model": {
					  "type": "minecraft:model",
					  "model": "minecraft:item/item_trims/chestplate/breeze"
					},
					"when": "ossurvivalplus:breeze"
				  },
				  {
					"model": {
					  "type": "minecraft:model",
					  "model": "minecraft:item/item_trims/chestplate/rainbow"
					},
					"when": "ossurvivalplus:rainbow"
				  },
				  {
					"model": {
					  "type": "minecraft:model",
					  "model": "minecraft:item/item_trims/chestplate/void"
					},
					"when": "ossurvivalplus:void"
				  },
				  {
					"model": {
					  "type": "minecraft:model",
					  "model": "minecraft:item/item_trims/chestplate/pastel"
					},
					"when": "ossurvivalplus:pastel"
				  }
				],
				"fallback": {
				  "type": "minecraft:model",
				  "model": "minecraft:item/empty"
				},
				"property": "minecraft:trim_material"
			  }
		]
	}
}