{
	"credit": "Made with Blockbench",
	"parent": "item/handheld",
	"textures": {
		"layer0": "item/dioxin/tiers/tier4"
	},
	"display": {
		"thirdperson_righthand": {
			"rotation": [0, -90, 55],
			"translation": [0, 11.75, -2.25],
			"scale": [1.6, 1.6, 0.85]
		},
		"thirdperson_lefthand": {
			"rotation": [0, 90, -55],
			"translation": [0, 11.75, -2.25],
			"scale": [1.6, 1.6, 0.85]
		},
		"firstperson_righthand": {
			"rotation": [0, -90, 25],
			"translation": [1.13, 8.95, 4],
			"scale": [1.28, 1.28, 0.8]
		},
		"firstperson_lefthand": {
			"rotation": [0, 90, -25],
			"translation": [1.13, 8.95, 4],
			"scale": [1.28, 1.28, 0.8]
		},
		"ground": {
			"translation": [0, 2, 0],
			"scale": [0.5, 0.5, 0.5]
		},
		"head": {
			"rotation": [0, 180, 0],
			"translation": [0, 13, 7]
		},
		"fixed": {
			"rotation": [0, 180, 0],
			"translation": [0, 0, -0.5]
		}
	}
}