{
	"credit": "Made with Blockbench",
	"elements": [
		{
			"from": [8.5, 16, 0],
			"to": [12.5, 32, 4],
			"rotation": {"angle": 45, "axis": "y", "origin": [16.5, 24, 8]},
			"faces": {
				"north": {"uv": [4, 0, 8, 16], "texture": "#0"},
				"east": {"uv": [0, 0, 4, 16], "texture": "#0"},
				"south": {"uv": [4, 0, 0, 16], "texture": "#0"},
				"west": {"uv": [8, 0, 4, 16], "texture": "#0"},
				"up": {"uv": [8, 5, 12, 9], "texture": "#0"},
				"down": {"uv": [8, 9, 12, 13], "texture": "#0"}
			}
		},
		{
			"from": [4, 11, 5],
			"to": [12, 16, 11],
			"rotation": {"angle": 0, "axis": "y", "origin": [12, 19, 13]},
			"faces": {
				"north": {"uv": [8, 0, 16, 5], "texture": "#0"},
				"east": {"uv": [8, 0, 9, 5], "texture": "#0"},
				"south": {"uv": [16, 0, 8, 5], "texture": "#0"},
				"west": {"uv": [15, 0, 16, 5], "texture": "#0"},
				"up": {"uv": [16, 0, 8, 1], "texture": "#0"},
				"down": {"uv": [16, 4, 8, 5], "texture": "#0"}
			}
		},
		{
			"from": [7.5, 3, 6],
			"to": [8.5, 14, 10],
			"rotation": {"angle": 0, "axis": "y", "origin": [15, 11, 15]},
			"faces": {
				"north": {"uv": [12, 5, 14, 16], "texture": "#0"},
				"east": {"uv": [14, 5, 12, 16], "texture": "#0"},
				"south": {"uv": [16, 5, 14, 16], "texture": "#0"},
				"west": {"uv": [14, 5, 16, 16], "texture": "#0"},
				"up": {"uv": [10, 13, 12, 15], "texture": "#0"},
				"down": {"uv": [8, 13, 10, 15], "texture": "#0"}
			}
		}
	],
	"gui_light": "front",
	"display": {
		"thirdperson_righthand": {
			"rotation": [45, -90, 55],
			"translation": [0, -2.75, 1],
			"scale": [1.1, 1, 0.25]
		},
		"thirdperson_lefthand": {
			"rotation": [45, -90, 55],
			"translation": [0, -2.75, 1],
			"scale": [1.1, 1, 0.25]
		},
		"firstperson_righthand": {
			"rotation": [45, -90, 25],
			"translation": [1.13, 0.5, 1],
			"scale": [0.8, 0.8, 0.2]
		},
		"firstperson_lefthand": {
			"rotation": [45, -90, 25],
			"translation": [1.13, 0.5, 1],
			"scale": [0.8, 0.8, 0.2]
		},
		"ground": {
			"rotation": [0, 0, 45],
			"scale": [0.8, 0.8, 0.2]
		},
		"gui": {
			"rotation": [0, -180, 45],
			"translation": [-5.25, -5.25, 0],
			"scale": [0.69, 0.69, 0.16]
		},
		"head": {
			"rotation": [0, 0, 45],
			"scale": [1, 1, 0.25]
		},
		"fixed": {
			"rotation": [0, 0, 45],
			"translation": [5.25, -5.5, 0],
			"scale": [0.8, 0.8, 0.2]
		}
	}
}