{
    "parent": "item/handheld_rod",
    "textures": {
        "layer0": "item/warped_fungus_on_a_stick"
    },
	"overrides":[
	{"predicate":{"custom_model_data":35101},"model":"item/wooden_greatsword"},
	{"predicate":{"custom_model_data":35102},"model":"item/stone_greatsword"},
	{"predicate":{"custom_model_data":35103},"model":"item/copper_greatsword"},
	{"predicate":{"custom_model_data":35104},"model":"item/iron_greatsword"},
	{"predicate":{"custom_model_data":35105},"model":"item/golden_greatsword"},
	{"predicate":{"custom_model_data":35106},"model":"item/diamond_greatsword"},
	{"predicate":{"custom_model_data":35107},"model":"item/netherite_greatsword"},
	{"predicate":{"custom_model_data":35108},"model":"item/wooden_spear"},
	{"predicate":{"custom_model_data":35109},"model":"item/stone_spear"},
	{"predicate":{"custom_model_data":35110},"model":"item/copper_spear"},
	{"predicate":{"custom_model_data":35111},"model":"item/iron_spear"},
	{"predicate":{"custom_model_data":35112},"model":"item/golden_spear"},
	{"predicate":{"custom_model_data":35113},"model":"item/diamond_spear"},
	{"predicate":{"custom_model_data":35114},"model":"item/netherite_spear"}
	]
}
