{
	"credit": "Made with Blockbench",
	"texture_size": [64, 64],
	"textures": {
		"0": "item/gavel/minigun",
		"particle": "item/gavel/minigun"
	},
	"elements": [
		{
			"from": [8.5, 3.5, -10],
			"to": [9.5, 4.5, 9],
			"rotation": {"angle": 0, "axis": "y", "origin": [16.5, 11.5, 8]},
			"faces": {
				"north": {"uv": [0, 1, 0.25, 1.25], "texture": "#0"},
				"east": {"uv": [0, 0.25, 4.75, 0.5], "texture": "#0"},
				"south": {"uv": [0.25, 1, 0.5, 1.25], "texture": "#0"},
				"west": {"uv": [0, 0, 4.75, 0.25], "texture": "#0"},
				"up": {"uv": [0, 0.5, 4.75, 0.75], "rotation": 90, "texture": "#0"},
				"down": {"uv": [0, 0.75, 4.75, 1], "rotation": 90, "texture": "#0"}
			}
		},
		{
			"from": [5.5, 3.5, -10],
			"to": [6.5, 4.5, 9],
			"rotation": {"angle": 0, "axis": "y", "origin": [13.5, 11.5, 8]},
			"faces": {
				"north": {"uv": [0, 1, 0.25, 1.25], "texture": "#0"},
				"east": {"uv": [0, 0.25, 4.75, 0.5], "texture": "#0"},
				"south": {"uv": [0.25, 1, 0.5, 1.25], "texture": "#0"},
				"west": {"uv": [0, 0, 4.75, 0.25], "texture": "#0"},
				"up": {"uv": [0, 0.5, 4.75, 0.75], "rotation": 90, "texture": "#0"},
				"down": {"uv": [0, 0.75, 4.75, 1], "rotation": 90, "texture": "#0"}
			}
		},
		{
			"from": [5.5, 0.5, -10],
			"to": [6.5, 1.5, 9],
			"rotation": {"angle": 0, "axis": "y", "origin": [13.5, 8.5, 8]},
			"faces": {
				"north": {"uv": [0, 1, 0.25, 1.25], "texture": "#0"},
				"east": {"uv": [0, 0.25, 4.75, 0.5], "texture": "#0"},
				"south": {"uv": [0.25, 1, 0.5, 1.25], "texture": "#0"},
				"west": {"uv": [0, 0, 4.75, 0.25], "texture": "#0"},
				"up": {"uv": [0, 0.5, 4.75, 0.75], "rotation": 90, "texture": "#0"},
				"down": {"uv": [0, 0.75, 4.75, 1], "rotation": 90, "texture": "#0"}
			}
		},
		{
			"from": [8.5, 0.5, -10],
			"to": [9.5, 1.5, 9],
			"rotation": {"angle": 0, "axis": "y", "origin": [16.5, 8.5, 8]},
			"faces": {
				"north": {"uv": [0, 1, 0.25, 1.25], "texture": "#0"},
				"east": {"uv": [0, 0.25, 4.75, 0.5], "texture": "#0"},
				"south": {"uv": [0.25, 1, 0.5, 1.25], "texture": "#0"},
				"west": {"uv": [0, 0, 4.75, 0.25], "texture": "#0"},
				"up": {"uv": [0, 0.5, 4.75, 0.75], "rotation": 90, "texture": "#0"},
				"down": {"uv": [0, 0.75, 4.75, 1], "rotation": 90, "texture": "#0"}
			}
		},
		{
			"from": [7, 3.75, -10],
			"to": [8, 4.75, 9],
			"rotation": {"angle": 0, "axis": "y", "origin": [15, 11.75, 8]},
			"faces": {
				"north": {"uv": [0, 1, 0.25, 1.25], "texture": "#0"},
				"east": {"uv": [0, 0.25, 4.75, 0.5], "texture": "#0"},
				"south": {"uv": [0.25, 1, 0.5, 1.25], "texture": "#0"},
				"west": {"uv": [0, 0, 4.75, 0.25], "texture": "#0"},
				"up": {"uv": [0, 0.5, 4.75, 0.75], "rotation": 90, "texture": "#0"},
				"down": {"uv": [0, 0.75, 4.75, 1], "rotation": 90, "texture": "#0"}
			}
		},
		{
			"from": [7, 2, -8],
			"to": [8, 3, 11],
			"rotation": {"angle": 0, "axis": "y", "origin": [15, 10, 10]},
			"faces": {
				"north": {"uv": [0, 1, 0.25, 1.25], "texture": "#0"},
				"east": {"uv": [0, 0.25, 4.75, 0.5], "texture": "#0"},
				"south": {"uv": [0.25, 1, 0.5, 1.25], "texture": "#0"},
				"west": {"uv": [0, 0, 4.75, 0.25], "texture": "#0"},
				"up": {"uv": [0, 0.5, 4.75, 0.75], "rotation": 90, "texture": "#0"},
				"down": {"uv": [0, 0.75, 4.75, 1], "rotation": 90, "texture": "#0"}
			}
		},
		{
			"from": [5.25, 2, -10],
			"to": [6.25, 3, 9],
			"rotation": {"angle": 0, "axis": "y", "origin": [13.25, 10, 8]},
			"faces": {
				"north": {"uv": [0, 1, 0.25, 1.25], "texture": "#0"},
				"east": {"uv": [0, 0.25, 4.75, 0.5], "texture": "#0"},
				"south": {"uv": [0.25, 1, 0.5, 1.25], "texture": "#0"},
				"west": {"uv": [0, 0, 4.75, 0.25], "texture": "#0"},
				"up": {"uv": [0, 0.5, 4.75, 0.75], "rotation": 90, "texture": "#0"},
				"down": {"uv": [0, 0.75, 4.75, 1], "rotation": 90, "texture": "#0"}
			}
		},
		{
			"from": [8.75, 2, -10],
			"to": [9.75, 3, 9],
			"rotation": {"angle": 0, "axis": "y", "origin": [16.75, 10, 8]},
			"faces": {
				"north": {"uv": [0, 1, 0.25, 1.25], "texture": "#0"},
				"east": {"uv": [0, 0.25, 4.75, 0.5], "texture": "#0"},
				"south": {"uv": [0.25, 1, 0.5, 1.25], "texture": "#0"},
				"west": {"uv": [0, 0, 4.75, 0.25], "texture": "#0"},
				"up": {"uv": [0, 0.5, 4.75, 0.75], "rotation": 90, "texture": "#0"},
				"down": {"uv": [0, 0.75, 4.75, 1], "rotation": 90, "texture": "#0"}
			}
		},
		{
			"from": [7, 0.25, -10],
			"to": [8, 1.25, 9],
			"rotation": {"angle": 0, "axis": "y", "origin": [15, 8.25, 8]},
			"faces": {
				"north": {"uv": [0, 1, 0.25, 1.25], "texture": "#0"},
				"east": {"uv": [0, 0.25, 4.75, 0.5], "texture": "#0"},
				"south": {"uv": [0.25, 1, 0.5, 1.25], "texture": "#0"},
				"west": {"uv": [0, 0, 4.75, 0.25], "texture": "#0"},
				"up": {"uv": [0, 0.5, 4.75, 0.75], "rotation": 90, "texture": "#0"},
				"down": {"uv": [0, 0.75, 4.75, 1], "rotation": 90, "texture": "#0"}
			}
		},
		{
			"from": [5, 0, 2],
			"to": [10, 5, 3],
			"rotation": {"angle": 0, "axis": "y", "origin": [13, 8, 10]},
			"faces": {
				"north": {"uv": [0, 1.25, 1.25, 2.5], "texture": "#0"},
				"east": {"uv": [1.75, 1, 3, 1.25], "rotation": 90, "texture": "#0"},
				"south": {"uv": [0, 2.5, 1.25, 3.75], "texture": "#0"},
				"west": {"uv": [0.5, 1, 1.75, 1.25], "rotation": 90, "texture": "#0"},
				"up": {"uv": [3, 1, 4.25, 1.25], "texture": "#0"},
				"down": {"uv": [1.25, 1.25, 2.5, 1.5], "texture": "#0"}
			}
		},
		{
			"from": [5, 0, -4],
			"to": [10, 5, -3],
			"rotation": {"angle": 0, "axis": "y", "origin": [13, 8, 4]},
			"faces": {
				"north": {"uv": [0, 3.75, 1.25, 5], "texture": "#0"},
				"east": {"uv": [1.25, 1.5, 2.5, 1.75], "rotation": 90, "texture": "#0"},
				"south": {"uv": [0, 5, 1.25, 6.25], "texture": "#0"},
				"west": {"uv": [2.5, 1.25, 3.75, 1.5], "rotation": 90, "texture": "#0"},
				"up": {"uv": [2.5, 1.5, 3.75, 1.75], "texture": "#0"},
				"down": {"uv": [1.25, 1.75, 2.5, 2], "texture": "#0"}
			}
		},
		{
			"from": [5, 0, 9],
			"to": [10, 5, 10],
			"rotation": {"angle": 0, "axis": "y", "origin": [13, 8, 17]},
			"faces": {
				"north": {"uv": [0, 6.25, 1.25, 7.5], "texture": "#0"},
				"east": {"uv": [1.25, 2, 2.5, 2.25], "rotation": 90, "texture": "#0"},
				"south": {"uv": [0, 7.5, 1.25, 8.75], "texture": "#0"},
				"west": {"uv": [2.5, 1.75, 3.75, 2], "rotation": 90, "texture": "#0"},
				"up": {"uv": [2.5, 2, 3.75, 2.25], "texture": "#0"},
				"down": {"uv": [1.25, 2.5, 2.5, 2.75], "texture": "#0"}
			}
		},
		{
			"from": [5, 5, -11],
			"to": [10, 6, -4],
			"rotation": {"angle": 0, "axis": "y", "origin": [13, 9, 1]},
			"faces": {
				"north": {"uv": [1.25, 2.25, 2.5, 2.5], "texture": "#0"},
				"east": {"uv": [4.75, 0.25, 6.5, 0.5], "texture": "#0"},
				"south": {"uv": [2.5, 2.25, 3.75, 2.5], "texture": "#0"},
				"west": {"uv": [4.75, 0, 6.5, 0.25], "texture": "#0"},
				"up": {"uv": [1.25, 3.75, 2.5, 5.5], "texture": "#0"},
				"down": {"uv": [1.25, 5.5, 2.5, 7.25], "texture": "#0"}
			}
		},
		{
			"from": [5, -1, -11],
			"to": [10, 0, -4],
			"rotation": {"angle": 0, "axis": "y", "origin": [13, 3, 1]},
			"faces": {
				"north": {"uv": [1.25, 2.75, 2.5, 3], "texture": "#0"},
				"east": {"uv": [4.75, 0.5, 6.5, 0.75], "texture": "#0"},
				"south": {"uv": [2.5, 2.5, 3.75, 2.75], "texture": "#0"},
				"west": {"uv": [4.75, 0.75, 6.5, 1], "texture": "#0"},
				"up": {"uv": [1.25, 7.25, 2.5, 9], "texture": "#0"},
				"down": {"uv": [1.25, 9, 2.5, 10.75], "texture": "#0"}
			}
		},
		{
			"from": [10, 0, -11],
			"to": [11, 5, -4],
			"rotation": {"angle": 0, "axis": "y", "origin": [14, 4, 1]},
			"faces": {
				"north": {"uv": [2.5, 2.75, 3.75, 3], "rotation": 90, "texture": "#0"},
				"east": {"uv": [0, 10.5, 1.25, 12.25], "rotation": 90, "texture": "#0"},
				"south": {"uv": [1.25, 3, 2.5, 3.25], "rotation": 90, "texture": "#0"},
				"west": {"uv": [0, 8.75, 1.25, 10.5], "rotation": 90, "texture": "#0"},
				"up": {"uv": [6.5, 0, 8.25, 0.25], "rotation": 90, "texture": "#0"},
				"down": {"uv": [6.5, 0.25, 8.25, 0.5], "rotation": 90, "texture": "#0"}
			}
		},
		{
			"from": [4, 0, -11],
			"to": [5, 5, -4],
			"rotation": {"angle": 0, "axis": "y", "origin": [8, 4, 1]},
			"faces": {
				"north": {"uv": [1.25, 3.25, 2.5, 3.5], "rotation": 90, "texture": "#0"},
				"east": {"uv": [0, 12.25, 1.25, 14], "rotation": 90, "texture": "#0"},
				"south": {"uv": [2.5, 3, 3.75, 3.25], "rotation": 90, "texture": "#0"},
				"west": {"uv": [0, 14, 1.25, 15.75], "rotation": 90, "texture": "#0"},
				"up": {"uv": [6.5, 0.75, 8.25, 1], "rotation": 90, "texture": "#0"},
				"down": {"uv": [6.5, 0.5, 8.25, 0.75], "rotation": 90, "texture": "#0"}
			}
		},
		{
			"from": [6, 1, 10],
			"to": [9, 4, 11],
			"rotation": {"angle": 0, "axis": "y", "origin": [14, 9, 18]},
			"faces": {
				"north": {"uv": [2.5, 3.75, 3.25, 4.5], "texture": "#0"},
				"east": {"uv": [3.5, 3.75, 3.75, 4.5], "texture": "#0"},
				"south": {"uv": [2.5, 4.5, 3.25, 5.25], "texture": "#0"},
				"west": {"uv": [3.25, 3.75, 3.5, 4.5], "texture": "#0"},
				"up": {"uv": [3.75, 3.75, 4, 4.5], "rotation": 90, "texture": "#0"},
				"down": {"uv": [4, 3.75, 4.25, 4.5], "rotation": 90, "texture": "#0"}
			}
		},
		{
			"from": [5, 0, 11],
			"to": [10, 4, 16],
			"rotation": {"angle": 0, "axis": "y", "origin": [15, 8, 19]},
			"faces": {
				"north": {"uv": [1.25, 14.75, 2.5, 15.75], "texture": "#0"},
				"east": {"uv": [1.25, 11.75, 2.5, 12.75], "texture": "#0"},
				"south": {"uv": [1.25, 13.75, 2.5, 14.75], "texture": "#0"},
				"west": {"uv": [1.25, 12.75, 2.5, 13.75], "texture": "#0"},
				"up": {"uv": [2.5, 14.75, 3.75, 16], "texture": "#0"},
				"down": {"uv": [2.5, 13.5, 3.75, 14.75], "texture": "#0"}
			}
		},
		{
			"from": [4, -1, 13],
			"to": [6, 1, 17],
			"rotation": {"angle": 0, "axis": "y", "origin": [12, 8, 21]},
			"faces": {
				"north": {"uv": [2.5, 3.25, 3, 3.75], "texture": "#0"},
				"east": {"uv": [4.5, 3.25, 5.5, 3.75], "texture": "#0"},
				"south": {"uv": [3, 3.25, 3.5, 3.75], "texture": "#0"},
				"west": {"uv": [3.5, 3.25, 4.5, 3.75], "texture": "#0"},
				"up": {"uv": [3.75, 2.75, 4.75, 3.25], "rotation": 90, "texture": "#0"},
				"down": {"uv": [3.75, 2.25, 4.75, 2.75], "rotation": 90, "texture": "#0"}
			}
		},
		{
			"from": [7, 2, 16],
			"to": [8, 3, 20],
			"rotation": {"angle": 0, "axis": "y", "origin": [15, 10, 24]},
			"faces": {
				"north": {"uv": [1.25, 3.5, 1.5, 3.75], "texture": "#0"},
				"east": {"uv": [1, 15.75, 2, 16], "texture": "#0"},
				"south": {"uv": [1.5, 3.5, 1.75, 3.75], "texture": "#0"},
				"west": {"uv": [0, 15.75, 1, 16], "texture": "#0"},
				"up": {"uv": [3.75, 2, 4.75, 2.25], "rotation": 90, "texture": "#0"},
				"down": {"uv": [3.75, 1.75, 4.75, 2], "rotation": 90, "texture": "#0"}
			}
		},
		{
			"from": [7, 4, 18],
			"to": [8, 5, 22],
			"rotation": {"angle": 0, "axis": "y", "origin": [15, 12, 26]},
			"faces": {
				"north": {"uv": [1.75, 3.5, 2, 3.75], "texture": "#0"},
				"east": {"uv": [3.75, 1.25, 4.75, 1.5], "texture": "#0"},
				"south": {"uv": [2, 3.5, 2.25, 3.75], "texture": "#0"},
				"west": {"uv": [3.75, 1.5, 4.75, 1.75], "texture": "#0"},
				"up": {"uv": [4.25, 1, 5.25, 1.25], "rotation": 90, "texture": "#0"},
				"down": {"uv": [5.25, 1, 6.25, 1.25], "rotation": 90, "texture": "#0"}
			}
		},
		{
			"from": [5.5, 4, 8],
			"to": [6.5, 7, 9],
			"rotation": {"angle": 0, "axis": "y", "origin": [13.5, 12, 16]},
			"faces": {
				"north": {"uv": [8.25, 0, 9, 0.25], "rotation": 90, "texture": "#0"},
				"east": {"uv": [8.25, 0.75, 9, 1], "rotation": 90, "texture": "#0"},
				"south": {"uv": [8.25, 0.25, 9, 0.5], "rotation": 90, "texture": "#0"},
				"west": {"uv": [8.25, 0.5, 9, 0.75], "rotation": 90, "texture": "#0"},
				"up": {"uv": [2, 15.75, 2.25, 16], "texture": "#0"},
				"down": {"uv": [2.25, 15.75, 2.5, 16], "texture": "#0"}
			}
		},
		{
			"from": [6.5, 6, 8],
			"to": [8.5, 7, 9],
			"rotation": {"angle": 0, "axis": "y", "origin": [13.5, 12, 16]},
			"faces": {
				"north": {"uv": [9, 0, 9.5, 0.25], "texture": "#0"},
				"east": {"uv": [6.5, 1, 6.75, 1.25], "texture": "#0"},
				"south": {"uv": [9, 0.25, 9.5, 0.5], "texture": "#0"},
				"west": {"uv": [6.25, 1, 6.5, 1.25], "texture": "#0"},
				"up": {"uv": [9, 0.5, 9.5, 0.75], "texture": "#0"},
				"down": {"uv": [9, 0.75, 9.5, 1], "texture": "#0"}
			}
		},
		{
			"from": [8.5, 4, 8],
			"to": [9.5, 7, 9],
			"rotation": {"angle": 0, "axis": "y", "origin": [16.5, 12, 16]},
			"faces": {
				"north": {"uv": [9.5, 0, 10.25, 0.25], "rotation": 90, "texture": "#0"},
				"east": {"uv": [9.5, 0.75, 10.25, 1], "rotation": 90, "texture": "#0"},
				"south": {"uv": [9.5, 0.25, 10.25, 0.5], "rotation": 90, "texture": "#0"},
				"west": {"uv": [9.5, 0.5, 10.25, 0.75], "rotation": 90, "texture": "#0"},
				"up": {"uv": [6.75, 1, 7, 1.25], "texture": "#0"},
				"down": {"uv": [7, 1, 7.25, 1.25], "texture": "#0"}
			}
		},
		{
			"from": [7, 4.5, 10],
			"to": [8, 5.5, 17],
			"rotation": {"angle": 0, "axis": "y", "origin": [15, 12.5, 18]},
			"faces": {
				"north": {"uv": [7.25, 1, 7.5, 1.25], "texture": "#0"},
				"east": {"uv": [10.25, 0.25, 12, 0.5], "texture": "#0"},
				"south": {"uv": [7.5, 1, 7.75, 1.25], "texture": "#0"},
				"west": {"uv": [10.25, 0, 12, 0.25], "texture": "#0"},
				"up": {"uv": [10.25, 0.5, 12, 0.75], "rotation": 90, "texture": "#0"},
				"down": {"uv": [10.25, 0.75, 12, 1], "rotation": 90, "texture": "#0"}
			}
		},
		{
			"from": [7, 3, 17],
			"to": [8, 5, 18],
			"rotation": {"angle": 0, "axis": "y", "origin": [15, 12, 25]},
			"faces": {
				"north": {"uv": [12, 0, 12.5, 0.25], "rotation": 90, "texture": "#0"},
				"east": {"uv": [12, 0.75, 12.5, 1], "rotation": 90, "texture": "#0"},
				"south": {"uv": [12, 0.25, 12.5, 0.5], "rotation": 90, "texture": "#0"},
				"west": {"uv": [12, 0.5, 12.5, 0.75], "rotation": 90, "texture": "#0"},
				"up": {"uv": [7.75, 1, 8, 1.25], "texture": "#0"},
				"down": {"uv": [8, 1, 8.25, 1.25], "texture": "#0"}
			}
		},
		{
			"from": [6.5, 5, 20],
			"to": [8.5, 9, 22],
			"rotation": {"angle": 0, "axis": "y", "origin": [15.5, 13, 29]},
			"faces": {
				"north": {"uv": [12.5, 0, 13.5, 0.5], "rotation": 90, "texture": "#0"},
				"east": {"uv": [13.5, 0.5, 14.5, 1], "rotation": 90, "texture": "#0"},
				"south": {"uv": [12.5, 0.5, 13.5, 1], "rotation": 90, "texture": "#0"},
				"west": {"uv": [13.5, 0, 14.5, 0.5], "rotation": 90, "texture": "#0"},
				"up": {"uv": [14.5, 0, 15, 0.5], "texture": "#0"},
				"down": {"uv": [14.5, 0.5, 15, 1], "texture": "#0"}
			}
		},
		{
			"from": [10, 1, 12.25],
			"to": [10.5, 3, 14.75],
			"rotation": {"angle": 0, "axis": "y", "origin": [18, 11, 22.25]},
			"faces": {
				"north": {"uv": [4.75, 1.25, 5.75, 1.5], "rotation": 90, "texture": "#0"},
				"east": {"uv": [6, 1.5, 7.25, 2.5], "texture": "#0"},
				"south": {"uv": [5.75, 1.25, 6.75, 1.5], "rotation": 90, "texture": "#0"},
				"west": {"uv": [4.75, 1.5, 6, 2.5], "texture": "#0"},
				"up": {"uv": [6.75, 1.25, 8, 1.5], "rotation": 90, "texture": "#0"},
				"down": {"uv": [8, 1.25, 9.25, 1.5], "rotation": 90, "texture": "#0"}
			}
		},
		{
			"from": [10, 0, 12.25],
			"to": [10.5, 1, 13.25],
			"rotation": {"angle": 0, "axis": "y", "origin": [18, 9, 20.25]},
			"faces": {
				"north": {"uv": [8.25, 1, 8.75, 1.25], "rotation": 90, "texture": "#0"},
				"east": {"uv": [9.25, 1.25, 9.75, 1.75], "texture": "#0"},
				"south": {"uv": [8.75, 1, 9.25, 1.25], "rotation": 90, "texture": "#0"},
				"west": {"uv": [9.75, 1.25, 10.25, 1.75], "texture": "#0"},
				"up": {"uv": [9.25, 1, 9.75, 1.25], "rotation": 90, "texture": "#0"},
				"down": {"uv": [9.75, 1, 10.25, 1.25], "rotation": 90, "texture": "#0"}
			}
		},
		{
			"from": [10, -0.5, 12.75],
			"to": [10.5, 0, 13.25],
			"rotation": {"angle": 0, "axis": "y", "origin": [18, 9.5, 20.75]},
			"faces": {
				"north": {"uv": [10.25, 1, 10.5, 1.25], "texture": "#0"},
				"east": {"uv": [11, 1, 11.25, 1.25], "texture": "#0"},
				"south": {"uv": [10.5, 1, 10.75, 1.25], "texture": "#0"},
				"west": {"uv": [10.75, 1, 11, 1.25], "texture": "#0"},
				"up": {"uv": [11.25, 1, 11.5, 1.25], "texture": "#0"},
				"down": {"uv": [11.5, 1, 11.75, 1.25], "texture": "#0"}
			}
		},
		{
			"from": [10, -0.5, 13.75],
			"to": [10.5, 0, 14.25],
			"rotation": {"angle": 0, "axis": "y", "origin": [18, 9.5, 21.75]},
			"faces": {
				"north": {"uv": [11.75, 1, 12, 1.25], "texture": "#0"},
				"east": {"uv": [12.5, 1, 12.75, 1.25], "texture": "#0"},
				"south": {"uv": [12, 1, 12.25, 1.25], "texture": "#0"},
				"west": {"uv": [12.25, 1, 12.5, 1.25], "texture": "#0"},
				"up": {"uv": [12.75, 1, 13, 1.25], "texture": "#0"},
				"down": {"uv": [13, 1, 13.25, 1.25], "texture": "#0"}
			}
		},
		{
			"from": [10, 0, 13.75],
			"to": [10.5, 1, 14.75],
			"rotation": {"angle": 0, "axis": "y", "origin": [18, 9, 21.75]},
			"faces": {
				"north": {"uv": [13.25, 1, 13.75, 1.25], "rotation": 90, "texture": "#0"},
				"east": {"uv": [15, 0.5, 15.5, 1], "texture": "#0"},
				"south": {"uv": [13.75, 1, 14.25, 1.25], "rotation": 90, "texture": "#0"},
				"west": {"uv": [15, 0, 15.5, 0.5], "texture": "#0"},
				"up": {"uv": [14.25, 1, 14.75, 1.25], "rotation": 90, "texture": "#0"},
				"down": {"uv": [14.75, 1, 15.25, 1.25], "rotation": 90, "texture": "#0"}
			}
		},
		{
			"from": [10, 1, 14.75],
			"to": [10.5, 3, 15.25],
			"rotation": {"angle": 0, "axis": "y", "origin": [18, 10, 22.75]},
			"faces": {
				"north": {"uv": [15.75, 1, 16, 2], "texture": "#0"},
				"east": {"uv": [15.5, 0, 15.75, 1], "texture": "#0"},
				"south": {"uv": [15.5, 1, 15.75, 2], "texture": "#0"},
				"west": {"uv": [15.75, 0, 16, 1], "texture": "#0"},
				"up": {"uv": [15.25, 1, 15.5, 1.25], "texture": "#0"},
				"down": {"uv": [15.25, 1.25, 15.5, 1.5], "texture": "#0"}
			}
		},
		{
			"from": [10, 1, 11.75],
			"to": [10.5, 3, 12.25],
			"rotation": {"angle": 0, "axis": "y", "origin": [18, 10, 19.75]},
			"faces": {
				"north": {"uv": [15.5, 2, 15.75, 3], "texture": "#0"},
				"east": {"uv": [15.75, 3, 16, 4], "texture": "#0"},
				"south": {"uv": [15.75, 2, 16, 3], "texture": "#0"},
				"west": {"uv": [15.5, 3, 15.75, 4], "texture": "#0"},
				"up": {"uv": [15.25, 1.5, 15.5, 1.75], "texture": "#0"},
				"down": {"uv": [15.25, 1.75, 15.5, 2], "texture": "#0"}
			}
		},
		{
			"from": [10, 3, 12.25],
			"to": [10.5, 3.5, 14.75],
			"rotation": {"angle": 0, "axis": "y", "origin": [18, 8, 19.25]},
			"faces": {
				"north": {"uv": [15.25, 2.25, 15.5, 2.5], "texture": "#0"},
				"east": {"uv": [12.75, 1.25, 14, 1.5], "texture": "#0"},
				"south": {"uv": [15.25, 2, 15.5, 2.25], "texture": "#0"},
				"west": {"uv": [14, 1.25, 15.25, 1.5], "texture": "#0"},
				"up": {"uv": [15.5, 4, 15.75, 5.25], "texture": "#0"},
				"down": {"uv": [15.75, 4, 16, 5.25], "texture": "#0"}
			}
		},
		{
			"from": [7.25, 2.25, -10.5],
			"to": [8, 2.75, -9.75],
			"rotation": {"angle": 0, "axis": "x", "origin": [6.5, 2.25, -9.5]},
			"faces": {
				"north": {"uv": [7.25, 1.5, 7.625, 1.75], "texture": "#0"},
				"east": {"uv": [7.25, 2.25, 7.625, 2.5], "texture": "#0"},
				"south": {"uv": [7.25, 1.75, 7.625, 2], "texture": "#0"},
				"west": {"uv": [7.25, 2, 7.625, 2.25], "texture": "#0"},
				"up": {"uv": [7.25, 2.5, 7.625, 2.875], "texture": "#0"},
				"down": {"uv": [7.25, 2.875, 7.625, 3.25], "texture": "#0"}
			}
		},
		{
			"from": [7.5, 2.75, -10.5],
			"to": [7.75, 3, -9.75],
			"rotation": {"angle": 0, "axis": "x", "origin": [6.5, 2.25, -9.5]},
			"faces": {
				"north": {"uv": [7.625, 1.5, 7.75, 1.625], "texture": "#0"},
				"east": {"uv": [7.75, 1.625, 8.125, 1.75], "texture": "#0"},
				"south": {"uv": [7.625, 1.625, 7.75, 1.75], "texture": "#0"},
				"west": {"uv": [7.75, 1.5, 8.125, 1.625], "texture": "#0"},
				"up": {"uv": [7.75, 1.75, 7.875, 2.125], "texture": "#0"},
				"down": {"uv": [7.625, 1.75, 7.75, 2.125], "texture": "#0"}
			}
		},
		{
			"from": [7.5, 2, -10.5],
			"to": [7.75, 2.25, -9.75],
			"rotation": {"angle": 0, "axis": "x", "origin": [6.5, 1.5, -9.5]},
			"faces": {
				"north": {"uv": [7.625, 2.125, 7.75, 2.25], "texture": "#0"},
				"east": {"uv": [8.125, 2.125, 8.5, 2.25], "texture": "#0"},
				"south": {"uv": [7.625, 2.25, 7.75, 2.375], "texture": "#0"},
				"west": {"uv": [7.75, 2.125, 8.125, 2.25], "texture": "#0"},
				"up": {"uv": [7.875, 1.75, 8, 2.125], "texture": "#0"},
				"down": {"uv": [8, 1.75, 8.125, 2.125], "texture": "#0"}
			}
		},
		{
			"from": [7.5, 2.25, -11],
			"to": [7.75, 2.75, -10.5],
			"rotation": {"angle": 0, "axis": "x", "origin": [6.5, 2.25, -9.5]},
			"faces": {
				"north": {"uv": [15.25, 2.5, 15.5, 3], "texture": "#0"},
				"east": {"uv": [15, 4, 15.5, 4.5], "texture": "#0"},
				"south": {"uv": [15.25, 3, 15.5, 3.5], "texture": "#0"},
				"west": {"uv": [15, 3.5, 15.5, 4], "texture": "#0"},
				"up": {"uv": [15, 4.5, 15.25, 5], "texture": "#0"},
				"down": {"uv": [15.25, 4.5, 15.5, 5], "texture": "#0"}
			}
		},
		{
			"from": [7.5, 2.25, -9.75],
			"to": [7.75, 2.75, -9.5],
			"rotation": {"angle": 0, "axis": "x", "origin": [6.5, 2.25, -9.5]},
			"faces": {
				"north": {"uv": [15, 1.5, 15.25, 2], "texture": "#0"},
				"east": {"uv": [15, 3, 15.25, 3.5], "texture": "#0"},
				"south": {"uv": [15, 2, 15.25, 2.5], "texture": "#0"},
				"west": {"uv": [15, 2.5, 15.25, 3], "texture": "#0"},
				"up": {"uv": [15, 5, 15.25, 5.25], "texture": "#0"},
				"down": {"uv": [15.25, 5, 15.5, 5.25], "texture": "#0"}
			}
		}
	],
	"gui_light": "front",
	"display": {
		"thirdperson_righthand": {
			"rotation": [60.25, 0, 0],
			"translation": [0.5, -0.25, 2.25],
			"scale": [1.2, 1.2, 1.2]
		},
		"thirdperson_lefthand": {
			"rotation": [60.25, 0, 0],
			"translation": [-0.5, -0.25, 2.25],
			"scale": [1.2, 1.2, 1.2]
		},
		"firstperson_righthand": {
			"translation": [-8.5, 5, 0]
		},
		"firstperson_lefthand": {
			"translation": [-9.5, 5, 0]
		},
		"ground": {
			"rotation": [0, 0, 90]
		},
		"gui": {
			"rotation": [90, -45, 90],
			"translation": [-2.25, 0.25, 0],
			"scale": [0.5, 0.5, 0.5]
		},
		"fixed": {
			"rotation": [90, 45, -90],
			"translation": [2.25, 0.25, -1.25],
			"scale": [0.5, 0.5, 0.5]
		}
	}
}