{
	"credit": "Made with Blockbench",
	"texture_size": [64, 64],
	"textures": {
		"2": "item/gavel/revolver",
		"particle": "item/gavel/revolver"
	},
	"elements": [
		{
			"from": [6, 6.5, 1],
			"to": [8.5, 7, 3.5],
			"rotation": {"angle": 0, "axis": "y", "origin": [15, 14.5, 10]},
			"faces": {
				"north": {"uv": [0.75, 0.875, 1.375, 1], "texture": "#2"},
				"east": {"uv": [0, 1.625, 0.625, 1.75], "texture": "#2"},
				"south": {"uv": [0.75, 0.75, 1.375, 0.875], "texture": "#2"},
				"west": {"uv": [0, 0.125, 0.625, 0.25], "texture": "#2"},
				"up": {"uv": [0.75, 1, 1.375, 1.125], "texture": "#2"}
			}
		},
		{
			"from": [6.5, 1, 1.5],
			"to": [8, 1.5, 3],
			"rotation": {"angle": 0, "axis": "y", "origin": [15, 9, 10]},
			"faces": {
				"north": {"uv": [2.875, 0.5, 3.25, 0.625], "texture": "#2"},
				"east": {"uv": [2.375, 1.125, 2.75, 1.25], "texture": "#2"},
				"south": {"uv": [2.625, 0.625, 3, 0.75], "texture": "#2"},
				"west": {"uv": [4.375, 0.625, 4.75, 0.75], "texture": "#2"},
				"down": {"uv": [4, 0.625, 4.375, 1], "texture": "#2"}
			}
		},
		{
			"from": [6.5, 1.5, 3],
			"to": [8, 3, 3.5],
			"rotation": {"angle": 0, "axis": "y", "origin": [15, 10.5, 10.5]},
			"faces": {
				"east": {"uv": [5.125, 0, 5.25, 0.375], "texture": "#2"},
				"south": {"uv": [3.25, 0.625, 3.625, 1], "texture": "#2"},
				"west": {"uv": [3, 0.625, 3.125, 1], "texture": "#2"},
				"down": {"uv": [4.375, 0, 4.75, 0.125], "texture": "#2"}
			}
		},
		{
			"from": [6.5, 2.5, 0],
			"to": [8, 4.5, 0.5],
			"rotation": {"angle": 0, "axis": "y", "origin": [15, 12, 7.5]},
			"faces": {
				"north": {"uv": [3.25, 0, 3.625, 0.5], "texture": "#2"},
				"east": {"uv": [5, 0, 5.125, 0.5], "texture": "#2"},
				"west": {"uv": [3, 1, 3.125, 1.5], "texture": "#2"}
			}
		},
		{
			"from": [6.5, 2, 0],
			"to": [8, 2.5, 1],
			"rotation": {"angle": 0, "axis": "y", "origin": [15, 10, 7.5]},
			"faces": {
				"north": {"uv": [2.5, 0.375, 2.875, 0.5], "texture": "#2"},
				"east": {"uv": [1.875, 1.125, 2.125, 1.25], "texture": "#2"},
				"west": {"uv": [4, 1, 4.25, 1.125], "texture": "#2"},
				"down": {"uv": [4.375, 0.5, 4.75, 0.625], "texture": "#2"}
			}
		},
		{
			"from": [6.5, 1.5, 0.5],
			"to": [8, 2, 1.5],
			"rotation": {"angle": 0, "axis": "y", "origin": [15, 9.5, 8]},
			"faces": {
				"north": {"uv": [2.5, 0.5, 2.875, 0.625], "texture": "#2"},
				"east": {"uv": [2.125, 1.125, 2.375, 1.25], "texture": "#2"},
				"west": {"uv": [3.75, 1, 4, 1.125], "texture": "#2"},
				"down": {"uv": [4.375, 0.25, 4.75, 0.5], "texture": "#2"}
			}
		},
		{
			"from": [6.5, 4.5, 0],
			"to": [8, 5, 1],
			"rotation": {"angle": 0, "axis": "y", "origin": [15, 12.5, 7.5]},
			"faces": {
				"north": {"uv": [2.5, 0.25, 2.875, 0.375], "texture": "#2"},
				"east": {"uv": [4.375, 0.875, 4.625, 1], "texture": "#2"},
				"west": {"uv": [4.375, 0.75, 4.625, 0.875], "texture": "#2"},
				"up": {"uv": [4, 0.5, 4.375, 0.625], "texture": "#2"}
			}
		},
		{
			"from": [6.5, 3, 3.5],
			"to": [8, 7, 4],
			"rotation": {"angle": 0, "axis": "y", "origin": [15, 14.5, 11]},
			"faces": {
				"east": {"uv": [5.25, 0, 5.375, 1], "texture": "#2"},
				"south": {"uv": [3.625, 0, 4, 1], "texture": "#2"},
				"west": {"uv": [3.125, 0.625, 3.25, 1.625], "texture": "#2"},
				"up": {"uv": [2.625, 0.75, 3, 0.875], "texture": "#2"},
				"down": {"uv": [4.375, 0.125, 4.75, 0.25], "texture": "#2"}
			}
		},
		{
			"from": [6.5, 5, 0.5],
			"to": [8, 7, 1],
			"rotation": {"angle": 0, "axis": "y", "origin": [15, 14.5, 8]},
			"faces": {
				"north": {"uv": [2.875, 0, 3.25, 0.5], "texture": "#2"},
				"east": {"uv": [4.875, 0, 5, 0.5], "texture": "#2"},
				"west": {"uv": [4.75, 0, 4.875, 0.5], "texture": "#2"},
				"up": {"uv": [2.625, 1, 3, 1.125], "texture": "#2"}
			}
		},
		{
			"from": [6.5, 7, 1],
			"to": [8, 7.5, 1.5],
			"rotation": {"angle": 0, "axis": "y", "origin": [15, 15, 8.5]},
			"faces": {
				"north": {"uv": [2.5, 0.125, 2.875, 0.25], "texture": "#2"},
				"east": {"uv": [4.75, 0.5, 4.875, 0.625], "texture": "#2"},
				"west": {"uv": [0.5, 0, 0.625, 0.125], "texture": "#2"},
				"up": {"uv": [2.625, 0.875, 3, 1], "texture": "#2"}
			}
		},
		{
			"from": [6, 1.5, 1.5],
			"to": [8.5, 2, 3],
			"rotation": {"angle": 0, "axis": "y", "origin": [15, 9.5, 10]},
			"faces": {
				"north": {"uv": [2, 0.75, 2.625, 0.875], "texture": "#2"},
				"east": {"uv": [0, 2.875, 0.375, 3], "texture": "#2"},
				"south": {"uv": [2, 0.875, 2.625, 1], "texture": "#2"},
				"west": {"uv": [0, 1.375, 0.375, 1.5], "texture": "#2"},
				"down": {"uv": [2, 1, 2.625, 1.125], "texture": "#2"}
			}
		},
		{
			"from": [6, 2, 1],
			"to": [8.5, 2.5, 3],
			"rotation": {"angle": 0, "axis": "y", "origin": [15, 10, 10]},
			"faces": {
				"north": {"uv": [1.875, 0.375, 2.5, 0.5], "texture": "#2"},
				"east": {"uv": [0, 2.75, 0.5, 2.875], "texture": "#2"},
				"south": {"uv": [1.875, 0.5, 2.5, 0.625], "texture": "#2"},
				"west": {"uv": [0, 1.25, 0.5, 1.375], "texture": "#2"},
				"down": {"uv": [2, 0.625, 2.625, 0.75], "texture": "#2"}
			}
		},
		{
			"from": [6, 2.5, 0.5],
			"to": [8.5, 3, 3],
			"rotation": {"angle": 0, "axis": "y", "origin": [15, 10.5, 10]},
			"faces": {
				"north": {"uv": [1.875, 0.125, 2.5, 0.25], "texture": "#2"},
				"east": {"uv": [0, 2.625, 0.625, 2.75], "texture": "#2"},
				"south": {"uv": [1.875, 0.25, 2.5, 0.375], "texture": "#2"},
				"west": {"uv": [0, 1.125, 0.625, 1.25], "texture": "#2"}
			}
		},
		{
			"from": [6, 3, 0.5],
			"to": [8.5, 3.5, 3.5],
			"rotation": {"angle": 0, "axis": "y", "origin": [15, 11, 10]},
			"faces": {
				"north": {"uv": [1.125, 1.25, 1.75, 1.375], "texture": "#2"},
				"east": {"uv": [0, 2.5, 0.75, 2.625], "texture": "#2"},
				"south": {"uv": [1, 1.375, 1.625, 1.5], "texture": "#2"},
				"west": {"uv": [0, 1, 0.75, 1.125], "texture": "#2"},
				"down": {"uv": [1.875, 0, 2.5, 0.125], "texture": "#2"}
			}
		},
		{
			"from": [6, 3.5, 0.5],
			"to": [8.5, 4, 3.5],
			"rotation": {"angle": 0, "axis": "y", "origin": [15, 11.5, 10]},
			"faces": {
				"north": {"uv": [1.375, 1, 2, 1.125], "texture": "#2"},
				"east": {"uv": [0, 2.375, 0.75, 2.5], "texture": "#2"},
				"south": {"uv": [1.25, 1.125, 1.875, 1.25], "texture": "#2"},
				"west": {"uv": [0, 0.875, 0.75, 1], "texture": "#2"}
			}
		},
		{
			"from": [6, 4, 0.5],
			"to": [8.5, 4.5, 3.5],
			"rotation": {"angle": 0, "axis": "y", "origin": [15, 12, 10]},
			"faces": {
				"north": {"uv": [1.375, 0.75, 2, 0.875], "texture": "#2"},
				"east": {"uv": [0, 2.25, 0.75, 2.375], "texture": "#2"},
				"south": {"uv": [1.375, 0.875, 2, 1], "texture": "#2"},
				"west": {"uv": [0, 0.75, 0.75, 0.875], "texture": "#2"},
				"up": {"uv": [1.25, 0.625, 1.875, 0.75], "texture": "#2"}
			}
		},
		{
			"from": [6, 4.5, 1],
			"to": [8.5, 5, 3.5],
			"rotation": {"angle": 0, "axis": "y", "origin": [15, 12.5, 10]},
			"faces": {
				"north": {"uv": [1.25, 0.375, 1.875, 0.5], "texture": "#2"},
				"east": {"uv": [0, 2.125, 0.625, 2.25], "texture": "#2"},
				"south": {"uv": [1.25, 0.5, 1.875, 0.625], "texture": "#2"},
				"west": {"uv": [0, 0.625, 0.625, 0.75], "texture": "#2"}
			}
		},
		{
			"from": [6, 5, 1],
			"to": [8.5, 5.5, 3.5],
			"rotation": {"angle": 0, "axis": "y", "origin": [15, 13, 10]},
			"faces": {
				"north": {"uv": [1.25, 0.125, 1.875, 0.25], "texture": "#2"},
				"east": {"uv": [0, 2, 0.625, 2.125], "texture": "#2"},
				"south": {"uv": [1.25, 0.25, 1.875, 0.375], "texture": "#2"},
				"west": {"uv": [0, 0.5, 0.625, 0.625], "texture": "#2"}
			}
		},
		{
			"from": [6, 5.5, 1],
			"to": [8.5, 6, 3.5],
			"rotation": {"angle": 0, "axis": "y", "origin": [15, 13.5, 10]},
			"faces": {
				"north": {"uv": [0.375, 1.375, 1, 1.5], "texture": "#2"},
				"east": {"uv": [0, 1.875, 0.625, 2], "texture": "#2"},
				"south": {"uv": [1.25, 0, 1.875, 0.125], "texture": "#2"},
				"west": {"uv": [0, 0.375, 0.625, 0.5], "texture": "#2"}
			}
		},
		{
			"from": [6, 6, 1],
			"to": [8.5, 6.5, 3.5],
			"rotation": {"angle": 0, "axis": "y", "origin": [15, 14, 10]},
			"faces": {
				"north": {"uv": [0.5, 1.25, 1.125, 1.375], "texture": "#2"},
				"east": {"uv": [0, 1.75, 0.625, 1.875], "texture": "#2"},
				"south": {"uv": [0.625, 1.125, 1.25, 1.25], "texture": "#2"},
				"west": {"uv": [0, 0.25, 0.625, 0.375], "texture": "#2"}
			}
		},
		{
			"from": [6, 7, 1.5],
			"to": [8.5, 7.5, 3.5],
			"rotation": {"angle": 0, "axis": "y", "origin": [15, 15, 10]},
			"faces": {
				"north": {"uv": [0.625, 0.5, 1.25, 0.625], "texture": "#2"},
				"east": {"uv": [0, 1.5, 0.5, 1.625], "texture": "#2"},
				"south": {"uv": [0.625, 0.625, 1.25, 0.75], "texture": "#2"},
				"west": {"uv": [0, 0, 0.5, 0.125], "texture": "#2"},
				"up": {"uv": [0.625, 0, 1.25, 0.5], "texture": "#2"}
			}
		},
		{
			"from": [6.5, 7.5, 1.5],
			"to": [8, 8, 3.5],
			"rotation": {"angle": 0, "axis": "y", "origin": [15, 15.5, 10]},
			"faces": {
				"north": {"uv": [2.5, 0, 2.875, 0.125], "texture": "#2"},
				"east": {"uv": [3.25, 1.125, 3.75, 1.25], "texture": "#2"},
				"south": {"uv": [3.25, 0.5, 3.625, 0.625], "texture": "#2"},
				"west": {"uv": [3.25, 1, 3.75, 1.125], "texture": "#2"},
				"up": {"uv": [4, 0, 4.375, 0.5], "texture": "#2"}
			}
		},
		{
			"from": [6, 7, 3.5],
			"to": [8.5, 7.5, 8.5],
			"rotation": {"angle": 0, "axis": "y", "origin": [15, 15, 11]},
			"faces": {
				"north": {"uv": [1.25, 1.625, 1.875, 1.75], "texture": "#2"},
				"east": {"uv": [1.875, 1.625, 3.125, 1.75], "texture": "#2"},
				"south": {"uv": [1.25, 1.75, 1.875, 1.875], "texture": "#2"},
				"west": {"uv": [0.5, 1.5, 1.75, 1.625], "texture": "#2"},
				"up": {"uv": [5.375, 0, 6, 1.25], "texture": "#2"},
				"down": {"uv": [6.875, 0, 7.5, 1.25], "texture": "#2"}
			}
		},
		{
			"from": [6.5, 6.5, 4],
			"to": [8, 7, 8.5],
			"rotation": {"angle": 0, "axis": "y", "origin": [15, 14.5, 11]},
			"faces": {
				"north": {"uv": [2.5, 1.5, 2.875, 1.625], "texture": "#2"},
				"east": {"uv": [4.25, 1, 5.375, 1.125], "texture": "#2"},
				"south": {"uv": [6, 0.5, 6.375, 0.625], "texture": "#2"},
				"west": {"uv": [1.625, 1.375, 2.75, 1.5], "texture": "#2"},
				"down": {"uv": [1.375, 1.875, 1.75, 2], "texture": "#2"}
			}
		},
		{
			"from": [6.5, 6, 4],
			"to": [8, 6.5, 8],
			"rotation": {"angle": 0, "axis": "y", "origin": [15, 14, 11]},
			"faces": {
				"north": {"uv": [2.125, 1.5, 2.5, 1.625], "texture": "#2"},
				"east": {"uv": [3.75, 1.125, 4.75, 1.25], "texture": "#2"},
				"south": {"uv": [6, 0.625, 6.375, 0.75], "texture": "#2"},
				"west": {"uv": [1.75, 1.25, 2.75, 1.375], "texture": "#2"},
				"down": {"uv": [6.5, 0, 6.875, 1], "texture": "#2"}
			}
		},
		{
			"from": [7, 5, 4.5],
			"to": [7.5, 6, 5],
			"rotation": {"angle": 0, "axis": "y", "origin": [15, 13, 12]},
			"faces": {
				"north": {"uv": [4.875, 0.5, 5, 0.75], "texture": "#2"},
				"east": {"uv": [6.375, 0, 6.5, 0.25], "texture": "#2"},
				"south": {"uv": [2.875, 1.25, 3, 1.5], "texture": "#2"},
				"west": {"uv": [2.75, 1.125, 2.875, 1.375], "texture": "#2"},
				"down": {"uv": [0, 0, 0.125, 0.125], "texture": "#2"}
			}
		},
		{
			"from": [6.5, 4.5, 6],
			"to": [8, 6, 6.5],
			"rotation": {"angle": 0, "axis": "y", "origin": [15, 13.5, 13.5]},
			"faces": {
				"north": {"uv": [0, 3.125, 0.375, 3.5], "texture": "#2"},
				"east": {"uv": [6.375, 0.25, 6.5, 0.625], "texture": "#2"},
				"south": {"uv": [6, 0.75, 6.375, 1.125], "texture": "#2"},
				"west": {"uv": [0.625, 1.875, 0.75, 2.25], "texture": "#2"},
				"down": {"uv": [1, 2.125, 1.375, 2.25], "texture": "#2"}
			}
		},
		{
			"from": [6, 7.5, 3.5],
			"to": [8.5, 8.5, 4.5],
			"rotation": {"angle": 0, "axis": "y", "origin": [15, 16, 10.5]},
			"faces": {
				"north": {"uv": [0.625, 1.625, 1.25, 1.875], "texture": "#2"},
				"east": {"uv": [0.75, 2.125, 1, 2.375], "texture": "#2"},
				"south": {"uv": [4.625, 0.75, 5.25, 1], "texture": "#2"},
				"west": {"uv": [5, 0.5, 5.25, 0.75], "texture": "#2"},
				"up": {"uv": [0.75, 1.875, 1.375, 2.125], "texture": "#2"}
			}
		},
		{
			"from": [7, 4.5, 5],
			"to": [7.5, 5, 5.5],
			"rotation": {"angle": 0, "axis": "y", "origin": [15, 12.5, 12]},
			"faces": {
				"north": {"uv": [2.875, 1.125, 3, 1.25], "texture": "#2"},
				"east": {"uv": [5.25, 1.125, 5.375, 1.25], "texture": "#2"},
				"south": {"uv": [4.75, 0.625, 4.875, 0.75], "texture": "#2"},
				"west": {"uv": [5.125, 0.375, 5.25, 0.5], "texture": "#2"},
				"up": {"uv": [2.75, 1.375, 2.875, 1.5], "texture": "#2"}
			}
		},
		{
			"from": [6.5, 4, 4],
			"to": [8, 4.5, 6],
			"rotation": {"angle": 0, "axis": "y", "origin": [15, 12, 11]},
			"faces": {
				"north": {"uv": [1.75, 1.5, 2.125, 1.625], "texture": "#2"},
				"east": {"uv": [4.75, 1.125, 5.25, 1.25], "texture": "#2"},
				"south": {"uv": [6, 1.125, 6.375, 1.25], "texture": "#2"},
				"west": {"uv": [0, 3, 0.5, 3.125], "texture": "#2"},
				"up": {"uv": [6, 0, 6.375, 0.5], "texture": "#2"},
				"down": {"uv": [3.25, 1.25, 3.625, 1.75], "texture": "#2"}
			}
		},
		{
			"from": [6, 7.5, 4.5],
			"to": [8.5, 10.5, 5],
			"rotation": {"angle": 0, "axis": "y", "origin": [14.25, 18, 12]},
			"faces": {
				"north": {"uv": [8.875, 0, 9.5, 0.75], "texture": "#2"},
				"east": {"uv": [10.125, 0, 10.25, 0.75], "texture": "#2"},
				"south": {"uv": [8.25, 0, 8.875, 0.75], "texture": "#2"},
				"west": {"uv": [7.5, 0, 7.625, 0.75], "texture": "#2"}
			}
		},
		{
			"from": [6, 7.5, 8],
			"to": [8.5, 10.5, 8.5],
			"rotation": {"angle": 0, "axis": "y", "origin": [14.25, 18, 15.5]},
			"faces": {
				"north": {"uv": [9.5, 0, 10.125, 0.75], "texture": "#2"},
				"east": {"uv": [10.25, 0, 10.375, 0.75], "texture": "#2"},
				"south": {"uv": [7.625, 0, 8.25, 0.75], "texture": "#2"},
				"west": {"uv": [6.375, 0.625, 6.5, 1.375], "texture": "#2"}
			}
		},
		{
			"from": [6.5, 8, 2],
			"to": [8, 8.5, 3.5],
			"rotation": {"angle": 0, "axis": "y", "origin": [15, 16, 10]},
			"faces": {
				"north": {"uv": [2.5, 1.75, 2.875, 1.875], "texture": "#2"},
				"east": {"uv": [7.625, 0.875, 8, 1], "texture": "#2"},
				"south": {"uv": [2.875, 1.75, 3.25, 1.875], "texture": "#2"},
				"west": {"uv": [8.125, 0.75, 8.5, 0.875], "texture": "#2"},
				"up": {"uv": [10, 1.125, 10.375, 1.25], "texture": "#2"},
				"down": {"uv": [9.625, 0.875, 10, 1.25], "texture": "#2"}
			}
		},
		{
			"from": [6.5, 8.5, 2.5],
			"to": [8, 9, 4.5],
			"rotation": {"angle": 0, "axis": "y", "origin": [15, 16.5, 10]},
			"faces": {
				"north": {"uv": [2.125, 1.75, 2.5, 1.875], "texture": "#2"},
				"east": {"uv": [8, 0.875, 8.5, 1], "texture": "#2"},
				"south": {"uv": [9.625, 0.75, 10, 0.875], "texture": "#2"},
				"west": {"uv": [7.625, 0.75, 8.125, 0.875], "texture": "#2"},
				"up": {"uv": [11.125, 0, 11.5, 0.5], "texture": "#2"},
				"down": {"uv": [6.5, 1, 6.875, 1.5], "texture": "#2"}
			}
		},
		{
			"from": [7, 9, 3],
			"to": [7.5, 9.5, 4],
			"rotation": {"angle": 0, "axis": "y", "origin": [15, 17, 10]},
			"faces": {
				"north": {"uv": [6.125, 1.25, 6.25, 1.375], "texture": "#2"},
				"east": {"uv": [8.5, 0.875, 8.75, 1], "texture": "#2"},
				"west": {"uv": [2.875, 1.5, 3.125, 1.625], "texture": "#2"},
				"up": {"uv": [11, 0.625, 11.125, 0.75], "texture": "#2"}
			}
		},
		{
			"from": [7, 9.5, 2.5],
			"to": [7.5, 10, 3.5],
			"rotation": {"angle": 0, "axis": "y", "origin": [15, 17.5, 9.5]},
			"faces": {
				"north": {"uv": [9, 1, 9.125, 1.125], "texture": "#2"},
				"east": {"uv": [8.75, 0.875, 9, 1], "texture": "#2"},
				"south": {"uv": [3.25, 1.75, 3.375, 1.875], "texture": "#2"},
				"west": {"uv": [8.5, 0.75, 8.75, 0.875], "texture": "#2"},
				"up": {"uv": [11, 0.75, 11.125, 0.875], "texture": "#2"},
				"down": {"uv": [11, 0, 11.125, 0.25], "texture": "#2"}
			}
		},
		{
			"from": [6.5, 9, 4],
			"to": [8, 10.5, 4.5],
			"rotation": {"angle": 0, "axis": "y", "origin": [15, 17.5, 11]},
			"faces": {
				"north": {"uv": [9.25, 0.75, 9.625, 1.125], "texture": "#2"},
				"east": {"uv": [9.125, 0.75, 9.25, 1.125], "texture": "#2"},
				"south": {"uv": [10, 0.75, 10.375, 1.125], "texture": "#2"},
				"west": {"uv": [7.5, 0.75, 7.625, 1.125], "texture": "#2"}
			}
		},
		{
			"from": [6.5, 11, 3.5],
			"to": [8, 11.5, 4],
			"rotation": {"angle": 0, "axis": "y", "origin": [15, 19, 10.5]},
			"faces": {
				"north": {"uv": [8, 1, 8.375, 1.125], "texture": "#2"},
				"east": {"uv": [2, 1.75, 2.125, 1.875], "texture": "#2"},
				"south": {"uv": [4.25, 1.375, 4.625, 1.5], "texture": "#2"},
				"west": {"uv": [0.375, 2.875, 0.5, 3], "texture": "#2"},
				"up": {"uv": [4.625, 1.375, 5, 1.5], "texture": "#2"}
			}
		},
		{
			"from": [7, 11, 4],
			"to": [7.5, 11.5, 4.5],
			"rotation": {"angle": 0, "axis": "y", "origin": [15, 19, 11]},
			"faces": {
				"east": {"uv": [1.875, 1.75, 2, 1.875], "texture": "#2"},
				"south": {"uv": [6.25, 1.25, 6.375, 1.375], "texture": "#2"},
				"west": {"uv": [3.125, 1.625, 3.25, 1.75], "texture": "#2"},
				"up": {"uv": [11.125, 0.5, 11.25, 0.625], "texture": "#2"}
			}
		},
		{
			"from": [6, 10.5, 3.5],
			"to": [8.5, 11, 8.5],
			"rotation": {"angle": 0, "axis": "y", "origin": [15, 18.5, 11]},
			"faces": {
				"north": {"uv": [8.375, 1, 9, 1.125], "texture": "#2"},
				"east": {"uv": [4.875, 1.25, 6.125, 1.375], "texture": "#2"},
				"south": {"uv": [3.625, 1.375, 4.25, 1.5], "texture": "#2"},
				"west": {"uv": [3.625, 1.25, 4.875, 1.375], "texture": "#2"},
				"up": {"uv": [11.125, 0.625, 11.75, 1.875], "texture": "#2"},
				"down": {"uv": [10.375, 0, 11, 1.25], "texture": "#2"}
			}
		},
		{
			"from": [7, 10, 1.5],
			"to": [7.5, 10.5, 3],
			"rotation": {"angle": 0, "axis": "y", "origin": [15, 18, 9]},
			"faces": {
				"north": {"uv": [9, 0.875, 9.125, 1], "texture": "#2"},
				"east": {"uv": [7.625, 1, 8, 1.125], "texture": "#2"},
				"south": {"uv": [3.375, 1.75, 3.5, 1.875], "texture": "#2"},
				"west": {"uv": [8.75, 0.75, 9.125, 0.875], "texture": "#2"},
				"up": {"uv": [11, 0.875, 11.125, 1.25], "texture": "#2"},
				"down": {"uv": [11, 0.25, 11.125, 0.625], "texture": "#2"}
			}
		},
		{
			"from": [6, 6.5, 9.5],
			"to": [6.5, 7, 10],
			"rotation": {"angle": 0, "axis": "y", "origin": [14, 14.5, 17.5]},
			"faces": {
				"north": {"uv": [0, 9.5, 0.125, 9.625], "texture": "#2"},
				"east": {"uv": [1.125, 9.625, 1.25, 9.75], "texture": "#2"},
				"south": {"uv": [0, 8.375, 0.125, 8.5], "texture": "#2"},
				"west": {"uv": [4.375, 4.375, 4.5, 4.5], "texture": "#2"},
				"down": {"uv": [1.125, 9.75, 1.25, 9.875], "texture": "#2"}
			}
		},
		{
			"from": [6, 6.5, 10.5],
			"to": [6.5, 7, 11],
			"rotation": {"angle": 0, "axis": "y", "origin": [14, 14.5, 18.5]},
			"faces": {
				"north": {"uv": [0, 9.75, 0.125, 9.875], "texture": "#2"},
				"east": {"uv": [1.125, 9.5, 1.25, 9.625], "texture": "#2"},
				"south": {"uv": [0, 8.125, 0.125, 8.25], "texture": "#2"},
				"west": {"uv": [4.625, 4.375, 4.75, 4.5], "texture": "#2"},
				"down": {"uv": [1.25, 9.75, 1.375, 9.875], "texture": "#2"}
			}
		},
		{
			"from": [5.5, 7.5, 10.5],
			"to": [6, 8, 11.5],
			"rotation": {"angle": 0, "axis": "y", "origin": [13.5, 15.5, 17]},
			"faces": {
				"north": {"uv": [0, 9.25, 0.125, 9.375], "texture": "#2"},
				"south": {"uv": [0, 7.875, 0.125, 8], "texture": "#2"},
				"west": {"uv": [4.625, 4.125, 4.875, 4.25], "texture": "#2"},
				"down": {"uv": [1, 9.625, 1.125, 9.875], "texture": "#2"}
			}
		},
		{
			"from": [6, 7, 10.5],
			"to": [6.5, 7.5, 11.5],
			"rotation": {"angle": 0, "axis": "y", "origin": [14, 15, 17]},
			"faces": {
				"north": {"uv": [0, 9.625, 0.125, 9.75], "texture": "#2"},
				"south": {"uv": [0, 8, 0.125, 8.125], "texture": "#2"},
				"west": {"uv": [4.625, 4.25, 4.875, 4.375], "texture": "#2"},
				"down": {"uv": [0.875, 9.625, 1, 9.875], "texture": "#2"}
			}
		},
		{
			"from": [5.5, 8, 8.5],
			"to": [6, 10, 12],
			"rotation": {"angle": 0, "axis": "y", "origin": [13.5, 17.5, 17]},
			"faces": {
				"north": {"uv": [0, 8.625, 0.125, 9.125], "texture": "#2"},
				"east": {"uv": [1.75, 7, 2.625, 7.5], "texture": "#2"},
				"south": {"uv": [0, 7.25, 0.125, 7.75], "texture": "#2"},
				"west": {"uv": [4.125, 3.625, 5, 4.125], "texture": "#2"},
				"up": {"uv": [1, 7.625, 1.125, 8.5], "texture": "#2"},
				"down": {"uv": [1, 8.5, 1.125, 9.375], "texture": "#2"}
			}
		},
		{
			"from": [6, 10, 9],
			"to": [6.5, 10.5, 11.5],
			"rotation": {"angle": 0, "axis": "y", "origin": [14, 18, 17]},
			"faces": {
				"north": {"uv": [0, 8.5, 0.125, 8.625], "texture": "#2"},
				"south": {"uv": [0, 7.125, 0.125, 7.25], "texture": "#2"},
				"west": {"uv": [4.25, 3.5, 4.875, 3.625], "texture": "#2"},
				"up": {"uv": [1, 7, 1.125, 7.625], "texture": "#2"}
			}
		},
		{
			"from": [5.5, 7.5, 9],
			"to": [6, 8, 10],
			"rotation": {"angle": 0, "axis": "y", "origin": [13.5, 15.5, 17]},
			"faces": {
				"north": {"uv": [0, 9.125, 0.125, 9.25], "texture": "#2"},
				"south": {"uv": [0, 7.75, 0.125, 7.875], "texture": "#2"},
				"west": {"uv": [4.25, 4.125, 4.5, 4.25], "texture": "#2"},
				"down": {"uv": [1, 9.375, 1.125, 9.625], "texture": "#2"}
			}
		},
		{
			"from": [6, 7, 9],
			"to": [6.5, 7.5, 10],
			"rotation": {"angle": 0, "axis": "y", "origin": [14, 15, 17]},
			"faces": {
				"north": {"uv": [0, 9.375, 0.125, 9.5], "texture": "#2"},
				"south": {"uv": [0, 8.25, 0.125, 8.375], "texture": "#2"},
				"west": {"uv": [4.25, 4.25, 4.5, 4.375], "texture": "#2"},
				"down": {"uv": [0.75, 9.625, 0.875, 9.875], "texture": "#2"}
			}
		},
		{
			"from": [6.5, 7, 8.5],
			"to": [8, 7.5, 12],
			"rotation": {"angle": 0, "axis": "y", "origin": [15, 15, 20]},
			"faces": {
				"north": {"uv": [2.75, 5.625, 3.125, 5.75], "texture": "#2"},
				"east": {"uv": [0, 5.75, 0.875, 5.875], "texture": "#2"},
				"south": {"uv": [2.875, 5.75, 3.25, 5.875], "texture": "#2"},
				"west": {"uv": [0, 4.25, 0.875, 4.375], "texture": "#2"},
				"down": {"uv": [1.75, 6, 2.125, 6.875], "texture": "#2"}
			}
		},
		{
			"from": [7, 7, 12],
			"to": [7.5, 7.5, 22.5],
			"rotation": {"angle": 0, "axis": "y", "origin": [15, 15, 24]},
			"faces": {
				"north": {"uv": [0, 0, 0.125, 0.125], "texture": "#2"},
				"east": {"uv": [0, 5.875, 2.625, 6], "texture": "#2"},
				"south": {"uv": [0, 6.5, 0.125, 6.625], "texture": "#2"},
				"west": {"uv": [0, 4.375, 2.625, 4.5], "texture": "#2"},
				"up": {"uv": [0.75, 7, 0.875, 9.625], "texture": "#2"},
				"down": {"uv": [0.875, 7, 1, 9.625], "texture": "#2"}
			}
		},
		{
			"from": [7, 7.5, 21],
			"to": [7.5, 8, 21.5],
			"rotation": {"angle": 0, "axis": "y", "origin": [15, 15, 24.5]},
			"faces": {
				"north": {"uv": [0, 7, 0.125, 7.125], "texture": "#2"},
				"east": {"uv": [2.625, 5.875, 2.75, 6], "texture": "#2"},
				"south": {"uv": [0, 6.375, 0.125, 6.5], "texture": "#2"},
				"west": {"uv": [2.625, 4.375, 2.75, 4.5], "texture": "#2"}
			}
		},
		{
			"from": [6, 7.5, 8.5],
			"to": [8.5, 8, 12.5],
			"rotation": {"angle": 0, "axis": "y", "origin": [15, 15.5, 20]},
			"faces": {
				"north": {"uv": [2.125, 5.625, 2.75, 5.75], "texture": "#2"},
				"east": {"uv": [0, 5.625, 1, 5.75], "texture": "#2"},
				"south": {"uv": [2.25, 5.75, 2.875, 5.875], "texture": "#2"},
				"west": {"uv": [0, 4.125, 1, 4.25], "texture": "#2"},
				"up": {"uv": [0.75, 6, 1.375, 7], "texture": "#2"},
				"down": {"uv": [2.125, 6, 2.75, 7], "texture": "#2"}
			}
		},
		{
			"from": [8, 9, 8.5],
			"to": [8.5, 9.5, 24],
			"rotation": {"angle": 0, "axis": "y", "origin": [15.75, 17.25, 20]},
			"faces": {
				"north": {"uv": [0, 6.75, 0.125, 6.875], "texture": "#2"},
				"east": {"uv": [0, 5.25, 3.875, 5.375], "texture": "#2"},
				"south": {"uv": [3.375, 5.875, 3.5, 6], "texture": "#2"},
				"west": {"uv": [0, 4.625, 3.875, 4.75], "texture": "#2"}
			}
		},
		{
			"from": [6, 9, 8.5],
			"to": [6.5, 9.5, 24],
			"rotation": {"angle": 0, "axis": "y", "origin": [13.75, 17.25, 20]},
			"faces": {
				"north": {"uv": [0, 6.875, 0.125, 7], "texture": "#2"},
				"east": {"uv": [0, 9.875, 3.875, 10], "texture": "#2"},
				"south": {"uv": [1.5, 5.75, 1.625, 5.875], "texture": "#2"},
				"west": {"uv": [0, 3.75, 3.875, 3.875], "texture": "#2"}
			}
		},
		{
			"from": [6.5, 10, 8.5],
			"to": [8, 10.5, 24],
			"rotation": {"angle": 0, "axis": "y", "origin": [14.75, 18.25, 20]},
			"faces": {
				"north": {"uv": [3.25, 5.75, 3.625, 5.875], "texture": "#2"},
				"east": {"uv": [0, 5, 3.875, 5.125], "texture": "#2"},
				"south": {"uv": [0.875, 5.75, 1.25, 5.875], "texture": "#2"},
				"west": {"uv": [0, 3.5, 3.875, 3.625], "texture": "#2"},
				"up": {"uv": [0.125, 6, 0.5, 9.875], "texture": "#2"},
				"down": {"uv": [3.375, 6, 3.5, 9.875], "texture": "#2"}
			}
		},
		{
			"from": [6.5, 8, 8.5],
			"to": [8, 8.5, 24],
			"rotation": {"angle": 0, "axis": "y", "origin": [14.75, 16.25, 20]},
			"faces": {
				"north": {"uv": [1.75, 5.625, 2.125, 5.75], "texture": "#2"},
				"east": {"uv": [0, 5.5, 3.875, 5.625], "texture": "#2"},
				"south": {"uv": [1.875, 5.75, 2.25, 5.875], "texture": "#2"},
				"west": {"uv": [0, 4, 3.875, 4.125], "texture": "#2"},
				"up": {"uv": [1.5, 5.875, 1.625, 9.75], "texture": "#2"},
				"down": {"uv": [2.75, 5.875, 3.125, 9.75], "texture": "#2"}
			}
		},
		{
			"from": [6, 9.5, 8.5],
			"to": [7, 10, 24],
			"rotation": {"angle": 0, "axis": "y", "origin": [14.25, 17.75, 20]},
			"faces": {
				"north": {"uv": [1, 5.625, 1.25, 5.75], "texture": "#2"},
				"east": {"uv": [0, 10.125, 3.875, 10.25], "texture": "#2"},
				"south": {"uv": [1.25, 5.75, 1.5, 5.875], "texture": "#2"},
				"west": {"uv": [0, 3.625, 3.875, 3.75], "texture": "#2"},
				"up": {"uv": [0.5, 6, 0.625, 9.875], "texture": "#2"},
				"down": {"uv": [3.625, 6, 3.75, 9.875], "texture": "#2"}
			}
		},
		{
			"from": [6, 8.5, 8.5],
			"to": [7, 9, 24],
			"rotation": {"angle": 0, "axis": "y", "origin": [14.25, 16.75, 20]},
			"faces": {
				"north": {"uv": [1.5, 5.625, 1.75, 5.75], "texture": "#2"},
				"east": {"uv": [0, 10, 3.875, 10.125], "texture": "#2"},
				"south": {"uv": [3.5, 5.875, 3.75, 6], "texture": "#2"},
				"west": {"uv": [0, 3.875, 3.875, 4], "texture": "#2"},
				"up": {"uv": [1.625, 5.875, 1.75, 9.75], "texture": "#2"},
				"down": {"uv": [3.25, 6, 3.375, 9.875], "texture": "#2"}
			}
		},
		{
			"from": [7.5, 9.5, 8.5],
			"to": [8.5, 10, 24],
			"rotation": {"angle": 0, "axis": "y", "origin": [15.75, 17.75, 20]},
			"faces": {
				"north": {"uv": [3.625, 5.75, 3.875, 5.875], "texture": "#2"},
				"east": {"uv": [0, 5.125, 3.875, 5.25], "texture": "#2"},
				"south": {"uv": [3.125, 5.875, 3.375, 6], "texture": "#2"},
				"west": {"uv": [0, 4.5, 3.875, 4.625], "texture": "#2"},
				"up": {"uv": [0.625, 6, 0.75, 9.875], "texture": "#2"},
				"down": {"uv": [3.5, 6, 3.625, 9.875], "texture": "#2"}
			}
		},
		{
			"from": [7.5, 8.5, 8.5],
			"to": [8.5, 9, 24],
			"rotation": {"angle": 0, "axis": "y", "origin": [15.75, 16.75, 20]},
			"faces": {
				"north": {"uv": [1.25, 5.625, 1.5, 5.75], "texture": "#2"},
				"east": {"uv": [0, 5.375, 3.875, 5.5], "texture": "#2"},
				"south": {"uv": [1.625, 5.75, 1.875, 5.875], "texture": "#2"},
				"west": {"uv": [0, 4.75, 3.875, 4.875], "texture": "#2"},
				"up": {"uv": [1.375, 6, 1.5, 9.875], "texture": "#2"},
				"down": {"uv": [3.125, 6, 3.25, 9.875], "texture": "#2"}
			}
		},
		{
			"from": [7, 10.5, 22.5],
			"to": [7.5, 11, 23.5],
			"rotation": {"angle": 0, "axis": "y", "origin": [15, 18.5, 20]},
			"faces": {
				"north": {"uv": [0, 6.625, 0.125, 6.75], "texture": "#2"},
				"east": {"uv": [0, 4.875, 0.25, 5], "texture": "#2"},
				"south": {"uv": [0, 6.25, 0.125, 6.375], "texture": "#2"},
				"west": {"uv": [5, 1.375, 5.25, 1.5], "texture": "#2"},
				"up": {"uv": [0, 6, 0.125, 6.25], "texture": "#2"},
				"down": {"uv": [0, 0, 0.125, 0.25], "texture": "#2"}
			}
		},
		{
			"from": [7, 8.5, 5],
			"to": [7.5, 9.5, 8],
			"rotation": {"angle": 0, "axis": "y", "origin": [15, 17, 13]},
			"faces": {
				"north": {"uv": [0.125, 11, 0.25, 11.25], "texture": "#2"},
				"east": {"uv": [1.125, 10.25, 1.875, 10.5], "texture": "#2"},
				"south": {"uv": [0.125, 10.75, 0.25, 11], "texture": "#2"},
				"west": {"uv": [0, 10.25, 0.75, 10.5], "texture": "#2"},
				"up": {"uv": [1.25, 10.875, 1.375, 11.625], "texture": "#2"},
				"down": {"uv": [1, 10.75, 1.125, 11.5], "texture": "#2"}
			}
		},
		{
			"from": [7, 8, 5.5],
			"to": [7.5, 10, 7],
			"rotation": {"angle": 0, "axis": "y", "origin": [15, 17.5, 13]},
			"faces": {
				"north": {"uv": [1.125, 10.5, 1.25, 11], "texture": "#2"},
				"east": {"uv": [0.25, 10.75, 0.625, 11.25], "texture": "#2"},
				"south": {"uv": [0, 10.75, 0.125, 11.25], "texture": "#2"},
				"west": {"uv": [0.75, 10.25, 1.125, 10.75], "texture": "#2"},
				"up": {"uv": [1.625, 10.5, 1.75, 10.875], "texture": "#2"},
				"down": {"uv": [1.125, 11, 1.25, 11.375], "texture": "#2"}
			}
		},
		{
			"from": [6.5, 8.5, 5.5],
			"to": [8, 9.5, 7],
			"rotation": {"angle": 0, "axis": "y", "origin": [14.5, 17, 13]},
			"faces": {
				"north": {"uv": [0.625, 11, 1, 11.25], "texture": "#2"},
				"east": {"uv": [0.625, 10.75, 1, 11], "texture": "#2"},
				"south": {"uv": [0.375, 10.5, 0.75, 10.75], "texture": "#2"},
				"west": {"uv": [0, 10.5, 0.375, 10.75], "texture": "#2"},
				"up": {"uv": [1.375, 10.875, 1.75, 11.25], "texture": "#2"},
				"down": {"uv": [1.25, 10.5, 1.625, 10.875], "texture": "#2"}
			}
		}
	],
	"gui_light": "front",
	"display": {
		"thirdperson_righthand": {
			"rotation": [0, -180, 0],
			"translation": [0, 1.25, -1.75],
			"scale": [0.6, 0.6, 0.6]
		},
		"thirdperson_lefthand": {
			"rotation": [0, -180, 0],
			"translation": [0, 1.25, -1.75],
			"scale": [0.6, 0.6, 0.6]
		},
		"firstperson_righthand": {
			"rotation": [15, -180, 0],
			"translation": [2.5, 3.25, 0],
			"scale": [0.48, 0.48, 0.48]
		},
		"firstperson_lefthand": {
			"rotation": [15, -180, 0],
			"translation": [2.5, 3.25, 0],
			"scale": [0.48, 0.48, 0.48]
		},
		"ground": {
			"rotation": [0, 0, -90],
			"translation": [0, -2, 0],
			"scale": [0.6, 0.6, 0.6]
		},
		"gui": {
			"rotation": [-90, 45, 90],
			"translation": [-1.5, -1, 0],
			"scale": [0.6, 0.6, 0.6]
		},
		"fixed": {
			"rotation": [90, -135, 90],
			"translation": [1.5, -1, 0],
			"scale": [0.6, 0.6, 0.6]
		}
	},
	"groups": [0,
		{
			"name": "handle",
			"origin": [8, 15.5, 10],
			"children": [1, 2, 3, 4, 5, 6, 7, 8, 9, 10, 11, 12, 13, 14, 15, 16, 17, 18, 19, 20, 21, 22]
		},
		{
			"name": "trigger",
			"origin": [8, 8, 8],
			"children": [23, 24, 25, 26, 27, 28, 29, 30]
		},
		{
			"name": "chamber",
			"origin": [8, 8, 8],
			"children": [31, 32]
		},
		{
			"name": "hammer",
			"origin": [8, 8, 8],
			"children": [33, 34, 35, 36, 37, 38, 39, 40, 41]
		},
		{
			"name": "skull",
			"origin": [9, 8, 8],
			"children": [42, 43, 44, 45, 46, 47, 48, 49]
		},
		{
			"name": "barrel",
			"origin": [9, 8, 8],
			"children": [50, 51, 52, 53, 54, 55, 56, 57, 58, 59, 60, 61, 62]
		},
		{
			"name": "catalyst",
			"origin": [14.5, 17, 13],
			"children": [63, 64, 65]
		}
	]
}