{
	"credit": "Made with Blockbench",
	"parent": "item/handheld",
	"display": {
		"thirdperson_righthand": {
			"rotation": [0, 90, 45],
			"translation": [0.5, 30.25, 0.5],
			"scale": [3.25, 3.25, 1.5]
		},
		"thirdperson_lefthand": {
			"rotation": [0, -90, -45],
			"translation": [-0.75, 30.25, 0.5],
			"scale": [3.25, 3.25, 1.5]
		},
		"firstperson_righthand": {
			"rotation": [0, 90, 50],
			"translation": [3.5, 22.5, 2.5],
			"scale": [2.6, 2.6, 1]
		},
		"firstperson_lefthand": {
			"rotation": [0, -90, -50],
			"translation": [3.5, 22.5, 2.5],
			"scale": [2.6, 2.6, 1]
		},
		"ground": {
			"translation": [11, 11.75, 0],
			"scale": [2, 2, 1]
		},
		"gui": {
			"translation": [8.25, 8.25, 0],
			"scale": [2, 2, 1]
		},
		"head": {
			"rotation": [90, 0, 0],
			"translation": [0, -15, 0],
			"scale": [3, 3, 1]
		},
		"fixed": {
			"translation": [8, 8, 0],
			"scale": [2, 2, 2]
		}
	}
}