{
	"credit": "Made with Blockbench",
	"parent": "item/handheld",
	"textures": {
		"layer0": "item/kill_la_kill/purple_rending_scissor"
	},
	"display": {
		"thirdperson_righthand": {
			"rotation": [0, 90, 35],
			"translation": [0, 10.25, -4],
			"scale": [1.9, 1.9, 1]
		},
		"thirdperson_lefthand": {
			"rotation": [0, -90, -35],
			"translation": [0, 10.25, -4],
			"scale": [1.9, 1.9, 1]
		},
		"firstperson_righthand": {
			"rotation": [0, -90, 25],
			"translation": [1.13, 3.95, 1.13],
			"scale": [1.52, 1.52, 0.8]
		},
		"firstperson_lefthand": {
			"rotation": [0, 90, -25],
			"translation": [1.13, 3.95, 1.13],
			"scale": [1.52, 1.52, 0.8]
		},
		"ground": {
			"rotation": [90, 0, 0]
		},
		"head": {
			"rotation": [90, 0, 0],
			"translation": [0, -15, 0],
			"scale": [3, 3, 1]
		},
		"fixed": {
			"scale": [2, 2, 2]
		}
	}
}