{
	"credit": "Made with Blockbench",
	"parent": "item/handheld",
	"textures": {
		"layer0": "item/kill_la_kill/red_rending_scissor_decapitator"
	},
	"display": {
		"thirdperson_righthand": {
			"rotation": [0, 90, 35],
			"translation": [0, 25, -5],
			"scale": [3.8, 3.8, 1]
		},
		"thirdperson_lefthand": {
			"rotation": [0, -90, -35],
			"translation": [0, 25, -5],
			"scale": [3.8, 3.8, 1]
		},
		"firstperson_righthand": {
			"rotation": [0, 90, 65],
			"translation": [1.13, 14.7, 4.63],
			"scale": [3.04, 3.04, 0.8]
		},
		"firstperson_lefthand": {
			"rotation": [0, -90, -65],
			"translation": [1.13, 14.7, 4.63],
			"scale": [3.04, 3.04, 0.8]
		},
		"ground": {
			"rotation": [90, 0, 0],
			"translation": [6, 0, 6],
			"scale": [2, 2, 1]
		},
		"gui": {
			"translation": [3.25, 3, 0],
			"scale": [1.4, 1.4, 1]
		},
		"head": {
			"rotation": [90, 0, 0],
			"translation": [0, -15, 0],
			"scale": [3, 3, 1]
		},
		"fixed": {
			"translation": [12.5, 12, 0],
			"scale": [4, 4, 2]
		}
	}
}