{
	"credit": "Made with Blockbench",
	"parent": "item/handheld",
	"textures": {
		"layer0": "item/dioxin/tiers/tier1"
	},
	"display": {
		"thirdperson_righthand": {
			"rotation": [70, 0, -135],
			"translation": [-6, -2.75, -7.75],
			"scale": [1.3, 1.3, 0.85]
		},
		"thirdperson_lefthand": {
			"rotation": [70, 0, 135],
			"translation": [-6, -2.75, -7.75],
			"scale": [1.3, 1.3, 0.85]
		},
		"firstperson_righthand": {
			"rotation": [0, 0, -135],
			"translation": [-9, 0.5, 2],
			"scale": [1.04, 1.04, 0.8]
		},
		"firstperson_lefthand": {
			"rotation": [0, 0, 135],
			"translation": [-9, 0.5, 2],
			"scale": [1.04, 1.04, 0.8]
		},
		"ground": {
			"translation": [0, 2, 0],
			"scale": [0.5, 0.5, 0.5]
		},
		"head": {
			"rotation": [0, 180, 0],
			"translation": [0, 13, 7]
		},
		"fixed": {
			"rotation": [0, 180, 0],
			"translation": [0, 0, -0.5]
		}
	}
}