{
	"credit": "Made with Blockbench",
	"parent": "item/generated",
	"textures": {
		"layer0": "item/bane_of_gremlins"
	},
	"display": {
		"thirdperson_righthand": {
			"rotation": [0, -90, 55],
			"translation": [0, 3.75, 0],
			"scale": [1.15, 1.15, 1]
		},
		"thirdperson_lefthand": {
			"rotation": [0, 90, -55],
			"translation": [0, 3.75, 0],
			"scale": [1.15, 1.15, 1]
		},
		"firstperson_righthand": {
			"rotation": [0, -90, 25],
			"translation": [1.13, 5.7, 2.13],
			"scale": [0.92, 0.92, 0.8]
		},
		"firstperson_lefthand": {
			"rotation": [0, 90, -25],
			"translation": [1.13, 5.7, 2.13],
			"scale": [0.92, 0.92, 0.8]
		}
	}
}