{
    "parent": "item/handheld_rod",
    "textures": {
        "layer0": "item/carrot_on_a_stick"
    },
	"overrides":[
		{"predicate":{"custom_model_data":1},"model":"item/rusty_sword"},
		{"predicate":{"custom_model_data":2},"model":"item/rusty_scythe"},
		{"predicate":{"custom_model_data":3},"model":"item/rusty_bow_standby"},
		{"predicate":{"custom_model_data":4},"model":"item/rusty_axe"},
		{"predicate":{"custom_model_data":5},"model":"item/rusty_boomerang"},
		{"predicate":{"custom_model_data":6},"model":"item/rusty_crossbow"},
		{"predicate":{"custom_model_data":7},"model":"item/rusty_blowgun"},
		{"predicate":{"custom_model_data":8},"model":"item/rusty_dagger"},
		{"predicate":{"custom_model_data":9},"model":"item/rusty_greatsword"},
		{"predicate":{"custom_model_data":10},"model":"item/rusty_spear"},
		{"predicate":{"custom_model_data":11},"model":"item/summoning_circle"},
		{"predicate":{"custom_model_data":12},"model":"item/wizard_hat"},
		{"predicate":{"custom_model_data":13},"model":"item/rusty_arrow_bundle"},
		{"predicate":{"custom_model_data":14},"model":"item/portal_circle"},
		{"predicate":{"custom_model_data":15},"model":"item/wooden_sword"},
		{"predicate":{"custom_model_data":16},"model":"item/wooden_scythe"},
		{"predicate":{"custom_model_data":17},"model":"item/wooden_spear"},
		{"predicate":{"custom_model_data":18},"model":"item/wooden_dagger"},
		{"predicate":{"custom_model_data":19},"model":"item/wooden_greatsword"},
		{"predicate":{"custom_model_data":20},"model":"item/bow"},
		{"predicate":{"custom_model_data":21},"model":"item/wooden_blowgun"},
		{"predicate":{"custom_model_data":22},"model":"item/crossbow"},
		{"predicate":{"custom_model_data":23},"model":"item/wooden_boomerang"},
		{"predicate":{"custom_model_data":24},"model":"item/wooden_axe"},
		{"predicate":{"custom_model_data":25},"model":"item/friendship_coin"},
		{"predicate":{"custom_model_data":26},"model":"item/heart_shard"},
		{"predicate":{"custom_model_data":27},"model":"item/cheese"},
		{"predicate":{"custom_model_data":28},"model":"item/moldy_cheese"},
		{"predicate":{"custom_model_data":29},"model":"item/apple"},
		{"predicate":{"custom_model_data":30},"model":"item/bread"},
		{"predicate":{"custom_model_data":31},"model":"item/rusty_wand"},
		{"predicate":{"custom_model_data":32},"model":"item/xp_shard"},
		{"predicate":{"custom_model_data":33},"model":"item/rusty_staff"},
		{"predicate":{"custom_model_data":34},"model":"item/rusty_ball"},
		{"predicate":{"custom_model_data":35},"model":"item/magical_heart"},
		{"predicate":{"custom_model_data":36},"model":"item/rusty_prism"},
		{"predicate":{"custom_model_data":37},"model":"item/rusty_ritual_circle"},
		{"predicate":{"custom_model_data":38},"model":"item/bomb"},
		{"predicate":{"custom_model_data":39},"model":"item/bomb_active"},
		{"predicate":{"custom_model_data":40},"model":"item/magical_xp_crystal"},
		{"predicate":{"custom_model_data":41},"model":"item/rusty_tome"},
		{"predicate":{"custom_model_data":42},"model":"item/rusty_ring"},
		{"predicate":{"custom_model_data":43},"model":"item/rusty_mace"},
		{"predicate":{"custom_model_data":44},"model":"item/rusty_flail"},
		{"predicate":{"custom_model_data":45},"model":"item/rusty_flail_projectile"},
		{"predicate":{"custom_model_data":46},"model":"item/flail_knight_helmet"},
		{"predicate":{"custom_model_data":47},"model":"item/rusty_javelin"},
		{"predicate":{"custom_model_data":48},"model":"item/rusty_bola"},
		{"predicate":{"custom_model_data":49},"model":"item/rusty_bola_trap"},
		{"predicate":{"custom_model_data":50},"model":"item/example_item"},
		{"predicate":{"custom_model_data":51},"model":"item/minuet_sword"},
		{"predicate":{"custom_model_data":52},"model":"item/portal_key"},
		{"predicate":{"custom_model_data":53},"model":"item/royal_crown"},
		{"predicate":{"custom_model_data":54},"model":"item/wooden_wand"},
		{"predicate":{"custom_model_data":55},"model":"item/wooden_staff"},
		{"predicate":{"custom_model_data":56},"model":"item/wooden_ball"},
		{"predicate":{"custom_model_data":57},"model":"item/wooden_tome"},
		{"predicate":{"custom_model_data":58},"model":"item/wooden_ring"},
		{"predicate":{"custom_model_data":59},"model":"item/wooden_prism"},
		{"predicate":{"custom_model_data":60},"model":"item/wooden_ritual_circle"},
		{"predicate":{"custom_model_data":61},"model":"item/wooden_bola"},
		{"predicate":{"custom_model_data":62},"model":"item/wooden_bola_trap"},
		{"predicate":{"custom_model_data":63},"model":"item/wooden_javelin"},
		{"predicate":{"custom_model_data":64},"model":"item/wooden_mace"},
		{"predicate":{"custom_model_data":65},"model":"item/wooden_flail"},
		{"predicate":{"custom_model_data":66},"model":"item/wooden_flail_projectile"},
		{"predicate":{"custom_model_data":67},"model":"item/corroded_legendary_sword"},
		{"predicate":{"custom_model_data":68},"model":"item/rusty_whetstone"},
		{"predicate":{"custom_model_data":69},"model":"item/rusty_lens"},
		{"predicate":{"custom_model_data":70},"model":"item/rusty_eye"},
		{"predicate":{"custom_model_data":71},"model":"item/rusty_necklace"},
		{"predicate":{"custom_model_data":72},"model":"item/rusty_cuffs"},
		{"predicate":{"custom_model_data":73},"model":"item/rusty_pommel"},
		{"predicate":{"custom_model_data":74},"model":"item/rusty_grip"},
		{"predicate":{"custom_model_data":75},"model":"item/rusty_gloves"},
		{"predicate":{"custom_model_data":76},"model":"item/rusty_headband"},
		{"predicate":{"custom_model_data":77},"model":"item/rusty_bracer"},
		{"predicate":{"custom_model_data":78},"model":"item/rusty_arrowhead"},
		{"predicate":{"custom_model_data":79},"model":"item/rusty_arrow_rest"},
		{"predicate":{"custom_model_data":80},"model":"item/rusty_quiver"},
		{"predicate":{"custom_model_data":81},"model":"item/rusty_shield"},
		{"predicate":{"custom_model_data":82},"model":"item/wooden_whetstone"},
		{"predicate":{"custom_model_data":83},"model":"item/wooden_pommel"},
		{"predicate":{"custom_model_data":84},"model":"item/wooden_grip"},
		{"predicate":{"custom_model_data":85},"model":"item/wooden_gloves"},
		{"predicate":{"custom_model_data":86},"model":"item/wooden_lens"},
		{"predicate":{"custom_model_data":87},"model":"item/wooden_eye"},
		{"predicate":{"custom_model_data":88},"model":"item/wooden_necklace"},
		{"predicate":{"custom_model_data":89},"model":"item/wooden_cuffs"},
		{"predicate":{"custom_model_data":90},"model":"item/wooden_headband"},
		{"predicate":{"custom_model_data":91},"model":"item/wooden_bracer"},
		{"predicate":{"custom_model_data":92},"model":"item/wooden_arrowhead"},
		{"predicate":{"custom_model_data":93},"model":"item/wooden_arrow_rest"},
		{"predicate":{"custom_model_data":94},"model":"item/wooden_quiver"},
		{"predicate":{"custom_model_data":95},"model":"item/wooden_shield"},
		{"predicate":{"custom_model_data":96},"model":"item/fairy_boomerang"},
		{"predicate":{"custom_model_data":97},"model":"item/magical_fairy_boomerang"},
		{"predicate":{"custom_model_data":98},"model":"item/tonic"},
		{"predicate":{"custom_model_data":99},"model":"item/invisible_boomerang"},
		{"predicate":{"custom_model_data":100},"model":"item/invisible_axe"},
		{"predicate":{"custom_model_data":101},"model":"item/bane_of_gremlins"},
		{"predicate":{"custom_model_data":102},"model":"item/dragonfang"},
		{"predicate":{"custom_model_data":103},"model":"item/rusty_boots"},
		{"predicate":{"custom_model_data":104},"model":"item/rusty_cloak"},
		{"predicate":{"custom_model_data":105},"model":"item/wooden_boots"},
		{"predicate":{"custom_model_data":106},"model":"item/wooden_cloak"},
		{"predicate":{"custom_model_data":107},"model":"item/heart_crystal"},
		{"predicate":{"custom_model_data":108},"model":"item/xp_crystal"}
	]
}
