{
    "parent": "item/handheld_rod",
    "textures": {
        "layer0": "item/carrot_on_a_stick"
    },
	"overrides":[
		{"predicate":{"custom_model_data":1},"model":"item/rusty_sword"},
		{"predicate":{"custom_model_data":2},"model":"item/rusty_scythe"},
		{"predicate":{"custom_model_data":3},"model":"item/rusty_bow_standby"},
		{"predicate":{"custom_model_data":4},"model":"item/rusty_axe"},
		{"predicate":{"custom_model_data":5},"model":"item/rusty_boomerang"},
		{"predicate":{"custom_model_data":6},"model":"item/rusty_crossbow"},
		{"predicate":{"custom_model_data":7},"model":"item/rusty_blowgun"},
		{"predicate":{"custom_model_data":8},"model":"item/rusty_dagger"},
		{"predicate":{"custom_model_data":9},"model":"item/rusty_greatsword"},
		{"predicate":{"custom_model_data":10},"model":"item/rusty_spear"},
		{"predicate":{"custom_model_data":11},"model":"item/summoning_circle"},
		{"predicate":{"custom_model_data":12},"model":"item/wizard_hat"},
		{"predicate":{"custom_model_data":13},"model":"item/rusty_arrow_bundle"},
		{"predicate":{"custom_model_data":14},"model":"item/portal_circle"},
		{"predicate":{"custom_model_data":15},"model":"item/wooden_sword"},
		{"predicate":{"custom_model_data":16},"model":"item/wooden_scythe"},
		{"predicate":{"custom_model_data":17},"model":"item/wooden_spear"},
		{"predicate":{"custom_model_data":18},"model":"item/wooden_dagger"},
		{"predicate":{"custom_model_data":19},"model":"item/wooden_greatsword"},
		{"predicate":{"custom_model_data":20},"model":"item/bow"},
		{"predicate":{"custom_model_data":21},"model":"item/wooden_blowgun"},
		{"predicate":{"custom_model_data":22},"model":"item/crossbow"},
		{"predicate":{"custom_model_data":23},"model":"item/wooden_boomerang"},
		{"predicate":{"custom_model_data":24},"model":"item/wooden_axe"},
		{"predicate":{"custom_model_data":25},"model":"item/friendship_coin"},
		{"predicate":{"custom_model_data":26},"model":"item/heart_shard"},
		{"predicate":{"custom_model_data":27},"model":"item/cheese"},
		{"predicate":{"custom_model_data":28},"model":"item/moldy_cheese"},
		{"predicate":{"custom_model_data":29},"model":"item/apple"},
		{"predicate":{"custom_model_data":30},"model":"item/bread"},
		{"predicate":{"custom_model_data":31},"model":"item/rusty_wand"},
		{"predicate":{"custom_model_data":32},"model":"item/xp_shard"},
		{"predicate":{"custom_model_data":33},"model":"item/rusty_staff"},
		{"predicate":{"custom_model_data":34},"model":"item/rusty_ball"},
		{"predicate":{"custom_model_data":35},"model":"item/magical_heart"},
		{"predicate":{"custom_model_data":36},"model":"item/rusty_prism"},
		{"predicate":{"custom_model_data":37},"model":"item/rusty_ritual_circle"},
		{"predicate":{"custom_model_data":38},"model":"item/bomb"},
		{"predicate":{"custom_model_data":39},"model":"item/bomb_active"},
		{"predicate":{"custom_model_data":40},"model":"item/magical_xp_crystal"},
		{"predicate":{"custom_model_data":41},"model":"item/rusty_tome"},
		{"predicate":{"custom_model_data":42},"model":"item/rusty_ring"},
		{"predicate":{"custom_model_data":43},"model":"item/rusty_mace"},
		{"predicate":{"custom_model_data":44},"model":"item/rusty_flail"},
		{"predicate":{"custom_model_data":45},"model":"item/rusty_flail_projectile"},
		{"predicate":{"custom_model_data":46},"model":"item/flail_knight_helmet"}
	]
}
