{
	"credit": "Made with Blockbench",
	"parent": "item/handheld",
	"textures": {
		"layer0": "item/corn_clobber"
	},
	"display": {
		"thirdperson_righthand": {
			"rotation": [0, -90, 55],
			"translation": [0, 8.25, -0.5],
			"scale": [1.15, 1.15, 1.15]
		},
		"thirdperson_lefthand": {
			"rotation": [0, 90, -55],
			"translation": [0, 8.25, -0.5],
			"scale": [1.15, 1.15, 1.15]
		},
		"firstperson_righthand": {
			"rotation": [0, -90, 25],
			"translation": [1.13, 6.2, 2.13],
			"scale": [0.92, 0.92, 0.92]
		},
		"firstperson_lefthand": {
			"rotation": [0, 90, -25],
			"translation": [1.13, 6.2, 2.13],
			"scale": [0.92, 0.92, 0.92]
		},
		"ground": {
			"translation": [0, 4.5, 0]
		}
	}
}