{
    "parent": "item/handheld_dagger",
    "textures": {
        "layer0": "item/corroded_legendary_sword"
    },
	"display": {
		"thirdperson_righthand": {
			"rotation": [0, -90, -125],
			"translation": [0, -13, 4],
			"scale": [1.35, 1.35, 0.85]
		},
		"thirdperson_lefthand": {
			"rotation": [0, 90, 125],
			"translation": [0, -13, 4],
			"scale": [1.35, 1.35, 0.85]
		},
		"firstperson_righthand": {
			"rotation": [0, -90, 25],
			"translation": [1.13, 6.45, 2.88],
			"scale": [1.08, 1.08, 0.68]
		},
		"firstperson_lefthand": {
			"rotation": [0, 90, -25],
			"translation": [1.13, 6.45, 2.88],
			"scale": [1.08, 1.08, 0.68]
		},
		"ground": {
			"translation": [0, 3.5, 0],
			"scale" : [1.0, 1.0 ,0.5]
		}
	}
}
