{
	"credit": "Made with Blockbench",
	"parent": "item/handheld_boomerang",
	"textures": {
		"layer0": "item/fairy_boomerang"
	},
	"display": {
		"thirdperson_righthand": {
			"rotation": [0, 90, -35],
			"translation": [0, 2.5, 3.75],
			"scale": [0.65, 0.65, 0.65]
		},
		"thirdperson_lefthand": {
			"rotation": [0, -90, 35],
			"translation": [0, 2.5, 3.75],
			"scale": [0.65, 0.65, 0.65]
		},
		"firstperson_righthand": {
			"rotation": [0, 90, -25],
			"translation": [1.13, 3.2, 4.13],
			"scale": [0.52, 0.52, 0.52]
		},
		"firstperson_lefthand": {
			"rotation": [0, -90, 25],
			"translation": [1.13, 3.2, 4.13],
			"scale": [0.52, 0.52, 0.52]
		},
		"head": {
			"rotation": [90, 0, 0],
			"translation": [0, -15.25, 0],
			"scale": [1.0, 1.0, 1]
		}
	}
}