{
	"credit": "Made with Blockbench",
	"texture_size": [32, 16],
	"textures": {
		"0": "item/flail_knight_helmet",
		"particle": "item/flail_knight_helmet"
	},
	"elements": [
		{
			"from": [4, 0, 4],
			"to": [12, 8, 12],
			"faces": {
				"north": {"uv": [4, 8, 8, 16], "texture": "#0"},
				"east": {"uv": [0, 8, 4, 16], "texture": "#0"},
				"south": {"uv": [12, 8, 16, 16], "texture": "#0"},
				"west": {"uv": [8, 8, 12, 16], "texture": "#0"},
				"up": {"uv": [4, 0, 8, 8], "texture": "#0"},
				"down": {"uv": [0, 0, 4, 8], "texture": "#0"}
			}
		},
		{
			"from": [12, 0, 4],
			"to": [4, 8, 12],
			"faces": {
				"north": {"uv": [4, 8, 8, 16], "texture": "#0"},
				"east": {"uv": [0, 8, 4, 16], "texture": "#0"},
				"south": {"uv": [12, 8, 16, 16], "texture": "#0"},
				"west": {"uv": [8, 8, 12, 16], "texture": "#0"},
				"up": {"uv": [4, 0, 8, 8], "texture": "#0"},
				"down": {"uv": [0, 0, 4, 8], "texture": "#0"}
			}
		},
		{
			"from": [7, -4, 12],
			"to": [9, -2, 18],
			"rotation": {"angle": -45, "axis": "x", "origin": [0, 0, 0]},
			"faces": {
				"north": {"uv": [9, 0, 10, 2], "rotation": 180, "texture": "#0"},
				"east": {"uv": [11, 2, 12, 8], "rotation": 270, "texture": "#0"},
				"south": {"uv": [8, 0, 9, 2], "texture": "#0"},
				"west": {"uv": [8, 2, 9, 8], "rotation": 90, "texture": "#0"},
				"up": {"uv": [10, 2, 11, 8], "rotation": 180, "texture": "#0"},
				"down": {"uv": [9, 2, 10, 8], "texture": "#0"}
			}
		},
		{
			"from": [6, -2, 18.2],
			"to": [10, 6, 18.2],
			"rotation": {"angle": -22.5, "axis": "x", "origin": [0, 0, 0]},
			"faces": {
				"north": {"uv": [13, 0, 15, 8], "texture": "#0"},
				"east": {"uv": [0, 0, 0, 2], "texture": "#missing"},
				"south": {"uv": [15, 0, 13, 8], "texture": "#0"},
				"west": {"uv": [0, 0, 0, 2], "texture": "#missing"},
				"up": {"uv": [0, 0, 1, 0], "texture": "#missing"},
				"down": {"uv": [0, 0, 1, 0], "texture": "#missing"}
			}
		}
	],
	"display": {
		"head": {
			"translation": [0, 6.5, 0],
			"scale": [1.9, 1.9, 1.9]
		}
	}
}