{
	"credit": "Made with Blockbench",
	"elements": [
		{
			"from": [7.5, -0.5, -2],
			"to": [8.5, 0.5, 2],
			"faces": {
				"north": {"uv": [14, 5, 15, 6], "texture": "#0"},
				"east": {"uv": [14, 2, 15, 6], "rotation": 270, "texture": "#0"},
				"south": {"uv": [14, 2, 15, 3], "texture": "#0"},
				"west": {"uv": [14, 2, 15, 6], "rotation": 90, "texture": "#0"},
				"up": {"uv": [14, 2, 15, 6], "rotation": 180, "texture": "#0"},
				"down": {"uv": [14, 2, 15, 6], "texture": "#0"}
			}
		},
		{
			"from": [8.5, -0.5, -6],
			"to": [9.5, 0.5, -2],
			"faces": {
				"north": {"uv": [14, 5, 15, 6], "texture": "#0"},
				"east": {"uv": [14, 2, 15, 6], "rotation": 270, "texture": "#0"},
				"south": {"uv": [14, 2, 15, 3], "texture": "#0"},
				"west": {"uv": [14, 2, 15, 6], "rotation": 90, "texture": "#0"},
				"up": {"uv": [14, 2, 15, 6], "rotation": 180, "texture": "#0"},
				"down": {"uv": [14, 2, 15, 6], "texture": "#0"}
			}
		},
		{
			"from": [7.5, -0.5, 10],
			"to": [8.5, 0.5, 12],
			"faces": {
				"north": {"uv": [12, 10, 13, 11], "texture": "#0"},
				"east": {"uv": [12, 9, 13, 11], "rotation": 270, "texture": "#0"},
				"south": {"uv": [12, 9, 13, 10], "texture": "#0"},
				"west": {"uv": [12, 9, 13, 11], "rotation": 90, "texture": "#0"},
				"up": {"uv": [12, 9, 13, 11], "rotation": 180, "texture": "#0"},
				"down": {"uv": [12, 9, 13, 11], "texture": "#0"}
			}
		},
		{
			"from": [8.5, -0.5, 8],
			"to": [9.5, 0.5, 10],
			"faces": {
				"north": {"uv": [12, 10, 13, 11], "texture": "#0"},
				"east": {"uv": [12, 9, 13, 11], "rotation": 270, "texture": "#0"},
				"south": {"uv": [12, 9, 13, 10], "texture": "#0"},
				"west": {"uv": [12, 9, 13, 11], "rotation": 90, "texture": "#0"},
				"up": {"uv": [12, 9, 13, 11], "rotation": 180, "texture": "#0"},
				"down": {"uv": [12, 9, 13, 11], "texture": "#0"}
			}
		},
		{
			"from": [6.5, -0.5, 8],
			"to": [7.5, 0.5, 10],
			"faces": {
				"north": {"uv": [12, 10, 13, 11], "texture": "#0"},
				"east": {"uv": [12, 9, 13, 11], "rotation": 270, "texture": "#0"},
				"south": {"uv": [12, 9, 13, 10], "texture": "#0"},
				"west": {"uv": [12, 9, 13, 11], "rotation": 90, "texture": "#0"},
				"up": {"uv": [12, 9, 13, 11], "rotation": 180, "texture": "#0"},
				"down": {"uv": [12, 9, 13, 11], "texture": "#0"}
			}
		},
		{
			"from": [7.5, -0.5, 5],
			"to": [8.5, 0.5, 8],
			"faces": {
				"north": {"uv": [13, 8, 14, 9], "texture": "#0"},
				"east": {"uv": [13, 6, 14, 9], "rotation": 270, "texture": "#0"},
				"south": {"uv": [13, 6, 14, 7], "texture": "#0"},
				"west": {"uv": [13, 6, 14, 9], "rotation": 90, "texture": "#0"},
				"up": {"uv": [13, 6, 14, 9], "rotation": 180, "texture": "#0"},
				"down": {"uv": [13, 6, 14, 9], "texture": "#0"}
			}
		},
		{
			"from": [8.5, -0.5, 2],
			"to": [9.5, 0.5, 5],
			"faces": {
				"north": {"uv": [13, 8, 14, 9], "texture": "#0"},
				"east": {"uv": [13, 6, 14, 9], "rotation": 270, "texture": "#0"},
				"south": {"uv": [13, 6, 14, 7], "texture": "#0"},
				"west": {"uv": [13, 6, 14, 9], "rotation": 90, "texture": "#0"},
				"up": {"uv": [13, 6, 14, 9], "rotation": 180, "texture": "#0"},
				"down": {"uv": [13, 6, 14, 9], "texture": "#0"}
			}
		},
		{
			"from": [6.5, -0.5, 2],
			"to": [7.5, 0.5, 5],
			"faces": {
				"north": {"uv": [13, 8, 14, 9], "texture": "#0"},
				"east": {"uv": [13, 6, 14, 9], "rotation": 270, "texture": "#0"},
				"south": {"uv": [13, 6, 14, 7], "texture": "#0"},
				"west": {"uv": [13, 6, 14, 9], "rotation": 90, "texture": "#0"},
				"up": {"uv": [13, 6, 14, 9], "rotation": 180, "texture": "#0"},
				"down": {"uv": [13, 6, 14, 9], "texture": "#0"}
			}
		},
		{
			"from": [6.5, -0.5, -6],
			"to": [7.5, 0.5, -2],
			"faces": {
				"north": {"uv": [14, 5, 15, 6], "texture": "#0"},
				"east": {"uv": [14, 2, 15, 6], "rotation": 270, "texture": "#0"},
				"south": {"uv": [14, 2, 15, 3], "texture": "#0"},
				"west": {"uv": [14, 2, 15, 6], "rotation": 90, "texture": "#0"},
				"up": {"uv": [14, 2, 15, 6], "rotation": 180, "texture": "#0"},
				"down": {"uv": [14, 2, 15, 6], "texture": "#0"}
			}
		},
		{
			"from": [6, -2, 13],
			"to": [10, 2, 14],
			"faces": {
				"north": {"uv": [8, 11, 12, 15], "texture": "#0"},
				"east": {"uv": [8, 11, 9, 15], "texture": "#0"},
				"west": {"uv": [11, 11, 12, 15], "texture": "#0"},
				"up": {"uv": [8, 11, 12, 12], "texture": "#0"},
				"down": {"uv": [8, 14, 12, 15], "rotation": 180, "texture": "#0"}
			}
		},
		{
			"from": [6, -2, 18],
			"to": [10, 2, 19],
			"rotation": {"angle": 0, "axis": "z", "origin": [5, 0, 7]},
			"faces": {
				"east": {"uv": [11, 11, 12, 15], "rotation": 180, "texture": "#0"},
				"south": {"uv": [8, 15, 12, 11], "texture": "#0"},
				"west": {"uv": [8, 15, 9, 11], "texture": "#0"},
				"up": {"uv": [8, 14, 12, 15], "texture": "#0"},
				"down": {"uv": [8, 11, 12, 12], "texture": "#0"}
			}
		},
		{
			"from": [5, -2, 14],
			"to": [6, 2, 18],
			"rotation": {"angle": 0, "axis": "y", "origin": [3, 0, 7]},
			"faces": {
				"north": {"uv": [11, 11, 12, 15], "texture": "#0"},
				"south": {"uv": [8, 11, 9, 15], "texture": "#0"},
				"west": {"uv": [12, 11, 8, 15], "texture": "#0"},
				"up": {"uv": [8, 11, 12, 12], "rotation": 90, "texture": "#0"},
				"down": {"uv": [8, 14, 12, 15], "rotation": 90, "texture": "#0"}
			}
		},
		{
			"from": [10, -2, 14],
			"to": [11, 2, 18],
			"rotation": {"angle": 0, "axis": "y", "origin": [7, 0, 8]},
			"faces": {
				"north": {"uv": [8, 11, 9, 15], "texture": "#0"},
				"east": {"uv": [12, 11, 8, 15], "texture": "#0"},
				"south": {"uv": [11, 11, 12, 15], "texture": "#0"},
				"up": {"uv": [8, 11, 12, 12], "rotation": 270, "texture": "#0"},
				"down": {"uv": [8, 14, 12, 15], "rotation": 270, "texture": "#0"}
			}
		},
		{
			"from": [6, 2, 14],
			"to": [10, 3, 18],
			"rotation": {"angle": 0, "axis": "y", "origin": [3, 4, 8]},
			"faces": {
				"north": {"uv": [8, 11, 12, 12], "texture": "#0"},
				"east": {"uv": [11, 11, 12, 15], "rotation": 90, "texture": "#0"},
				"south": {"uv": [8, 14, 12, 15], "texture": "#0"},
				"west": {"uv": [8, 11, 9, 15], "rotation": 270, "texture": "#0"},
				"up": {"uv": [8, 11, 12, 15], "texture": "#0"}
			}
		},
		{
			"from": [6, -3, 14],
			"to": [10, -2, 18],
			"rotation": {"angle": 0, "axis": "x", "origin": [5, 4, 8]},
			"faces": {
				"north": {"uv": [8, 14, 12, 15], "texture": "#0"},
				"east": {"uv": [8, 11, 9, 15], "rotation": 270, "texture": "#0"},
				"south": {"uv": [8, 11, 12, 12], "rotation": 180, "texture": "#0"},
				"west": {"uv": [11, 11, 12, 15], "rotation": 90, "texture": "#0"},
				"down": {"uv": [8, 15, 12, 11], "rotation": 180, "texture": "#0"}
			}
		},
		{
			"from": [7, -1, 12],
			"to": [9, 1, 13],
			"faces": {
				"north": {"uv": [9, 12, 11, 14], "texture": "#0"},
				"east": {"uv": [9, 12, 10, 14], "texture": "#0"},
				"west": {"uv": [10, 12, 11, 14], "texture": "#0"},
				"up": {"uv": [9, 12, 11, 13], "texture": "#0"},
				"down": {"uv": [9, 13, 11, 14], "rotation": 180, "texture": "#0"}
			}
		},
		{
			"from": [7, -1, 19],
			"to": [9, 1, 20],
			"rotation": {"angle": 0, "axis": "x", "origin": [5, 1, 16]},
			"faces": {
				"east": {"uv": [10, 14, 11, 12], "texture": "#0"},
				"south": {"uv": [9, 14, 11, 12], "texture": "#0"},
				"west": {"uv": [9, 14, 10, 12], "texture": "#0"},
				"up": {"uv": [9, 13, 11, 14], "texture": "#0"},
				"down": {"uv": [9, 12, 11, 13], "texture": "#0"}
			}
		},
		{
			"from": [7, 3, 15],
			"to": [9, 4, 17],
			"rotation": {"angle": 0, "axis": "x", "origin": [4, 5, 9]},
			"faces": {
				"north": {"uv": [9, 10, 11, 11], "texture": "#0"},
				"east": {"uv": [9, 10, 10, 11], "rotation": 270, "texture": "#0"},
				"south": {"uv": [9, 10, 11, 11], "rotation": 180, "texture": "#0"},
				"west": {"uv": [10, 10, 11, 11], "rotation": 90, "texture": "#0"},
				"up": {"uv": [9, 10, 11, 11], "rotation": 180, "texture": "#0"}
			}
		},
		{
			"from": [7, -4, 15],
			"to": [9, -3, 17],
			"rotation": {"angle": 0, "axis": "z", "origin": [4, 5, 9]},
			"faces": {
				"north": {"uv": [9, 15, 11, 16], "texture": "#0"},
				"east": {"uv": [9, 15, 10, 16], "rotation": 270, "texture": "#0"},
				"south": {"uv": [9, 15, 11, 16], "rotation": 180, "texture": "#0"},
				"west": {"uv": [10, 15, 11, 16], "rotation": 90, "texture": "#0"},
				"down": {"uv": [9, 15, 11, 16], "rotation": 180, "texture": "#0"}
			}
		},
		{
			"from": [11, -1, 15],
			"to": [12, 1, 17],
			"rotation": {"angle": 0, "axis": "z", "origin": [4, 5, 9]},
			"faces": {
				"north": {"uv": [7, 12, 8, 14], "texture": "#0"},
				"east": {"uv": [7, 12, 8, 14], "texture": "#0"},
				"south": {"uv": [7, 12, 8, 14], "texture": "#0"},
				"up": {"uv": [7, 12, 8, 13], "rotation": 180, "texture": "#0"},
				"down": {"uv": [7, 13, 8, 14], "texture": "#0"}
			}
		},
		{
			"from": [4, -1, 15],
			"to": [5, 1, 17],
			"rotation": {"angle": 0, "axis": "z", "origin": [4, 5, 9]},
			"faces": {
				"north": {"uv": [12, 12, 13, 14], "texture": "#0"},
				"south": {"uv": [12, 12, 13, 14], "texture": "#0"},
				"west": {"uv": [12, 12, 13, 14], "texture": "#0"},
				"up": {"uv": [12, 12, 13, 13], "rotation": 180, "texture": "#0"},
				"down": {"uv": [12, 13, 13, 14], "texture": "#0"}
			}
		}
	],
	"display": {
		"head": {
			"translation": [0, -32, -32],
			"rotation": [0, 180, 0],
			"scale": [2, 2, 2]
		}
	},
	"groups": [
		{
			"name": "chain",
			"origin": [0, 0, 0],
			"color": 0,
			"children": [0, 1, 2, 3, 4, 5, 6, 7, 8]
		},
		{
			"name": "ball",
			"origin": [4, 5, 9],
			"color": 0,
			"children": [9, 10, 11, 12, 13, 14, 15, 16, 17, 18, 19, 20]
		}
	]
}