{
	"credit": "Made with Blockbench",
	"parent": "item/generated",
	"display": {
		"thirdperson_righthand": {
			"rotation": [0, 90, -35],
			"translation": [0, 2.5, 3.75],
			"scale": [0.85, 0.85, 0.85]
		},
		"thirdperson_lefthand": {
			"rotation": [0, -90, 35],
			"translation": [0, 2.5, 3.75],
			"scale": [0.85, 0.85, 0.85]
		},
		"firstperson_righthand": {
			"rotation": [0, 90, -25],
			"translation": [1.13, 3.2, 4.13],
			"scale": [0.68, 0.68, 0.68]
		},
		"firstperson_lefthand": {
			"rotation": [0, -90, 25],
			"translation": [1.13, 3.2, 4.13],
			"scale": [0.68, 0.68, 0.68]
		},
		"head": {
			"rotation": [90, 0, 0],
			"translation": [0, -15.25, 0],
			"scale": [1.25, 1.25, 1]
		}
	}
}