{
	"credit": "Made with Blockbench",
	"parent": "item/handheld",
	"textures": {
		"layer0": "item/kaiser_blade"
	},
	"display": {
		"thirdperson_righthand": {
			"rotation": [0, -90, 55],
			"translation": [0, 10.25, -1],
			"scale": [1.45, 1.45, 0.85]
		},
		"thirdperson_lefthand": {
			"rotation": [0, 90, -55],
			"translation": [0, 10.25, -1],
			"scale": [1.45, 1.45, 0.85]
		},
		"firstperson_righthand": {
			"rotation": [0, -90, 25],
			"translation": [1.13, 7.2, 1.63],
			"scale": [1.16, 1.16, 0.68]
		},
		"firstperson_lefthand": {
			"rotation": [0, 90, -25],
			"translation": [1.13, 7.2, 1.63],
			"scale": [1.16, 1.16, 0.68]
		}
	}
}