{
	"credit": "Made with Blockbench",
	"parent": "item/handheld",
	"textures": {
		"layer0": "item/legendary_sword"
	},
	"display": {
		"thirdperson_righthand": {
			"rotation": [0, -90, 55],
			"translation": [0, 9.25, -0.5],
			"scale": [1.35, 1.35, 0.85]
		},
		"thirdperson_lefthand": {
			"rotation": [0, 90, -55],
			"translation": [0, 9.25, -0.5],
			"scale": [1.35, 1.35, 0.85]
		},
		"firstperson_righthand": {
			"rotation": [0, -90, 25],
			"translation": [1.13, 6.95, 3.38],
			"scale": [1.08, 1.08, 0.68]
		},
		"firstperson_lefthand": {
			"rotation": [0, 90, -25],
			"translation": [1.13, 6.95, 3.38],
			"scale": [1.08, 1.08, 0.68]
		},
		"ground": {
			"translation": [0, 3.5, 0],
			"scale" : [1.0, 1.0 ,0.5]
		}
	}
}