{
    "parent": "item/generated",
    "textures": {
        "layer0": "item/potion_overlay",
        "layer1": "item/potion"
    },
	"overrides" : [
		{"predicate":{"custom_model_data":1},"model":"entity/rat/idle"},
		{"predicate":{"custom_model_data":2},"model":"entity/rat/jump"},
		{"predicate":{"custom_model_data":3},"model":"entity/rat/die"},
		{"predicate":{"custom_model_data":4},"model":"entity/rat/walk"},
		{"predicate":{"custom_model_data":5},"model":"entity/fungus_among_us/idle"},
		{"predicate":{"custom_model_data":6},"model":"entity/fungus_among_us/walk"},
		{"predicate":{"custom_model_data":7},"model":"entity/fungus_among_us/jump"},
		{"predicate":{"custom_model_data":8},"model":"entity/fungus_among_us/die"}
	]
}
