{
    "parent": "item/generated",
    "textures": {
        "layer0": "item/potion_overlay",
        "layer1": "item/potion"
    },
	"overrides" : [
		{"predicate":{"custom_model_data":1},"model":"entity/rat/idle"},
		{"predicate":{"custom_model_data":2},"model":"entity/rat/jump"},
		{"predicate":{"custom_model_data":3},"model":"entity/rat/swim"},
		{"predicate":{"custom_model_data":4},"model":"entity/rat/walk"},
		{"predicate":{"custom_model_data":5},"model":"entity/rat/die"},
		{"predicate":{"custom_model_data":6},"model":"entity/rat_knight/idle"},
		{"predicate":{"custom_model_data":7},"model":"entity/rat_knight/walk"},
		{"predicate":{"custom_model_data":8},"model":"entity/rat_knight/jump"},
		{"predicate":{"custom_model_data":9},"model":"entity/rat_knight/death"},
		{"predicate":{"custom_model_data":10},"model":"entity/rat_knight/pounce"},
		{"predicate":{"custom_model_data":11},"model":"entity/undead_dwarf/idle"},
		{"predicate":{"custom_model_data":12},"model":"entity/undead_dwarf/walk"},
		{"predicate":{"custom_model_data":13},"model":"entity/undead_dwarf/swim"},
		{"predicate":{"custom_model_data":14},"model":"entity/undead_dwarf/jump"},
		{"predicate":{"custom_model_data":15},"model":"entity/undead_dwarf/death"},
		{"predicate":{"custom_model_data":16},"model":"entity/undead_dwarf/prepare_bomb"},
		{"predicate":{"custom_model_data":17},"model":"entity/undead_dwarf/hold_bomb"},
		{"predicate":{"custom_model_data":18},"model":"entity/undead_dwarf/throw"},
		{"predicate":{"custom_model_data":19},"model":"entity/fungus_among_us/idle"},
		{"predicate":{"custom_model_data":20},"model":"entity/fungus_among_us/aggro/idle"},
		{"predicate":{"custom_model_data":21},"model":"entity/fungus_among_us/walk"},
		{"predicate":{"custom_model_data":22},"model":"entity/fungus_among_us/aggro/walk"},
		{"predicate":{"custom_model_data":23},"model":"entity/fungus_among_us/swim"},
		{"predicate":{"custom_model_data":24},"model":"entity/fungus_among_us/aggro/swim"},
		{"predicate":{"custom_model_data":25},"model":"entity/fungus_among_us/death"},
		{"predicate":{"custom_model_data":26},"model":"entity/fungus_among_us/aggro/death"}
	]
}
