{
	"credit": "Made with Blockbench",
	"parent": "item/handheld",
	"textures": {
		"layer0": "item/royal_lance"
	},
	"display": {
		"thirdperson_righthand": {
			"rotation": [0, -90, 55],
			"translation": [0, 7.75, -0.5],
			"scale": [1.3, 1.3, 0.95]
		},
		"thirdperson_lefthand": {
			"rotation": [0, 90, -55],
			"translation": [0, 7.75, -0.5],
			"scale": [1.3, 1.3, 0.95]
		},
		"firstperson_righthand": {
			"rotation": [0, -90, 25],
			"translation": [1.13, 5.5, 2.5],
			"scale": [1.04, 1.04, 0.76]
		},
		"firstperson_lefthand": {
			"rotation": [0, 90, -25],
			"translation": [1.13, 5.5, 2.5],
			"scale": [1.04, 1.04, 0.76]
		}
	}
}