{
	"credit": "Made with Blockbench",
	"texture_size": [64, 64],
	"textures": {
		"0": "item/summoning_circle",
		"particle": "item/summoning_circle"
	},
	"elements": [
		{
			"from": [-16, 0, -16],
			"to": [32, 0, 32],
			"faces": {
				"up": {"uv": [0, 0, 16, 16], "texture": "#0"},
				"down": {"uv": [0, 0, 16, 16], "texture": "#0"}
			}
		}
	],
	"display": {
		"head": {
			"translation": [0, -35, 0],
			"scale": [4, 1, 4]
		},
		"gui": {
			"rotation": [90.0, 0.0, 0.0],
			"scale": [0.35, 0.35, 0.35]
		}
	},
	"gui_light": "front"
}