{
	"credit": "Made with Blockbench",
	"texture_size": [32, 32],
	"textures": {
		"0": "entity/capoo_bugcat/assets",
		"particle": "entity/capoo_bugcat/assets"
	},
	"elements": [
		{
			"name": "body",
			"from": [4.99652, 1.7686, 5.84642],
			"to": [10.99652, 7.7686, 14.84642],
			"rotation": {"angle": 22.5, "axis": "x", "origin": [8, 8, 8]},
			"faces": {
				"north": {"uv": [0, 0, 3, 3], "texture": "#0"},
				"east": {"uv": [7.5, 0, 12, 3], "texture": "#0"},
				"south": {"uv": [12, 0, 15, 3], "texture": "#0"},
				"west": {"uv": [3, 0, 7.5, 3], "texture": "#0"},
				"up": {"uv": [3, 3, 6, 7.5], "texture": "#0"},
				"down": {"uv": [0, 3, 3, 7.5], "texture": "#0"}
			}
		},
		{
			"name": "leg",
			"from": [6.00393, 1.74912, 4.49695],
			"to": [7.00393, 2.74912, 5.49695],
			"faces": {
				"north": {"uv": [0, 7.5, 0.5, 8], "texture": "#0"},
				"east": {"uv": [0, 7.5, 0.5, 8], "texture": "#0"},
				"south": {"uv": [0, 7.5, 0.5, 8], "texture": "#0"},
				"west": {"uv": [0, 7.5, 0.5, 8], "texture": "#0"},
				"up": {"uv": [0.5, 7.5, 1, 8], "texture": "#0"},
				"down": {"uv": [0, 8, 0.5, 8.5], "texture": "#0"}
			}
		},
		{
			"name": "leg",
			"from": [9.00392, 1.74388, 4.50219],
			"to": [10.00392, 2.74388, 5.50219],
			"faces": {
				"north": {"uv": [0, 7.5, 0.5, 8], "texture": "#0"},
				"east": {"uv": [0, 7.5, 0.5, 8], "texture": "#0"},
				"south": {"uv": [0, 7.5, 0.5, 8], "texture": "#0"},
				"west": {"uv": [0, 7.5, 0.5, 8], "texture": "#0"},
				"up": {"uv": [0.5, 7.5, 1, 8], "texture": "#0"},
				"down": {"uv": [0, 8, 0.5, 8.5], "texture": "#0"}
			}
		},
		{
			"name": "leg",
			"from": [8.99781, 0.74826, 7.00392],
			"to": [9.99781, 1.74826, 8.00392],
			"faces": {
				"north": {"uv": [0, 7.5, 0.5, 8], "texture": "#0"},
				"east": {"uv": [0, 7.5, 0.5, 8], "texture": "#0"},
				"south": {"uv": [0, 7.5, 0.5, 8], "texture": "#0"},
				"west": {"uv": [0, 7.5, 0.5, 8], "texture": "#0"},
				"up": {"uv": [0.5, 7.5, 1, 8], "texture": "#0"},
				"down": {"uv": [0, 8, 0.5, 8.5], "texture": "#0"}
			}
		},
		{
			"name": "leg",
			"from": [8.97464, 0.66994, 3.3142],
			"to": [9.97464, 1.66994, 4.3142],
			"rotation": {"angle": -45, "axis": "x", "origin": [8, 8, 8]},
			"faces": {
				"north": {"uv": [0, 8, 0.5, 8.5], "rotation": 180, "texture": "#0"},
				"east": {"uv": [0, 7.5, 0.5, 8], "rotation": 270, "texture": "#0"},
				"south": {"uv": [0.5, 7.5, 1, 8], "texture": "#0"},
				"west": {"uv": [0, 7.5, 0.5, 8], "rotation": 90, "texture": "#0"},
				"up": {"uv": [0, 7.5, 0.5, 8], "rotation": 180, "texture": "#0"},
				"down": {"uv": [0, 7.5, 0.5, 8], "texture": "#0"}
			}
		},
		{
			"name": "leg",
			"from": [5.97465, 0.67735, 3.3142],
			"to": [6.97465, 1.67735, 4.3142],
			"rotation": {"angle": -45, "axis": "x", "origin": [8, 8, 8]},
			"faces": {
				"north": {"uv": [0, 8, 0.5, 8.5], "rotation": 180, "texture": "#0"},
				"east": {"uv": [0, 7.5, 0.5, 8], "rotation": 270, "texture": "#0"},
				"south": {"uv": [0.5, 7.5, 1, 8], "texture": "#0"},
				"west": {"uv": [0, 7.5, 0.5, 8], "rotation": 90, "texture": "#0"},
				"up": {"uv": [0, 7.5, 0.5, 8], "rotation": 180, "texture": "#0"},
				"down": {"uv": [0, 7.5, 0.5, 8], "texture": "#0"}
			}
		},
		{
			"name": "leg",
			"from": [5.99782, 0.7535, 6.99868],
			"to": [6.99782, 1.7535, 7.99868],
			"faces": {
				"north": {"uv": [0, 7.5, 0.5, 8], "texture": "#0"},
				"east": {"uv": [0, 7.5, 0.5, 8], "texture": "#0"},
				"south": {"uv": [0, 7.5, 0.5, 8], "texture": "#0"},
				"west": {"uv": [0, 7.5, 0.5, 8], "texture": "#0"},
				"up": {"uv": [0.5, 7.5, 1, 8], "texture": "#0"},
				"down": {"uv": [0, 8, 0.5, 8.5], "texture": "#0"}
			}
		},
		{
			"name": "tail",
			"from": [7.00134, 8.37901, 14.41389],
			"to": [9.00134, 10.37901, 17.41389],
			"rotation": {"angle": 45, "axis": "x", "origin": [8, 8, 8]},
			"faces": {
				"north": {"uv": [10, 3, 11, 4], "texture": "#0"},
				"east": {"uv": [12, 3, 13.5, 4], "texture": "#0"},
				"south": {"uv": [13.5, 3, 14.5, 4], "texture": "#0"},
				"west": {"uv": [8.5, 3, 10, 4], "texture": "#0"},
				"up": {"uv": [11, 3, 12, 4.5], "texture": "#0"},
				"down": {"uv": [7.5, 3.5, 8.5, 5], "texture": "#0"}
			}
		},
		{
			"name": "ear",
			"from": [6.00609, 6.01165, 6.49825],
			"to": [8.00609, 8.01165, 7.49825],
			"rotation": {"angle": -45, "axis": "z", "origin": [8, 8, 8]},
			"faces": {
				"north": {"uv": [6, 3, 7, 4], "texture": "#0"},
				"east": {"uv": [7, 3, 7.5, 4], "texture": "#0"},
				"south": {"uv": [6, 4, 7, 5], "texture": "#0"},
				"west": {"uv": [7, 3, 7.5, 4], "texture": "#0"},
				"up": {"uv": [7.5, 3, 8.5, 3.5], "texture": "#0"},
				"down": {"uv": [7.5, 3, 8.5, 3.5], "texture": "#0"}
			}
		},
		{
			"name": "ear",
			"from": [7.95403, 7.95279, 6.50305],
			"to": [9.95403, 9.95279, 7.50305],
			"rotation": {"angle": -45, "axis": "z", "origin": [8, 8, 8]},
			"faces": {
				"north": {"uv": [6, 3, 7, 4], "texture": "#0"},
				"east": {"uv": [7, 3, 7.5, 4], "texture": "#0"},
				"south": {"uv": [6, 4, 7, 5], "texture": "#0"},
				"west": {"uv": [7, 3, 7.5, 4], "texture": "#0"},
				"up": {"uv": [7.5, 3, 8.5, 3.5], "texture": "#0"},
				"down": {"uv": [7.5, 3, 8.5, 3.5], "texture": "#0"}
			}
		}
	],
	"display": {
		"head": {
			"translation": [0, -47.5, -1.25],
			"scale": [1.5, 1.5, 1.5]
		}
	}
}