{
	"credit": "Made with Blockbench",
	"textures": {
		"card_back": "item/erraticus/card_back",
		"card_front": "item/erraticus/card_front",
		"num_1": "item/erraticus/blank",
		"num_2": "item/erraticus/blank",
		"num_3": "item/erraticus/blank",
		"suite_1": "item/erraticus/blank",
		"suite_2": "item/erraticus/blank",
		"suite_3": "item/erraticus/blank",
		"suite_4": "item/erraticus/blank",
		"suite_5": "item/erraticus/blank",
		"suite_6": "item/erraticus/blank",
		"suite_7": "item/erraticus/blank",
		"suite_8": "item/erraticus/blank",
		"suite_9": "item/erraticus/blank",
		"suite_10": "item/erraticus/blank",
		"royal_suite": "item/erraticus/blank",
		"royal_crown": "item/erraticus/blank",
		"particle": "item/erraticus/card_back"
	},
	"elements": [
		{
			"name": "top_num_pos_1",
			"from": [11, 18, 8.4],
			"to": [15, 22, 8.4],
			"rotation": {"angle": 0, "axis": "y", "origin": [22, 29, 16.4]},
			"faces": {
				"north": {"uv": [0, 0, 16, 16], "texture": "#num_1"}
			}
		},
		{
			"name": "top_num_pos_2",
			"from": [7.25, 18, 8.4],
			"to": [11.25, 22, 8.4],
			"rotation": {"angle": 0, "axis": "y", "origin": [18.25, 29, 16.4]},
			"faces": {
				"north": {"uv": [0, 0, 16, 16], "texture": "#num_2"}
			}
		},
		{
			"name": "top_num_pos_3",
			"from": [3.5, 18, 8.4],
			"to": [7.5, 22, 8.4],
			"rotation": {"angle": 0, "axis": "y", "origin": [14.5, 29, 16.4]},
			"faces": {
				"north": {"uv": [0, 0, 16, 16], "texture": "#num_3"}
			}
		},
		{
			"name": "bot_num_pos_1",
			"from": [1, 1, 8.4],
			"to": [5, 5, 8.4],
			"rotation": {"angle": 0, "axis": "z", "origin": [-2.25, 29, 16.4]},
			"faces": {
				"north": {"uv": [0, 0, 16, 16], "rotation": 180, "texture": "#num_1"}
			}
		},
		{
			"name": "bot_num_pos_2",
			"from": [4.75, 1, 8.4],
			"to": [8.75, 5, 8.4],
			"rotation": {"angle": 0, "axis": "z", "origin": [-2.25, 29, 16.4]},
			"faces": {
				"north": {"uv": [0, 0, 16, 16], "rotation": 180, "texture": "#num_2"}
			}
		},
		{
			"name": "bot_num_pos_3",
			"from": [8.5, 1, 8.4],
			"to": [12.5, 5, 8.4],
			"rotation": {"angle": 0, "axis": "z", "origin": [-2.25, 29, 16.4]},
			"faces": {
				"north": {"uv": [0, 0, 16, 16], "rotation": 180, "texture": "#num_3"}
			}
		},
		{
			"name": "card_edge_r",
			"from": [0, 1, 8.5],
			"to": [1, 22, 8.5],
			"rotation": {"angle": 0, "axis": "y", "origin": [8, 9, 16.5]},
			"faces": {
				"north": {"uv": [12, 2.5, 11.5, 13], "texture": "#card_front"},
				"south": {"uv": [4.5, 2.5, 4, 13], "texture": "#card_back"}
			}
		},
		{
			"name": "card_body",
			"from": [1, 0, 8.5],
			"to": [15, 23, 8.5],
			"rotation": {"angle": 0, "axis": "y", "origin": [22, -12, 16.5]},
			"faces": {
				"north": {"uv": [4.5, 2, 11.5, 13.5], "texture": "#card_front"},
				"south": {"uv": [4.5, 2, 11.5, 13.5], "texture": "#card_back"}
			}
		},
		{
			"name": "card_edge_l",
			"from": [15, 1, 8.5],
			"to": [16, 22, 8.5],
			"rotation": {"angle": 0, "axis": "y", "origin": [23, 9, 16.5]},
			"faces": {
				"north": {"uv": [4.5, 2.5, 4, 13], "texture": "#card_front"},
				"south": {"uv": [12, 2.5, 11.5, 13], "texture": "#card_back"}
			}
		},
		{
			"name": "s1_pos_1",
			"from": [2.5, 6, 8.4],
			"to": [13.5, 17, 8.4],
			"rotation": {"angle": 0, "axis": "z", "origin": [9.25, 11, 16.4]},
			"faces": {
				"north": {"uv": [0, 0, 16, 16], "texture": "#suite_1"}
			}
		},
		{
			"name": "s2_pos_1",
			"from": [3.5, 6, 8.4],
			"to": [8.5, 11, 8.4],
			"rotation": {"angle": 0, "axis": "z", "origin": [8.25, 11, 16.4]},
			"faces": {
				"north": {"uv": [0, 0, 16, 16], "texture": "#suite_2"}
			}
		},
		{
			"name": "s2_pos_2",
			"from": [7.5, 12, 8.4],
			"to": [12.5, 17, 8.4],
			"rotation": {"angle": 0, "axis": "z", "origin": [12.25, 17, 16.4]},
			"faces": {
				"north": {"uv": [0, 0, 16, 16], "texture": "#suite_2"}
			}
		},
		{
			"name": "s3_pos_1",
			"from": [10.5, 5, 8.4],
			"to": [14.5, 9, 8.4],
			"rotation": {"angle": 0, "axis": "z", "origin": [14.25, 10, 16.4]},
			"faces": {
				"north": {"uv": [0, 0, 16, 16], "texture": "#suite_3"}
			}
		},
		{
			"name": "s3_pos_2",
			"from": [1.5, 14, 8.4],
			"to": [5.5, 18, 8.4],
			"rotation": {"angle": 0, "axis": "z", "origin": [5.25, 19, 16.4]},
			"faces": {
				"north": {"uv": [0, 0, 16, 16], "texture": "#suite_3"}
			}
		},
		{
			"name": "s3_pos_3",
			"from": [6, 9.5, 8.4],
			"to": [10, 13.5, 8.4],
			"rotation": {"angle": 0, "axis": "z", "origin": [9.75, 14.5, 16.4]},
			"faces": {
				"north": {"uv": [0, 0, 16, 16], "texture": "#suite_3"}
			}
		},
		{
			"name": "s4_pos_1",
			"from": [10.5, 5, 8.4],
			"to": [14.5, 9, 8.4],
			"rotation": {"angle": 0, "axis": "z", "origin": [14.25, 10, 16.4]},
			"faces": {
				"north": {"uv": [0, 0, 16, 16], "texture": "#suite_4"}
			}
		},
		{
			"name": "s4_pos_2",
			"from": [10.5, 14, 8.4],
			"to": [14.5, 18, 8.4],
			"rotation": {"angle": 0, "axis": "z", "origin": [14.25, 19, 16.4]},
			"faces": {
				"north": {"uv": [0, 0, 16, 16], "texture": "#suite_4"}
			}
		},
		{
			"name": "s4_pos_3",
			"from": [1.5, 14, 8.4],
			"to": [5.5, 18, 8.4],
			"rotation": {"angle": 0, "axis": "z", "origin": [5.25, 19, 16.4]},
			"faces": {
				"north": {"uv": [0, 0, 16, 16], "texture": "#suite_4"}
			}
		},
		{
			"name": "s4_pos_4",
			"from": [1.5, 5, 8.4],
			"to": [5.5, 9, 8.4],
			"rotation": {"angle": 0, "axis": "z", "origin": [5.25, 10, 16.4]},
			"faces": {
				"north": {"uv": [0, 0, 16, 16], "texture": "#suite_4"}
			}
		},
		{
			"name": "s5_pos_1",
			"from": [6, 9.5, 8.4],
			"to": [10, 13.5, 8.4],
			"rotation": {"angle": 0, "axis": "z", "origin": [9.75, 14.5, 16.4]},
			"faces": {
				"north": {"uv": [0, 0, 16, 16], "texture": "#suite_5"}
			}
		},
		{
			"name": "s5_pos_2",
			"from": [10.5, 5, 8.4],
			"to": [14.5, 9, 8.4],
			"rotation": {"angle": 0, "axis": "z", "origin": [14.25, 10, 16.4]},
			"faces": {
				"north": {"uv": [0, 0, 16, 16], "texture": "#suite_5"}
			}
		},
		{
			"name": "s5_pos_3",
			"from": [10.5, 14, 8.4],
			"to": [14.5, 18, 8.4],
			"rotation": {"angle": 0, "axis": "z", "origin": [14.25, 19, 16.4]},
			"faces": {
				"north": {"uv": [0, 0, 16, 16], "texture": "#suite_5"}
			}
		},
		{
			"name": "s5_pos_4",
			"from": [1.5, 14, 8.4],
			"to": [5.5, 18, 8.4],
			"rotation": {"angle": 0, "axis": "z", "origin": [5.25, 19, 16.4]},
			"faces": {
				"north": {"uv": [0, 0, 16, 16], "texture": "#suite_5"}
			}
		},
		{
			"name": "s5_pos_5",
			"from": [1.5, 5, 8.4],
			"to": [5.5, 9, 8.4],
			"rotation": {"angle": 0, "axis": "z", "origin": [5.25, 10, 16.4]},
			"faces": {
				"north": {"uv": [0, 0, 16, 16], "texture": "#suite_5"}
			}
		},
		{
			"name": "s6_pos_1",
			"from": [9.5, 5, 8.4],
			"to": [13.5, 9, 8.4],
			"rotation": {"angle": 0, "axis": "z", "origin": [13.25, 10, 16.4]},
			"faces": {
				"north": {"uv": [0, 0, 16, 16], "texture": "#suite_6"}
			}
		},
		{
			"name": "s6_pos_2",
			"from": [9.5, 14, 8.4],
			"to": [13.5, 18, 8.4],
			"rotation": {"angle": 0, "axis": "z", "origin": [13.25, 19, 16.4]},
			"faces": {
				"north": {"uv": [0, 0, 16, 16], "texture": "#suite_6"}
			}
		},
		{
			"name": "s6_pos_3",
			"from": [10.5, 9.5, 8.4],
			"to": [14.5, 13.5, 8.4],
			"rotation": {"angle": 0, "axis": "z", "origin": [14.25, 14.5, 16.4]},
			"faces": {
				"north": {"uv": [0, 0, 16, 16], "texture": "#suite_6"}
			}
		},
		{
			"name": "s6_pos_4",
			"from": [1.5, 9.5, 8.4],
			"to": [5.5, 13.5, 8.4],
			"rotation": {"angle": 0, "axis": "z", "origin": [5.25, 14.5, 16.4]},
			"faces": {
				"north": {"uv": [0, 0, 16, 16], "texture": "#suite_6"}
			}
		},
		{
			"name": "s6_pos_5",
			"from": [2.5, 5, 8.4],
			"to": [6.5, 9, 8.4],
			"rotation": {"angle": 0, "axis": "z", "origin": [6.25, 10, 16.4]},
			"faces": {
				"north": {"uv": [0, 0, 16, 16], "texture": "#suite_6"}
			}
		},
		{
			"name": "s6_pos_6",
			"from": [2.5, 14, 8.4],
			"to": [6.5, 18, 8.4],
			"rotation": {"angle": 0, "axis": "z", "origin": [6.25, 19, 16.4]},
			"faces": {
				"north": {"uv": [0, 0, 16, 16], "texture": "#suite_6"}
			}
		},
		{
			"name": "s7_pos_1",
			"from": [6, 9.5, 8.4],
			"to": [10, 13.5, 8.4],
			"rotation": {"angle": 0, "axis": "z", "origin": [9.75, 14.5, 16.4]},
			"faces": {
				"north": {"uv": [0, 0, 16, 16], "texture": "#suite_7"}
			}
		},
		{
			"name": "s7_pos_2",
			"from": [10.5, 5, 8.4],
			"to": [14.5, 9, 8.4],
			"rotation": {"angle": 0, "axis": "z", "origin": [14.25, 10, 16.4]},
			"faces": {
				"north": {"uv": [0, 0, 16, 16], "texture": "#suite_7"}
			}
		},
		{
			"name": "s7_pos_3",
			"from": [10.5, 14, 8.4],
			"to": [14.5, 18, 8.4],
			"rotation": {"angle": 0, "axis": "z", "origin": [14.25, 19, 16.4]},
			"faces": {
				"north": {"uv": [0, 0, 16, 16], "texture": "#suite_7"}
			}
		},
		{
			"name": "s7_pos_4",
			"from": [10.5, 9.5, 8.4],
			"to": [14.5, 13.5, 8.4],
			"rotation": {"angle": 0, "axis": "z", "origin": [14.25, 14.5, 16.4]},
			"faces": {
				"north": {"uv": [0, 0, 16, 16], "texture": "#suite_7"}
			}
		},
		{
			"name": "s7_pos_5",
			"from": [1.5, 9.5, 8.4],
			"to": [5.5, 13.5, 8.4],
			"rotation": {"angle": 0, "axis": "z", "origin": [5.25, 14.5, 16.4]},
			"faces": {
				"north": {"uv": [0, 0, 16, 16], "texture": "#suite_7"}
			}
		},
		{
			"name": "s7_pos_6",
			"from": [1.5, 5, 8.4],
			"to": [5.5, 9, 8.4],
			"rotation": {"angle": 0, "axis": "z", "origin": [5.25, 10, 16.4]},
			"faces": {
				"north": {"uv": [0, 0, 16, 16], "texture": "#suite_7"}
			}
		},
		{
			"name": "s7_pos_7",
			"from": [1.5, 14, 8.4],
			"to": [5.5, 18, 8.4],
			"rotation": {"angle": 0, "axis": "z", "origin": [5.25, 19, 16.4]},
			"faces": {
				"north": {"uv": [0, 0, 16, 16], "texture": "#suite_7"}
			}
		},
		{
			"name": "s8_pos_1",
			"from": [6, 5, 8.4],
			"to": [10, 9, 8.4],
			"rotation": {"angle": 0, "axis": "z", "origin": [9.75, 10, 16.4]},
			"faces": {
				"north": {"uv": [0, 0, 16, 16], "texture": "#suite_8"}
			}
		},
		{
			"name": "s8_pos_2",
			"from": [6, 14, 8.4],
			"to": [10, 18, 8.4],
			"rotation": {"angle": 0, "axis": "z", "origin": [9.75, 19, 16.4]},
			"faces": {
				"north": {"uv": [0, 0, 16, 16], "texture": "#suite_8"}
			}
		},
		{
			"name": "s8_pos_3",
			"from": [10.5, 5, 8.4],
			"to": [14.5, 9, 8.4],
			"rotation": {"angle": 0, "axis": "z", "origin": [14.25, 10, 16.4]},
			"faces": {
				"north": {"uv": [0, 0, 16, 16], "texture": "#suite_8"}
			}
		},
		{
			"name": "s8_pos_4",
			"from": [10.5, 14, 8.4],
			"to": [14.5, 18, 8.4],
			"rotation": {"angle": 0, "axis": "z", "origin": [14.25, 19, 16.4]},
			"faces": {
				"north": {"uv": [0, 0, 16, 16], "texture": "#suite_8"}
			}
		},
		{
			"name": "s8_pos_5",
			"from": [10.5, 9.5, 8.4],
			"to": [14.5, 13.5, 8.4],
			"rotation": {"angle": 0, "axis": "z", "origin": [14.25, 14.5, 16.4]},
			"faces": {
				"north": {"uv": [0, 0, 16, 16], "texture": "#suite_8"}
			}
		},
		{
			"name": "s8_pos_6",
			"from": [1.5, 9.5, 8.4],
			"to": [5.5, 13.5, 8.4],
			"rotation": {"angle": 0, "axis": "z", "origin": [5.25, 14.5, 16.4]},
			"faces": {
				"north": {"uv": [0, 0, 16, 16], "texture": "#suite_8"}
			}
		},
		{
			"name": "s8_pos_7",
			"from": [1.5, 5, 8.4],
			"to": [5.5, 9, 8.4],
			"rotation": {"angle": 0, "axis": "z", "origin": [5.25, 10, 16.4]},
			"faces": {
				"north": {"uv": [0, 0, 16, 16], "texture": "#suite_8"}
			}
		},
		{
			"name": "s8_pos_8",
			"from": [1.5, 14, 8.4],
			"to": [5.5, 18, 8.4],
			"rotation": {"angle": 0, "axis": "z", "origin": [5.25, 19, 16.4]},
			"faces": {
				"north": {"uv": [0, 0, 16, 16], "texture": "#suite_8"}
			}
		},
		{
			"name": "s9_pos_1",
			"from": [6, 5, 8.4],
			"to": [10, 9, 8.4],
			"rotation": {"angle": 0, "axis": "z", "origin": [9.75, 10, 16.4]},
			"faces": {
				"north": {"uv": [0, 0, 16, 16], "texture": "#suite_9"}
			}
		},
		{
			"name": "s9_pos_2",
			"from": [6, 9.5, 8.4],
			"to": [10, 13.5, 8.4],
			"rotation": {"angle": 0, "axis": "z", "origin": [9.75, 14.5, 16.4]},
			"faces": {
				"north": {"uv": [0, 0, 16, 16], "texture": "#suite_9"}
			}
		},
		{
			"name": "s9_pos_3",
			"from": [6, 14, 8.4],
			"to": [10, 18, 8.4],
			"rotation": {"angle": 0, "axis": "z", "origin": [9.75, 19, 16.4]},
			"faces": {
				"north": {"uv": [0, 0, 16, 16], "texture": "#suite_9"}
			}
		},
		{
			"name": "s9_pos_4",
			"from": [10.5, 5, 8.4],
			"to": [14.5, 9, 8.4],
			"rotation": {"angle": 0, "axis": "z", "origin": [14.25, 10, 16.4]},
			"faces": {
				"north": {"uv": [0, 0, 16, 16], "texture": "#suite_9"}
			}
		},
		{
			"name": "s9_pos_5",
			"from": [10.5, 14, 8.4],
			"to": [14.5, 18, 8.4],
			"rotation": {"angle": 0, "axis": "z", "origin": [14.25, 19, 16.4]},
			"faces": {
				"north": {"uv": [0, 0, 16, 16], "texture": "#suite_9"}
			}
		},
		{
			"name": "s9_pos_6",
			"from": [10.5, 9.5, 8.4],
			"to": [14.5, 13.5, 8.4],
			"rotation": {"angle": 0, "axis": "z", "origin": [14.25, 14.5, 16.4]},
			"faces": {
				"north": {"uv": [0, 0, 16, 16], "texture": "#suite_9"}
			}
		},
		{
			"name": "s9_pos_7",
			"from": [1.5, 9.5, 8.4],
			"to": [5.5, 13.5, 8.4],
			"rotation": {"angle": 0, "axis": "z", "origin": [5.25, 14.5, 16.4]},
			"faces": {
				"north": {"uv": [0, 0, 16, 16], "texture": "#suite_9"}
			}
		},
		{
			"name": "s9_pos_8",
			"from": [1.5, 5, 8.4],
			"to": [5.5, 9, 8.4],
			"rotation": {"angle": 0, "axis": "z", "origin": [5.25, 10, 16.4]},
			"faces": {
				"north": {"uv": [0, 0, 16, 16], "texture": "#suite_9"}
			}
		},
		{
			"name": "s9_pos_9",
			"from": [1.5, 14, 8.4],
			"to": [5.5, 18, 8.4],
			"rotation": {"angle": 0, "axis": "z", "origin": [5.25, 19, 16.4]},
			"faces": {
				"north": {"uv": [0, 0, 16, 16], "texture": "#suite_9"}
			}
		},
		{
			"name": "s10_pos_1",
			"from": [6.5, 8, 8.4],
			"to": [9.5, 11, 8.4],
			"rotation": {"angle": 0, "axis": "z", "origin": [9.25, 13, 16.4]},
			"faces": {
				"north": {"uv": [0, 0, 16, 16], "texture": "#suite_10"}
			}
		},
		{
			"name": "s10_pos_2",
			"from": [6.5, 11.5, 8.4],
			"to": [9.5, 14.5, 8.4],
			"rotation": {"angle": 0, "axis": "z", "origin": [9.25, 16.5, 16.4]},
			"faces": {
				"north": {"uv": [0, 0, 16, 16], "texture": "#suite_10"}
			}
		},
		{
			"name": "s10_pos_3",
			"from": [10.5, 5.5, 8.4],
			"to": [13.5, 8.5, 8.4],
			"rotation": {"angle": 0, "axis": "z", "origin": [13.25, 10.5, 16.4]},
			"faces": {
				"north": {"uv": [0, 0, 16, 16], "texture": "#suite_10"}
			}
		},
		{
			"name": "s10_pos_4",
			"from": [2.5, 5.5, 8.4],
			"to": [5.5, 8.5, 8.4],
			"rotation": {"angle": 0, "axis": "z", "origin": [5.25, 10.5, 16.4]},
			"faces": {
				"north": {"uv": [0, 0, 16, 16], "texture": "#suite_10"}
			}
		},
		{
			"name": "s10_pos_5",
			"from": [10.5, 8.5, 8.4],
			"to": [13.5, 11.5, 8.4],
			"rotation": {"angle": 0, "axis": "z", "origin": [13.25, 13.5, 16.4]},
			"faces": {
				"north": {"uv": [0, 0, 16, 16], "texture": "#suite_10"}
			}
		},
		{
			"name": "s10_pos_6",
			"from": [2.5, 8.5, 8.4],
			"to": [5.5, 11.5, 8.4],
			"rotation": {"angle": 0, "axis": "z", "origin": [5.25, 13.5, 16.4]},
			"faces": {
				"north": {"uv": [0, 0, 16, 16], "texture": "#suite_10"}
			}
		},
		{
			"name": "s10_pos_7",
			"from": [10.5, 14.5, 8.4],
			"to": [13.5, 17.5, 8.4],
			"rotation": {"angle": 0, "axis": "z", "origin": [13.25, 19.5, 16.4]},
			"faces": {
				"north": {"uv": [0, 0, 16, 16], "texture": "#suite_10"}
			}
		},
		{
			"name": "s10_pos_8",
			"from": [2.5, 14.5, 8.4],
			"to": [5.5, 17.5, 8.4],
			"rotation": {"angle": 0, "axis": "z", "origin": [5.25, 19.5, 16.4]},
			"faces": {
				"north": {"uv": [0, 0, 16, 16], "texture": "#suite_10"}
			}
		},
		{
			"name": "s10_pos_9",
			"from": [10.5, 11.5, 8.4],
			"to": [13.5, 14.5, 8.4],
			"rotation": {"angle": 0, "axis": "z", "origin": [13.25, 16.5, 16.4]},
			"faces": {
				"north": {"uv": [0, 0, 16, 16], "texture": "#suite_10"}
			}
		},
		{
			"name": "s10_pos_10",
			"from": [2.5, 11.5, 8.4],
			"to": [5.5, 14.5, 8.4],
			"rotation": {"angle": 0, "axis": "z", "origin": [5.25, 16.5, 16.4]},
			"faces": {
				"north": {"uv": [0, 0, 16, 16], "texture": "#suite_10"}
			}
		},
		{
			"name": "royal_suite",
			"from": [5, 6, 8.4],
			"to": [11, 12, 8.4],
			"rotation": {"angle": 0, "axis": "z", "origin": [9.75, 11, 16.4]},
			"faces": {
				"north": {"uv": [0, 0, 16, 16], "texture": "#royal_suite"}
			}
		},
		{
			"name": "royal_crown",
			"from": [5, 12, 8.4],
			"to": [11, 18, 8.4],
			"rotation": {"angle": 0, "axis": "z", "origin": [9.75, 17, 16.4]},
			"faces": {
				"north": {"uv": [0, 0, 16, 16], "texture": "#royal_crown"}
			}
		}
	],
	"gui_light": "front",
	"display": {
		"thirdperson_righthand": {
			"rotation": [0, -180, 0],
			"translation": [0, 1.75, 0.75],
			"scale": [0.3, 0.3, 0.3]
		},
		"thirdperson_lefthand": {
			"rotation": [0, -180, 0],
			"translation": [0, 1.75, 0.75],
			"scale": [0.3, 0.3, 0.3]
		},
		"firstperson_righthand": {
			"rotation": [0, -180, 0],
			"translation": [3, 2.5, 0],
			"scale": [0.24, 0.24, 0.24]
		},
		"firstperson_lefthand": {
			"rotation": [0, -180, 0],
			"translation": [3, 2.5, 0],
			"scale": [0.24, 0.24, 0.24]
		},
		"ground": {
			"rotation": [-90, 0, 0],
			"translation": [0, 0, 1.25],
			"scale": [0.3, 0.3, 0.3]
		},
		"gui": {
			"rotation": [0, -180, 45],
			"translation": [-1, -1.5, 0],
			"scale": [0.5, 0.5, 0.5]
		},
		"fixed": {
			"rotation": [0, 0, 45],
			"translation": [0.25, -0.25, -0.25],
			"scale": [0.3, 0.3, 0.3]
		}
	},
	"groups": [
		{
			"name": "top_numbers",
			"origin": [14.5, 29, 16.4],
			"children": [0, 1, 2]
		},
		{
			"name": "bottom_numbers",
			"origin": [-2.75, 29, 16.4],
			"children": [3, 4, 5]
		},
		{
			"name": "card_body",
			"origin": [23, 9, 16.5],
			"children": [6, 7, 8]
		},
		{
			"name": "suite_numbers",
			"origin": [8, 8, 8],
			"children": [
				{
					"name": "1",
					"origin": [8, 8, 8],
					"children": [9]
				},
				{
					"name": "2",
					"origin": [8, 8, 8],
					"children": [10, 11]
				},
				{
					"name": "3",
					"origin": [8, 8, 8],
					"children": [12, 13, 14]
				},
				{
					"name": "4",
					"origin": [8, 8, 8],
					"children": [15, 16, 17, 18]
				},
				{
					"name": "5",
					"origin": [8, 8, 8],
					"children": [19, 20, 21, 22, 23]
				},
				{
					"name": "6",
					"origin": [8, 8, 8],
					"children": [24, 25, 26, 27, 28, 29]
				},
				{
					"name": "7",
					"origin": [8, 8, 8],
					"children": [30, 31, 32, 33, 34, 35, 36]
				},
				{
					"name": "8",
					"origin": [8, 8, 8],
					"children": [37, 38, 39, 40, 41, 42, 43, 44]
				},
				{
					"name": "9",
					"origin": [8, 8, 8],
					"children": [45, 46, 47, 48, 49, 50, 51, 52, 53]
				},
				{
					"name": "10",
					"origin": [8, 8, 8],
					"children": [54, 55, 56, 57, 58, 59, 60, 61, 62, 63]
				},
				{
					"name": "royal",
					"origin": [8, 8, 8],
					"children": [64, 65]
				}
			]
		}
	]
}