{
	"credit": "Made with Blockbench",
	"textures": {
		"particle": "item/erraticus/card_back",
		"card_back": "item/erraticus/card_back",
		"card_front": "item/erraticus/card_front"
	},
	"elements": [
		{
			"name": "card_edge_r",
			"from": [0, 0, -0.5],
			"to": [1, 0, 20.5],
			"rotation": {"angle": 0, "axis": "x", "origin": [8, 1, 9.5]},
			"faces": {
				"up": {"uv": [4.5, 2.5, 4, 13], "texture": "#card_back"},
				"down": {"uv": [12, 2.5, 11.5, 13], "rotation": 180, "texture": "#card_front"}
			}
		},
		{
			"name": "card_body",
			"from": [1, 0, -1.5],
			"to": [15, 0, 21.5],
			"rotation": {"angle": 0, "axis": "x", "origin": [8, 1, 9.5]},
			"faces": {
				"up": {"uv": [4.5, 2, 11.5, 13.5], "texture": "#card_back"},
				"down": {"uv": [4.5, 2, 11.5, 13.5], "rotation": 180, "texture": "#card_front"}
			}
		},
		{
			"name": "card_edge_l",
			"from": [15, 0, -0.5],
			"to": [16, 0, 20.5],
			"rotation": {"angle": 0, "axis": "x", "origin": [8, 1, 9.5]},
			"faces": {
				"up": {"uv": [12, 2.5, 11.5, 13], "texture": "#card_back"},
				"down": {"uv": [4.5, 2.5, 4, 13], "rotation": 180, "texture": "#card_front"}
			}
		},
		{
			"name": "card_edge_r",
			"from": [0, 0.1, -0.5],
			"to": [1, 0.1, 20.5],
			"rotation": {"angle": 0, "axis": "x", "origin": [8, 1, 9.5]},
			"faces": {
				"up": {"uv": [4.5, 2.5, 4, 13], "texture": "#card_back"},
				"down": {"uv": [12, 2.5, 11.5, 13], "rotation": 180, "texture": "#card_front"}
			}
		},
		{
			"name": "card_body",
			"from": [1, 0.1, -1.5],
			"to": [15, 0.1, 21.5],
			"rotation": {"angle": 0, "axis": "x", "origin": [8, 1, 9.5]},
			"faces": {
				"up": {"uv": [4.5, 2, 11.5, 13.5], "texture": "#card_back"},
				"down": {"uv": [4.5, 2, 11.5, 13.5], "rotation": 180, "texture": "#card_front"}
			}
		},
		{
			"name": "card_edge_l",
			"from": [15, 0.1, -0.5],
			"to": [16, 0.1, 20.5],
			"rotation": {"angle": 0, "axis": "x", "origin": [8, 1, 9.5]},
			"faces": {
				"up": {"uv": [12, 2.5, 11.5, 13], "texture": "#card_back"},
				"down": {"uv": [4.5, 2.5, 4, 13], "rotation": 180, "texture": "#card_front"}
			}
		},
		{
			"name": "card_edge_r",
			"from": [0, 0.2, -0.5],
			"to": [1, 0.2, 20.5],
			"rotation": {"angle": 0, "axis": "x", "origin": [8, 1, 9.5]},
			"faces": {
				"up": {"uv": [4.5, 2.5, 4, 13], "texture": "#card_back"},
				"down": {"uv": [12, 2.5, 11.5, 13], "rotation": 180, "texture": "#card_front"}
			}
		},
		{
			"name": "card_body",
			"from": [1, 0.2, -1.5],
			"to": [15, 0.2, 21.5],
			"rotation": {"angle": 0, "axis": "x", "origin": [8, 1, 9.5]},
			"faces": {
				"up": {"uv": [4.5, 2, 11.5, 13.5], "texture": "#card_back"},
				"down": {"uv": [4.5, 2, 11.5, 13.5], "rotation": 180, "texture": "#card_front"}
			}
		},
		{
			"name": "card_edge_l",
			"from": [15, 0.2, -0.5],
			"to": [16, 0.2, 20.5],
			"rotation": {"angle": 0, "axis": "x", "origin": [8, 1, 9.5]},
			"faces": {
				"up": {"uv": [12, 2.5, 11.5, 13], "texture": "#card_back"},
				"down": {"uv": [4.5, 2.5, 4, 13], "rotation": 180, "texture": "#card_front"}
			}
		},
		{
			"name": "card_edge_r",
			"from": [0, 0.3, -0.5],
			"to": [1, 0.3, 20.5],
			"rotation": {"angle": 0, "axis": "x", "origin": [8, 1, 9.5]},
			"faces": {
				"up": {"uv": [4.5, 2.5, 4, 13], "texture": "#card_back"},
				"down": {"uv": [12, 2.5, 11.5, 13], "rotation": 180, "texture": "#card_front"}
			}
		},
		{
			"name": "card_body",
			"from": [1, 0.3, -1.5],
			"to": [15, 0.3, 21.5],
			"rotation": {"angle": 0, "axis": "x", "origin": [8, 1, 9.5]},
			"faces": {
				"up": {"uv": [4.5, 2, 11.5, 13.5], "texture": "#card_back"},
				"down": {"uv": [4.5, 2, 11.5, 13.5], "rotation": 180, "texture": "#card_front"}
			}
		},
		{
			"name": "card_edge_l",
			"from": [15, 0.3, -0.5],
			"to": [16, 0.3, 20.5],
			"rotation": {"angle": 0, "axis": "x", "origin": [8, 1, 9.5]},
			"faces": {
				"up": {"uv": [12, 2.5, 11.5, 13], "texture": "#card_back"},
				"down": {"uv": [4.5, 2.5, 4, 13], "rotation": 180, "texture": "#card_front"}
			}
		},
		{
			"name": "card_edge_r",
			"from": [0, 0.4, -0.5],
			"to": [1, 0.4, 20.5],
			"rotation": {"angle": 0, "axis": "x", "origin": [8, 1, 9.5]},
			"faces": {
				"up": {"uv": [4.5, 2.5, 4, 13], "texture": "#card_back"},
				"down": {"uv": [12, 2.5, 11.5, 13], "rotation": 180, "texture": "#card_front"}
			}
		},
		{
			"name": "card_body",
			"from": [1, 0.4, -1.5],
			"to": [15, 0.4, 21.5],
			"rotation": {"angle": 0, "axis": "x", "origin": [8, 1, 9.5]},
			"faces": {
				"up": {"uv": [4.5, 2, 11.5, 13.5], "texture": "#card_back"},
				"down": {"uv": [4.5, 2, 11.5, 13.5], "rotation": 180, "texture": "#card_front"}
			}
		},
		{
			"name": "card_edge_l",
			"from": [15, 0.4, -0.5],
			"to": [16, 0.4, 20.5],
			"rotation": {"angle": 0, "axis": "x", "origin": [8, 1, 9.5]},
			"faces": {
				"up": {"uv": [12, 2.5, 11.5, 13], "texture": "#card_back"},
				"down": {"uv": [4.5, 2.5, 4, 13], "rotation": 180, "texture": "#card_front"}
			}
		},
		{
			"name": "card_edge_r",
			"from": [0, 0.5, -0.5],
			"to": [1, 0.5, 20.5],
			"rotation": {"angle": 0, "axis": "x", "origin": [8, 1, 9.5]},
			"faces": {
				"up": {"uv": [4.5, 2.5, 4, 13], "texture": "#card_back"},
				"down": {"uv": [12, 2.5, 11.5, 13], "rotation": 180, "texture": "#card_front"}
			}
		},
		{
			"name": "card_body",
			"from": [1, 0.5, -1.5],
			"to": [15, 0.5, 21.5],
			"rotation": {"angle": 0, "axis": "x", "origin": [8, 1, 9.5]},
			"faces": {
				"up": {"uv": [4.5, 2, 11.5, 13.5], "texture": "#card_back"},
				"down": {"uv": [4.5, 2, 11.5, 13.5], "rotation": 180, "texture": "#card_front"}
			}
		},
		{
			"name": "card_edge_l",
			"from": [15, 0.5, -0.5],
			"to": [16, 0.5, 20.5],
			"rotation": {"angle": 0, "axis": "x", "origin": [8, 1, 9.5]},
			"faces": {
				"up": {"uv": [12, 2.5, 11.5, 13], "texture": "#card_back"},
				"down": {"uv": [4.5, 2.5, 4, 13], "rotation": 180, "texture": "#card_front"}
			}
		},
		{
			"name": "card_edge_r",
			"from": [0, 0.6, -0.5],
			"to": [1, 0.6, 20.5],
			"rotation": {"angle": 0, "axis": "x", "origin": [8, 1, 9.5]},
			"faces": {
				"up": {"uv": [4.5, 2.5, 4, 13], "texture": "#card_back"},
				"down": {"uv": [12, 2.5, 11.5, 13], "rotation": 180, "texture": "#card_front"}
			}
		},
		{
			"name": "card_body",
			"from": [1, 0.6, -1.5],
			"to": [15, 0.6, 21.5],
			"rotation": {"angle": 0, "axis": "x", "origin": [8, 1, 9.5]},
			"faces": {
				"up": {"uv": [4.5, 2, 11.5, 13.5], "texture": "#card_back"},
				"down": {"uv": [4.5, 2, 11.5, 13.5], "rotation": 180, "texture": "#card_front"}
			}
		},
		{
			"name": "card_edge_l",
			"from": [15, 0.6, -0.5],
			"to": [16, 0.6, 20.5],
			"rotation": {"angle": 0, "axis": "x", "origin": [8, 1, 9.5]},
			"faces": {
				"up": {"uv": [12, 2.5, 11.5, 13], "texture": "#card_back"},
				"down": {"uv": [4.5, 2.5, 4, 13], "rotation": 180, "texture": "#card_front"}
			}
		},
		{
			"name": "card_edge_r",
			"from": [0, 0.7, -0.5],
			"to": [1, 0.7, 20.5],
			"rotation": {"angle": 0, "axis": "x", "origin": [8, 1, 9.5]},
			"faces": {
				"up": {"uv": [4.5, 2.5, 4, 13], "texture": "#card_back"},
				"down": {"uv": [12, 2.5, 11.5, 13], "rotation": 180, "texture": "#card_front"}
			}
		},
		{
			"name": "card_body",
			"from": [1, 0.7, -1.5],
			"to": [15, 0.7, 21.5],
			"rotation": {"angle": 0, "axis": "x", "origin": [8, 1, 9.5]},
			"faces": {
				"up": {"uv": [4.5, 2, 11.5, 13.5], "texture": "#card_back"},
				"down": {"uv": [4.5, 2, 11.5, 13.5], "rotation": 180, "texture": "#card_front"}
			}
		},
		{
			"name": "card_edge_l",
			"from": [15, 0.7, -0.5],
			"to": [16, 0.7, 20.5],
			"rotation": {"angle": 0, "axis": "x", "origin": [8, 1, 9.5]},
			"faces": {
				"up": {"uv": [12, 2.5, 11.5, 13], "texture": "#card_back"},
				"down": {"uv": [4.5, 2.5, 4, 13], "rotation": 180, "texture": "#card_front"}
			}
		},
		{
			"name": "card_edge_r",
			"from": [0, 0.8, -0.5],
			"to": [1, 0.8, 20.5],
			"rotation": {"angle": 0, "axis": "x", "origin": [8, 1, 9.5]},
			"faces": {
				"up": {"uv": [4.5, 2.5, 4, 13], "texture": "#card_back"},
				"down": {"uv": [12, 2.5, 11.5, 13], "rotation": 180, "texture": "#card_front"}
			}
		},
		{
			"name": "card_body",
			"from": [1, 0.8, -1.5],
			"to": [15, 0.8, 21.5],
			"rotation": {"angle": 0, "axis": "x", "origin": [8, 1, 9.5]},
			"faces": {
				"up": {"uv": [4.5, 2, 11.5, 13.5], "texture": "#card_back"},
				"down": {"uv": [4.5, 2, 11.5, 13.5], "rotation": 180, "texture": "#card_front"}
			}
		},
		{
			"name": "card_edge_l",
			"from": [15, 0.8, -0.5],
			"to": [16, 0.8, 20.5],
			"rotation": {"angle": 0, "axis": "x", "origin": [8, 1, 9.5]},
			"faces": {
				"up": {"uv": [12, 2.5, 11.5, 13], "texture": "#card_back"},
				"down": {"uv": [4.5, 2.5, 4, 13], "rotation": 180, "texture": "#card_front"}
			}
		},
		{
			"name": "card_edge_r",
			"from": [0, 0.9, -0.5],
			"to": [1, 0.9, 20.5],
			"rotation": {"angle": 0, "axis": "x", "origin": [8, 1, 9.5]},
			"faces": {
				"up": {"uv": [4.5, 2.5, 4, 13], "texture": "#card_back"},
				"down": {"uv": [12, 2.5, 11.5, 13], "rotation": 180, "texture": "#card_front"}
			}
		},
		{
			"name": "card_body",
			"from": [1, 0.9, -1.5],
			"to": [15, 0.9, 21.5],
			"rotation": {"angle": 0, "axis": "x", "origin": [8, 1, 9.5]},
			"faces": {
				"up": {"uv": [4.5, 2, 11.5, 13.5], "texture": "#card_back"},
				"down": {"uv": [4.5, 2, 11.5, 13.5], "rotation": 180, "texture": "#card_front"}
			}
		},
		{
			"name": "card_edge_l",
			"from": [15, 0.9, -0.5],
			"to": [16, 0.9, 20.5],
			"rotation": {"angle": 0, "axis": "x", "origin": [8, 1, 9.5]},
			"faces": {
				"up": {"uv": [12, 2.5, 11.5, 13], "texture": "#card_back"},
				"down": {"uv": [4.5, 2.5, 4, 13], "rotation": 180, "texture": "#card_front"}
			}
		},
		{
			"name": "card_edge_r",
			"from": [0, 1, -0.5],
			"to": [1, 1, 20.5],
			"rotation": {"angle": 0, "axis": "x", "origin": [8, 1, 9.5]},
			"faces": {
				"up": {"uv": [4.5, 2.5, 4, 13], "texture": "#card_back"},
				"down": {"uv": [12, 2.5, 11.5, 13], "rotation": 180, "texture": "#card_front"}
			}
		},
		{
			"name": "card_body",
			"from": [1, 1, -1.5],
			"to": [15, 1, 21.5],
			"rotation": {"angle": 0, "axis": "x", "origin": [8, 1, 9.5]},
			"faces": {
				"up": {"uv": [4.5, 2, 11.5, 13.5], "texture": "#card_back"},
				"down": {"uv": [4.5, 2, 11.5, 13.5], "rotation": 180, "texture": "#card_front"}
			}
		},
		{
			"name": "card_edge_l",
			"from": [15, 1, -0.5],
			"to": [16, 1, 20.5],
			"rotation": {"angle": 0, "axis": "x", "origin": [8, 1, 9.5]},
			"faces": {
				"up": {"uv": [12, 2.5, 11.5, 13], "texture": "#card_back"},
				"down": {"uv": [4.5, 2.5, 4, 13], "rotation": 180, "texture": "#card_front"}
			}
		},
		{
			"name": "card_edge_r",
			"from": [0, 1.1, -0.5],
			"to": [1, 1.1, 20.5],
			"rotation": {"angle": 0, "axis": "x", "origin": [8, 1, 9.5]},
			"faces": {
				"up": {"uv": [4.5, 2.5, 4, 13], "texture": "#card_back"},
				"down": {"uv": [12, 2.5, 11.5, 13], "rotation": 180, "texture": "#card_front"}
			}
		},
		{
			"name": "card_body",
			"from": [1, 1.1, -1.5],
			"to": [15, 1.1, 21.5],
			"rotation": {"angle": 0, "axis": "x", "origin": [8, 1, 9.5]},
			"faces": {
				"up": {"uv": [4.5, 2, 11.5, 13.5], "texture": "#card_back"},
				"down": {"uv": [4.5, 2, 11.5, 13.5], "rotation": 180, "texture": "#card_front"}
			}
		},
		{
			"name": "card_edge_l",
			"from": [15, 1.1, -0.5],
			"to": [16, 1.1, 20.5],
			"rotation": {"angle": 0, "axis": "x", "origin": [8, 1, 9.5]},
			"faces": {
				"up": {"uv": [12, 2.5, 11.5, 13], "texture": "#card_back"},
				"down": {"uv": [4.5, 2.5, 4, 13], "rotation": 180, "texture": "#card_front"}
			}
		},
		{
			"name": "card_edge_r",
			"from": [0, 1.2, -0.5],
			"to": [1, 1.2, 20.5],
			"rotation": {"angle": 0, "axis": "x", "origin": [8, 1, 9.5]},
			"faces": {
				"up": {"uv": [4.5, 2.5, 4, 13], "texture": "#card_back"},
				"down": {"uv": [12, 2.5, 11.5, 13], "rotation": 180, "texture": "#card_front"}
			}
		},
		{
			"name": "card_body",
			"from": [1, 1.2, -1.5],
			"to": [15, 1.2, 21.5],
			"rotation": {"angle": 0, "axis": "x", "origin": [8, 1, 9.5]},
			"faces": {
				"up": {"uv": [4.5, 2, 11.5, 13.5], "texture": "#card_back"},
				"down": {"uv": [4.5, 2, 11.5, 13.5], "rotation": 180, "texture": "#card_front"}
			}
		},
		{
			"name": "card_edge_l",
			"from": [15, 1.2, -0.5],
			"to": [16, 1.2, 20.5],
			"rotation": {"angle": 0, "axis": "x", "origin": [8, 1, 9.5]},
			"faces": {
				"up": {"uv": [12, 2.5, 11.5, 13], "texture": "#card_back"},
				"down": {"uv": [4.5, 2.5, 4, 13], "rotation": 180, "texture": "#card_front"}
			}
		},
		{
			"name": "card_edge_r",
			"from": [0, 1.3, -0.5],
			"to": [1, 1.3, 20.5],
			"rotation": {"angle": 0, "axis": "x", "origin": [8, 1, 9.5]},
			"faces": {
				"up": {"uv": [4.5, 2.5, 4, 13], "texture": "#card_back"},
				"down": {"uv": [12, 2.5, 11.5, 13], "rotation": 180, "texture": "#card_front"}
			}
		},
		{
			"name": "card_body",
			"from": [1, 1.3, -1.5],
			"to": [15, 1.3, 21.5],
			"rotation": {"angle": 0, "axis": "x", "origin": [8, 1, 9.5]},
			"faces": {
				"up": {"uv": [4.5, 2, 11.5, 13.5], "texture": "#card_back"},
				"down": {"uv": [4.5, 2, 11.5, 13.5], "rotation": 180, "texture": "#card_front"}
			}
		},
		{
			"name": "card_edge_l",
			"from": [15, 1.3, -0.5],
			"to": [16, 1.3, 20.5],
			"rotation": {"angle": 0, "axis": "x", "origin": [8, 1, 9.5]},
			"faces": {
				"up": {"uv": [12, 2.5, 11.5, 13], "texture": "#card_back"},
				"down": {"uv": [4.5, 2.5, 4, 13], "rotation": 180, "texture": "#card_front"}
			}
		},
		{
			"name": "card_edge_r",
			"from": [0, 1.4, -0.5],
			"to": [1, 1.4, 20.5],
			"rotation": {"angle": 0, "axis": "x", "origin": [8, 1, 9.5]},
			"faces": {
				"up": {"uv": [4.5, 2.5, 4, 13], "texture": "#card_back"},
				"down": {"uv": [12, 2.5, 11.5, 13], "rotation": 180, "texture": "#card_front"}
			}
		},
		{
			"name": "card_body",
			"from": [1, 1.4, -1.5],
			"to": [15, 1.4, 21.5],
			"rotation": {"angle": 0, "axis": "x", "origin": [8, 1, 9.5]},
			"faces": {
				"up": {"uv": [4.5, 2, 11.5, 13.5], "texture": "#card_back"},
				"down": {"uv": [4.5, 2, 11.5, 13.5], "rotation": 180, "texture": "#card_front"}
			}
		},
		{
			"name": "card_edge_l",
			"from": [15, 1.4, -0.5],
			"to": [16, 1.4, 20.5],
			"rotation": {"angle": 0, "axis": "x", "origin": [8, 1, 9.5]},
			"faces": {
				"up": {"uv": [12, 2.5, 11.5, 13], "texture": "#card_back"},
				"down": {"uv": [4.5, 2.5, 4, 13], "rotation": 180, "texture": "#card_front"}
			}
		},
		{
			"name": "card_edge_r",
			"from": [0, 1.5, -0.5],
			"to": [1, 1.5, 20.5],
			"rotation": {"angle": 0, "axis": "x", "origin": [8, 1, 9.5]},
			"faces": {
				"up": {"uv": [4.5, 2.5, 4, 13], "texture": "#card_back"},
				"down": {"uv": [12, 2.5, 11.5, 13], "rotation": 180, "texture": "#card_front"}
			}
		},
		{
			"name": "card_body",
			"from": [1, 1.5, -1.5],
			"to": [15, 1.5, 21.5],
			"rotation": {"angle": 0, "axis": "x", "origin": [8, 1, 9.5]},
			"faces": {
				"up": {"uv": [4.5, 2, 11.5, 13.5], "texture": "#card_back"},
				"down": {"uv": [4.5, 2, 11.5, 13.5], "rotation": 180, "texture": "#card_front"}
			}
		},
		{
			"name": "card_edge_l",
			"from": [15, 1.5, -0.5],
			"to": [16, 1.5, 20.5],
			"rotation": {"angle": 0, "axis": "x", "origin": [8, 1, 9.5]},
			"faces": {
				"up": {"uv": [12, 2.5, 11.5, 13], "texture": "#card_back"},
				"down": {"uv": [4.5, 2.5, 4, 13], "rotation": 180, "texture": "#card_front"}
			}
		},
		{
			"name": "card_edge_r",
			"from": [0, 1.6, -0.5],
			"to": [1, 1.6, 20.5],
			"rotation": {"angle": 0, "axis": "x", "origin": [8, 1, 9.5]},
			"faces": {
				"up": {"uv": [4.5, 2.5, 4, 13], "texture": "#card_back"},
				"down": {"uv": [12, 2.5, 11.5, 13], "rotation": 180, "texture": "#card_front"}
			}
		},
		{
			"name": "card_body",
			"from": [1, 1.6, -1.5],
			"to": [15, 1.6, 21.5],
			"rotation": {"angle": 0, "axis": "x", "origin": [8, 1, 9.5]},
			"faces": {
				"up": {"uv": [4.5, 2, 11.5, 13.5], "texture": "#card_back"},
				"down": {"uv": [4.5, 2, 11.5, 13.5], "rotation": 180, "texture": "#card_front"}
			}
		},
		{
			"name": "card_edge_l",
			"from": [15, 1.6, -0.5],
			"to": [16, 1.6, 20.5],
			"rotation": {"angle": 0, "axis": "x", "origin": [8, 1, 9.5]},
			"faces": {
				"up": {"uv": [12, 2.5, 11.5, 13], "texture": "#card_back"},
				"down": {"uv": [4.5, 2.5, 4, 13], "rotation": 180, "texture": "#card_front"}
			}
		},
		{
			"name": "card_edge_r",
			"from": [0, 1.7, -0.5],
			"to": [1, 1.7, 20.5],
			"rotation": {"angle": 0, "axis": "x", "origin": [8, 1, 9.5]},
			"faces": {
				"up": {"uv": [4.5, 2.5, 4, 13], "texture": "#card_back"},
				"down": {"uv": [12, 2.5, 11.5, 13], "rotation": 180, "texture": "#card_front"}
			}
		},
		{
			"name": "card_body",
			"from": [1, 1.7, -1.5],
			"to": [15, 1.7, 21.5],
			"rotation": {"angle": 0, "axis": "x", "origin": [8, 1, 9.5]},
			"faces": {
				"up": {"uv": [4.5, 2, 11.5, 13.5], "texture": "#card_back"},
				"down": {"uv": [4.5, 2, 11.5, 13.5], "rotation": 180, "texture": "#card_front"}
			}
		},
		{
			"name": "card_edge_l",
			"from": [15, 1.7, -0.5],
			"to": [16, 1.7, 20.5],
			"rotation": {"angle": 0, "axis": "x", "origin": [8, 1, 9.5]},
			"faces": {
				"up": {"uv": [12, 2.5, 11.5, 13], "texture": "#card_back"},
				"down": {"uv": [4.5, 2.5, 4, 13], "rotation": 180, "texture": "#card_front"}
			}
		},
		{
			"name": "card_edge_r",
			"from": [0, 1.8, -0.5],
			"to": [1, 1.8, 20.5],
			"rotation": {"angle": 0, "axis": "x", "origin": [8, 1, 9.5]},
			"faces": {
				"up": {"uv": [4.5, 2.5, 4, 13], "texture": "#card_back"},
				"down": {"uv": [12, 2.5, 11.5, 13], "rotation": 180, "texture": "#card_front"}
			}
		},
		{
			"name": "card_body",
			"from": [1, 1.8, -1.5],
			"to": [15, 1.8, 21.5],
			"rotation": {"angle": 0, "axis": "x", "origin": [8, 1, 9.5]},
			"faces": {
				"up": {"uv": [4.5, 2, 11.5, 13.5], "texture": "#card_back"},
				"down": {"uv": [4.5, 2, 11.5, 13.5], "rotation": 180, "texture": "#card_front"}
			}
		},
		{
			"name": "card_edge_l",
			"from": [15, 1.8, -0.5],
			"to": [16, 1.8, 20.5],
			"rotation": {"angle": 0, "axis": "x", "origin": [8, 1, 9.5]},
			"faces": {
				"up": {"uv": [12, 2.5, 11.5, 13], "texture": "#card_back"},
				"down": {"uv": [4.5, 2.5, 4, 13], "rotation": 180, "texture": "#card_front"}
			}
		},
		{
			"name": "card_edge_r",
			"from": [0, 1.9, -0.5],
			"to": [1, 1.9, 20.5],
			"rotation": {"angle": 0, "axis": "x", "origin": [8, 1, 9.5]},
			"faces": {
				"up": {"uv": [4.5, 2.5, 4, 13], "texture": "#card_back"},
				"down": {"uv": [12, 2.5, 11.5, 13], "rotation": 180, "texture": "#card_front"}
			}
		},
		{
			"name": "card_body",
			"from": [1, 1.9, -1.5],
			"to": [15, 1.9, 21.5],
			"rotation": {"angle": 0, "axis": "x", "origin": [8, 1, 9.5]},
			"faces": {
				"up": {"uv": [4.5, 2, 11.5, 13.5], "texture": "#card_back"},
				"down": {"uv": [4.5, 2, 11.5, 13.5], "rotation": 180, "texture": "#card_front"}
			}
		},
		{
			"name": "card_edge_l",
			"from": [15, 1.9, -0.5],
			"to": [16, 1.9, 20.5],
			"rotation": {"angle": 0, "axis": "x", "origin": [8, 1, 9.5]},
			"faces": {
				"up": {"uv": [12, 2.5, 11.5, 13], "texture": "#card_back"},
				"down": {"uv": [4.5, 2.5, 4, 13], "rotation": 180, "texture": "#card_front"}
			}
		},
		{
			"name": "card_edge_r",
			"from": [0, 2, -0.5],
			"to": [1, 2, 20.5],
			"rotation": {"angle": 0, "axis": "x", "origin": [8, 1, 9.5]},
			"faces": {
				"up": {"uv": [4.5, 2.5, 4, 13], "texture": "#card_back"},
				"down": {"uv": [12, 2.5, 11.5, 13], "rotation": 180, "texture": "#card_front"}
			}
		},
		{
			"name": "card_body",
			"from": [1, 2, -1.5],
			"to": [15, 2, 21.5],
			"rotation": {"angle": 0, "axis": "x", "origin": [8, 1, 9.5]},
			"faces": {
				"up": {"uv": [4.5, 2, 11.5, 13.5], "texture": "#card_back"},
				"down": {"uv": [4.5, 2, 11.5, 13.5], "rotation": 180, "texture": "#card_front"}
			}
		},
		{
			"name": "card_edge_l",
			"from": [15, 2, -0.5],
			"to": [16, 2, 20.5],
			"rotation": {"angle": 0, "axis": "x", "origin": [8, 1, 9.5]},
			"faces": {
				"up": {"uv": [12, 2.5, 11.5, 13], "texture": "#card_back"},
				"down": {"uv": [4.5, 2.5, 4, 13], "rotation": 180, "texture": "#card_front"}
			}
		},
		{
			"name": "card_edge_r",
			"from": [0, 2.1, -0.5],
			"to": [1, 2.1, 20.5],
			"rotation": {"angle": 0, "axis": "x", "origin": [8, 1, 9.5]},
			"faces": {
				"up": {"uv": [4.5, 2.5, 4, 13], "texture": "#card_back"},
				"down": {"uv": [12, 2.5, 11.5, 13], "rotation": 180, "texture": "#card_front"}
			}
		},
		{
			"name": "card_body",
			"from": [1, 2.1, -1.5],
			"to": [15, 2.1, 21.5],
			"rotation": {"angle": 0, "axis": "x", "origin": [8, 1, 9.5]},
			"faces": {
				"up": {"uv": [4.5, 2, 11.5, 13.5], "texture": "#card_back"},
				"down": {"uv": [4.5, 2, 11.5, 13.5], "rotation": 180, "texture": "#card_front"}
			}
		},
		{
			"name": "card_edge_l",
			"from": [15, 2.1, -0.5],
			"to": [16, 2.1, 20.5],
			"rotation": {"angle": 0, "axis": "x", "origin": [8, 1, 9.5]},
			"faces": {
				"up": {"uv": [12, 2.5, 11.5, 13], "texture": "#card_back"},
				"down": {"uv": [4.5, 2.5, 4, 13], "rotation": 180, "texture": "#card_front"}
			}
		},
		{
			"name": "card_edge_r",
			"from": [0, 2.2, -0.5],
			"to": [1, 2.2, 20.5],
			"rotation": {"angle": 0, "axis": "x", "origin": [8, 1, 9.5]},
			"faces": {
				"up": {"uv": [4.5, 2.5, 4, 13], "texture": "#card_back"},
				"down": {"uv": [12, 2.5, 11.5, 13], "rotation": 180, "texture": "#card_front"}
			}
		},
		{
			"name": "card_body",
			"from": [1, 2.2, -1.5],
			"to": [15, 2.2, 21.5],
			"rotation": {"angle": 0, "axis": "x", "origin": [8, 1, 9.5]},
			"faces": {
				"up": {"uv": [4.5, 2, 11.5, 13.5], "texture": "#card_back"},
				"down": {"uv": [4.5, 2, 11.5, 13.5], "rotation": 180, "texture": "#card_front"}
			}
		},
		{
			"name": "card_edge_l",
			"from": [15, 2.2, -0.5],
			"to": [16, 2.2, 20.5],
			"rotation": {"angle": 0, "axis": "x", "origin": [8, 1, 9.5]},
			"faces": {
				"up": {"uv": [12, 2.5, 11.5, 13], "texture": "#card_back"},
				"down": {"uv": [4.5, 2.5, 4, 13], "rotation": 180, "texture": "#card_front"}
			}
		},
		{
			"name": "card_edge_r",
			"from": [0, 2.3, -0.5],
			"to": [1, 2.3, 20.5],
			"rotation": {"angle": 0, "axis": "x", "origin": [8, 1, 9.5]},
			"faces": {
				"up": {"uv": [4.5, 2.5, 4, 13], "texture": "#card_back"},
				"down": {"uv": [12, 2.5, 11.5, 13], "rotation": 180, "texture": "#card_front"}
			}
		},
		{
			"name": "card_body",
			"from": [1, 2.3, -1.5],
			"to": [15, 2.3, 21.5],
			"rotation": {"angle": 0, "axis": "x", "origin": [8, 1, 9.5]},
			"faces": {
				"up": {"uv": [4.5, 2, 11.5, 13.5], "texture": "#card_back"},
				"down": {"uv": [4.5, 2, 11.5, 13.5], "rotation": 180, "texture": "#card_front"}
			}
		},
		{
			"name": "card_edge_l",
			"from": [15, 2.3, -0.5],
			"to": [16, 2.3, 20.5],
			"rotation": {"angle": 0, "axis": "x", "origin": [8, 1, 9.5]},
			"faces": {
				"up": {"uv": [12, 2.5, 11.5, 13], "texture": "#card_back"},
				"down": {"uv": [4.5, 2.5, 4, 13], "rotation": 180, "texture": "#card_front"}
			}
		},
		{
			"name": "card_edge_r",
			"from": [0, 2.4, -0.5],
			"to": [1, 2.4, 20.5],
			"rotation": {"angle": 0, "axis": "x", "origin": [8, 1, 9.5]},
			"faces": {
				"up": {"uv": [4.5, 2.5, 4, 13], "texture": "#card_back"},
				"down": {"uv": [12, 2.5, 11.5, 13], "rotation": 180, "texture": "#card_front"}
			}
		},
		{
			"name": "card_body",
			"from": [1, 2.4, -1.5],
			"to": [15, 2.4, 21.5],
			"rotation": {"angle": 0, "axis": "x", "origin": [8, 1, 9.5]},
			"faces": {
				"up": {"uv": [4.5, 2, 11.5, 13.5], "texture": "#card_back"},
				"down": {"uv": [4.5, 2, 11.5, 13.5], "rotation": 180, "texture": "#card_front"}
			}
		},
		{
			"name": "card_edge_l",
			"from": [15, 2.4, -0.5],
			"to": [16, 2.4, 20.5],
			"rotation": {"angle": 0, "axis": "x", "origin": [8, 1, 9.5]},
			"faces": {
				"up": {"uv": [12, 2.5, 11.5, 13], "texture": "#card_back"},
				"down": {"uv": [4.5, 2.5, 4, 13], "rotation": 180, "texture": "#card_front"}
			}
		},
		{
			"name": "card_edge_r",
			"from": [0, 2.5, -0.5],
			"to": [1, 2.5, 20.5],
			"rotation": {"angle": 0, "axis": "x", "origin": [8, 1, 9.5]},
			"faces": {
				"up": {"uv": [4.5, 2.5, 4, 13], "texture": "#card_back"},
				"down": {"uv": [12, 2.5, 11.5, 13], "rotation": 180, "texture": "#card_front"}
			}
		},
		{
			"name": "card_body",
			"from": [1, 2.5, -1.5],
			"to": [15, 2.5, 21.5],
			"rotation": {"angle": 0, "axis": "x", "origin": [8, 1, 9.5]},
			"faces": {
				"up": {"uv": [4.5, 2, 11.5, 13.5], "texture": "#card_back"},
				"down": {"uv": [4.5, 2, 11.5, 13.5], "rotation": 180, "texture": "#card_front"}
			}
		},
		{
			"name": "card_edge_l",
			"from": [15, 2.5, -0.5],
			"to": [16, 2.5, 20.5],
			"rotation": {"angle": 0, "axis": "x", "origin": [8, 1, 9.5]},
			"faces": {
				"up": {"uv": [12, 2.5, 11.5, 13], "texture": "#card_back"},
				"down": {"uv": [4.5, 2.5, 4, 13], "rotation": 180, "texture": "#card_front"}
			}
		},
		{
			"name": "card_edge_r",
			"from": [0, 2.6, -0.5],
			"to": [1, 2.6, 20.5],
			"rotation": {"angle": 0, "axis": "x", "origin": [8, 1, 9.5]},
			"faces": {
				"up": {"uv": [4.5, 2.5, 4, 13], "texture": "#card_back"},
				"down": {"uv": [12, 2.5, 11.5, 13], "rotation": 180, "texture": "#card_front"}
			}
		},
		{
			"name": "card_body",
			"from": [1, 2.6, -1.5],
			"to": [15, 2.6, 21.5],
			"rotation": {"angle": 0, "axis": "x", "origin": [8, 1, 9.5]},
			"faces": {
				"up": {"uv": [4.5, 2, 11.5, 13.5], "texture": "#card_back"},
				"down": {"uv": [4.5, 2, 11.5, 13.5], "rotation": 180, "texture": "#card_front"}
			}
		},
		{
			"name": "card_edge_l",
			"from": [15, 2.6, -0.5],
			"to": [16, 2.6, 20.5],
			"rotation": {"angle": 0, "axis": "x", "origin": [8, 1, 9.5]},
			"faces": {
				"up": {"uv": [12, 2.5, 11.5, 13], "texture": "#card_back"},
				"down": {"uv": [4.5, 2.5, 4, 13], "rotation": 180, "texture": "#card_front"}
			}
		},
		{
			"name": "card_edge_r",
			"from": [0, 2.7, -0.5],
			"to": [1, 2.7, 20.5],
			"rotation": {"angle": 0, "axis": "x", "origin": [8, 1, 9.5]},
			"faces": {
				"up": {"uv": [4.5, 2.5, 4, 13], "texture": "#card_back"},
				"down": {"uv": [12, 2.5, 11.5, 13], "rotation": 180, "texture": "#card_front"}
			}
		},
		{
			"name": "card_body",
			"from": [1, 2.7, -1.5],
			"to": [15, 2.7, 21.5],
			"rotation": {"angle": 0, "axis": "x", "origin": [8, 1, 9.5]},
			"faces": {
				"up": {"uv": [4.5, 2, 11.5, 13.5], "texture": "#card_back"},
				"down": {"uv": [4.5, 2, 11.5, 13.5], "rotation": 180, "texture": "#card_front"}
			}
		},
		{
			"name": "card_edge_l",
			"from": [15, 2.7, -0.5],
			"to": [16, 2.7, 20.5],
			"rotation": {"angle": 0, "axis": "x", "origin": [8, 1, 9.5]},
			"faces": {
				"up": {"uv": [12, 2.5, 11.5, 13], "texture": "#card_back"},
				"down": {"uv": [4.5, 2.5, 4, 13], "rotation": 180, "texture": "#card_front"}
			}
		},
		{
			"name": "card_edge_r",
			"from": [0, 2.8, -0.5],
			"to": [1, 2.8, 20.5],
			"rotation": {"angle": 0, "axis": "x", "origin": [8, 1, 9.5]},
			"faces": {
				"up": {"uv": [4.5, 2.5, 4, 13], "texture": "#card_back"},
				"down": {"uv": [12, 2.5, 11.5, 13], "rotation": 180, "texture": "#card_front"}
			}
		},
		{
			"name": "card_body",
			"from": [1, 2.8, -1.5],
			"to": [15, 2.8, 21.5],
			"rotation": {"angle": 0, "axis": "x", "origin": [8, 1, 9.5]},
			"faces": {
				"up": {"uv": [4.5, 2, 11.5, 13.5], "texture": "#card_back"},
				"down": {"uv": [4.5, 2, 11.5, 13.5], "rotation": 180, "texture": "#card_front"}
			}
		},
		{
			"name": "card_edge_l",
			"from": [15, 2.8, -0.5],
			"to": [16, 2.8, 20.5],
			"rotation": {"angle": 0, "axis": "x", "origin": [8, 1, 9.5]},
			"faces": {
				"up": {"uv": [12, 2.5, 11.5, 13], "texture": "#card_back"},
				"down": {"uv": [4.5, 2.5, 4, 13], "rotation": 180, "texture": "#card_front"}
			}
		},
		{
			"name": "card_edge_r",
			"from": [0, 2.9, -0.5],
			"to": [1, 2.9, 20.5],
			"rotation": {"angle": 0, "axis": "x", "origin": [8, 1, 9.5]},
			"faces": {
				"up": {"uv": [4.5, 2.5, 4, 13], "texture": "#card_back"},
				"down": {"uv": [12, 2.5, 11.5, 13], "rotation": 180, "texture": "#card_front"}
			}
		},
		{
			"name": "card_body",
			"from": [1, 2.9, -1.5],
			"to": [15, 2.9, 21.5],
			"rotation": {"angle": 0, "axis": "x", "origin": [8, 1, 9.5]},
			"faces": {
				"up": {"uv": [4.5, 2, 11.5, 13.5], "texture": "#card_back"},
				"down": {"uv": [4.5, 2, 11.5, 13.5], "rotation": 180, "texture": "#card_front"}
			}
		},
		{
			"name": "card_edge_l",
			"from": [15, 2.9, -0.5],
			"to": [16, 2.9, 20.5],
			"rotation": {"angle": 0, "axis": "x", "origin": [8, 1, 9.5]},
			"faces": {
				"up": {"uv": [12, 2.5, 11.5, 13], "texture": "#card_back"},
				"down": {"uv": [4.5, 2.5, 4, 13], "rotation": 180, "texture": "#card_front"}
			}
		},
		{
			"name": "card_edge_r",
			"from": [0, 3, -0.5],
			"to": [1, 3, 20.5],
			"rotation": {"angle": 0, "axis": "x", "origin": [8, 1, 9.5]},
			"faces": {
				"up": {"uv": [4.5, 2.5, 4, 13], "texture": "#card_back"},
				"down": {"uv": [12, 2.5, 11.5, 13], "rotation": 180, "texture": "#card_front"}
			}
		},
		{
			"name": "card_body",
			"from": [1, 3, -1.5],
			"to": [15, 3, 21.5],
			"rotation": {"angle": 0, "axis": "x", "origin": [8, 1, 9.5]},
			"faces": {
				"up": {"uv": [4.5, 2, 11.5, 13.5], "texture": "#card_back"},
				"down": {"uv": [4.5, 2, 11.5, 13.5], "rotation": 180, "texture": "#card_front"}
			}
		},
		{
			"name": "card_edge_l",
			"from": [15, 3, -0.5],
			"to": [16, 3, 20.5],
			"rotation": {"angle": 0, "axis": "x", "origin": [8, 1, 9.5]},
			"faces": {
				"up": {"uv": [12, 2.5, 11.5, 13], "texture": "#card_back"},
				"down": {"uv": [4.5, 2.5, 4, 13], "rotation": 180, "texture": "#card_front"}
			}
		},
		{
			"name": "card_edge_r",
			"from": [0, 3.1, -0.5],
			"to": [1, 3.1, 20.5],
			"rotation": {"angle": 0, "axis": "x", "origin": [8, 1, 9.5]},
			"faces": {
				"up": {"uv": [4.5, 2.5, 4, 13], "texture": "#card_back"},
				"down": {"uv": [12, 2.5, 11.5, 13], "rotation": 180, "texture": "#card_front"}
			}
		},
		{
			"name": "card_body",
			"from": [1, 3.1, -1.5],
			"to": [15, 3.1, 21.5],
			"rotation": {"angle": 0, "axis": "x", "origin": [8, 1, 9.5]},
			"faces": {
				"up": {"uv": [4.5, 2, 11.5, 13.5], "texture": "#card_back"},
				"down": {"uv": [4.5, 2, 11.5, 13.5], "rotation": 180, "texture": "#card_front"}
			}
		},
		{
			"name": "card_edge_l",
			"from": [15, 3.1, -0.5],
			"to": [16, 3.1, 20.5],
			"rotation": {"angle": 0, "axis": "x", "origin": [8, 1, 9.5]},
			"faces": {
				"up": {"uv": [12, 2.5, 11.5, 13], "texture": "#card_back"},
				"down": {"uv": [4.5, 2.5, 4, 13], "rotation": 180, "texture": "#card_front"}
			}
		},
		{
			"name": "card_edge_r",
			"from": [0, 3.2, -0.5],
			"to": [1, 3.2, 20.5],
			"rotation": {"angle": 0, "axis": "x", "origin": [8, 1, 9.5]},
			"faces": {
				"up": {"uv": [4.5, 2.5, 4, 13], "texture": "#card_back"},
				"down": {"uv": [12, 2.5, 11.5, 13], "rotation": 180, "texture": "#card_front"}
			}
		},
		{
			"name": "card_body",
			"from": [1, 3.2, -1.5],
			"to": [15, 3.2, 21.5],
			"rotation": {"angle": 0, "axis": "x", "origin": [8, 1, 9.5]},
			"faces": {
				"up": {"uv": [4.5, 2, 11.5, 13.5], "texture": "#card_back"},
				"down": {"uv": [4.5, 2, 11.5, 13.5], "rotation": 180, "texture": "#card_front"}
			}
		},
		{
			"name": "card_edge_l",
			"from": [15, 3.2, -0.5],
			"to": [16, 3.2, 20.5],
			"rotation": {"angle": 0, "axis": "x", "origin": [8, 1, 9.5]},
			"faces": {
				"up": {"uv": [12, 2.5, 11.5, 13], "texture": "#card_back"},
				"down": {"uv": [4.5, 2.5, 4, 13], "rotation": 180, "texture": "#card_front"}
			}
		},
		{
			"name": "card_edge_r",
			"from": [0, 3.3, -0.5],
			"to": [1, 3.3, 20.5],
			"rotation": {"angle": 0, "axis": "x", "origin": [8, 1, 9.5]},
			"faces": {
				"up": {"uv": [4.5, 2.5, 4, 13], "texture": "#card_back"},
				"down": {"uv": [12, 2.5, 11.5, 13], "rotation": 180, "texture": "#card_front"}
			}
		},
		{
			"name": "card_body",
			"from": [1, 3.3, -1.5],
			"to": [15, 3.3, 21.5],
			"rotation": {"angle": 0, "axis": "x", "origin": [8, 1, 9.5]},
			"faces": {
				"up": {"uv": [4.5, 2, 11.5, 13.5], "texture": "#card_back"},
				"down": {"uv": [4.5, 2, 11.5, 13.5], "rotation": 180, "texture": "#card_front"}
			}
		},
		{
			"name": "card_edge_l",
			"from": [15, 3.3, -0.5],
			"to": [16, 3.3, 20.5],
			"rotation": {"angle": 0, "axis": "x", "origin": [8, 1, 9.5]},
			"faces": {
				"up": {"uv": [12, 2.5, 11.5, 13], "texture": "#card_back"},
				"down": {"uv": [4.5, 2.5, 4, 13], "rotation": 180, "texture": "#card_front"}
			}
		},
		{
			"name": "card_edge_r",
			"from": [0, 3.4, -0.5],
			"to": [1, 3.4, 20.5],
			"rotation": {"angle": 0, "axis": "x", "origin": [8, 1, 9.5]},
			"faces": {
				"up": {"uv": [4.5, 2.5, 4, 13], "texture": "#card_back"},
				"down": {"uv": [12, 2.5, 11.5, 13], "rotation": 180, "texture": "#card_front"}
			}
		},
		{
			"name": "card_body",
			"from": [1, 3.4, -1.5],
			"to": [15, 3.4, 21.5],
			"rotation": {"angle": 0, "axis": "x", "origin": [8, 1, 9.5]},
			"faces": {
				"up": {"uv": [4.5, 2, 11.5, 13.5], "texture": "#card_back"},
				"down": {"uv": [4.5, 2, 11.5, 13.5], "rotation": 180, "texture": "#card_front"}
			}
		},
		{
			"name": "card_edge_l",
			"from": [15, 3.4, -0.5],
			"to": [16, 3.4, 20.5],
			"rotation": {"angle": 0, "axis": "x", "origin": [8, 1, 9.5]},
			"faces": {
				"up": {"uv": [12, 2.5, 11.5, 13], "texture": "#card_back"},
				"down": {"uv": [4.5, 2.5, 4, 13], "rotation": 180, "texture": "#card_front"}
			}
		},
		{
			"name": "card_edge_r",
			"from": [0, 3.5, -0.5],
			"to": [1, 3.5, 20.5],
			"rotation": {"angle": 0, "axis": "x", "origin": [8, 1, 9.5]},
			"faces": {
				"up": {"uv": [4.5, 2.5, 4, 13], "texture": "#card_back"},
				"down": {"uv": [12, 2.5, 11.5, 13], "rotation": 180, "texture": "#card_front"}
			}
		},
		{
			"name": "card_body",
			"from": [1, 3.5, -1.5],
			"to": [15, 3.5, 21.5],
			"rotation": {"angle": 0, "axis": "x", "origin": [8, 1, 9.5]},
			"faces": {
				"up": {"uv": [4.5, 2, 11.5, 13.5], "texture": "#card_back"},
				"down": {"uv": [4.5, 2, 11.5, 13.5], "rotation": 180, "texture": "#card_front"}
			}
		},
		{
			"name": "card_edge_l",
			"from": [15, 3.5, -0.5],
			"to": [16, 3.5, 20.5],
			"rotation": {"angle": 0, "axis": "x", "origin": [8, 1, 9.5]},
			"faces": {
				"up": {"uv": [12, 2.5, 11.5, 13], "texture": "#card_back"},
				"down": {"uv": [4.5, 2.5, 4, 13], "rotation": 180, "texture": "#card_front"}
			}
		},
		{
			"name": "card_edge_r",
			"from": [0, 3.6, -0.5],
			"to": [1, 3.6, 20.5],
			"rotation": {"angle": 0, "axis": "x", "origin": [8, 1, 9.5]},
			"faces": {
				"up": {"uv": [4.5, 2.5, 4, 13], "texture": "#card_back"},
				"down": {"uv": [12, 2.5, 11.5, 13], "rotation": 180, "texture": "#card_front"}
			}
		},
		{
			"name": "card_body",
			"from": [1, 3.6, -1.5],
			"to": [15, 3.6, 21.5],
			"rotation": {"angle": 0, "axis": "x", "origin": [8, 1, 9.5]},
			"faces": {
				"up": {"uv": [4.5, 2, 11.5, 13.5], "texture": "#card_back"},
				"down": {"uv": [4.5, 2, 11.5, 13.5], "rotation": 180, "texture": "#card_front"}
			}
		},
		{
			"name": "card_edge_l",
			"from": [15, 3.6, -0.5],
			"to": [16, 3.6, 20.5],
			"rotation": {"angle": 0, "axis": "x", "origin": [8, 1, 9.5]},
			"faces": {
				"up": {"uv": [12, 2.5, 11.5, 13], "texture": "#card_back"},
				"down": {"uv": [4.5, 2.5, 4, 13], "rotation": 180, "texture": "#card_front"}
			}
		},
		{
			"name": "card_edge_r",
			"from": [0, 3.7, -0.5],
			"to": [1, 3.7, 20.5],
			"rotation": {"angle": 0, "axis": "x", "origin": [8, 1, 9.5]},
			"faces": {
				"up": {"uv": [4.5, 2.5, 4, 13], "texture": "#card_back"},
				"down": {"uv": [12, 2.5, 11.5, 13], "rotation": 180, "texture": "#card_front"}
			}
		},
		{
			"name": "card_body",
			"from": [1, 3.7, -1.5],
			"to": [15, 3.7, 21.5],
			"rotation": {"angle": 0, "axis": "x", "origin": [8, 1, 9.5]},
			"faces": {
				"up": {"uv": [4.5, 2, 11.5, 13.5], "texture": "#card_back"},
				"down": {"uv": [4.5, 2, 11.5, 13.5], "rotation": 180, "texture": "#card_front"}
			}
		},
		{
			"name": "card_edge_l",
			"from": [15, 3.7, -0.5],
			"to": [16, 3.7, 20.5],
			"rotation": {"angle": 0, "axis": "x", "origin": [8, 1, 9.5]},
			"faces": {
				"up": {"uv": [12, 2.5, 11.5, 13], "texture": "#card_back"},
				"down": {"uv": [4.5, 2.5, 4, 13], "rotation": 180, "texture": "#card_front"}
			}
		},
		{
			"name": "card_edge_r",
			"from": [0, 3.8, -0.5],
			"to": [1, 3.8, 20.5],
			"rotation": {"angle": 0, "axis": "x", "origin": [8, 1, 9.5]},
			"faces": {
				"up": {"uv": [4.5, 2.5, 4, 13], "texture": "#card_back"},
				"down": {"uv": [12, 2.5, 11.5, 13], "rotation": 180, "texture": "#card_front"}
			}
		},
		{
			"name": "card_body",
			"from": [1, 3.8, -1.5],
			"to": [15, 3.8, 21.5],
			"rotation": {"angle": 0, "axis": "x", "origin": [8, 1, 9.5]},
			"faces": {
				"up": {"uv": [4.5, 2, 11.5, 13.5], "texture": "#card_back"},
				"down": {"uv": [4.5, 2, 11.5, 13.5], "rotation": 180, "texture": "#card_front"}
			}
		},
		{
			"name": "card_edge_l",
			"from": [15, 3.8, -0.5],
			"to": [16, 3.8, 20.5],
			"rotation": {"angle": 0, "axis": "x", "origin": [8, 1, 9.5]},
			"faces": {
				"up": {"uv": [12, 2.5, 11.5, 13], "texture": "#card_back"},
				"down": {"uv": [4.5, 2.5, 4, 13], "rotation": 180, "texture": "#card_front"}
			}
		},
		{
			"name": "card_edge_r",
			"from": [0, 3.9, -0.5],
			"to": [1, 3.9, 20.5],
			"rotation": {"angle": 0, "axis": "x", "origin": [8, 1, 9.5]},
			"faces": {
				"up": {"uv": [4.5, 2.5, 4, 13], "texture": "#card_back"},
				"down": {"uv": [12, 2.5, 11.5, 13], "rotation": 180, "texture": "#card_front"}
			}
		},
		{
			"name": "card_body",
			"from": [1, 3.9, -1.5],
			"to": [15, 3.9, 21.5],
			"rotation": {"angle": 0, "axis": "x", "origin": [8, 1, 9.5]},
			"faces": {
				"up": {"uv": [4.5, 2, 11.5, 13.5], "texture": "#card_back"},
				"down": {"uv": [4.5, 2, 11.5, 13.5], "rotation": 180, "texture": "#card_front"}
			}
		},
		{
			"name": "card_edge_l",
			"from": [15, 3.9, -0.5],
			"to": [16, 3.9, 20.5],
			"rotation": {"angle": 0, "axis": "x", "origin": [8, 1, 9.5]},
			"faces": {
				"up": {"uv": [12, 2.5, 11.5, 13], "texture": "#card_back"},
				"down": {"uv": [4.5, 2.5, 4, 13], "rotation": 180, "texture": "#card_front"}
			}
		},
		{
			"name": "card_edge_r",
			"from": [0, 4, 3.5],
			"to": [1, 4, 24.5],
			"rotation": {"angle": 0, "axis": "x", "origin": [8, 1, 13.5]},
			"faces": {
				"up": {"uv": [4.5, 2.5, 4, 13], "texture": "#card_back"},
				"down": {"uv": [12, 2.5, 11.5, 13], "rotation": 180, "texture": "#card_front"}
			}
		},
		{
			"name": "card_body",
			"from": [1, 4, 2.5],
			"to": [15, 4, 25.5],
			"rotation": {"angle": 0, "axis": "x", "origin": [8, 1, 13.5]},
			"faces": {
				"up": {"uv": [4.5, 2, 11.5, 13.5], "texture": "#card_back"},
				"down": {"uv": [4.5, 2, 11.5, 13.5], "rotation": 180, "texture": "#card_front"}
			}
		},
		{
			"name": "card_edge_l",
			"from": [15, 4, 3.5],
			"to": [16, 4, 24.5],
			"rotation": {"angle": 0, "axis": "x", "origin": [8, 1, 13.5]},
			"faces": {
				"up": {"uv": [12, 2.5, 11.5, 13], "texture": "#card_back"},
				"down": {"uv": [4.5, 2.5, 4, 13], "rotation": 180, "texture": "#card_front"}
			}
		}
	],
	"display": {
		"thirdperson_righthand": {
			"translation": [0, 1.75, -1.5],
			"scale": [0.3, 0.3, 0.3]
		},
		"thirdperson_lefthand": {
			"translation": [0, 1.75, -1.5],
			"scale": [0.3, 0.3, 0.3]
		},
		"firstperson_righthand": {
			"translation": [3, 2.5, 0],
			"scale": [0.24, 0.24, 0.24]
		},
		"firstperson_lefthand": {
			"translation": [3, 2.5, 0],
			"scale": [0.24, 0.24, 0.24]
		},
		"ground": {
			"translation": [0, 1.75, 1.25],
			"scale": [0.3, 0.3, 0.3]
		},
		"gui": {
			"rotation": [45, -35, 0],
			"translation": [1, 2, 0],
			"scale": [0.5, 0.5, 0.5]
		},
		"fixed": {
			"rotation": [-90, -45, 0],
			"translation": [0.25, -0.25, -2.5],
			"scale": [0.3, 0.3, 0.3]
		}
	},
	"groups": [
		{
			"name": "card",
			"origin": [23, 9, 16.5],
			"children": [0, 1, 2]
		},
		{
			"name": "card",
			"origin": [23, 9, 16.5],
			"children": [3, 4, 5]
		},
		{
			"name": "card",
			"origin": [23, 9, 16.5],
			"children": [6, 7, 8]
		},
		{
			"name": "card",
			"origin": [23, 9, 16.5],
			"children": [9, 10, 11]
		},
		{
			"name": "card",
			"origin": [23, 9, 16.5],
			"children": [12, 13, 14]
		},
		{
			"name": "card",
			"origin": [23, 9, 16.5],
			"children": [15, 16, 17]
		},
		{
			"name": "card",
			"origin": [23, 9, 16.5],
			"children": [18, 19, 20]
		},
		{
			"name": "card",
			"origin": [23, 9, 16.5],
			"children": [21, 22, 23]
		},
		{
			"name": "card",
			"origin": [23, 9, 16.5],
			"children": [24, 25, 26]
		},
		{
			"name": "card",
			"origin": [23, 9, 16.5],
			"children": [27, 28, 29]
		},
		{
			"name": "card",
			"origin": [23, 9, 16.5],
			"children": [30, 31, 32]
		},
		{
			"name": "card",
			"origin": [23, 9, 16.5],
			"children": [33, 34, 35]
		},
		{
			"name": "card",
			"origin": [23, 9, 16.5],
			"children": [36, 37, 38]
		},
		{
			"name": "card",
			"origin": [23, 9, 16.5],
			"children": [39, 40, 41]
		},
		{
			"name": "card",
			"origin": [23, 9, 16.5],
			"children": [42, 43, 44]
		},
		{
			"name": "card",
			"origin": [23, 9, 16.5],
			"children": [45, 46, 47]
		},
		{
			"name": "card",
			"origin": [23, 9, 16.5],
			"children": [48, 49, 50]
		},
		{
			"name": "card",
			"origin": [23, 9, 16.5],
			"children": [51, 52, 53]
		},
		{
			"name": "card",
			"origin": [23, 9, 16.5],
			"children": [54, 55, 56]
		},
		{
			"name": "card",
			"origin": [23, 9, 16.5],
			"children": [57, 58, 59]
		},
		{
			"name": "card",
			"origin": [23, 9, 16.5],
			"children": [60, 61, 62]
		},
		{
			"name": "card",
			"origin": [23, 9, 16.5],
			"children": [63, 64, 65]
		},
		{
			"name": "card",
			"origin": [23, 9, 16.5],
			"children": [66, 67, 68]
		},
		{
			"name": "card",
			"origin": [23, 9, 16.5],
			"children": [69, 70, 71]
		},
		{
			"name": "card",
			"origin": [23, 9, 16.5],
			"children": [72, 73, 74]
		},
		{
			"name": "card",
			"origin": [23, 9, 16.5],
			"children": [75, 76, 77]
		},
		{
			"name": "card",
			"origin": [23, 9, 16.5],
			"children": [78, 79, 80]
		},
		{
			"name": "card",
			"origin": [23, 9, 16.5],
			"children": [81, 82, 83]
		},
		{
			"name": "card",
			"origin": [23, 9, 16.5],
			"children": [84, 85, 86]
		},
		{
			"name": "card",
			"origin": [23, 9, 16.5],
			"children": [87, 88, 89]
		},
		{
			"name": "card",
			"origin": [23, 9, 16.5],
			"children": [90, 91, 92]
		},
		{
			"name": "card",
			"origin": [23, 9, 16.5],
			"children": [93, 94, 95]
		},
		{
			"name": "card",
			"origin": [23, 9, 16.5],
			"children": [96, 97, 98]
		},
		{
			"name": "card",
			"origin": [23, 9, 16.5],
			"children": [99, 100, 101]
		},
		{
			"name": "card",
			"origin": [23, 9, 16.5],
			"children": [102, 103, 104]
		},
		{
			"name": "card",
			"origin": [23, 9, 16.5],
			"children": [105, 106, 107]
		},
		{
			"name": "card",
			"origin": [23, 9, 16.5],
			"children": [108, 109, 110]
		},
		{
			"name": "card",
			"origin": [23, 9, 16.5],
			"children": [111, 112, 113]
		},
		{
			"name": "card",
			"origin": [23, 9, 16.5],
			"children": [114, 115, 116]
		},
		{
			"name": "card",
			"origin": [23, 9, 16.5],
			"children": [117, 118, 119]
		},
		{
			"name": "card",
			"origin": [23, 9, 16.5],
			"children": [120, 121, 122]
		}
	]
}