{
	"credit": "Made with Blockbench",
	"parent": "item/handheld",
	"textures": {
		"layer0": "item/dnangel/commissioners_axe"
	},
	"display": {
		"thirdperson_righthand": {
			"rotation": [0, 90, 35],
			"translation": [0, 6, -1],
			"scale": [1.25, 1.25, 0.85]
		},
		"thirdperson_lefthand": {
			"rotation": [0, -90, -35],
			"translation": [0, 6, -1],
			"scale": [1.25, 1.25, 0.85]
		},
		"firstperson_righthand": {
			"rotation": [0, 90, 55],
			"translation": [1.13, 5.45, 1.63],
			"scale": [1, 1, 0.68]
		},
		"firstperson_lefthand": {
			"rotation": [0, -90, -55],
			"translation": [1.13, 5.45, 1.63],
			"scale": [1, 1, 0.68]
		},
		"ground": {
			"rotation": [90, 0, 0],
			"translation": [1.5, 0, 1],
			"scale": [1.25, 1.25, 0.85]
		}
	}
}