{
	"credit": "Made with Blockbench",
	"texture_size": [32, 32],
	"textures": {
		"0": "item/dnangel/rutile_of_grief",
		"particle": "item/dnangel/rutile_of_grief"
	},
	"elements": [
		{
			"from": [3, 10, 8],
			"to": [5, 10, 9],
			"rotation": {"angle": 22.5, "axis": "z", "origin": [12, 17, 16]},
			"faces": {
				"north": {"uv": [8, 1.5, 16, 7.25], "rotation": 180, "texture": "#0"},
				"east": {"uv": [8, 1.5, 16, 7.25], "rotation": 180, "texture": "#0"},
				"south": {"uv": [8, 1.5, 16, 7.25], "rotation": 180, "texture": "#0"},
				"west": {"uv": [8, 1.5, 16, 7.25], "rotation": 180, "texture": "#0"},
				"up": {"uv": [8, 1.5, 14.75, 7.25], "rotation": 180, "texture": "#0"},
				"down": {"uv": [8, 8.25, 14.75, 14], "rotation": 180, "texture": "#0"}
			}
		},
		{
			"from": [4.84814, 5.53819, 8],
			"to": [6.84814, 5.53819, 9],
			"rotation": {"angle": 22.5, "axis": "z", "origin": [13.84814, 12.53819, 16]},
			"faces": {
				"north": {"uv": [7.75, 8.25, 14.75, 14], "texture": "#0"},
				"east": {"uv": [7.75, 8.25, 14.75, 14], "texture": "#0"},
				"south": {"uv": [7.75, 8.25, 14.75, 14], "texture": "#0"},
				"west": {"uv": [7.75, 8.25, 14.75, 14], "texture": "#0"},
				"up": {"uv": [7.75, 8.25, 14.75, 14], "texture": "#0"},
				"down": {"uv": [7.75, 8.25, 14.75, 14], "texture": "#0"}
			}
		},
		{
			"from": [9.57457, 7.23502, 8],
			"to": [9.57457, 9.23502, 9],
			"rotation": {"angle": -22.5, "axis": "z", "origin": [2.57457, 16.23502, 16]},
			"faces": {
				"north": {"uv": [1, 8.25, 8, 14], "rotation": 270, "texture": "#0"},
				"east": {"uv": [1, 8.25, 8, 14], "rotation": 270, "texture": "#0"},
				"south": {"uv": [1, 8.25, 8, 14], "rotation": 270, "texture": "#0"},
				"west": {"uv": [1, 8.25, 8, 14], "rotation": 90, "texture": "#0"},
				"up": {"uv": [1, 8.25, 8, 14], "rotation": 270, "texture": "#0"},
				"down": {"uv": [1, 8.25, 8, 14], "rotation": 270, "texture": "#0"}
			}
		},
		{
			"from": [14.03546, 5.38726, 8],
			"to": [14.03546, 7.38726, 9],
			"rotation": {"angle": -22.5, "axis": "z", "origin": [7.03546, 14.38726, 16]},
			"faces": {
				"north": {"uv": [1, 8.25, 8, 14], "rotation": 270, "texture": "#0"},
				"east": {"uv": [1, 8.25, 8, 14], "rotation": 270, "texture": "#0"},
				"south": {"uv": [1, 8.25, 8, 14], "rotation": 270, "texture": "#0"},
				"west": {"uv": [1, 8.25, 8, 14], "rotation": 270, "texture": "#0"},
				"up": {"uv": [1, 8.25, 8, 14], "rotation": 270, "texture": "#0"},
				"down": {"uv": [1, 8.25, 8, 14], "rotation": 270, "texture": "#0"}
			}
		},
		{
			"from": [3.45164, 0.02892, 8],
			"to": [3.45164, 2.02892, 9],
			"rotation": {"angle": 22.5, "axis": "z", "origin": [-3.54836, 9.02892, 16]},
			"faces": {
				"north": {"uv": [7.75, 8.25, 14.75, 14], "rotation": 90, "texture": "#0"},
				"east": {"uv": [7.75, 8.25, 14.75, 14], "rotation": 90, "texture": "#0"},
				"south": {"uv": [7.75, 8.25, 14.75, 14], "rotation": 90, "texture": "#0"},
				"west": {"uv": [7.75, 8.25, 14.75, 14], "rotation": 90, "texture": "#0"},
				"up": {"uv": [7.75, 8.25, 14.75, 14], "rotation": 90, "texture": "#0"},
				"down": {"uv": [7.75, 8.25, 14.75, 14], "rotation": 90, "texture": "#0"}
			}
		},
		{
			"from": [7.91252, 1.87668, 8],
			"to": [7.91252, 3.87668, 9],
			"rotation": {"angle": 22.5, "axis": "z", "origin": [0.91252, 10.87668, 16]},
			"faces": {
				"north": {"uv": [7.75, 8.25, 14.75, 14], "rotation": 90, "texture": "#0"},
				"east": {"uv": [7.75, 8.25, 14.75, 14], "rotation": 90, "texture": "#0"},
				"south": {"uv": [7.75, 8.25, 14.75, 14], "rotation": 90, "texture": "#0"},
				"west": {"uv": [7.75, 8.25, 14.75, 14], "rotation": 90, "texture": "#0"},
				"up": {"uv": [7.75, 8.25, 14.75, 14], "rotation": 90, "texture": "#0"},
				"down": {"uv": [7.75, 8.25, 14.75, 14], "rotation": 90, "texture": "#0"}
			}
		},
		{
			"from": [10.20494, 3.87614, 8],
			"to": [12.20494, 3.87614, 9],
			"rotation": {"angle": -22.5, "axis": "z", "origin": [19.20494, 10.87614, 16]},
			"faces": {
				"north": {"uv": [0, 1.5, 8, 7.25], "rotation": 180, "texture": "#0"},
				"east": {"uv": [0, 1.5, 8, 7.25], "rotation": 180, "texture": "#0"},
				"south": {"uv": [0, 1.5, 8, 7.25], "rotation": 180, "texture": "#0"},
				"west": {"uv": [0, 1.5, 8, 7.25], "rotation": 180, "texture": "#0"},
				"up": {"uv": [1, 1.5, 8, 7.25], "rotation": 180, "texture": "#0"},
				"down": {"uv": [1, 8.25, 8, 14], "rotation": 180, "texture": "#0"}
			}
		},
		{
			"from": [8.35719, -0.58474, 8],
			"to": [10.35719, -0.58474, 9],
			"rotation": {"angle": -22.5, "axis": "z", "origin": [17.35719, 6.41526, 16]},
			"faces": {
				"north": {"uv": [1, 8.25, 8, 14], "texture": "#0"},
				"east": {"uv": [1, 8.25, 8, 14], "texture": "#0"},
				"south": {"uv": [1, 8.25, 8, 14], "texture": "#0"},
				"west": {"uv": [1, 8.25, 8, 14], "texture": "#0"},
				"up": {"uv": [1, 8.25, 8, 14], "texture": "#0"},
				"down": {"uv": [1, 8.25, 8, 14], "texture": "#0"}
			}
		}
	],
	"display": {
		"thirdperson_righthand": {
			"translation": [-0.25, 2.25, 0]
		},
		"thirdperson_lefthand": {
			"translation": [0.25, 2.25, 0]
		},
		"firstperson_righthand": {
			"rotation": [20, 0, 18],
			"translation": [0.5, 4.25, 1.75]
		},
		"firstperson_lefthand": {
			"rotation": [20, 0, 18],
			"translation": [0.5, 4.25, 1.75]
		},
		"ground": {
			"rotation": [-90, 0, 0],
			"translation": [0, -3, -2.5]
		},
		"gui": {
			"rotation": [75, -45, 0],
			"translation": [0.75, 3.5, 0],
			"scale": [3, 3, 3]
		},
		"fixed": {
			"rotation": [-90, 0, 0],
			"translation": [-0.25, -0.5, -3.25]
		}
	}
}