{
	"credit": "Made with Blockbench",
	"parent": "item/handheld",
	"textures": {
		"layer0": "item/dnangel/wedge_of_time"
	},
	"display": {
		"thirdperson_righthand": {
			"rotation": [0, -90, 55],
			"translation": [0, 6, -0.5],
			"scale": [1.25, 1.25, 0.85]
		},
		"thirdperson_lefthand": {
			"rotation": [0, 90, -55],
			"translation": [0, 6, -0.5],
			"scale": [1.25, 1.25, 0.85]
		},
		"firstperson_righthand": {
			"rotation": [0, -90, 25],
			"translation": [1.13, 4, 1.13],
			"scale": [1, 1, 0.68]
		},
		"firstperson_lefthand": {
			"rotation": [0, 90, -25],
			"translation": [1.13, 4, 1.13],
			"scale": [1, 1, 0.68]
		},
		"ground": {
			"rotation": [90, 0, 0],
			"translation": [1.5, 0, 1],
			"scale": [1.25, 1.25, 0.85]
		}
	}
}