{
	"credit": "Made with Blockbench",
	"parent": "item/verdantia/tiers/tier2",
	"display": {
		"thirdperson_righthand": {
			"rotation": [0, -90, 55],
			"translation": [0, 3, 0.25],
			"scale" : [0, 0, 0]
		},
		"thirdperson_lefthand": {
			"rotation": [0, 90, -55],
			"translation": [0, 3, 0.25],
			"scale" : [0, 0, 0]
		},
		"firstperson_righthand": {
			"rotation": [0, -90, 25],
			"translation": [1.13, 5.7, 2.88],
			"scale": [0, 0, 0]
		},
		"firstperson_lefthand": {
			"rotation": [0, 90, -25],
			"translation": [1.13, 5.7, 2.88],
			"scale": [0, 0, 0]
		},
		"ground": {
			"translation": [0, 2, 0],
			"scale": [0.5, 0.5, 0.5]
		},
		"head": {
			"rotation": [90, 0, 0],
			"translation": [3.5, -16, 1],
			"scale": [0, 0, 0]
		},
		"fixed": {
			"rotation": [0, 180, 0],
			"translation": [0, 0, -0.5]
		}
	}
}