{
	"credit": "Made with Blockbench",
	"parent": "item/handheld",
	"textures": {
		"layer0": "item/anubis/shield"
	},
	"display": {
		"thirdperson_righthand": {
			"rotation": [0, 90, 0],
			"translation": [6, -2, 4],
			"scale": [0, 0, 1]
		},
		"thirdperson_lefthand": {
			"rotation": [0, 90, 0],
			"translation": [2.5, -2, 4],
			"scale": [0, 0, 1]
		},
		"firstperson_righthand": {
			"rotation": [0, 180, 5],
			"scale": [0, 0, 1]
		},
		"firstperson_lefthand": {
			"rotation": [0, 180, 5],
			"scale": [0, 0, 1]
		}
	}
}