{
	"credit": "Made with Blockbench",
	"parent": "item/handheld",
	"textures": {
		"layer0": "item/genesis/tiers/tier1"
	},
	"display": {
		"thirdperson_righthand": {
			"rotation": [0, 90, 55],
			"translation": [0, 2, 1.75],
			"scale": [0.9, 0.9, 0.9]
		},
		"thirdperson_lefthand": {
			"rotation": [0, -90, -55],
			"translation": [0, 2, 1.75],
			"scale": [0.9, 0.9, 0.9]
		},
		"firstperson_righthand": {
			"rotation": [0, -90, 25],
			"translation": [1.13, 4.45, 2.13],
			"scale": [0.72, 0.72, 0.72]
		},
		"firstperson_lefthand": {
			"rotation": [0, 90, -25],
			"translation": [1.13, 4.45, 2.13],
			"scale": [0.72, 0.72, 0.72]
		},
		"ground": {
			"translation": [0, 2, 0],
			"scale": [0.5, 0.5, 0.5]
		},
		"head": {
			"rotation": [0, 180, 0],
			"translation": [0, 13, 7]
		},
		"fixed": {
			"rotation": [0, 180, 0],
			"translation": [0, 0, -0.5]
		}
	}
}