{
	"credit": "Made with Blockbench",
	"parent": "item/handheld",
	"textures": {
		"layer0": "item/rykers_wrath/rykers_wrath"
	},
	"display": {
		"thirdperson_righthand": {
			"rotation": [0, -90, 45],
			"translation": [0, 9.5, 1.25],
			"scale": [1.5, 1.5, 1.2]
		},
		"thirdperson_lefthand": {
			"rotation": [0, 90, -45],
			"translation": [0, 9.5, 1.25],
			"scale": [1.5, 1.5, 1.2]
		},
		"firstperson_righthand": {
			"rotation": [0, -90, 45],
			"translation": [3, 6, 0.5],
			"scale": [1.2, 1.2, 1]
		},
		"firstperson_lefthand": {
			"rotation": [0, -90, 45],
			"translation": [3, 6, 0.5],
			"scale": [-1.2, 1.2, 1]
		},
		"ground": {
			"rotation": [90, 0, 0],
			"scale": [1.5, 1.5, 1.2]
		},
		"fixed": {
			"scale": [1, 1, 2]
		}
	}
}