{
	"credit": "Made with Blockbench",
	"textures": {
		"0": "item/rykers_wrath/tnt_bottom",
		"1": "item/rykers_wrath/tnt_side",
		"2": "item/rykers_wrath/tnt_top",
		"particle": "item/rykers_wrath/tnt_bottom"
	},
	"elements": [
		{
			"from": [0, 0, 0],
			"to": [16, 16, 16],
			"faces": {
				"north": {"uv": [0, 0, 16, 16], "texture": "#1"},
				"east": {"uv": [0, 0, 16, 16], "texture": "#1"},
				"south": {"uv": [0, 0, 16, 16], "texture": "#1"},
				"west": {"uv": [0, 0, 16, 16], "texture": "#1"},
				"up": {"uv": [0, 0, 16, 16], "texture": "#2"},
				"down": {"uv": [0, 0, 16, 16], "texture": "#0"}
			}
		}
	],
	"display": {
		"head": {
			"translation": [0, -35.25, 0]
		}
	}
}