{
	"credit": "Made with Blockbench",
	"texture_size": [32, 32],
	"textures": {
		"0": "item/gavel/gauntlet",
		"particle": "item/gavel/gauntlet"
	},
	"elements": [
		{
			"from": [6, 2, 5],
			"to": [10, 10, 9],
			"rotation": {"angle": 0, "axis": "y", "origin": [14, 9, 15]},
			"faces": {
				"north": {"uv": [6, 0, 4, 4], "texture": "#0"},
				"east": {"uv": [10, 0, 8, 4], "texture": "#0"},
				"south": {"uv": [4, 0, 2, 4], "texture": "#0"},
				"west": {"uv": [6, 0, 8, 4], "texture": "#0"},
				"up": {"uv": [0, 0, 2, 2], "texture": "#0"},
				"down": {"uv": [0, 2, 2, 4], "texture": "#0"}
			}
		},
		{
			"from": [5, -1, 6],
			"to": [6, 5, 8],
			"rotation": {"angle": 0, "axis": "y", "origin": [13, 10, 15]},
			"faces": {
				"north": {"uv": [2.5, 4, 3, 7], "texture": "#0"},
				"east": {"uv": [1, 4, 2, 7], "texture": "#0"},
				"south": {"uv": [2, 4, 2.5, 7], "texture": "#0"},
				"west": {"uv": [0, 4, 1, 7], "texture": "#0"},
				"up": {"uv": [3, 4, 3.5, 5], "texture": "#0"},
				"down": {"uv": [3, 5, 3.5, 6], "texture": "#0"}
			}
		},
		{
			"from": [3.07716, 8.75, 5.75],
			"to": [6.07716, 9.75, 6.75],
			"rotation": {"angle": 0, "axis": "y", "origin": [5.03858, 9.25, 7]},
			"faces": {
				"north": {"uv": [2, 4, 2.5, 5.5], "rotation": 90, "texture": "#0"},
				"east": {"uv": [3, 5, 3.5, 5.5], "rotation": 90, "texture": "#0"},
				"south": {"uv": [2.5, 4, 3, 5.5], "rotation": 270, "texture": "#0"},
				"west": {"uv": [3, 4, 3.5, 4.5], "rotation": 90, "texture": "#0"},
				"up": {"uv": [0, 4, 0.5, 5.5], "rotation": 270, "texture": "#0"},
				"down": {"uv": [1, 4, 1.5, 5.5], "rotation": 270, "texture": "#0"}
			}
		},
		{
			"from": [3.07716, 8.75, 7.25],
			"to": [6.07716, 9.75, 8.25],
			"rotation": {"angle": 0, "axis": "y", "origin": [5.03858, 9.25, 7]},
			"faces": {
				"north": {"uv": [2, 4, 2.5, 5.5], "rotation": 90, "texture": "#0"},
				"east": {"uv": [3, 5, 3.5, 5.5], "rotation": 90, "texture": "#0"},
				"south": {"uv": [2.5, 4, 3, 5.5], "rotation": 270, "texture": "#0"},
				"west": {"uv": [3, 4, 3.5, 4.5], "rotation": 90, "texture": "#0"},
				"up": {"uv": [0, 4, 0.5, 5.5], "rotation": 270, "texture": "#0"},
				"down": {"uv": [1, 4, 1.5, 5.5], "rotation": 270, "texture": "#0"}
			}
		},
		{
			"from": [3.15662, 8.75, 8.62789],
			"to": [6.15662, 9.75, 9.62789],
			"rotation": {"angle": 22.5, "axis": "y", "origin": [5.03858, 9.25, 7]},
			"faces": {
				"north": {"uv": [2, 4, 2.5, 5.5], "rotation": 90, "texture": "#0"},
				"east": {"uv": [3, 5, 3.5, 5.5], "rotation": 90, "texture": "#0"},
				"south": {"uv": [2.5, 4, 3, 5.5], "rotation": 270, "texture": "#0"},
				"west": {"uv": [3, 4, 3.5, 4.5], "rotation": 90, "texture": "#0"},
				"up": {"uv": [0, 4, 0.5, 5.5], "rotation": 270, "texture": "#0"},
				"down": {"uv": [1, 4, 1.5, 5.5], "rotation": 270, "texture": "#0"}
			}
		},
		{
			"from": [3.15662, 8.75, 4.37211],
			"to": [6.15662, 9.75, 5.37211],
			"rotation": {"angle": -22.5, "axis": "y", "origin": [5.03858, 9.25, 7]},
			"faces": {
				"north": {"uv": [2, 4, 2.5, 5.5], "rotation": 90, "texture": "#0"},
				"east": {"uv": [3, 5, 3.5, 5.5], "rotation": 90, "texture": "#0"},
				"south": {"uv": [2.5, 4, 3, 5.5], "rotation": 270, "texture": "#0"},
				"west": {"uv": [3, 4, 3.5, 4.5], "rotation": 90, "texture": "#0"},
				"up": {"uv": [0, 4, 0.5, 5.5], "rotation": 270, "texture": "#0"},
				"down": {"uv": [1, 4, 1.5, 5.5], "rotation": 270, "texture": "#0"}
			}
		},
		{
			"from": [5.15662, 8.75, 3.37211],
			"to": [8.15662, 9.75, 4.37211],
			"rotation": {"angle": -45, "axis": "y", "origin": [7.03858, 9.25, 6]},
			"faces": {
				"north": {"uv": [2, 4, 2.5, 5.5], "rotation": 90, "texture": "#0"},
				"east": {"uv": [3, 5, 3.5, 5.5], "rotation": 90, "texture": "#0"},
				"south": {"uv": [2.5, 4, 3, 5.5], "rotation": 270, "texture": "#0"},
				"west": {"uv": [3, 4, 3.5, 4.5], "rotation": 90, "texture": "#0"},
				"up": {"uv": [0, 4, 0.5, 5.5], "rotation": 270, "texture": "#0"},
				"down": {"uv": [1, 4, 1.5, 5.5], "rotation": 270, "texture": "#0"}
			}
		},
		{
			"from": [7, -1, 9],
			"to": [9, 5, 10],
			"rotation": {"angle": 0, "axis": "y", "origin": [16, 10, 2]},
			"faces": {
				"north": {"uv": [1, 4, 2, 7], "texture": "#0"},
				"east": {"uv": [2, 4, 2.5, 7], "texture": "#0"},
				"south": {"uv": [0, 4, 1, 7], "texture": "#0"},
				"west": {"uv": [2.5, 4, 3, 7], "texture": "#0"},
				"up": {"uv": [3, 4, 3.5, 5], "rotation": 270, "texture": "#0"},
				"down": {"uv": [3, 5, 3.5, 6], "rotation": 90, "texture": "#0"}
			}
		},
		{
			"from": [7, -1, 4],
			"to": [9, 5, 5],
			"rotation": {"angle": 0, "axis": "y", "origin": [8, 2, 4.5]},
			"faces": {
				"north": {"uv": [0, 4, 1, 7], "texture": "#0"},
				"east": {"uv": [2.5, 4, 3, 7], "texture": "#0"},
				"south": {"uv": [1, 4, 2, 7], "texture": "#0"},
				"west": {"uv": [2, 4, 2.5, 7], "texture": "#0"},
				"up": {"uv": [3, 4, 3.5, 5], "rotation": 90, "texture": "#0"},
				"down": {"uv": [3, 5, 3.5, 6], "rotation": 270, "texture": "#0"}
			}
		},
		{
			"from": [7.55, 10.05, 6.5],
			"to": [9.05, 11.55, 7.5],
			"rotation": {"angle": 0, "axis": "y", "origin": [8.25, 10.8, 7]},
			"faces": {
				"north": {"uv": [2, 7, 3.5, 8.5], "rotation": 90, "texture": "#0"},
				"east": {"uv": [0, 9.5, 1.5, 10.5], "rotation": 90, "texture": "#0"},
				"south": {"uv": [3.5, 7, 5, 8.5], "rotation": 270, "texture": "#0"},
				"west": {"uv": [0, 8.5, 1.5, 9.5], "rotation": 90, "texture": "#0"},
				"up": {"uv": [0, 7, 1, 8.5], "rotation": 270, "texture": "#0"},
				"down": {"uv": [1, 7, 2, 8.5], "rotation": 270, "texture": "#0"}
			}
		},
		{
			"from": [7.55, 10.55, 6],
			"to": [9.05, 11.05, 6.5],
			"rotation": {"angle": 0, "axis": "y", "origin": [8.25, 10.8, 7]},
			"faces": {
				"north": {"uv": [1, 10.5, 1.5, 12], "rotation": 90, "texture": "#0"},
				"east": {"uv": [0.5, 12, 1, 12.5], "rotation": 90, "texture": "#0"},
				"south": {"uv": [0.5, 10.5, 1, 12], "rotation": 270, "texture": "#0"},
				"west": {"uv": [0, 12, 0.5, 12.5], "rotation": 90, "texture": "#0"},
				"up": {"uv": [0, 10.5, 0.5, 12], "rotation": 270, "texture": "#0"},
				"down": {"uv": [1.5, 10.5, 2, 12], "rotation": 270, "texture": "#0"}
			}
		},
		{
			"from": [7.55, 10.55, 7.5],
			"to": [9.05, 11.05, 8],
			"rotation": {"angle": 0, "axis": "y", "origin": [8.25, 10.8, 7]},
			"faces": {
				"north": {"uv": [1, 12.5, 1.5, 14], "rotation": 90, "texture": "#0"},
				"east": {"uv": [0.5, 14, 1, 14.5], "rotation": 90, "texture": "#0"},
				"south": {"uv": [0.5, 12.5, 1, 14], "rotation": 270, "texture": "#0"},
				"west": {"uv": [0, 14, 0.5, 14.5], "rotation": 90, "texture": "#0"},
				"up": {"uv": [0, 12.5, 0.5, 14], "rotation": 270, "texture": "#0"},
				"down": {"uv": [1.5, 12.5, 2, 14], "rotation": 270, "texture": "#0"}
			}
		},
		{
			"from": [6.55, 10.55, 6.5],
			"to": [7.55, 11.05, 7.5],
			"rotation": {"angle": 0, "axis": "y", "origin": [8.25, 10.8, 7]},
			"faces": {
				"north": {"uv": [3.5, 14.5, 4, 15.5], "rotation": 90, "texture": "#0"},
				"east": {"uv": [2.5, 14.5, 3, 15.5], "rotation": 90, "texture": "#0"},
				"south": {"uv": [3, 14.5, 3.5, 15.5], "rotation": 270, "texture": "#0"},
				"west": {"uv": [2, 14.5, 2.5, 15.5], "rotation": 90, "texture": "#0"},
				"up": {"uv": [1, 14.5, 2, 15.5], "rotation": 270, "texture": "#0"},
				"down": {"uv": [0, 14.5, 1, 15.5], "rotation": 270, "texture": "#0"}
			}
		},
		{
			"from": [9.05, 10.55, 6.5],
			"to": [9.55, 11.05, 7.5],
			"rotation": {"angle": 0, "axis": "y", "origin": [8.25, 10.8, 7]},
			"faces": {
				"north": {"uv": [2.5, 15.5, 3, 16], "rotation": 90, "texture": "#0"},
				"east": {"uv": [4.5, 15, 5, 16], "rotation": 90, "texture": "#0"},
				"south": {"uv": [2, 15.5, 2.5, 16], "rotation": 270, "texture": "#0"},
				"west": {"uv": [4, 15, 4.5, 16], "rotation": 90, "texture": "#0"},
				"up": {"uv": [0, 15.5, 1, 16], "rotation": 270, "texture": "#0"},
				"down": {"uv": [1, 15.5, 2, 16], "rotation": 270, "texture": "#0"}
			}
		},
		{
			"from": [6.66, 5.11, 9.19],
			"to": [9.51, 5.68, 9.76],
			"rotation": {"angle": 0, "axis": "y", "origin": [13.5, 9.67, 13.75]},
			"faces": {
				"north": {"uv": [9, 8.5, 11.5, 9], "texture": "#0"},
				"east": {"uv": [9, 8.5, 9.5, 9], "texture": "#0"},
				"south": {"uv": [11.5, 8.5, 9, 9], "texture": "#0"},
				"west": {"uv": [11.5, 8.5, 11, 9], "texture": "#0"},
				"up": {"uv": [11.5, 8.5, 9, 9], "texture": "#0"},
				"down": {"uv": [11.5, 9, 9, 8.5], "texture": "#0"}
			}
		},
		{
			"from": [9.51, 2.83, 9.19],
			"to": [10.08, 5.11, 9.76],
			"rotation": {"angle": 0, "axis": "y", "origin": [16.35, 7.39, 13.75]},
			"faces": {
				"north": {"uv": [11.5, 9, 12, 11], "texture": "#0"},
				"east": {"uv": [11.5, 9, 12, 11], "texture": "#0"},
				"south": {"uv": [12, 9, 11.5, 11], "texture": "#0"},
				"west": {"uv": [12, 9, 11.5, 11], "texture": "#0"},
				"up": {"uv": [12, 9, 11.5, 9.5], "texture": "#0"},
				"down": {"uv": [12, 11, 11.5, 10.5], "texture": "#0"}
			}
		},
		{
			"from": [6.66, 2.83, 9.69],
			"to": [9.51, 5.11, 10.26],
			"rotation": {"angle": 0, "axis": "y", "origin": [13.5, 7.39, 14.25]},
			"faces": {
				"north": {"uv": [9, 9, 11.5, 11], "texture": "#0"},
				"east": {"uv": [9, 9, 9.5, 11], "texture": "#0"},
				"south": {"uv": [11.5, 9, 9, 11], "texture": "#0"},
				"west": {"uv": [11.5, 9, 11, 11], "texture": "#0"},
				"up": {"uv": [11.5, 9, 9, 9.5], "texture": "#0"},
				"down": {"uv": [11.5, 11, 9, 10.5], "texture": "#0"}
			}
		},
		{
			"from": [6.09, 2.83, 9.19],
			"to": [6.66, 5.11, 9.76],
			"rotation": {"angle": 0, "axis": "y", "origin": [12.93, 7.39, 13.75]},
			"faces": {
				"north": {"uv": [8.5, 9, 9, 11], "texture": "#0"},
				"east": {"uv": [8.5, 9, 9, 11], "texture": "#0"},
				"south": {"uv": [9, 9, 8.5, 11], "texture": "#0"},
				"west": {"uv": [9, 9, 8.5, 11], "texture": "#0"},
				"up": {"uv": [9, 9, 8.5, 9.5], "texture": "#0"},
				"down": {"uv": [9, 11, 8.5, 10.5], "texture": "#0"}
			}
		},
		{
			"from": [6.66, 1.69, 9.69],
			"to": [7.23, 2.83, 10.26],
			"rotation": {"angle": 0, "axis": "y", "origin": [11.22, 6.25, 14.25]},
			"faces": {
				"north": {"uv": [9, 11, 9.5, 12], "texture": "#0"},
				"east": {"uv": [9, 11, 9.5, 12], "texture": "#0"},
				"south": {"uv": [9.5, 11, 9, 12], "texture": "#0"},
				"west": {"uv": [9.5, 11, 9, 12], "texture": "#0"},
				"up": {"uv": [9.5, 11, 9, 11.5], "texture": "#0"},
				"down": {"uv": [9.5, 12, 9, 11.5], "texture": "#0"}
			}
		},
		{
			"from": [7.23, 1.12, 9.69],
			"to": [7.8, 2.83, 10.26],
			"rotation": {"angle": 0, "axis": "y", "origin": [11.79, 6.25, 14.25]},
			"faces": {
				"north": {"uv": [9.5, 11, 10, 12.5], "texture": "#0"},
				"east": {"uv": [9.5, 11, 10, 12.5], "texture": "#0"},
				"south": {"uv": [10, 11, 9.5, 12.5], "texture": "#0"},
				"west": {"uv": [10, 11, 9.5, 12.5], "texture": "#0"},
				"up": {"uv": [10, 11, 9.5, 11.5], "texture": "#0"},
				"down": {"uv": [10, 12.5, 9.5, 12], "texture": "#0"}
			}
		},
		{
			"from": [8.37, 1.12, 9.69],
			"to": [8.94, 2.83, 10.26],
			"rotation": {"angle": 0, "axis": "y", "origin": [12.93, 6.25, 14.25]},
			"faces": {
				"north": {"uv": [10.5, 11, 11, 12.5], "texture": "#0"},
				"east": {"uv": [10.5, 11, 11, 12.5], "texture": "#0"},
				"south": {"uv": [11, 11, 10.5, 12.5], "texture": "#0"},
				"west": {"uv": [11, 11, 10.5, 12.5], "texture": "#0"},
				"up": {"uv": [11, 11, 10.5, 11.5], "texture": "#0"},
				"down": {"uv": [11, 12.5, 10.5, 12], "texture": "#0"}
			}
		},
		{
			"from": [8.94, 1.69, 9.69],
			"to": [9.51, 2.83, 10.26],
			"rotation": {"angle": 0, "axis": "y", "origin": [13.5, 6.25, 14.25]},
			"faces": {
				"north": {"uv": [11, 11, 11.5, 12], "texture": "#0"},
				"east": {"uv": [11, 11, 11.5, 12], "texture": "#0"},
				"south": {"uv": [11.5, 11, 11, 12], "texture": "#0"},
				"west": {"uv": [11.5, 11, 11, 12], "texture": "#0"},
				"up": {"uv": [11.5, 11, 11, 11.5], "texture": "#0"},
				"down": {"uv": [11.5, 12, 11, 11.5], "texture": "#0"}
			}
		}
	],
	"display": {
		"thirdperson_righthand": {
			"rotation": [-90, 90, 0],
			"translation": [1, -2, 0],
			"scale": [1.1, 1.1, 1.1]
		},
		"thirdperson_lefthand": {
			"rotation": [-90, -90, 0],
			"translation": [-1.25, -2, 0],
			"scale": [1.1, 1.1, 1.1]
		},
		"firstperson_righthand": {
			"rotation": [0, 90, -90],
			"translation": [0, 4.25, 0.5]
		},
		"firstperson_lefthand": {
			"rotation": [0, -90, 90],
			"translation": [0, 4.25, 0.5]
		},
		"ground": {
			"translation": [0, 2, 0],
			"scale": [0.5, 0.5, 0.5]
		},
		"gui": {
			"rotation": [67.5, 45, -45],
			"translation": [3, 2.25, 0],
			"scale": [1.2, 1.2, 1.2]
		},
		"fixed": {
			"rotation": [-35, -135, -45],
			"translation": [-3.25, 2.25, 0],
			"scale": [1.5, 1.5, 1.5]
		}
	},
	"groups": [0, 1, 2, 3, 4, 5, 6, 7, 8, 9, 10, 11, 12, 13,
		{
			"name": "group",
			"origin": [19, 9.75, 18],
			"children": [14, 15, 16, 17, 18, 19, 20, 21]
		}
	]
}