{
    "credit": "Made with Blockbench", 
    "textures": {
        "main": "entity/mummy/mummy_walking"
    }, 
    "elements": [
        {
            "name": "Lleg", 
            "from": [ 4, 0, 6 ], 
            "to":   [ 8, 12, 10 ], 
            "faces": {
                "north": { "uv": [ 1, 2, 1.5, 3.5 ], "texture": "#main" }, 
                "east":  { "uv": [ 1.5, 2, 2, 3.5 ], "texture": "#main" }, 
                "south": { "uv": [ 0.5, 2, 1, 3.5 ], "texture": "#main" }, 
                "west":  { "uv": [ 0, 2, 0.5, 3.5 ], "texture": "#main" }, 
                "up":    { "uv": [ 2, 1.5, 2.5, 2 ], "texture": "#main" }, 
                "down":  { "uv": [ 2.5, 1.5, 3, 2 ], "texture": "#main" }
            }
        }, 
        {
            "name": "LArm", 
            "from": [ 0, 20, -2 ], 
            "to":   [ 4, 24, 10 ], 
            "rotation": { "angle": 0, "axis": "x", "origin": [2, 22, 7] }, 
            "faces": {
                "north": { "uv": [ 3.5, 1, 4, 1.5 ], "rotation":90, "texture": "#main" }, 
                "east":  { "uv": [ 4, 3, 4.5, 4.5 ], "rotation":270, "texture": "#main" }, 
                "south": { "uv": [ 3, 1, 3.5, 1.5 ], "rotation":90, "texture": "#main" }, 
                "west":  { "uv": [ 4.5, 3, 5, 4.5 ], "rotation":90, "texture": "#main" }, 
                "up":    { "uv": [ 4.5, 1.5, 5, 3 ], "rotation":180, "texture": "#main" }, 
                "down":  { "uv": [ 4, 1.5, 4.5, 3 ], "texture": "#main" }
            }
        }, 
        {
            "name": "LArm", 
            "from": [ 12, 20, -2 ], 
            "to":   [ 16, 24, 10 ], 
            "rotation": { "angle": 0, "axis": "x", "origin": [2, 22, 7] }, 
            "faces": {
                "north": { "uv": [ 3.5, 1, 4, 1.5 ], "rotation":90, "texture": "#main" }, 
                "east":  { "uv": [ 4, 3, 4.5, 4.5 ], "rotation":270, "texture": "#main" }, 
                "south": { "uv": [ 3, 1, 3.5, 1.5 ], "rotation":90, "texture": "#main" }, 
                "west":  { "uv": [ 4.5, 3, 5, 4.5 ], "rotation":90, "texture": "#main" }, 
                "up":    { "uv": [ 4.5, 1.5, 5, 3 ], "rotation":180, "texture": "#main" }, 
                "down":  { "uv": [ 4, 1.5, 4.5, 3 ], "texture": "#main" }
            }
        }, 
        {
            "name": "RLeg", 
            "from": [ 8, 0, 6 ], 
            "to":   [ 12, 12, 10 ], 
            "faces": {
                "north": { "uv": [ 0, 2, 0.5, 3.5 ], "texture": "#main" }, 
                "east":  { "uv": [ 1.5, 2, 2, 3.5 ], "texture": "#main" }, 
                "south": { "uv": [ 0.5, 2, 1, 3.5 ], "texture": "#main" }, 
                "west":  { "uv": [ 1, 2, 1.5, 3.5 ], "texture": "#main" }, 
                "up":    { "uv": [ 2, 1.5, 2.5, 2 ], "texture": "#main" }, 
                "down":  { "uv": [ 2.5, 1.5, 3, 2 ], "texture": "#main" }
            }
        }, 
        {
            "from": [ 4, 12, 6 ], 
            "to":   [ 12, 24, 10 ], 
            "faces": {
                "north": { "uv": [ 2.5, 2, 3.5, 3.5 ], "texture": "#main" }, 
                "east":  { "uv": [ 3.5, 2, 4, 3.5 ], "texture": "#main" }, 
                "south": { "uv": [ 1, 2, 2, 3.5 ], "texture": "#main" }, 
                "west":  { "uv": [ 2, 2, 2.5, 3.5 ], "texture": "#main" }, 
                "up":    { "uv": [ 3, 1.5, 4, 2 ], "texture": "#main" }, 
                "down":  { "uv": [ 2, 1.5, 3, 2 ], "texture": "#main" }
            }
        }, 
        {
            "from": [ 4, 24, 4 ], 
            "to":   [ 12, 32, 12 ], 
            "faces": {
                "north": { "uv": [ 1, 1, 2, 2 ], "texture": "#main" }, 
                "east":  { "uv": [ 0, 1, 1, 2 ], "texture": "#main" }, 
                "south": { "uv": [ 0, 0, 1, 1 ], "texture": "#main" }, 
                "west":  { "uv": [ 2, 0, 3, 1 ], "texture": "#main" }, 
                "up":    { "uv": [ 3, 0, 4, 1 ], "texture": "#main" }, 
                "down":  { "uv": [ 1, 0, 2, 1 ], "texture": "#main" }
            }
        }, 
        {
            "name": "Lleg", 
            "from": [ 4, -1, 7 ], 
            "to":   [ 8, 11, 11 ], 
            "rotation": { "angle": -22.5, "axis": "x", "origin": [8, 8, 8] }, 
            "faces": {
                "north": { "uv": [ 9, 2, 9.5, 3.5 ], "texture": "#main" }, 
                "east":  { "uv": [ 9.5, 2, 10, 3.5 ], "texture": "#main" }, 
                "south": { "uv": [ 8.5, 2, 9, 3.5 ], "texture": "#main" }, 
                "west":  { "uv": [ 8, 2, 8.5, 3.5 ], "texture": "#main" }, 
                "up":    { "uv": [ 10, 1.5, 10.5, 2 ], "texture": "#main" }, 
                "down":  { "uv": [ 10.5, 1.5, 11, 2 ], "texture": "#main" }
            }
        }, 
        {
            "name": "LArm", 
            "from": [ 0, 20, -2 ], 
            "to":   [ 4, 24, 10 ], 
            "rotation": { "angle": 0, "axis": "x", "origin": [2, 22, 7] }, 
            "faces": {
                "north": { "uv": [ 11.5, 1, 12, 1.5 ], "rotation":90, "texture": "#main" }, 
                "east":  { "uv": [ 12, 3, 12.5, 4.5 ], "rotation":270, "texture": "#main" }, 
                "south": { "uv": [ 11, 1, 11.5, 1.5 ], "rotation":90, "texture": "#main" }, 
                "west":  { "uv": [ 12.5, 3, 13, 4.5 ], "rotation":90, "texture": "#main" }, 
                "up":    { "uv": [ 12.5, 1.5, 13, 3 ], "rotation":180, "texture": "#main" }, 
                "down":  { "uv": [ 12, 1.5, 12.5, 3 ], "texture": "#main" }
            }
        }, 
        {
            "name": "LArm", 
            "from": [ 12, 20, -2 ], 
            "to":   [ 16, 24, 10 ], 
            "rotation": { "angle": 0, "axis": "x", "origin": [2, 22, 7] }, 
            "faces": {
                "north": { "uv": [ 11.5, 1, 12, 1.5 ], "rotation":90, "texture": "#main" }, 
                "east":  { "uv": [ 12, 3, 12.5, 4.5 ], "rotation":270, "texture": "#main" }, 
                "south": { "uv": [ 11, 1, 11.5, 1.5 ], "rotation":90, "texture": "#main" }, 
                "west":  { "uv": [ 12.5, 3, 13, 4.5 ], "rotation":90, "texture": "#main" }, 
                "up":    { "uv": [ 12.5, 1.5, 13, 3 ], "rotation":180, "texture": "#main" }, 
                "down":  { "uv": [ 12, 1.5, 12.5, 3 ], "texture": "#main" }
            }
        }, 
        {
            "name": "RLeg", 
            "from": [ 8, -1, 5 ], 
            "to":   [ 12, 11, 9 ], 
            "rotation": { "angle": 22.5, "axis": "x", "origin": [8, 8, 8] }, 
            "faces": {
                "north": { "uv": [ 8, 2, 8.5, 3.5 ], "texture": "#main" }, 
                "east":  { "uv": [ 9.5, 2, 10, 3.5 ], "texture": "#main" }, 
                "south": { "uv": [ 8.5, 2, 9, 3.5 ], "texture": "#main" }, 
                "west":  { "uv": [ 9, 2, 9.5, 3.5 ], "texture": "#main" }, 
                "up":    { "uv": [ 10, 1.5, 10.5, 2 ], "texture": "#main" }, 
                "down":  { "uv": [ 10.5, 1.5, 11, 2 ], "texture": "#main" }
            }
        }, 
        {
            "from": [ 4, 12, 6 ], 
            "to":   [ 12, 24, 10 ], 
            "faces": {
                "north": { "uv": [ 10.5, 2, 11.5, 3.5 ], "texture": "#main" }, 
                "east":  { "uv": [ 11.5, 2, 12, 3.5 ], "texture": "#main" }, 
                "south": { "uv": [ 9, 2, 10, 3.5 ], "texture": "#main" }, 
                "west":  { "uv": [ 10, 2, 10.5, 3.5 ], "texture": "#main" }, 
                "up":    { "uv": [ 11, 1.5, 12, 2 ], "texture": "#main" }, 
                "down":  { "uv": [ 10, 1.5, 11, 2 ], "texture": "#main" }
            }
        }, 
        {
            "from": [ 4, 24, 4 ], 
            "to":   [ 12, 32, 12 ], 
            "faces": {
                "north": { "uv": [ 9, 1, 10, 2 ], "texture": "#main" }, 
                "east":  { "uv": [ 8, 1, 9, 2 ], "texture": "#main" }, 
                "south": { "uv": [ 8, 0, 9, 1 ], "texture": "#main" }, 
                "west":  { "uv": [ 10, 0, 11, 1 ], "texture": "#main" }, 
                "up":    { "uv": [ 11, 0, 12, 1 ], "texture": "#main" }, 
                "down":  { "uv": [ 9, 0, 10, 1 ], "texture": "#main" }
            }
        }, 
        {
            "name": "Lleg", 
            "from": [ 4, -1, 5 ], 
            "to":   [ 8, 11, 9 ], 
            "rotation": { "angle": 22.5, "axis": "x", "origin": [8, 8, 8] }, 
            "faces": {
                "north": { "uv": [ 1, 10, 1.5, 11.5 ], "texture": "#main" }, 
                "east":  { "uv": [ 1.5, 10, 2, 11.5 ], "texture": "#main" }, 
                "south": { "uv": [ 0.5, 10, 1, 11.5 ], "texture": "#main" }, 
                "west":  { "uv": [ 0, 10, 0.5, 11.5 ], "texture": "#main" }, 
                "up":    { "uv": [ 2, 9.5, 2.5, 10 ], "texture": "#main" }, 
                "down":  { "uv": [ 2.5, 9.5, 3, 10 ], "texture": "#main" }
            }
        }, 
        {
            "name": "LArm", 
            "from": [ 0, 20, -2 ], 
            "to":   [ 4, 24, 10 ], 
            "rotation": { "angle": 0, "axis": "x", "origin": [2, 22, 7] }, 
            "faces": {
                "north": { "uv": [ 3.5, 9, 4, 9.5 ], "rotation":90, "texture": "#main" }, 
                "east":  { "uv": [ 4, 11, 4.5, 12.5 ], "rotation":270, "texture": "#main" }, 
                "south": { "uv": [ 3, 9, 3.5, 9.5 ], "rotation":90, "texture": "#main" }, 
                "west":  { "uv": [ 4.5, 11, 5, 12.5 ], "rotation":90, "texture": "#main" }, 
                "up":    { "uv": [ 4.5, 9.5, 5, 11 ], "rotation":180, "texture": "#main" }, 
                "down":  { "uv": [ 4, 9.5, 4.5, 11 ], "texture": "#main" }
            }
        }, 
        {
            "name": "LArm", 
            "from": [ 12, 20, -2 ], 
            "to":   [ 16, 24, 10 ], 
            "rotation": { "angle": 0, "axis": "x", "origin": [2, 22, 7] }, 
            "faces": {
                "north": { "uv": [ 3.5, 9, 4, 9.5 ], "rotation":90, "texture": "#main" }, 
                "east":  { "uv": [ 4, 11, 4.5, 12.5 ], "rotation":270, "texture": "#main" }, 
                "south": { "uv": [ 3, 9, 3.5, 9.5 ], "rotation":90, "texture": "#main" }, 
                "west":  { "uv": [ 4.5, 11, 5, 12.5 ], "rotation":90, "texture": "#main" }, 
                "up":    { "uv": [ 4.5, 9.5, 5, 11 ], "rotation":180, "texture": "#main" }, 
                "down":  { "uv": [ 4, 9.5, 4.5, 11 ], "texture": "#main" }
            }
        }, 
        {
            "name": "RLeg", 
            "from": [ 8, -1, 7 ], 
            "to":   [ 12, 11, 11 ], 
            "rotation": { "angle": -22.5, "axis": "x", "origin": [8, 8, 8] }, 
            "faces": {
                "north": { "uv": [ 0, 10, 0.5, 11.5 ], "texture": "#main" }, 
                "east":  { "uv": [ 1.5, 10, 2, 11.5 ], "texture": "#main" }, 
                "south": { "uv": [ 0.5, 10, 1, 11.5 ], "texture": "#main" }, 
                "west":  { "uv": [ 1, 10, 1.5, 11.5 ], "texture": "#main" }, 
                "up":    { "uv": [ 2, 9.5, 2.5, 10 ], "texture": "#main" }, 
                "down":  { "uv": [ 2.5, 9.5, 3, 10 ], "texture": "#main" }
            }
        }, 
        {
            "from": [ 4, 12, 6 ], 
            "to":   [ 12, 24, 10 ], 
            "faces": {
                "north": { "uv": [ 2.5, 10, 3.5, 11.5 ], "texture": "#main" }, 
                "east":  { "uv": [ 3.5, 10, 4, 11.5 ], "texture": "#main" }, 
                "south": { "uv": [ 1, 10, 2, 11.5 ], "texture": "#main" }, 
                "west":  { "uv": [ 2, 10, 2.5, 11.5 ], "texture": "#main" }, 
                "up":    { "uv": [ 3, 9.5, 4, 10 ], "texture": "#main" }, 
                "down":  { "uv": [ 2, 9.5, 3, 10 ], "texture": "#main" }
            }
        }, 
        {
            "from": [ 4, 24, 4 ], 
            "to":   [ 12, 32, 12 ], 
            "faces": {
                "north": { "uv": [ 1, 9, 2, 10 ], "texture": "#main" }, 
                "east":  { "uv": [ 0, 9, 1, 10 ], "texture": "#main" }, 
                "south": { "uv": [ 0, 8, 1, 9 ], "texture": "#main" }, 
                "west":  { "uv": [ 2, 8, 3, 9 ], "texture": "#main" }, 
                "up":    { "uv": [ 3, 8, 4, 9 ], "texture": "#main" }, 
                "down":  { "uv": [ 1, 8, 2, 9 ], "texture": "#main" }
            }
        }
    ], 
    "display": {
        "head": {
            "translation": [ 0, -31.25, 0 ], 
            "scale": [ 1.6, 1.6, 1.6 ]
        }
    }, 
    "__comment": "Model animated using Fizzy's model animator - http://fizzy81.github.io/animated-models/"
}