{
	"credit": "Made with Blockbench",
	"textures": {
		"0": "item/bone",
		"particle": "item/bone"
	},
	"elements": [
		{
			"from": [7, 0, 6],
			"to": [8, 3, 7],
			"faces": {
				"north": {"uv": [13, 2, 14, 5], "texture": "#0"},
				"east": {"uv": [13, 1, 14, 4], "texture": "#0"},
				"south": {"uv": [11, 1, 12, 4], "texture": "#0"},
				"west": {"uv": [11, 1, 12, 4], "texture": "#0"},
				"up": {"uv": [14, 3, 15, 4], "texture": "#0"},
				"down": {"uv": [14, 5, 15, 6], "texture": "#0"}
			}
		},
		{
			"from": [9, 0, 6],
			"to": [10, 3, 7],
			"faces": {
				"north": {"uv": [10, 3, 11, 6], "texture": "#0"},
				"east": {"uv": [5, 10, 6, 13], "texture": "#0"},
				"south": {"uv": [9, 5, 10, 8], "texture": "#0"},
				"west": {"uv": [10, 5, 11, 8], "texture": "#0"},
				"up": {"uv": [14, 3, 15, 4], "texture": "#0"},
				"down": {"uv": [14, 5, 15, 6], "texture": "#0"}
			}
		},
		{
			"from": [6, 3, 6],
			"to": [7, 6, 7],
			"faces": {
				"north": {"uv": [7, 7, 8, 10], "texture": "#0"},
				"east": {"uv": [9, 5, 10, 8], "texture": "#0"},
				"south": {"uv": [10, 4, 11, 7], "texture": "#0"},
				"west": {"uv": [7, 7, 8, 10], "texture": "#0"},
				"up": {"uv": [11, 1, 12, 2], "texture": "#0"},
				"down": {"uv": [14, 2, 15, 3], "texture": "#0"}
			}
		},
		{
			"from": [8, 3, 6],
			"to": [9, 6, 7],
			"faces": {
				"north": {"uv": [7, 7, 8, 10], "texture": "#0"},
				"east": {"uv": [9, 5, 10, 8], "texture": "#0"},
				"south": {"uv": [10, 4, 11, 7], "texture": "#0"},
				"west": {"uv": [7, 7, 8, 10], "texture": "#0"},
				"up": {"uv": [11, 1, 12, 2], "texture": "#0"},
				"down": {"uv": [14, 2, 15, 3], "texture": "#0"}
			}
		},
		{
			"from": [10, 3, 6],
			"to": [11, 6, 7],
			"faces": {
				"north": {"uv": [7, 7, 8, 10], "texture": "#0"},
				"east": {"uv": [9, 5, 10, 8], "texture": "#0"},
				"south": {"uv": [10, 4, 11, 7], "texture": "#0"},
				"west": {"uv": [7, 7, 8, 10], "texture": "#0"},
				"up": {"uv": [11, 1, 12, 2], "texture": "#0"},
				"down": {"uv": [14, 2, 15, 3], "texture": "#0"}
			}
		},
		{
			"from": [8, 7, 5],
			"to": [9, 13, 6],
			"rotation": {"angle": -22.5, "axis": "x", "origin": [8, 8, 8]},
			"faces": {
				"north": {"uv": [10, 2, 11, 8], "texture": "#0"},
				"east": {"uv": [10, 2, 11, 8], "texture": "#0"},
				"south": {"uv": [10, 2, 11, 8], "texture": "#0"},
				"west": {"uv": [10, 2, 11, 8], "texture": "#0"},
				"up": {"uv": [12, 3, 13, 4], "texture": "#0"},
				"down": {"uv": [15, 3, 16, 4], "texture": "#0"}
			}
		},
		{
			"from": [6, 7, 5],
			"to": [7, 12, 6],
			"rotation": {"angle": -22.5, "axis": "x", "origin": [8, 8, 8]},
			"faces": {
				"north": {"uv": [4, 9, 5, 14], "texture": "#0"},
				"east": {"uv": [4, 9, 5, 14], "texture": "#0"},
				"south": {"uv": [5, 9, 6, 14], "texture": "#0"},
				"west": {"uv": [4, 9, 5, 14], "texture": "#0"},
				"up": {"uv": [4, 10, 5, 11], "texture": "#0"},
				"down": {"uv": [8, 6, 9, 7], "texture": "#0"}
			}
		},
		{
			"from": [10, 7, 5],
			"to": [11, 12, 6],
			"rotation": {"angle": -22.5, "axis": "x", "origin": [8, 8, 8]},
			"faces": {
				"north": {"uv": [4, 9, 5, 14], "texture": "#0"},
				"east": {"uv": [4, 9, 5, 14], "texture": "#0"},
				"south": {"uv": [5, 9, 6, 14], "texture": "#0"},
				"west": {"uv": [4, 9, 5, 14], "texture": "#0"},
				"up": {"uv": [4, 10, 5, 11], "texture": "#0"},
				"down": {"uv": [8, 6, 9, 7], "texture": "#0"}
			}
		},
		{
			"from": [5, 6, 3],
			"to": [6, 10, 4],
			"rotation": {"angle": -45, "axis": "x", "origin": [8, 8, 8]},
			"faces": {
				"north": {"uv": [10, 3, 11, 7], "texture": "#0"},
				"east": {"uv": [11, 1, 12, 5], "texture": "#0"},
				"south": {"uv": [10, 3, 11, 7], "texture": "#0"},
				"west": {"uv": [12, 1, 13, 5], "texture": "#0"},
				"up": {"uv": [11, 3, 12, 4], "texture": "#0"},
				"down": {"uv": [14, 2, 15, 3], "texture": "#0"}
			}
		}
	],
	"display": {
		"head": {
			"translation": [0, -32.5, -1.25],
			"scale": [1.5, 1.5, 1.5]
		}
	}
}