{
	"credit": "Made with Blockbench",
	"textures": {
		"0": "entity/mummy/mummy",
		"particle": "entity/mummy/mummy"
	},
	"elements": [
		{
			"name": "Lleg",
			"from": [4, 0, 6],
			"to": [8, 12, 10],
			"faces": {
				"north": {"uv": [2, 4, 3, 7], "texture": "#0"},
				"east": {"uv": [3, 4, 4, 7], "texture": "#0"},
				"south": {"uv": [1, 4, 2, 7], "texture": "#0"},
				"west": {"uv": [0, 4, 1, 7], "texture": "#0"},
				"up": {"uv": [4, 3, 5, 4], "texture": "#0"},
				"down": {"uv": [5, 3, 6, 4], "texture": "#0"}
			}
		},
		{
			"name": "LArm",
			"from": [0, 20, -2],
			"to": [4, 24, 10],
			"rotation": {"angle": 0, "axis": "x", "origin": [2, 22, 7]},
			"faces": {
				"north": {"uv": [7, 2, 8, 3], "rotation": 90, "texture": "#0"},
				"east": {"uv": [8, 6, 9, 9], "rotation": 270, "texture": "#0"},
				"south": {"uv": [6, 2, 7, 3], "rotation": 90, "texture": "#0"},
				"west": {"uv": [9, 6, 10, 9], "rotation": 90, "texture": "#0"},
				"up": {"uv": [9, 3, 10, 6], "rotation": 180, "texture": "#0"},
				"down": {"uv": [8, 3, 9, 6], "texture": "#0"}
			}
		},
		{
			"name": "LArm",
			"from": [12, 20, -2],
			"to": [16, 24, 10],
			"rotation": {"angle": 0, "axis": "x", "origin": [2, 22, 7]},
			"faces": {
				"north": {"uv": [7, 2, 8, 3], "rotation": 90, "texture": "#0"},
				"east": {"uv": [8, 6, 9, 9], "rotation": 270, "texture": "#0"},
				"south": {"uv": [6, 2, 7, 3], "rotation": 90, "texture": "#0"},
				"west": {"uv": [9, 6, 10, 9], "rotation": 90, "texture": "#0"},
				"up": {"uv": [9, 3, 10, 6], "rotation": 180, "texture": "#0"},
				"down": {"uv": [8, 3, 9, 6], "texture": "#0"}
			}
		},
		{
			"name": "RLeg",
			"from": [8, 0, 6],
			"to": [12, 12, 10],
			"faces": {
				"north": {"uv": [0, 4, 1, 7], "texture": "#0"},
				"east": {"uv": [3, 4, 4, 7], "texture": "#0"},
				"south": {"uv": [1, 4, 2, 7], "texture": "#0"},
				"west": {"uv": [2, 4, 3, 7], "texture": "#0"},
				"up": {"uv": [4, 3, 5, 4], "texture": "#0"},
				"down": {"uv": [5, 3, 6, 4], "texture": "#0"}
			}
		},
		{
			"from": [4, 12, 6],
			"to": [12, 24, 10],
			"faces": {
				"north": {"uv": [5, 4, 7, 7], "texture": "#0"},
				"east": {"uv": [7, 4, 8, 7], "texture": "#0"},
				"south": {"uv": [2, 4, 4, 7], "texture": "#0"},
				"west": {"uv": [4, 4, 5, 7], "texture": "#0"},
				"up": {"uv": [6, 3, 8, 4], "texture": "#0"},
				"down": {"uv": [4, 3, 6, 4], "texture": "#0"}
			}
		},
		{
			"from": [4, 24, 4],
			"to": [12, 32, 12],
			"faces": {
				"north": {"uv": [2, 2, 4, 4], "texture": "#0"},
				"east": {"uv": [0, 2, 2, 4], "texture": "#0"},
				"south": {"uv": [0, 0, 2, 2], "texture": "#0"},
				"west": {"uv": [4, 0, 6, 2], "texture": "#0"},
				"up": {"uv": [6, 0, 8, 2], "texture": "#0"},
				"down": {"uv": [2, 0, 4, 2], "texture": "#0"}
			}
		}
	],
	"display": {
		"head": {
			"translation": [0, -31.25, 0],
			"scale": [1.6, 1.6, 1.6]
		}
	}
}