{
	"credit": "Made with Blockbench",
	"texture_size": [32, 32],
	"textures": {
		"0": "entity/capoo_bugcat/assets_hurt",
		"particle": "entity/capoo_bugcat/assets_hurt"
	},
	"elements": [
		{
			"name": "body",
			"from": [5, 1, 4],
			"to": [11, 7, 13],
			"faces": {
				"north": {"uv": [0, 0, 3, 3], "texture": "#0"},
				"east": {"uv": [7.5, 0, 12, 3], "texture": "#0"},
				"south": {"uv": [12, 0, 15, 3], "texture": "#0"},
				"west": {"uv": [3, 0, 7.5, 3], "texture": "#0"},
				"up": {"uv": [3, 3, 6, 7.5], "texture": "#0"},
				"down": {"uv": [0, 3, 3, 7.5], "texture": "#0"}
			}
		},
		{
			"name": "leg",
			"from": [6, 0, 5],
			"to": [7, 1, 6],
			"faces": {
				"north": {"uv": [0, 7.5, 0.5, 8], "texture": "#0"},
				"east": {"uv": [0, 7.5, 0.5, 8], "texture": "#0"},
				"south": {"uv": [0, 7.5, 0.5, 8], "texture": "#0"},
				"west": {"uv": [0, 7.5, 0.5, 8], "texture": "#0"},
				"up": {"uv": [0.5, 7.5, 1, 8], "texture": "#0"},
				"down": {"uv": [0, 8, 0.5, 8.5], "texture": "#0"}
			}
		},
		{
			"name": "leg",
			"from": [8.99999, -0.00524, 5.00524],
			"to": [9.99999, 0.99476, 6.00524],
			"faces": {
				"north": {"uv": [0, 7.5, 0.5, 8], "texture": "#0"},
				"east": {"uv": [0, 7.5, 0.5, 8], "texture": "#0"},
				"south": {"uv": [0, 7.5, 0.5, 8], "texture": "#0"},
				"west": {"uv": [0, 7.5, 0.5, 8], "texture": "#0"},
				"up": {"uv": [0.5, 7.5, 1, 8], "texture": "#0"},
				"down": {"uv": [0, 8, 0.5, 8.5], "texture": "#0"}
			}
		},
		{
			"name": "leg",
			"from": [8.99476, 0.00001, 8.00523],
			"to": [9.99476, 1.00001, 9.00523],
			"faces": {
				"north": {"uv": [0, 7.5, 0.5, 8], "texture": "#0"},
				"east": {"uv": [0, 7.5, 0.5, 8], "texture": "#0"},
				"south": {"uv": [0, 7.5, 0.5, 8], "texture": "#0"},
				"west": {"uv": [0, 7.5, 0.5, 8], "texture": "#0"},
				"up": {"uv": [0.5, 7.5, 1, 8], "texture": "#0"},
				"down": {"uv": [0, 8, 0.5, 8.5], "texture": "#0"}
			}
		},
		{
			"name": "leg",
			"from": [5.99477, 0.00525, 7.99999],
			"to": [6.99477, 1.00525, 8.99999],
			"faces": {
				"north": {"uv": [0, 7.5, 0.5, 8], "texture": "#0"},
				"east": {"uv": [0, 7.5, 0.5, 8], "texture": "#0"},
				"south": {"uv": [0, 7.5, 0.5, 8], "texture": "#0"},
				"west": {"uv": [0, 7.5, 0.5, 8], "texture": "#0"},
				"up": {"uv": [0.5, 7.5, 1, 8], "texture": "#0"},
				"down": {"uv": [0, 8, 0.5, 8.5], "texture": "#0"}
			}
		},
		{
			"name": "leg",
			"from": [8.98954, 0.00525, 11.00522],
			"to": [9.98954, 1.00525, 12.00522],
			"faces": {
				"north": {"uv": [0, 7.5, 0.5, 8], "texture": "#0"},
				"east": {"uv": [0, 7.5, 0.5, 8], "texture": "#0"},
				"south": {"uv": [0, 7.5, 0.5, 8], "texture": "#0"},
				"west": {"uv": [0, 7.5, 0.5, 8], "texture": "#0"},
				"up": {"uv": [0.5, 7.5, 1, 8], "texture": "#0"},
				"down": {"uv": [0, 8, 0.5, 8.5], "texture": "#0"}
			}
		},
		{
			"name": "leg",
			"from": [5.98955, 0.01049, 10.99998],
			"to": [6.98955, 1.01049, 11.99998],
			"faces": {
				"north": {"uv": [0, 7.5, 0.5, 8], "texture": "#0"},
				"east": {"uv": [0, 7.5, 0.5, 8], "texture": "#0"},
				"south": {"uv": [0, 7.5, 0.5, 8], "texture": "#0"},
				"west": {"uv": [0, 7.5, 0.5, 8], "texture": "#0"},
				"up": {"uv": [0.5, 7.5, 1, 8], "texture": "#0"},
				"down": {"uv": [0, 8, 0.5, 8.5], "texture": "#0"}
			}
		},
		{
			"name": "tail",
			"from": [7.00699, 4.99999, 12.99302],
			"to": [9.00699, 6.99999, 15.99302],
			"faces": {
				"north": {"uv": [10, 3, 11, 4], "texture": "#0"},
				"east": {"uv": [12, 3, 13.5, 4], "texture": "#0"},
				"south": {"uv": [13.5, 3, 14.5, 4], "texture": "#0"},
				"west": {"uv": [8.5, 3, 10, 4], "texture": "#0"},
				"up": {"uv": [11, 3, 12, 4.5], "texture": "#0"},
				"down": {"uv": [7.5, 3.5, 8.5, 5], "texture": "#0"}
			}
		},
		{
			"name": "ear",
			"from": [6.71751, 5.3033, 4.25],
			"to": [8.71751, 7.3033, 5.25],
			"rotation": {"angle": -45, "axis": "z", "origin": [8, 8, 8]},
			"faces": {
				"north": {"uv": [6, 3, 7, 4], "texture": "#0"},
				"east": {"uv": [7, 3, 7.5, 4], "texture": "#0"},
				"south": {"uv": [6, 4, 7, 5], "texture": "#0"},
				"west": {"uv": [7, 3, 7.5, 4], "texture": "#0"},
				"up": {"uv": [7.5, 3, 8.5, 3.5], "texture": "#0"},
				"down": {"uv": [7.5, 3, 8.5, 3.5], "texture": "#0"}
			}
		},
		{
			"name": "ear",
			"from": [8.66545, 7.24444, 4.2548],
			"to": [10.66545, 9.24444, 5.2548],
			"rotation": {"angle": -45, "axis": "z", "origin": [8, 8, 8]},
			"faces": {
				"north": {"uv": [6, 3, 7, 4], "texture": "#0"},
				"east": {"uv": [7, 3, 7.5, 4], "texture": "#0"},
				"south": {"uv": [6, 4, 7, 5], "texture": "#0"},
				"west": {"uv": [7, 3, 7.5, 4], "texture": "#0"},
				"up": {"uv": [7.5, 3, 8.5, 3.5], "texture": "#0"},
				"down": {"uv": [7.5, 3, 8.5, 3.5], "texture": "#0"}
			}
		}
	],
	"display": {
		"head": {
			"translation": [0, -45, -1.25],
			"scale": [1.5, 1.5, 1.5]
		}
	}
}