{
	"credit": "Made with Blockbench",
	"texture_size": [32, 32],
	"textures": {
		"0": "entity/capoo_bugcat/assets",
		"particle": "entity/capoo_bugcat/assets"
	},
	"elements": [
		{
			"name": "body",
			"from": [5, 0, 4],
			"to": [11, 6, 13],
			"faces": {
				"north": {"uv": [0, 0, 3, 3], "texture": "#0"},
				"east": {"uv": [7.5, 0, 12, 3], "texture": "#0"},
				"south": {"uv": [12, 0, 15, 3], "texture": "#0"},
				"west": {"uv": [3, 0, 7.5, 3], "texture": "#0"},
				"up": {"uv": [3, 3, 6, 7.5], "texture": "#0"},
				"down": {"uv": [0, 3, 3, 7.5], "texture": "#0"}
			}
		},
		{
			"name": "leg",
			"from": [4.01049, 0.01045, 10.99998],
			"to": [5.01049, 1.01045, 11.99998],
			"faces": {
				"north": {"uv": [0, 7.5, 0.5, 8], "rotation": 270, "texture": "#0"},
				"east": {"uv": [0.5, 7.5, 1, 8], "rotation": 90, "texture": "#0"},
				"south": {"uv": [0, 7.5, 0.5, 8], "rotation": 90, "texture": "#0"},
				"west": {"uv": [0, 8, 0.5, 8.5], "rotation": 90, "texture": "#0"},
				"up": {"uv": [0, 7.5, 0.5, 8], "rotation": 90, "texture": "#0"},
				"down": {"uv": [0, 7.5, 0.5, 8], "rotation": 90, "texture": "#0"}
			}
		},
		{
			"name": "leg",
			"from": [4.01049, 0.01045, 7.99998],
			"to": [5.01049, 1.01045, 8.99998],
			"faces": {
				"north": {"uv": [0, 7.5, 0.5, 8], "rotation": 270, "texture": "#0"},
				"east": {"uv": [0.5, 7.5, 1, 8], "rotation": 90, "texture": "#0"},
				"south": {"uv": [0, 7.5, 0.5, 8], "rotation": 90, "texture": "#0"},
				"west": {"uv": [0, 8, 0.5, 8.5], "rotation": 90, "texture": "#0"},
				"up": {"uv": [0, 7.5, 0.5, 8], "rotation": 90, "texture": "#0"},
				"down": {"uv": [0, 7.5, 0.5, 8], "rotation": 90, "texture": "#0"}
			}
		},
		{
			"name": "leg",
			"from": [4.01049, 0.01045, 4.99998],
			"to": [5.01049, 1.01045, 5.99998],
			"faces": {
				"north": {"uv": [0, 7.5, 0.5, 8], "rotation": 270, "texture": "#0"},
				"east": {"uv": [0.5, 7.5, 1, 8], "rotation": 90, "texture": "#0"},
				"south": {"uv": [0, 7.5, 0.5, 8], "rotation": 90, "texture": "#0"},
				"west": {"uv": [0, 8, 0.5, 8.5], "rotation": 90, "texture": "#0"},
				"up": {"uv": [0, 7.5, 0.5, 8], "rotation": 90, "texture": "#0"},
				"down": {"uv": [0, 7.5, 0.5, 8], "rotation": 90, "texture": "#0"}
			}
		},
		{
			"name": "leg",
			"from": [10.98951, -0.01045, 4.99998],
			"to": [11.98951, 0.98955, 5.99998],
			"faces": {
				"north": {"uv": [0, 7.5, 0.5, 8], "rotation": 90, "texture": "#0"},
				"east": {"uv": [0, 8, 0.5, 8.5], "rotation": 270, "texture": "#0"},
				"south": {"uv": [0, 7.5, 0.5, 8], "rotation": 270, "texture": "#0"},
				"west": {"uv": [0.5, 7.5, 1, 8], "rotation": 270, "texture": "#0"},
				"up": {"uv": [0, 7.5, 0.5, 8], "rotation": 270, "texture": "#0"},
				"down": {"uv": [0, 7.5, 0.5, 8], "rotation": 270, "texture": "#0"}
			}
		},
		{
			"name": "leg",
			"from": [10.98951, -0.01045, 7.99998],
			"to": [11.98951, 0.98955, 8.99998],
			"faces": {
				"north": {"uv": [0, 7.5, 0.5, 8], "rotation": 90, "texture": "#0"},
				"east": {"uv": [0, 8, 0.5, 8.5], "rotation": 270, "texture": "#0"},
				"south": {"uv": [0, 7.5, 0.5, 8], "rotation": 270, "texture": "#0"},
				"west": {"uv": [0.5, 7.5, 1, 8], "rotation": 270, "texture": "#0"},
				"up": {"uv": [0, 7.5, 0.5, 8], "rotation": 270, "texture": "#0"},
				"down": {"uv": [0, 7.5, 0.5, 8], "rotation": 270, "texture": "#0"}
			}
		},
		{
			"name": "leg",
			"from": [10.98951, -0.01045, 10.99998],
			"to": [11.98951, 0.98955, 11.99998],
			"faces": {
				"north": {"uv": [0, 7.5, 0.5, 8], "rotation": 90, "texture": "#0"},
				"east": {"uv": [0, 8, 0.5, 8.5], "rotation": 270, "texture": "#0"},
				"south": {"uv": [0, 7.5, 0.5, 8], "rotation": 270, "texture": "#0"},
				"west": {"uv": [0.5, 7.5, 1, 8], "rotation": 270, "texture": "#0"},
				"up": {"uv": [0, 7.5, 0.5, 8], "rotation": 270, "texture": "#0"},
				"down": {"uv": [0, 7.5, 0.5, 8], "rotation": 270, "texture": "#0"}
			}
		},
		{
			"name": "tail",
			"from": [7.00699, 3.99999, 12.99302],
			"to": [9.00699, 5.99999, 15.99302],
			"faces": {
				"north": {"uv": [10, 3, 11, 4], "texture": "#0"},
				"east": {"uv": [12, 3, 13.5, 4], "texture": "#0"},
				"south": {"uv": [13.5, 3, 14.5, 4], "texture": "#0"},
				"west": {"uv": [8.5, 3, 10, 4], "texture": "#0"},
				"up": {"uv": [11, 3, 12, 4.5], "texture": "#0"},
				"down": {"uv": [7.5, 3.5, 8.5, 5], "texture": "#0"}
			}
		},
		{
			"name": "ear",
			"from": [7.42462, 4.59619, 4.25],
			"to": [9.42462, 6.59619, 5.25],
			"rotation": {"angle": -45, "axis": "z", "origin": [8, 8, 8]},
			"faces": {
				"north": {"uv": [6, 3, 7, 4], "texture": "#0"},
				"east": {"uv": [7, 3, 7.5, 4], "texture": "#0"},
				"south": {"uv": [6, 4, 7, 5], "texture": "#0"},
				"west": {"uv": [7, 3, 7.5, 4], "texture": "#0"},
				"up": {"uv": [7.5, 3, 8.5, 3.5], "texture": "#0"},
				"down": {"uv": [7.5, 3, 8.5, 3.5], "texture": "#0"}
			}
		},
		{
			"name": "ear",
			"from": [9.37256, 6.53733, 4.2548],
			"to": [11.37256, 8.53733, 5.2548],
			"rotation": {"angle": -45, "axis": "z", "origin": [8, 8, 8]},
			"faces": {
				"north": {"uv": [6, 3, 7, 4], "texture": "#0"},
				"east": {"uv": [7, 3, 7.5, 4], "texture": "#0"},
				"south": {"uv": [6, 4, 7, 5], "texture": "#0"},
				"west": {"uv": [7, 3, 7.5, 4], "texture": "#0"},
				"up": {"uv": [7.5, 3, 8.5, 3.5], "texture": "#0"},
				"down": {"uv": [7.5, 3, 8.5, 3.5], "texture": "#0"}
			}
		}
	],
	"display": {
		"head": {
			"translation": [0, -45, -1.25],
			"scale": [1.5, 1.5, 1.5]
		}
	}
}