{
	"credit": "Made with Blockbench",
	"texture_size": [32, 32],
	"textures": {
		"0": "entity/capoo_bugcat/assets",
		"1": "entity/capoo_bugcat/walking",
		"particle": "entity/capoo_bugcat/assets"
	},
	"elements": [
		{
			"name": "body",
			"from": [5, 1, 4],
			"to": [11, 7, 13],
			"faces": {
				"north": {"uv": [0, 0, 3, 3], "texture": "#0"},
				"east": {"uv": [7.5, 0, 12, 3], "texture": "#0"},
				"south": {"uv": [12, 0, 15, 3], "texture": "#0"},
				"west": {"uv": [3, 0, 7.5, 3], "texture": "#0"},
				"up": {"uv": [3, 3, 6, 7.5], "texture": "#0"},
				"down": {"uv": [0, 3, 3, 7.5], "texture": "#0"}
			}
		},
		{
			"name": "leg",
			"from": [5.99974, 0.38549, 4.92401],
			"to": [6.99974, 1.38549, 5.92401],
			"rotation": {"angle": -22.5, "axis": "x", "origin": [5.99099, 1.3855, 5.93274]},
			"faces": {
				"north": {"uv": [0, 0, 2, 2], "texture": "#1"},
				"east": {"uv": [0, 0, 2, 2], "texture": "#1"},
				"south": {"uv": [0, 0, 2, 2], "texture": "#1"},
				"west": {"uv": [0, 0, 2, 2], "texture": "#1"},
				"up": {"uv": [2, 0, 4, 2], "texture": "#1"},
				"down": {"uv": [4, 0, 6, 2], "texture": "#1"}
			}
		},
		{
			"name": "leg",
			"from": [8.99973, 0.37864, 4.92684],
			"to": [9.99973, 1.37864, 5.92684],
			"rotation": {"angle": -22.5, "axis": "x", "origin": [5.99099, 1.3855, 5.93274]},
			"faces": {
				"north": {"uv": [0, 2, 2, 4], "texture": "#1"},
				"east": {"uv": [0, 2, 2, 4], "texture": "#1"},
				"south": {"uv": [0, 2, 2, 4], "texture": "#1"},
				"west": {"uv": [0, 2, 2, 4], "texture": "#1"},
				"up": {"uv": [2, 2, 4, 4], "texture": "#1"},
				"down": {"uv": [4, 2, 6, 4], "texture": "#1"}
			}
		},
		{
			"name": "leg",
			"from": [5.99451, -0.75772, 7.69765],
			"to": [6.99451, 0.24228, 8.69765],
			"rotation": {"angle": -22.5, "axis": "x", "origin": [5.99099, 1.3855, 5.93274]},
			"faces": {
				"north": {"uv": [0, 2, 2, 4], "texture": "#1"},
				"east": {"uv": [0, 2, 2, 4], "texture": "#1"},
				"south": {"uv": [0, 2, 2, 4], "texture": "#1"},
				"west": {"uv": [0, 2, 2, 4], "texture": "#1"},
				"up": {"uv": [2, 2, 4, 4], "texture": "#1"},
				"down": {"uv": [4, 2, 6, 4], "texture": "#1"}
			}
		},
		{
			"name": "leg",
			"from": [8.98927, -1.90776, 10.47412],
			"to": [9.98927, -0.90776, 11.47412],
			"rotation": {"angle": -22.5, "axis": "x", "origin": [5.99099, 1.3855, 5.93274]},
			"faces": {
				"north": {"uv": [0, 2, 2, 4], "texture": "#1"},
				"east": {"uv": [0, 2, 2, 4], "texture": "#1"},
				"south": {"uv": [0, 2, 2, 4], "texture": "#1"},
				"west": {"uv": [0, 2, 2, 4], "texture": "#1"},
				"up": {"uv": [2, 2, 4, 4], "texture": "#1"},
				"down": {"uv": [4, 2, 6, 4], "texture": "#1"}
			}
		},
		{
			"name": "leg",
			"from": [8.9945, -0.76456, 7.70048],
			"to": [9.9945, 0.23544, 8.70048],
			"rotation": {"angle": -22.5, "axis": "x", "origin": [5.99099, 1.3855, 5.93274]},
			"faces": {
				"north": {"uv": [0, 0, 2, 2], "texture": "#1"},
				"east": {"uv": [0, 0, 2, 2], "texture": "#1"},
				"south": {"uv": [0, 0, 2, 2], "texture": "#1"},
				"west": {"uv": [0, 0, 2, 2], "texture": "#1"},
				"up": {"uv": [2, 0, 4, 2], "texture": "#1"},
				"down": {"uv": [4, 0, 6, 2], "texture": "#1"}
			}
		},
		{
			"name": "leg",
			"from": [5.98928, -1.90092, 10.47128],
			"to": [6.98928, -0.90092, 11.47128],
			"rotation": {"angle": -22.5, "axis": "x", "origin": [5.99099, 1.3855, 5.93274]},
			"faces": {
				"north": {"uv": [0, 0, 2, 2], "texture": "#1"},
				"east": {"uv": [0, 0, 2, 2], "texture": "#1"},
				"south": {"uv": [0, 0, 2, 2], "texture": "#1"},
				"west": {"uv": [0, 0, 2, 2], "texture": "#1"},
				"up": {"uv": [2, 0, 4, 2], "texture": "#1"},
				"down": {"uv": [4, 0, 6, 2], "texture": "#1"}
			}
		},
		{
			"name": "leg",
			"from": [6.00081, -0.00347, 4.99866],
			"to": [7.00081, 0.99653, 5.99866],
			"rotation": {"angle": 22.5, "axis": "x", "origin": [5.99206, 0.99654, 6.00739]},
			"faces": {
				"north": {"uv": [0, 2, 2, 4], "texture": "#1"},
				"east": {"uv": [0, 2, 2, 4], "texture": "#1"},
				"south": {"uv": [0, 2, 2, 4], "texture": "#1"},
				"west": {"uv": [0, 2, 2, 4], "texture": "#1"},
				"up": {"uv": [2, 2, 4, 4], "texture": "#1"},
				"down": {"uv": [4, 2, 6, 4], "texture": "#1"}
			}
		},
		{
			"name": "leg",
			"from": [9.0008, -0.00631, 5.0055],
			"to": [10.0008, 0.99369, 6.0055],
			"rotation": {"angle": 22.5, "axis": "x", "origin": [5.99206, 0.99654, 6.00739]},
			"faces": {
				"north": {"uv": [0, 0, 2, 2], "texture": "#1"},
				"east": {"uv": [0, 0, 2, 2], "texture": "#1"},
				"south": {"uv": [0, 0, 2, 2], "texture": "#1"},
				"west": {"uv": [0, 0, 2, 2], "texture": "#1"},
				"up": {"uv": [2, 0, 4, 2], "texture": "#1"},
				"down": {"uv": [4, 0, 6, 2], "texture": "#1"}
			}
		},
		{
			"name": "leg",
			"from": [5.99558, 1.14942, 7.76828],
			"to": [6.99558, 2.14942, 8.76828],
			"rotation": {"angle": 22.5, "axis": "x", "origin": [5.99206, 0.99654, 6.00739]},
			"faces": {
				"north": {"uv": [0, 0, 2, 2], "texture": "#1"},
				"east": {"uv": [0, 0, 2, 2], "texture": "#1"},
				"south": {"uv": [0, 0, 2, 2], "texture": "#1"},
				"west": {"uv": [0, 0, 2, 2], "texture": "#1"},
				"up": {"uv": [2, 0, 4, 2], "texture": "#1"},
				"down": {"uv": [4, 0, 6, 2], "texture": "#1"}
			}
		},
		{
			"name": "leg",
			"from": [8.99035, 2.29948, 10.54475],
			"to": [9.99035, 3.29948, 11.54475],
			"rotation": {"angle": 22.5, "axis": "x", "origin": [5.99206, 0.99654, 6.00739]},
			"faces": {
				"north": {"uv": [0, 0, 2, 2], "texture": "#1"},
				"east": {"uv": [0, 0, 2, 2], "texture": "#1"},
				"south": {"uv": [0, 0, 2, 2], "texture": "#1"},
				"west": {"uv": [0, 0, 2, 2], "texture": "#1"},
				"up": {"uv": [2, 0, 4, 2], "texture": "#1"},
				"down": {"uv": [4, 0, 6, 2], "texture": "#1"}
			}
		},
		{
			"name": "leg",
			"from": [8.99557, 1.14659, 7.77512],
			"to": [9.99557, 2.14659, 8.77512],
			"rotation": {"angle": 22.5, "axis": "x", "origin": [5.99206, 0.99654, 6.00739]},
			"faces": {
				"north": {"uv": [0, 2, 2, 4], "texture": "#1"},
				"east": {"uv": [0, 2, 2, 4], "texture": "#1"},
				"south": {"uv": [0, 2, 2, 4], "texture": "#1"},
				"west": {"uv": [0, 2, 2, 4], "texture": "#1"},
				"up": {"uv": [2, 2, 4, 4], "texture": "#1"},
				"down": {"uv": [4, 2, 6, 4], "texture": "#1"}
			}
		},
		{
			"name": "leg",
			"from": [5.99036, 2.30231, 10.53791],
			"to": [6.99036, 3.30231, 11.53791],
			"rotation": {"angle": 22.5, "axis": "x", "origin": [5.99206, 0.99654, 6.00739]},
			"faces": {
				"north": {"uv": [0, 2, 2, 4], "texture": "#1"},
				"east": {"uv": [0, 2, 2, 4], "texture": "#1"},
				"south": {"uv": [0, 2, 2, 4], "texture": "#1"},
				"west": {"uv": [0, 2, 2, 4], "texture": "#1"},
				"up": {"uv": [2, 2, 4, 4], "texture": "#1"},
				"down": {"uv": [4, 2, 6, 4], "texture": "#1"}
			}
		},
		{
			"name": "tail",
			"from": [7.00699, 4.99999, 12.99302],
			"to": [9.00699, 6.99999, 15.99302],
			"faces": {
				"north": {"uv": [10, 3, 11, 4], "texture": "#0"},
				"east": {"uv": [12, 3, 13.5, 4], "texture": "#0"},
				"south": {"uv": [13.5, 3, 14.5, 4], "texture": "#0"},
				"west": {"uv": [8.5, 3, 10, 4], "texture": "#0"},
				"up": {"uv": [11, 3, 12, 4.5], "texture": "#0"},
				"down": {"uv": [7.5, 3.5, 8.5, 5], "texture": "#0"}
			}
		},
		{
			"name": "ear",
			"from": [6.71751, 5.3033, 4.25],
			"to": [8.71751, 7.3033, 5.25],
			"rotation": {"angle": -45, "axis": "z", "origin": [8, 8, 8]},
			"faces": {
				"north": {"uv": [6, 3, 7, 4], "texture": "#0"},
				"east": {"uv": [7, 3, 7.5, 4], "texture": "#0"},
				"south": {"uv": [6, 4, 7, 5], "texture": "#0"},
				"west": {"uv": [7, 3, 7.5, 4], "texture": "#0"},
				"up": {"uv": [7.5, 3, 8.5, 3.5], "texture": "#0"},
				"down": {"uv": [7.5, 3, 8.5, 3.5], "texture": "#0"}
			}
		},
		{
			"name": "ear",
			"from": [8.66545, 7.24444, 4.2548],
			"to": [10.66545, 9.24444, 5.2548],
			"rotation": {"angle": -45, "axis": "z", "origin": [8, 8, 8]},
			"faces": {
				"north": {"uv": [6, 3, 7, 4], "texture": "#0"},
				"east": {"uv": [7, 3, 7.5, 4], "texture": "#0"},
				"south": {"uv": [6, 4, 7, 5], "texture": "#0"},
				"west": {"uv": [7, 3, 7.5, 4], "texture": "#0"},
				"up": {"uv": [7.5, 3, 8.5, 3.5], "texture": "#0"},
				"down": {"uv": [7.5, 3, 8.5, 3.5], "texture": "#0"}
			}
		}
	],
	"display": {
		"head": {
			"translation": [0, -45, -1.25],
			"scale": [1.5, 1.5, 1.5]
		}
	}
}