{
	"credit": "Made with Blockbench",
	"textures": {
		"0": "item/demori/hexagon",
		"particle": "item/demori/hexagon"
	},
	"elements": [
		{
			"from": [5.75, 0, 8],
			"to": [6.25, 0.25, 8.25],
			"rotation": {"angle": 0, "axis": "y", "origin": [14, 8, 16]},
			"faces": {
				"north": {"uv": [7, 15, 9, 16], "texture": "#0"},
				"east": {"uv": [7, 15, 8, 16], "texture": "#0"},
				"south": {"uv": [9, 15, 7, 16], "texture": "#0"},
				"west": {"uv": [9, 15, 8, 16], "texture": "#0"},
				"up": {"uv": [9, 15, 7, 16], "texture": "#0"},
				"down": {"uv": [9, 16, 7, 15], "texture": "#0"}
			}
		},
		{
			"from": [5.25, 0.25, 8],
			"to": [6.75, 0.5, 8.25],
			"rotation": {"angle": 0, "axis": "y", "origin": [14, 8.25, 16]},
			"faces": {
				"north": {"uv": [5, 14, 11, 15], "texture": "#0"},
				"east": {"uv": [5, 14, 6, 15], "texture": "#0"},
				"south": {"uv": [11, 14, 5, 15], "texture": "#0"},
				"west": {"uv": [11, 14, 10, 15], "texture": "#0"},
				"up": {"uv": [11, 14, 5, 15], "texture": "#0"},
				"down": {"uv": [11, 15, 5, 14], "texture": "#0"}
			}
		},
		{
			"from": [5, 0.5, 8],
			"to": [7, 0.75, 8.25],
			"rotation": {"angle": 0, "axis": "y", "origin": [14, 8.5, 16]},
			"faces": {
				"north": {"uv": [4, 13, 12, 14], "texture": "#0"},
				"east": {"uv": [4, 13, 5, 14], "texture": "#0"},
				"south": {"uv": [12, 13, 4, 14], "texture": "#0"},
				"west": {"uv": [12, 13, 11, 14], "texture": "#0"},
				"up": {"uv": [12, 13, 4, 14], "texture": "#0"},
				"down": {"uv": [12, 14, 4, 13], "texture": "#0"}
			}
		},
		{
			"from": [4.5, 0.75, 8],
			"to": [7.5, 1, 8.25],
			"rotation": {"angle": 0, "axis": "y", "origin": [14, 8.75, 16]},
			"faces": {
				"north": {"uv": [2, 12, 14, 13], "texture": "#0"},
				"east": {"uv": [2, 12, 3, 13], "texture": "#0"},
				"south": {"uv": [14, 12, 2, 13], "texture": "#0"},
				"west": {"uv": [14, 12, 13, 13], "texture": "#0"},
				"up": {"uv": [14, 12, 2, 13], "texture": "#0"},
				"down": {"uv": [14, 13, 2, 12], "texture": "#0"}
			}
		},
		{
			"from": [4.25, 1, 8],
			"to": [7.75, 3, 8.25],
			"rotation": {"angle": 0, "axis": "y", "origin": [14, 9, 16]},
			"faces": {
				"north": {"uv": [1, 4, 15, 12], "texture": "#0"},
				"east": {"uv": [1, 4, 2, 12], "texture": "#0"},
				"south": {"uv": [15, 4, 1, 12], "texture": "#0"},
				"west": {"uv": [15, 4, 14, 12], "texture": "#0"},
				"up": {"uv": [15, 4, 1, 5], "texture": "#0"},
				"down": {"uv": [15, 12, 1, 11], "texture": "#0"}
			}
		},
		{
			"from": [4.5, 3, 8],
			"to": [7.5, 3.25, 8.25],
			"rotation": {"angle": 0, "axis": "y", "origin": [14, 11, 16]},
			"faces": {
				"north": {"uv": [2, 3, 14, 4], "texture": "#0"},
				"east": {"uv": [2, 3, 3, 4], "texture": "#0"},
				"south": {"uv": [14, 3, 2, 4], "texture": "#0"},
				"west": {"uv": [14, 3, 13, 4], "texture": "#0"},
				"up": {"uv": [14, 3, 2, 4], "texture": "#0"},
				"down": {"uv": [14, 4, 2, 3], "texture": "#0"}
			}
		},
		{
			"from": [5, 3.25, 8],
			"to": [7, 3.5, 8.25],
			"rotation": {"angle": 0, "axis": "y", "origin": [14, 11.25, 16]},
			"faces": {
				"north": {"uv": [4, 2, 12, 3], "texture": "#0"},
				"east": {"uv": [4, 2, 5, 3], "texture": "#0"},
				"south": {"uv": [12, 2, 4, 3], "texture": "#0"},
				"west": {"uv": [12, 2, 11, 3], "texture": "#0"},
				"up": {"uv": [12, 2, 4, 3], "texture": "#0"},
				"down": {"uv": [12, 3, 4, 2], "texture": "#0"}
			}
		},
		{
			"from": [5.25, 3.5, 8],
			"to": [6.75, 3.75, 8.25],
			"rotation": {"angle": 0, "axis": "y", "origin": [14, 11.5, 16]},
			"faces": {
				"north": {"uv": [5, 1, 11, 2], "texture": "#0"},
				"east": {"uv": [5, 1, 6, 2], "texture": "#0"},
				"south": {"uv": [11, 1, 5, 2], "texture": "#0"},
				"west": {"uv": [11, 1, 10, 2], "texture": "#0"},
				"up": {"uv": [11, 1, 5, 2], "texture": "#0"},
				"down": {"uv": [11, 2, 5, 1], "texture": "#0"}
			}
		},
		{
			"from": [5.75, 3.75, 8],
			"to": [6.25, 4, 8.25],
			"rotation": {"angle": 0, "axis": "y", "origin": [14, 11.75, 16]},
			"faces": {
				"north": {"uv": [7, 0, 9, 1], "texture": "#0"},
				"east": {"uv": [7, 0, 8, 1], "texture": "#0"},
				"south": {"uv": [9, 0, 7, 1], "texture": "#0"},
				"west": {"uv": [9, 0, 8, 1], "texture": "#0"},
				"up": {"uv": [9, 0, 7, 1], "texture": "#0"},
				"down": {"uv": [9, 1, 7, 0], "texture": "#0"}
			}
		},
		{
			"from": [9.75, 0, 8],
			"to": [10.25, 0.25, 8.25],
			"rotation": {"angle": 0, "axis": "y", "origin": [18, 8, 16]},
			"faces": {
				"north": {"uv": [7, 15, 9, 16], "texture": "#0"},
				"east": {"uv": [7, 15, 8, 16], "texture": "#0"},
				"south": {"uv": [9, 15, 7, 16], "texture": "#0"},
				"west": {"uv": [9, 15, 8, 16], "texture": "#0"},
				"up": {"uv": [9, 15, 7, 16], "texture": "#0"},
				"down": {"uv": [9, 16, 7, 15], "texture": "#0"}
			}
		},
		{
			"from": [9.25, 0.25, 8],
			"to": [10.75, 0.5, 8.25],
			"rotation": {"angle": 0, "axis": "y", "origin": [18, 8.25, 16]},
			"faces": {
				"north": {"uv": [5, 14, 11, 15], "texture": "#0"},
				"east": {"uv": [5, 14, 6, 15], "texture": "#0"},
				"south": {"uv": [11, 14, 5, 15], "texture": "#0"},
				"west": {"uv": [11, 14, 10, 15], "texture": "#0"},
				"up": {"uv": [11, 14, 5, 15], "texture": "#0"},
				"down": {"uv": [11, 15, 5, 14], "texture": "#0"}
			}
		},
		{
			"from": [9, 0.5, 8],
			"to": [11, 0.75, 8.25],
			"rotation": {"angle": 0, "axis": "y", "origin": [18, 8.5, 16]},
			"faces": {
				"north": {"uv": [4, 13, 12, 14], "texture": "#0"},
				"east": {"uv": [4, 13, 5, 14], "texture": "#0"},
				"south": {"uv": [12, 13, 4, 14], "texture": "#0"},
				"west": {"uv": [12, 13, 11, 14], "texture": "#0"},
				"up": {"uv": [12, 13, 4, 14], "texture": "#0"},
				"down": {"uv": [12, 14, 4, 13], "texture": "#0"}
			}
		},
		{
			"from": [8.5, 0.75, 8],
			"to": [11.5, 1, 8.25],
			"rotation": {"angle": 0, "axis": "y", "origin": [18, 8.75, 16]},
			"faces": {
				"north": {"uv": [2, 12, 14, 13], "texture": "#0"},
				"east": {"uv": [2, 12, 3, 13], "texture": "#0"},
				"south": {"uv": [14, 12, 2, 13], "texture": "#0"},
				"west": {"uv": [14, 12, 13, 13], "texture": "#0"},
				"up": {"uv": [14, 12, 2, 13], "texture": "#0"},
				"down": {"uv": [14, 13, 2, 12], "texture": "#0"}
			}
		},
		{
			"from": [8.25, 1, 8],
			"to": [11.75, 3, 8.25],
			"rotation": {"angle": 0, "axis": "y", "origin": [18, 9, 16]},
			"faces": {
				"north": {"uv": [1, 4, 15, 12], "texture": "#0"},
				"east": {"uv": [1, 4, 2, 12], "texture": "#0"},
				"south": {"uv": [15, 4, 1, 12], "texture": "#0"},
				"west": {"uv": [15, 4, 14, 12], "texture": "#0"},
				"up": {"uv": [15, 4, 1, 5], "texture": "#0"},
				"down": {"uv": [15, 12, 1, 11], "texture": "#0"}
			}
		},
		{
			"from": [8.5, 3, 8],
			"to": [11.5, 3.25, 8.25],
			"rotation": {"angle": 0, "axis": "y", "origin": [18, 11, 16]},
			"faces": {
				"north": {"uv": [2, 3, 14, 4], "texture": "#0"},
				"east": {"uv": [2, 3, 3, 4], "texture": "#0"},
				"south": {"uv": [14, 3, 2, 4], "texture": "#0"},
				"west": {"uv": [14, 3, 13, 4], "texture": "#0"},
				"up": {"uv": [14, 3, 2, 4], "texture": "#0"},
				"down": {"uv": [14, 4, 2, 3], "texture": "#0"}
			}
		},
		{
			"from": [9, 3.25, 8],
			"to": [11, 3.5, 8.25],
			"rotation": {"angle": 0, "axis": "y", "origin": [18, 11.25, 16]},
			"faces": {
				"north": {"uv": [4, 2, 12, 3], "texture": "#0"},
				"east": {"uv": [4, 2, 5, 3], "texture": "#0"},
				"south": {"uv": [12, 2, 4, 3], "texture": "#0"},
				"west": {"uv": [12, 2, 11, 3], "texture": "#0"},
				"up": {"uv": [12, 2, 4, 3], "texture": "#0"},
				"down": {"uv": [12, 3, 4, 2], "texture": "#0"}
			}
		},
		{
			"from": [9.25, 3.5, 8],
			"to": [10.75, 3.75, 8.25],
			"rotation": {"angle": 0, "axis": "y", "origin": [18, 11.5, 16]},
			"faces": {
				"north": {"uv": [5, 1, 11, 2], "texture": "#0"},
				"east": {"uv": [5, 1, 6, 2], "texture": "#0"},
				"south": {"uv": [11, 1, 5, 2], "texture": "#0"},
				"west": {"uv": [11, 1, 10, 2], "texture": "#0"},
				"up": {"uv": [11, 1, 5, 2], "texture": "#0"},
				"down": {"uv": [11, 2, 5, 1], "texture": "#0"}
			}
		},
		{
			"from": [9.75, 3.75, 8],
			"to": [10.25, 4, 8.25],
			"rotation": {"angle": 0, "axis": "y", "origin": [18, 11.75, 16]},
			"faces": {
				"north": {"uv": [7, 0, 9, 1], "texture": "#0"},
				"east": {"uv": [7, 0, 8, 1], "texture": "#0"},
				"south": {"uv": [9, 0, 7, 1], "texture": "#0"},
				"west": {"uv": [9, 0, 8, 1], "texture": "#0"},
				"up": {"uv": [9, 0, 7, 1], "texture": "#0"},
				"down": {"uv": [9, 1, 7, 0], "texture": "#0"}
			}
		},
		{
			"from": [13.75, 0, 8],
			"to": [14.25, 0.25, 8.25],
			"rotation": {"angle": 0, "axis": "y", "origin": [22, 8, 16]},
			"faces": {
				"north": {"uv": [7, 15, 9, 16], "texture": "#0"},
				"east": {"uv": [7, 15, 8, 16], "texture": "#0"},
				"south": {"uv": [9, 15, 7, 16], "texture": "#0"},
				"west": {"uv": [9, 15, 8, 16], "texture": "#0"},
				"up": {"uv": [9, 15, 7, 16], "texture": "#0"},
				"down": {"uv": [9, 16, 7, 15], "texture": "#0"}
			}
		},
		{
			"from": [13.25, 0.25, 8],
			"to": [14.75, 0.5, 8.25],
			"rotation": {"angle": 0, "axis": "y", "origin": [22, 8.25, 16]},
			"faces": {
				"north": {"uv": [5, 14, 11, 15], "texture": "#0"},
				"east": {"uv": [5, 14, 6, 15], "texture": "#0"},
				"south": {"uv": [11, 14, 5, 15], "texture": "#0"},
				"west": {"uv": [11, 14, 10, 15], "texture": "#0"},
				"up": {"uv": [11, 14, 5, 15], "texture": "#0"},
				"down": {"uv": [11, 15, 5, 14], "texture": "#0"}
			}
		},
		{
			"from": [13, 0.5, 8],
			"to": [15, 0.75, 8.25],
			"rotation": {"angle": 0, "axis": "y", "origin": [22, 8.5, 16]},
			"faces": {
				"north": {"uv": [4, 13, 12, 14], "texture": "#0"},
				"east": {"uv": [4, 13, 5, 14], "texture": "#0"},
				"south": {"uv": [12, 13, 4, 14], "texture": "#0"},
				"west": {"uv": [12, 13, 11, 14], "texture": "#0"},
				"up": {"uv": [12, 13, 4, 14], "texture": "#0"},
				"down": {"uv": [12, 14, 4, 13], "texture": "#0"}
			}
		},
		{
			"from": [12.5, 0.75, 8],
			"to": [15.5, 1, 8.25],
			"rotation": {"angle": 0, "axis": "y", "origin": [22, 8.75, 16]},
			"faces": {
				"north": {"uv": [2, 12, 14, 13], "texture": "#0"},
				"east": {"uv": [2, 12, 3, 13], "texture": "#0"},
				"south": {"uv": [14, 12, 2, 13], "texture": "#0"},
				"west": {"uv": [14, 12, 13, 13], "texture": "#0"},
				"up": {"uv": [14, 12, 2, 13], "texture": "#0"},
				"down": {"uv": [14, 13, 2, 12], "texture": "#0"}
			}
		},
		{
			"from": [12.25, 1, 8],
			"to": [15.75, 3, 8.25],
			"rotation": {"angle": 0, "axis": "y", "origin": [22, 9, 16]},
			"faces": {
				"north": {"uv": [1, 4, 15, 12], "texture": "#0"},
				"east": {"uv": [1, 4, 2, 12], "texture": "#0"},
				"south": {"uv": [15, 4, 1, 12], "texture": "#0"},
				"west": {"uv": [15, 4, 14, 12], "texture": "#0"},
				"up": {"uv": [15, 4, 1, 5], "texture": "#0"},
				"down": {"uv": [15, 12, 1, 11], "texture": "#0"}
			}
		},
		{
			"from": [12.5, 3, 8],
			"to": [15.5, 3.25, 8.25],
			"rotation": {"angle": 0, "axis": "y", "origin": [22, 11, 16]},
			"faces": {
				"north": {"uv": [2, 3, 14, 4], "texture": "#0"},
				"east": {"uv": [2, 3, 3, 4], "texture": "#0"},
				"south": {"uv": [14, 3, 2, 4], "texture": "#0"},
				"west": {"uv": [14, 3, 13, 4], "texture": "#0"},
				"up": {"uv": [14, 3, 2, 4], "texture": "#0"},
				"down": {"uv": [14, 4, 2, 3], "texture": "#0"}
			}
		},
		{
			"from": [13, 3.25, 8],
			"to": [15, 3.5, 8.25],
			"rotation": {"angle": 0, "axis": "y", "origin": [22, 11.25, 16]},
			"faces": {
				"north": {"uv": [4, 2, 12, 3], "texture": "#0"},
				"east": {"uv": [4, 2, 5, 3], "texture": "#0"},
				"south": {"uv": [12, 2, 4, 3], "texture": "#0"},
				"west": {"uv": [12, 2, 11, 3], "texture": "#0"},
				"up": {"uv": [12, 2, 4, 3], "texture": "#0"},
				"down": {"uv": [12, 3, 4, 2], "texture": "#0"}
			}
		},
		{
			"from": [13.25, 3.5, 8],
			"to": [14.75, 3.75, 8.25],
			"rotation": {"angle": 0, "axis": "y", "origin": [22, 11.5, 16]},
			"faces": {
				"north": {"uv": [5, 1, 11, 2], "texture": "#0"},
				"east": {"uv": [5, 1, 6, 2], "texture": "#0"},
				"south": {"uv": [11, 1, 5, 2], "texture": "#0"},
				"west": {"uv": [11, 1, 10, 2], "texture": "#0"},
				"up": {"uv": [11, 1, 5, 2], "texture": "#0"},
				"down": {"uv": [11, 2, 5, 1], "texture": "#0"}
			}
		},
		{
			"from": [13.75, 3.75, 8],
			"to": [14.25, 4, 8.25],
			"rotation": {"angle": 0, "axis": "y", "origin": [22, 11.75, 16]},
			"faces": {
				"north": {"uv": [7, 0, 9, 1], "texture": "#0"},
				"east": {"uv": [7, 0, 8, 1], "texture": "#0"},
				"south": {"uv": [9, 0, 7, 1], "texture": "#0"},
				"west": {"uv": [9, 0, 8, 1], "texture": "#0"},
				"up": {"uv": [9, 0, 7, 1], "texture": "#0"},
				"down": {"uv": [9, 1, 7, 0], "texture": "#0"}
			}
		},
		{
			"from": [1.75, 3.75, 8],
			"to": [2.25, 4, 8.25],
			"rotation": {"angle": 0, "axis": "y", "origin": [10, 11.75, 16]},
			"faces": {
				"north": {"uv": [7, 0, 9, 1], "texture": "#0"},
				"east": {"uv": [7, 0, 8, 1], "texture": "#0"},
				"south": {"uv": [9, 0, 7, 1], "texture": "#0"},
				"west": {"uv": [9, 0, 8, 1], "texture": "#0"},
				"up": {"uv": [9, 0, 7, 1], "texture": "#0"},
				"down": {"uv": [9, 1, 7, 0], "texture": "#0"}
			}
		},
		{
			"from": [1.25, 3.5, 8],
			"to": [2.75, 3.75, 8.25],
			"rotation": {"angle": 0, "axis": "y", "origin": [10, 11.5, 16]},
			"faces": {
				"north": {"uv": [5, 1, 11, 2], "texture": "#0"},
				"east": {"uv": [5, 1, 6, 2], "texture": "#0"},
				"south": {"uv": [11, 1, 5, 2], "texture": "#0"},
				"west": {"uv": [11, 1, 10, 2], "texture": "#0"},
				"up": {"uv": [11, 1, 5, 2], "texture": "#0"},
				"down": {"uv": [11, 2, 5, 1], "texture": "#0"}
			}
		},
		{
			"from": [1, 3.25, 8],
			"to": [3, 3.5, 8.25],
			"rotation": {"angle": 0, "axis": "y", "origin": [10, 11.25, 16]},
			"faces": {
				"north": {"uv": [4, 2, 12, 3], "texture": "#0"},
				"east": {"uv": [4, 2, 5, 3], "texture": "#0"},
				"south": {"uv": [12, 2, 4, 3], "texture": "#0"},
				"west": {"uv": [12, 2, 11, 3], "texture": "#0"},
				"up": {"uv": [12, 2, 4, 3], "texture": "#0"},
				"down": {"uv": [12, 3, 4, 2], "texture": "#0"}
			}
		},
		{
			"from": [0.5, 3, 8],
			"to": [3.5, 3.25, 8.25],
			"rotation": {"angle": 0, "axis": "y", "origin": [10, 11, 16]},
			"faces": {
				"north": {"uv": [2, 3, 14, 4], "texture": "#0"},
				"east": {"uv": [2, 3, 3, 4], "texture": "#0"},
				"south": {"uv": [14, 3, 2, 4], "texture": "#0"},
				"west": {"uv": [14, 3, 13, 4], "texture": "#0"},
				"up": {"uv": [14, 3, 2, 4], "texture": "#0"},
				"down": {"uv": [14, 4, 2, 3], "texture": "#0"}
			}
		},
		{
			"from": [0.25, 1, 8],
			"to": [3.75, 3, 8.25],
			"rotation": {"angle": 0, "axis": "y", "origin": [10, 9, 16]},
			"faces": {
				"north": {"uv": [1, 4, 15, 12], "texture": "#0"},
				"east": {"uv": [1, 4, 2, 12], "texture": "#0"},
				"south": {"uv": [15, 4, 1, 12], "texture": "#0"},
				"west": {"uv": [15, 4, 14, 12], "texture": "#0"},
				"up": {"uv": [15, 4, 1, 5], "texture": "#0"},
				"down": {"uv": [15, 12, 1, 11], "texture": "#0"}
			}
		},
		{
			"from": [0.5, 0.75, 8],
			"to": [3.5, 1, 8.25],
			"rotation": {"angle": 0, "axis": "y", "origin": [10, 8.75, 16]},
			"faces": {
				"north": {"uv": [2, 12, 14, 13], "texture": "#0"},
				"east": {"uv": [2, 12, 3, 13], "texture": "#0"},
				"south": {"uv": [14, 12, 2, 13], "texture": "#0"},
				"west": {"uv": [14, 12, 13, 13], "texture": "#0"},
				"up": {"uv": [14, 12, 2, 13], "texture": "#0"},
				"down": {"uv": [14, 13, 2, 12], "texture": "#0"}
			}
		},
		{
			"from": [1, 0.5, 8],
			"to": [3, 0.75, 8.25],
			"rotation": {"angle": 0, "axis": "y", "origin": [10, 8.5, 16]},
			"faces": {
				"north": {"uv": [4, 13, 12, 14], "texture": "#0"},
				"east": {"uv": [4, 13, 5, 14], "texture": "#0"},
				"south": {"uv": [12, 13, 4, 14], "texture": "#0"},
				"west": {"uv": [12, 13, 11, 14], "texture": "#0"},
				"up": {"uv": [12, 13, 4, 14], "texture": "#0"},
				"down": {"uv": [12, 14, 4, 13], "texture": "#0"}
			}
		},
		{
			"from": [1.25, 0.25, 8],
			"to": [2.75, 0.5, 8.25],
			"rotation": {"angle": 0, "axis": "y", "origin": [10, 8.25, 16]},
			"faces": {
				"north": {"uv": [5, 14, 11, 15], "texture": "#0"},
				"east": {"uv": [5, 14, 6, 15], "texture": "#0"},
				"south": {"uv": [11, 14, 5, 15], "texture": "#0"},
				"west": {"uv": [11, 14, 10, 15], "texture": "#0"},
				"up": {"uv": [11, 14, 5, 15], "texture": "#0"},
				"down": {"uv": [11, 15, 5, 14], "texture": "#0"}
			}
		},
		{
			"from": [1.75, 0, 8],
			"to": [2.25, 0.25, 8.25],
			"rotation": {"angle": 0, "axis": "y", "origin": [10, 8, 16]},
			"faces": {
				"north": {"uv": [7, 15, 9, 16], "texture": "#0"},
				"east": {"uv": [7, 15, 8, 16], "texture": "#0"},
				"south": {"uv": [9, 15, 7, 16], "texture": "#0"},
				"west": {"uv": [9, 15, 8, 16], "texture": "#0"},
				"up": {"uv": [9, 15, 7, 16], "texture": "#0"},
				"down": {"uv": [9, 16, 7, 15], "texture": "#0"}
			}
		},
		{
			"from": [0, 7.25, 8],
			"to": [0.25, 7.5, 8.25],
			"rotation": {"angle": 0, "axis": "y", "origin": [8, 15.25, 16]},
			"faces": {
				"north": {"uv": [7, 0, 8, 1], "texture": "#0"},
				"east": {"uv": [7, 0, 8, 1], "texture": "#0"},
				"south": {"uv": [8, 0, 7, 1], "texture": "#0"},
				"west": {"uv": [8, 0, 7, 1], "texture": "#0"},
				"up": {"uv": [8, 0, 7, 1], "texture": "#0"},
				"down": {"uv": [8, 1, 7, 0], "texture": "#0"}
			}
		},
		{
			"from": [0, 7, 8],
			"to": [0.75, 7.25, 8.25],
			"rotation": {"angle": 0, "axis": "y", "origin": [8, 15, 16]},
			"faces": {
				"north": {"uv": [5, 1, 8, 2], "texture": "#0"},
				"east": {"uv": [5, 1, 6, 2], "texture": "#0"},
				"south": {"uv": [8, 1, 5, 2], "texture": "#0"},
				"west": {"uv": [8, 1, 7, 2], "texture": "#0"},
				"up": {"uv": [8, 1, 5, 2], "texture": "#0"},
				"down": {"uv": [8, 2, 5, 1], "texture": "#0"}
			}
		},
		{
			"from": [0, 6.75, 8],
			"to": [1, 7, 8.25],
			"rotation": {"angle": 0, "axis": "y", "origin": [8, 14.75, 16]},
			"faces": {
				"north": {"uv": [4, 2, 8, 3], "texture": "#0"},
				"east": {"uv": [4, 2, 5, 3], "texture": "#0"},
				"south": {"uv": [8, 2, 4, 3], "texture": "#0"},
				"west": {"uv": [8, 2, 7, 3], "texture": "#0"},
				"up": {"uv": [8, 2, 4, 3], "texture": "#0"},
				"down": {"uv": [8, 3, 4, 2], "texture": "#0"}
			}
		},
		{
			"from": [0, 6.5, 8],
			"to": [1.5, 6.75, 8.25],
			"rotation": {"angle": 0, "axis": "y", "origin": [8, 14.5, 16]},
			"faces": {
				"north": {"uv": [2, 3, 8, 4], "texture": "#0"},
				"east": {"uv": [2, 3, 3, 4], "texture": "#0"},
				"south": {"uv": [8, 3, 2, 4], "texture": "#0"},
				"west": {"uv": [8, 3, 7, 4], "texture": "#0"},
				"up": {"uv": [8, 3, 2, 4], "texture": "#0"},
				"down": {"uv": [8, 4, 2, 3], "texture": "#0"}
			}
		},
		{
			"from": [0, 4.5, 8],
			"to": [1.75, 6.5, 8.25],
			"rotation": {"angle": 0, "axis": "y", "origin": [8, 12.5, 16]},
			"faces": {
				"north": {"uv": [1, 4, 8, 12], "texture": "#0"},
				"east": {"uv": [1, 4, 2, 12], "texture": "#0"},
				"south": {"uv": [8, 4, 1, 12], "texture": "#0"},
				"west": {"uv": [8, 4, 7, 12], "texture": "#0"},
				"up": {"uv": [8, 4, 1, 5], "texture": "#0"},
				"down": {"uv": [8, 12, 1, 11], "texture": "#0"}
			}
		},
		{
			"from": [0, 4.25, 8],
			"to": [1.5, 4.5, 8.25],
			"rotation": {"angle": 0, "axis": "y", "origin": [8, 12.25, 16]},
			"faces": {
				"north": {"uv": [2, 12, 8, 13], "texture": "#0"},
				"east": {"uv": [2, 12, 3, 13], "texture": "#0"},
				"south": {"uv": [8, 12, 2, 13], "texture": "#0"},
				"west": {"uv": [8, 12, 7, 13], "texture": "#0"},
				"up": {"uv": [8, 12, 2, 13], "texture": "#0"},
				"down": {"uv": [8, 13, 2, 12], "texture": "#0"}
			}
		},
		{
			"from": [0, 4, 8],
			"to": [1, 4.25, 8.25],
			"rotation": {"angle": 0, "axis": "y", "origin": [8, 12, 16]},
			"faces": {
				"north": {"uv": [4, 13, 8, 14], "texture": "#0"},
				"east": {"uv": [4, 13, 5, 14], "texture": "#0"},
				"south": {"uv": [8, 13, 4, 14], "texture": "#0"},
				"west": {"uv": [8, 13, 7, 14], "texture": "#0"},
				"up": {"uv": [8, 13, 4, 14], "texture": "#0"},
				"down": {"uv": [8, 14, 4, 13], "texture": "#0"}
			}
		},
		{
			"from": [0, 3.75, 8],
			"to": [0.75, 4, 8.25],
			"rotation": {"angle": 0, "axis": "y", "origin": [8, 11.75, 16]},
			"faces": {
				"north": {"uv": [5, 14, 8, 15], "texture": "#0"},
				"east": {"uv": [5, 14, 6, 15], "texture": "#0"},
				"south": {"uv": [8, 14, 5, 15], "texture": "#0"},
				"west": {"uv": [8, 14, 7, 15], "texture": "#0"},
				"up": {"uv": [8, 14, 5, 15], "texture": "#0"},
				"down": {"uv": [8, 15, 5, 14], "texture": "#0"}
			}
		},
		{
			"from": [0, 3.5, 8],
			"to": [0.25, 3.75, 8.25],
			"rotation": {"angle": 0, "axis": "y", "origin": [8, 11.5, 16]},
			"faces": {
				"north": {"uv": [7, 15, 8, 16], "texture": "#0"},
				"east": {"uv": [7, 15, 8, 16], "texture": "#0"},
				"south": {"uv": [8, 15, 7, 16], "texture": "#0"},
				"west": {"uv": [8, 15, 7, 16], "texture": "#0"},
				"up": {"uv": [8, 15, 7, 16], "texture": "#0"},
				"down": {"uv": [8, 16, 7, 15], "texture": "#0"}
			}
		},
		{
			"from": [15.75, 7.25, 8],
			"to": [16, 7.5, 8.25],
			"rotation": {"angle": 0, "axis": "y", "origin": [23.75, 15.25, 16]},
			"faces": {
				"north": {"uv": [8, 0, 9, 1], "texture": "#0"},
				"east": {"uv": [8, 0, 9, 1], "texture": "#0"},
				"south": {"uv": [9, 0, 8, 1], "texture": "#0"},
				"west": {"uv": [9, 0, 8, 1], "texture": "#0"},
				"up": {"uv": [9, 0, 8, 1], "texture": "#0"},
				"down": {"uv": [9, 1, 8, 0], "texture": "#0"}
			}
		},
		{
			"from": [15.25, 7, 8],
			"to": [16, 7.25, 8.25],
			"rotation": {"angle": 0, "axis": "y", "origin": [23.25, 15, 16]},
			"faces": {
				"north": {"uv": [8, 1, 11, 2], "texture": "#0"},
				"east": {"uv": [8, 1, 9, 2], "texture": "#0"},
				"south": {"uv": [11, 1, 8, 2], "texture": "#0"},
				"west": {"uv": [11, 1, 10, 2], "texture": "#0"},
				"up": {"uv": [11, 1, 8, 2], "texture": "#0"},
				"down": {"uv": [11, 2, 8, 1], "texture": "#0"}
			}
		},
		{
			"from": [15, 6.75, 8],
			"to": [16, 7, 8.25],
			"rotation": {"angle": 0, "axis": "y", "origin": [23, 14.75, 16]},
			"faces": {
				"north": {"uv": [8, 2, 12, 3], "texture": "#0"},
				"east": {"uv": [8, 2, 9, 3], "texture": "#0"},
				"south": {"uv": [12, 2, 8, 3], "texture": "#0"},
				"west": {"uv": [12, 2, 11, 3], "texture": "#0"},
				"up": {"uv": [12, 2, 8, 3], "texture": "#0"},
				"down": {"uv": [12, 3, 8, 2], "texture": "#0"}
			}
		},
		{
			"from": [14.5, 6.5, 8],
			"to": [16, 6.75, 8.25],
			"rotation": {"angle": 0, "axis": "y", "origin": [22.5, 14.5, 16]},
			"faces": {
				"north": {"uv": [8, 3, 14, 4], "texture": "#0"},
				"east": {"uv": [8, 3, 9, 4], "texture": "#0"},
				"south": {"uv": [14, 3, 8, 4], "texture": "#0"},
				"west": {"uv": [14, 3, 13, 4], "texture": "#0"},
				"up": {"uv": [14, 3, 8, 4], "texture": "#0"},
				"down": {"uv": [14, 4, 8, 3], "texture": "#0"}
			}
		},
		{
			"from": [14.25, 4.5, 8],
			"to": [16, 6.5, 8.25],
			"rotation": {"angle": 0, "axis": "y", "origin": [22.25, 12.5, 16]},
			"faces": {
				"north": {"uv": [8, 4, 15, 12], "texture": "#0"},
				"east": {"uv": [8, 4, 9, 12], "texture": "#0"},
				"south": {"uv": [15, 4, 8, 12], "texture": "#0"},
				"west": {"uv": [15, 4, 14, 12], "texture": "#0"},
				"up": {"uv": [15, 4, 8, 5], "texture": "#0"},
				"down": {"uv": [15, 12, 8, 11], "texture": "#0"}
			}
		},
		{
			"from": [14.5, 4.25, 8],
			"to": [16, 4.5, 8.25],
			"rotation": {"angle": 0, "axis": "y", "origin": [22.5, 12.25, 16]},
			"faces": {
				"north": {"uv": [8, 12, 14, 13], "texture": "#0"},
				"east": {"uv": [8, 12, 9, 13], "texture": "#0"},
				"south": {"uv": [14, 12, 8, 13], "texture": "#0"},
				"west": {"uv": [14, 12, 13, 13], "texture": "#0"},
				"up": {"uv": [14, 12, 8, 13], "texture": "#0"},
				"down": {"uv": [14, 13, 8, 12], "texture": "#0"}
			}
		},
		{
			"from": [15, 4, 8],
			"to": [16, 4.25, 8.25],
			"rotation": {"angle": 0, "axis": "y", "origin": [23, 12, 16]},
			"faces": {
				"north": {"uv": [8, 13, 12, 14], "texture": "#0"},
				"east": {"uv": [8, 13, 9, 14], "texture": "#0"},
				"south": {"uv": [12, 13, 8, 14], "texture": "#0"},
				"west": {"uv": [12, 13, 11, 14], "texture": "#0"},
				"up": {"uv": [12, 13, 8, 14], "texture": "#0"},
				"down": {"uv": [12, 14, 8, 13], "texture": "#0"}
			}
		},
		{
			"from": [15.25, 3.75, 8],
			"to": [16, 4, 8.25],
			"rotation": {"angle": 0, "axis": "y", "origin": [23.25, 11.75, 16]},
			"faces": {
				"north": {"uv": [8, 14, 11, 15], "texture": "#0"},
				"east": {"uv": [8, 14, 9, 15], "texture": "#0"},
				"south": {"uv": [11, 14, 8, 15], "texture": "#0"},
				"west": {"uv": [11, 14, 10, 15], "texture": "#0"},
				"up": {"uv": [11, 14, 8, 15], "texture": "#0"},
				"down": {"uv": [11, 15, 8, 14], "texture": "#0"}
			}
		},
		{
			"from": [15.75, 3.5, 8],
			"to": [16, 3.75, 8.25],
			"rotation": {"angle": 0, "axis": "y", "origin": [23.75, 11.5, 16]},
			"faces": {
				"north": {"uv": [8, 15, 9, 16], "texture": "#0"},
				"east": {"uv": [8, 15, 9, 16], "texture": "#0"},
				"south": {"uv": [8, 15, 9, 16], "texture": "#0"},
				"west": {"uv": [8, 15, 9, 16], "texture": "#0"},
				"up": {"uv": [8, 15, 9, 16], "texture": "#0"},
				"down": {"uv": [8, 15, 9, 16], "texture": "#0"}
			}
		},
		{
			"from": [3.75, 7.25, 8],
			"to": [4.25, 7.5, 8.25],
			"rotation": {"angle": 0, "axis": "y", "origin": [12, 15.25, 16]},
			"faces": {
				"north": {"uv": [7, 0, 9, 1], "texture": "#0"},
				"east": {"uv": [7, 0, 8, 1], "texture": "#0"},
				"south": {"uv": [9, 0, 7, 1], "texture": "#0"},
				"west": {"uv": [9, 0, 8, 1], "texture": "#0"},
				"up": {"uv": [9, 0, 7, 1], "texture": "#0"},
				"down": {"uv": [9, 1, 7, 0], "texture": "#0"}
			}
		},
		{
			"from": [3.25, 7, 8],
			"to": [4.75, 7.25, 8.25],
			"rotation": {"angle": 0, "axis": "y", "origin": [12, 15, 16]},
			"faces": {
				"north": {"uv": [5, 1, 11, 2], "texture": "#0"},
				"east": {"uv": [5, 1, 6, 2], "texture": "#0"},
				"south": {"uv": [11, 1, 5, 2], "texture": "#0"},
				"west": {"uv": [11, 1, 10, 2], "texture": "#0"},
				"up": {"uv": [11, 1, 5, 2], "texture": "#0"},
				"down": {"uv": [11, 2, 5, 1], "texture": "#0"}
			}
		},
		{
			"from": [3, 6.75, 8],
			"to": [5, 7, 8.25],
			"rotation": {"angle": 0, "axis": "y", "origin": [12, 14.75, 16]},
			"faces": {
				"north": {"uv": [4, 2, 12, 3], "texture": "#0"},
				"east": {"uv": [4, 2, 5, 3], "texture": "#0"},
				"south": {"uv": [12, 2, 4, 3], "texture": "#0"},
				"west": {"uv": [12, 2, 11, 3], "texture": "#0"},
				"up": {"uv": [12, 2, 4, 3], "texture": "#0"},
				"down": {"uv": [12, 3, 4, 2], "texture": "#0"}
			}
		},
		{
			"from": [2.5, 6.5, 8],
			"to": [5.5, 6.75, 8.25],
			"rotation": {"angle": 0, "axis": "y", "origin": [12, 14.5, 16]},
			"faces": {
				"north": {"uv": [2, 3, 14, 4], "texture": "#0"},
				"east": {"uv": [2, 3, 3, 4], "texture": "#0"},
				"south": {"uv": [14, 3, 2, 4], "texture": "#0"},
				"west": {"uv": [14, 3, 13, 4], "texture": "#0"},
				"up": {"uv": [14, 3, 2, 4], "texture": "#0"},
				"down": {"uv": [14, 4, 2, 3], "texture": "#0"}
			}
		},
		{
			"from": [2.25, 4.5, 8],
			"to": [5.75, 6.5, 8.25],
			"rotation": {"angle": 0, "axis": "y", "origin": [12, 12.5, 16]},
			"faces": {
				"north": {"uv": [1, 4, 15, 12], "texture": "#0"},
				"east": {"uv": [1, 4, 2, 12], "texture": "#0"},
				"south": {"uv": [15, 4, 1, 12], "texture": "#0"},
				"west": {"uv": [15, 4, 14, 12], "texture": "#0"},
				"up": {"uv": [15, 4, 1, 5], "texture": "#0"},
				"down": {"uv": [15, 12, 1, 11], "texture": "#0"}
			}
		},
		{
			"from": [2.5, 4.25, 8],
			"to": [5.5, 4.5, 8.25],
			"rotation": {"angle": 0, "axis": "y", "origin": [12, 12.25, 16]},
			"faces": {
				"north": {"uv": [2, 12, 14, 13], "texture": "#0"},
				"east": {"uv": [2, 12, 3, 13], "texture": "#0"},
				"south": {"uv": [14, 12, 2, 13], "texture": "#0"},
				"west": {"uv": [14, 12, 13, 13], "texture": "#0"},
				"up": {"uv": [14, 12, 2, 13], "texture": "#0"},
				"down": {"uv": [14, 13, 2, 12], "texture": "#0"}
			}
		},
		{
			"from": [3, 4, 8],
			"to": [5, 4.25, 8.25],
			"rotation": {"angle": 0, "axis": "y", "origin": [12, 12, 16]},
			"faces": {
				"north": {"uv": [4, 13, 12, 14], "texture": "#0"},
				"east": {"uv": [4, 13, 5, 14], "texture": "#0"},
				"south": {"uv": [12, 13, 4, 14], "texture": "#0"},
				"west": {"uv": [12, 13, 11, 14], "texture": "#0"},
				"up": {"uv": [12, 13, 4, 14], "texture": "#0"},
				"down": {"uv": [12, 14, 4, 13], "texture": "#0"}
			}
		},
		{
			"from": [3.25, 3.75, 8],
			"to": [4.75, 4, 8.25],
			"rotation": {"angle": 0, "axis": "y", "origin": [12, 11.75, 16]},
			"faces": {
				"north": {"uv": [5, 14, 11, 15], "texture": "#0"},
				"east": {"uv": [5, 14, 6, 15], "texture": "#0"},
				"south": {"uv": [11, 14, 5, 15], "texture": "#0"},
				"west": {"uv": [11, 14, 10, 15], "texture": "#0"},
				"up": {"uv": [11, 14, 5, 15], "texture": "#0"},
				"down": {"uv": [11, 15, 5, 14], "texture": "#0"}
			}
		},
		{
			"from": [3.75, 3.5, 8],
			"to": [4.25, 3.75, 8.25],
			"rotation": {"angle": 0, "axis": "y", "origin": [12, 11.5, 16]},
			"faces": {
				"north": {"uv": [7, 15, 9, 16], "texture": "#0"},
				"east": {"uv": [7, 15, 8, 16], "texture": "#0"},
				"south": {"uv": [9, 15, 7, 16], "texture": "#0"},
				"west": {"uv": [9, 15, 8, 16], "texture": "#0"},
				"up": {"uv": [9, 15, 7, 16], "texture": "#0"},
				"down": {"uv": [9, 16, 7, 15], "texture": "#0"}
			}
		},
		{
			"from": [7.75, 7.25, 8],
			"to": [8.25, 7.5, 8.25],
			"rotation": {"angle": 0, "axis": "y", "origin": [16, 15.25, 16]},
			"faces": {
				"north": {"uv": [7, 0, 9, 1], "texture": "#0"},
				"east": {"uv": [7, 0, 8, 1], "texture": "#0"},
				"south": {"uv": [9, 0, 7, 1], "texture": "#0"},
				"west": {"uv": [9, 0, 8, 1], "texture": "#0"},
				"up": {"uv": [9, 0, 7, 1], "texture": "#0"},
				"down": {"uv": [9, 1, 7, 0], "texture": "#0"}
			}
		},
		{
			"from": [7.25, 7, 8],
			"to": [8.75, 7.25, 8.25],
			"rotation": {"angle": 0, "axis": "y", "origin": [16, 15, 16]},
			"faces": {
				"north": {"uv": [5, 1, 11, 2], "texture": "#0"},
				"east": {"uv": [5, 1, 6, 2], "texture": "#0"},
				"south": {"uv": [11, 1, 5, 2], "texture": "#0"},
				"west": {"uv": [11, 1, 10, 2], "texture": "#0"},
				"up": {"uv": [11, 1, 5, 2], "texture": "#0"},
				"down": {"uv": [11, 2, 5, 1], "texture": "#0"}
			}
		},
		{
			"from": [7, 6.75, 8],
			"to": [9, 7, 8.25],
			"rotation": {"angle": 0, "axis": "y", "origin": [16, 14.75, 16]},
			"faces": {
				"north": {"uv": [4, 2, 12, 3], "texture": "#0"},
				"east": {"uv": [4, 2, 5, 3], "texture": "#0"},
				"south": {"uv": [12, 2, 4, 3], "texture": "#0"},
				"west": {"uv": [12, 2, 11, 3], "texture": "#0"},
				"up": {"uv": [12, 2, 4, 3], "texture": "#0"},
				"down": {"uv": [12, 3, 4, 2], "texture": "#0"}
			}
		},
		{
			"from": [6.5, 6.5, 8],
			"to": [9.5, 6.75, 8.25],
			"rotation": {"angle": 0, "axis": "y", "origin": [16, 14.5, 16]},
			"faces": {
				"north": {"uv": [2, 3, 14, 4], "texture": "#0"},
				"east": {"uv": [2, 3, 3, 4], "texture": "#0"},
				"south": {"uv": [14, 3, 2, 4], "texture": "#0"},
				"west": {"uv": [14, 3, 13, 4], "texture": "#0"},
				"up": {"uv": [14, 3, 2, 4], "texture": "#0"},
				"down": {"uv": [14, 4, 2, 3], "texture": "#0"}
			}
		},
		{
			"from": [6.25, 4.5, 8],
			"to": [9.75, 6.5, 8.25],
			"rotation": {"angle": 0, "axis": "y", "origin": [16, 12.5, 16]},
			"faces": {
				"north": {"uv": [1, 4, 15, 12], "texture": "#0"},
				"east": {"uv": [1, 4, 2, 12], "texture": "#0"},
				"south": {"uv": [15, 4, 1, 12], "texture": "#0"},
				"west": {"uv": [15, 4, 14, 12], "texture": "#0"},
				"up": {"uv": [15, 4, 1, 5], "texture": "#0"},
				"down": {"uv": [15, 12, 1, 11], "texture": "#0"}
			}
		},
		{
			"from": [6.5, 4.25, 8],
			"to": [9.5, 4.5, 8.25],
			"rotation": {"angle": 0, "axis": "y", "origin": [16, 12.25, 16]},
			"faces": {
				"north": {"uv": [2, 12, 14, 13], "texture": "#0"},
				"east": {"uv": [2, 12, 3, 13], "texture": "#0"},
				"south": {"uv": [14, 12, 2, 13], "texture": "#0"},
				"west": {"uv": [14, 12, 13, 13], "texture": "#0"},
				"up": {"uv": [14, 12, 2, 13], "texture": "#0"},
				"down": {"uv": [14, 13, 2, 12], "texture": "#0"}
			}
		},
		{
			"from": [7, 4, 8],
			"to": [9, 4.25, 8.25],
			"rotation": {"angle": 0, "axis": "y", "origin": [16, 12, 16]},
			"faces": {
				"north": {"uv": [4, 13, 12, 14], "texture": "#0"},
				"east": {"uv": [4, 13, 5, 14], "texture": "#0"},
				"south": {"uv": [12, 13, 4, 14], "texture": "#0"},
				"west": {"uv": [12, 13, 11, 14], "texture": "#0"},
				"up": {"uv": [12, 13, 4, 14], "texture": "#0"},
				"down": {"uv": [12, 14, 4, 13], "texture": "#0"}
			}
		},
		{
			"from": [7.25, 3.75, 8],
			"to": [8.75, 4, 8.25],
			"rotation": {"angle": 0, "axis": "y", "origin": [16, 11.75, 16]},
			"faces": {
				"north": {"uv": [5, 14, 11, 15], "texture": "#0"},
				"east": {"uv": [5, 14, 6, 15], "texture": "#0"},
				"south": {"uv": [11, 14, 5, 15], "texture": "#0"},
				"west": {"uv": [11, 14, 10, 15], "texture": "#0"},
				"up": {"uv": [11, 14, 5, 15], "texture": "#0"},
				"down": {"uv": [11, 15, 5, 14], "texture": "#0"}
			}
		},
		{
			"from": [7.75, 3.5, 8],
			"to": [8.25, 3.75, 8.25],
			"rotation": {"angle": 0, "axis": "y", "origin": [16, 11.5, 16]},
			"faces": {
				"north": {"uv": [7, 15, 9, 16], "texture": "#0"},
				"east": {"uv": [7, 15, 8, 16], "texture": "#0"},
				"south": {"uv": [9, 15, 7, 16], "texture": "#0"},
				"west": {"uv": [9, 15, 8, 16], "texture": "#0"},
				"up": {"uv": [9, 15, 7, 16], "texture": "#0"},
				"down": {"uv": [9, 16, 7, 15], "texture": "#0"}
			}
		},
		{
			"from": [11.75, 7.25, 8],
			"to": [12.25, 7.5, 8.25],
			"rotation": {"angle": 0, "axis": "y", "origin": [20, 15.25, 16]},
			"faces": {
				"north": {"uv": [7, 0, 9, 1], "texture": "#0"},
				"east": {"uv": [7, 0, 8, 1], "texture": "#0"},
				"south": {"uv": [9, 0, 7, 1], "texture": "#0"},
				"west": {"uv": [9, 0, 8, 1], "texture": "#0"},
				"up": {"uv": [9, 0, 7, 1], "texture": "#0"},
				"down": {"uv": [9, 1, 7, 0], "texture": "#0"}
			}
		},
		{
			"from": [11.25, 7, 8],
			"to": [12.75, 7.25, 8.25],
			"rotation": {"angle": 0, "axis": "y", "origin": [20, 15, 16]},
			"faces": {
				"north": {"uv": [5, 1, 11, 2], "texture": "#0"},
				"east": {"uv": [5, 1, 6, 2], "texture": "#0"},
				"south": {"uv": [11, 1, 5, 2], "texture": "#0"},
				"west": {"uv": [11, 1, 10, 2], "texture": "#0"},
				"up": {"uv": [11, 1, 5, 2], "texture": "#0"},
				"down": {"uv": [11, 2, 5, 1], "texture": "#0"}
			}
		},
		{
			"from": [11, 6.75, 8],
			"to": [13, 7, 8.25],
			"rotation": {"angle": 0, "axis": "y", "origin": [20, 14.75, 16]},
			"faces": {
				"north": {"uv": [4, 2, 12, 3], "texture": "#0"},
				"east": {"uv": [4, 2, 5, 3], "texture": "#0"},
				"south": {"uv": [12, 2, 4, 3], "texture": "#0"},
				"west": {"uv": [12, 2, 11, 3], "texture": "#0"},
				"up": {"uv": [12, 2, 4, 3], "texture": "#0"},
				"down": {"uv": [12, 3, 4, 2], "texture": "#0"}
			}
		},
		{
			"from": [10.5, 6.5, 8],
			"to": [13.5, 6.75, 8.25],
			"rotation": {"angle": 0, "axis": "y", "origin": [20, 14.5, 16]},
			"faces": {
				"north": {"uv": [2, 3, 14, 4], "texture": "#0"},
				"east": {"uv": [2, 3, 3, 4], "texture": "#0"},
				"south": {"uv": [14, 3, 2, 4], "texture": "#0"},
				"west": {"uv": [14, 3, 13, 4], "texture": "#0"},
				"up": {"uv": [14, 3, 2, 4], "texture": "#0"},
				"down": {"uv": [14, 4, 2, 3], "texture": "#0"}
			}
		},
		{
			"from": [10.25, 4.5, 8],
			"to": [13.75, 6.5, 8.25],
			"rotation": {"angle": 0, "axis": "y", "origin": [20, 12.5, 16]},
			"faces": {
				"north": {"uv": [1, 4, 15, 12], "texture": "#0"},
				"east": {"uv": [1, 4, 2, 12], "texture": "#0"},
				"south": {"uv": [15, 4, 1, 12], "texture": "#0"},
				"west": {"uv": [15, 4, 14, 12], "texture": "#0"},
				"up": {"uv": [15, 4, 1, 5], "texture": "#0"},
				"down": {"uv": [15, 12, 1, 11], "texture": "#0"}
			}
		},
		{
			"from": [10.5, 4.25, 8],
			"to": [13.5, 4.5, 8.25],
			"rotation": {"angle": 0, "axis": "y", "origin": [20, 12.25, 16]},
			"faces": {
				"north": {"uv": [2, 12, 14, 13], "texture": "#0"},
				"east": {"uv": [2, 12, 3, 13], "texture": "#0"},
				"south": {"uv": [14, 12, 2, 13], "texture": "#0"},
				"west": {"uv": [14, 12, 13, 13], "texture": "#0"},
				"up": {"uv": [14, 12, 2, 13], "texture": "#0"},
				"down": {"uv": [14, 13, 2, 12], "texture": "#0"}
			}
		},
		{
			"from": [11, 4, 8],
			"to": [13, 4.25, 8.25],
			"rotation": {"angle": 0, "axis": "y", "origin": [20, 12, 16]},
			"faces": {
				"north": {"uv": [4, 13, 12, 14], "texture": "#0"},
				"east": {"uv": [4, 13, 5, 14], "texture": "#0"},
				"south": {"uv": [12, 13, 4, 14], "texture": "#0"},
				"west": {"uv": [12, 13, 11, 14], "texture": "#0"},
				"up": {"uv": [12, 13, 4, 14], "texture": "#0"},
				"down": {"uv": [12, 14, 4, 13], "texture": "#0"}
			}
		},
		{
			"from": [11.25, 3.75, 8],
			"to": [12.75, 4, 8.25],
			"rotation": {"angle": 0, "axis": "y", "origin": [20, 11.75, 16]},
			"faces": {
				"north": {"uv": [5, 14, 11, 15], "texture": "#0"},
				"east": {"uv": [5, 14, 6, 15], "texture": "#0"},
				"south": {"uv": [11, 14, 5, 15], "texture": "#0"},
				"west": {"uv": [11, 14, 10, 15], "texture": "#0"},
				"up": {"uv": [11, 14, 5, 15], "texture": "#0"},
				"down": {"uv": [11, 15, 5, 14], "texture": "#0"}
			}
		},
		{
			"from": [11.75, 3.5, 8],
			"to": [12.25, 3.75, 8.25],
			"rotation": {"angle": 0, "axis": "y", "origin": [20, 11.5, 16]},
			"faces": {
				"north": {"uv": [7, 15, 9, 16], "texture": "#0"},
				"east": {"uv": [7, 15, 8, 16], "texture": "#0"},
				"south": {"uv": [9, 15, 7, 16], "texture": "#0"},
				"west": {"uv": [9, 15, 8, 16], "texture": "#0"},
				"up": {"uv": [9, 15, 7, 16], "texture": "#0"},
				"down": {"uv": [9, 16, 7, 15], "texture": "#0"}
			}
		},
		{
			"from": [5.75, 7, 8],
			"to": [6.25, 7.25, 8.25],
			"rotation": {"angle": 0, "axis": "y", "origin": [14, 15, 16]},
			"faces": {
				"north": {"uv": [7, 15, 9, 16], "texture": "#0"},
				"east": {"uv": [7, 15, 8, 16], "texture": "#0"},
				"south": {"uv": [9, 15, 7, 16], "texture": "#0"},
				"west": {"uv": [9, 15, 8, 16], "texture": "#0"},
				"up": {"uv": [9, 15, 7, 16], "texture": "#0"},
				"down": {"uv": [9, 16, 7, 15], "texture": "#0"}
			}
		},
		{
			"from": [5.25, 7.25, 8],
			"to": [6.75, 7.5, 8.25],
			"rotation": {"angle": 0, "axis": "y", "origin": [14, 15.25, 16]},
			"faces": {
				"north": {"uv": [5, 14, 11, 15], "texture": "#0"},
				"east": {"uv": [5, 14, 6, 15], "texture": "#0"},
				"south": {"uv": [11, 14, 5, 15], "texture": "#0"},
				"west": {"uv": [11, 14, 10, 15], "texture": "#0"},
				"up": {"uv": [11, 14, 5, 15], "texture": "#0"},
				"down": {"uv": [11, 15, 5, 14], "texture": "#0"}
			}
		},
		{
			"from": [5, 7.5, 8],
			"to": [7, 7.75, 8.25],
			"rotation": {"angle": 0, "axis": "y", "origin": [14, 15.5, 16]},
			"faces": {
				"north": {"uv": [4, 13, 12, 14], "texture": "#0"},
				"east": {"uv": [4, 13, 5, 14], "texture": "#0"},
				"south": {"uv": [12, 13, 4, 14], "texture": "#0"},
				"west": {"uv": [12, 13, 11, 14], "texture": "#0"},
				"up": {"uv": [12, 13, 4, 14], "texture": "#0"},
				"down": {"uv": [12, 14, 4, 13], "texture": "#0"}
			}
		},
		{
			"from": [4.5, 7.75, 8],
			"to": [7.5, 8, 8.25],
			"rotation": {"angle": 0, "axis": "y", "origin": [14, 15.75, 16]},
			"faces": {
				"north": {"uv": [2, 12, 14, 13], "texture": "#0"},
				"east": {"uv": [2, 12, 3, 13], "texture": "#0"},
				"south": {"uv": [14, 12, 2, 13], "texture": "#0"},
				"west": {"uv": [14, 12, 13, 13], "texture": "#0"},
				"up": {"uv": [14, 12, 2, 13], "texture": "#0"},
				"down": {"uv": [14, 13, 2, 12], "texture": "#0"}
			}
		},
		{
			"from": [4.25, 8, 8],
			"to": [7.75, 10, 8.25],
			"rotation": {"angle": 0, "axis": "y", "origin": [14, 16, 16]},
			"faces": {
				"north": {"uv": [1, 4, 15, 12], "texture": "#0"},
				"east": {"uv": [1, 4, 2, 12], "texture": "#0"},
				"south": {"uv": [15, 4, 1, 12], "texture": "#0"},
				"west": {"uv": [15, 4, 14, 12], "texture": "#0"},
				"up": {"uv": [15, 4, 1, 5], "texture": "#0"},
				"down": {"uv": [15, 12, 1, 11], "texture": "#0"}
			}
		},
		{
			"from": [4.5, 10, 8],
			"to": [7.5, 10.25, 8.25],
			"rotation": {"angle": 0, "axis": "y", "origin": [14, 18, 16]},
			"faces": {
				"north": {"uv": [2, 3, 14, 4], "texture": "#0"},
				"east": {"uv": [2, 3, 3, 4], "texture": "#0"},
				"south": {"uv": [14, 3, 2, 4], "texture": "#0"},
				"west": {"uv": [14, 3, 13, 4], "texture": "#0"},
				"up": {"uv": [14, 3, 2, 4], "texture": "#0"},
				"down": {"uv": [14, 4, 2, 3], "texture": "#0"}
			}
		},
		{
			"from": [5, 10.25, 8],
			"to": [7, 10.5, 8.25],
			"rotation": {"angle": 0, "axis": "y", "origin": [14, 18.25, 16]},
			"faces": {
				"north": {"uv": [4, 2, 12, 3], "texture": "#0"},
				"east": {"uv": [4, 2, 5, 3], "texture": "#0"},
				"south": {"uv": [12, 2, 4, 3], "texture": "#0"},
				"west": {"uv": [12, 2, 11, 3], "texture": "#0"},
				"up": {"uv": [12, 2, 4, 3], "texture": "#0"},
				"down": {"uv": [12, 3, 4, 2], "texture": "#0"}
			}
		},
		{
			"from": [5.25, 10.5, 8],
			"to": [6.75, 10.75, 8.25],
			"rotation": {"angle": 0, "axis": "y", "origin": [14, 18.5, 16]},
			"faces": {
				"north": {"uv": [5, 1, 11, 2], "texture": "#0"},
				"east": {"uv": [5, 1, 6, 2], "texture": "#0"},
				"south": {"uv": [11, 1, 5, 2], "texture": "#0"},
				"west": {"uv": [11, 1, 10, 2], "texture": "#0"},
				"up": {"uv": [11, 1, 5, 2], "texture": "#0"},
				"down": {"uv": [11, 2, 5, 1], "texture": "#0"}
			}
		},
		{
			"from": [5.75, 10.75, 8],
			"to": [6.25, 11, 8.25],
			"rotation": {"angle": 0, "axis": "y", "origin": [14, 18.75, 16]},
			"faces": {
				"north": {"uv": [7, 0, 9, 1], "texture": "#0"},
				"east": {"uv": [7, 0, 8, 1], "texture": "#0"},
				"south": {"uv": [9, 0, 7, 1], "texture": "#0"},
				"west": {"uv": [9, 0, 8, 1], "texture": "#0"},
				"up": {"uv": [9, 0, 7, 1], "texture": "#0"},
				"down": {"uv": [9, 1, 7, 0], "texture": "#0"}
			}
		},
		{
			"from": [9.75, 7, 8],
			"to": [10.25, 7.25, 8.25],
			"rotation": {"angle": 0, "axis": "y", "origin": [18, 15, 16]},
			"faces": {
				"north": {"uv": [7, 15, 9, 16], "texture": "#0"},
				"east": {"uv": [7, 15, 8, 16], "texture": "#0"},
				"south": {"uv": [9, 15, 7, 16], "texture": "#0"},
				"west": {"uv": [9, 15, 8, 16], "texture": "#0"},
				"up": {"uv": [9, 15, 7, 16], "texture": "#0"},
				"down": {"uv": [9, 16, 7, 15], "texture": "#0"}
			}
		},
		{
			"from": [9.25, 7.25, 8],
			"to": [10.75, 7.5, 8.25],
			"rotation": {"angle": 0, "axis": "y", "origin": [18, 15.25, 16]},
			"faces": {
				"north": {"uv": [5, 14, 11, 15], "texture": "#0"},
				"east": {"uv": [5, 14, 6, 15], "texture": "#0"},
				"south": {"uv": [11, 14, 5, 15], "texture": "#0"},
				"west": {"uv": [11, 14, 10, 15], "texture": "#0"},
				"up": {"uv": [11, 14, 5, 15], "texture": "#0"},
				"down": {"uv": [11, 15, 5, 14], "texture": "#0"}
			}
		},
		{
			"from": [9, 7.5, 8],
			"to": [11, 7.75, 8.25],
			"rotation": {"angle": 0, "axis": "y", "origin": [18, 15.5, 16]},
			"faces": {
				"north": {"uv": [4, 13, 12, 14], "texture": "#0"},
				"east": {"uv": [4, 13, 5, 14], "texture": "#0"},
				"south": {"uv": [12, 13, 4, 14], "texture": "#0"},
				"west": {"uv": [12, 13, 11, 14], "texture": "#0"},
				"up": {"uv": [12, 13, 4, 14], "texture": "#0"},
				"down": {"uv": [12, 14, 4, 13], "texture": "#0"}
			}
		},
		{
			"from": [8.5, 7.75, 8],
			"to": [11.5, 8, 8.25],
			"rotation": {"angle": 0, "axis": "y", "origin": [18, 15.75, 16]},
			"faces": {
				"north": {"uv": [2, 12, 14, 13], "texture": "#0"},
				"east": {"uv": [2, 12, 3, 13], "texture": "#0"},
				"south": {"uv": [14, 12, 2, 13], "texture": "#0"},
				"west": {"uv": [14, 12, 13, 13], "texture": "#0"},
				"up": {"uv": [14, 12, 2, 13], "texture": "#0"},
				"down": {"uv": [14, 13, 2, 12], "texture": "#0"}
			}
		},
		{
			"from": [8.25, 8, 8],
			"to": [11.75, 10, 8.25],
			"rotation": {"angle": 0, "axis": "y", "origin": [18, 16, 16]},
			"faces": {
				"north": {"uv": [1, 4, 15, 12], "texture": "#0"},
				"east": {"uv": [1, 4, 2, 12], "texture": "#0"},
				"south": {"uv": [15, 4, 1, 12], "texture": "#0"},
				"west": {"uv": [15, 4, 14, 12], "texture": "#0"},
				"up": {"uv": [15, 4, 1, 5], "texture": "#0"},
				"down": {"uv": [15, 12, 1, 11], "texture": "#0"}
			}
		},
		{
			"from": [8.5, 10, 8],
			"to": [11.5, 10.25, 8.25],
			"rotation": {"angle": 0, "axis": "y", "origin": [18, 18, 16]},
			"faces": {
				"north": {"uv": [2, 3, 14, 4], "texture": "#0"},
				"east": {"uv": [2, 3, 3, 4], "texture": "#0"},
				"south": {"uv": [14, 3, 2, 4], "texture": "#0"},
				"west": {"uv": [14, 3, 13, 4], "texture": "#0"},
				"up": {"uv": [14, 3, 2, 4], "texture": "#0"},
				"down": {"uv": [14, 4, 2, 3], "texture": "#0"}
			}
		},
		{
			"from": [9, 10.25, 8],
			"to": [11, 10.5, 8.25],
			"rotation": {"angle": 0, "axis": "y", "origin": [18, 18.25, 16]},
			"faces": {
				"north": {"uv": [4, 2, 12, 3], "texture": "#0"},
				"east": {"uv": [4, 2, 5, 3], "texture": "#0"},
				"south": {"uv": [12, 2, 4, 3], "texture": "#0"},
				"west": {"uv": [12, 2, 11, 3], "texture": "#0"},
				"up": {"uv": [12, 2, 4, 3], "texture": "#0"},
				"down": {"uv": [12, 3, 4, 2], "texture": "#0"}
			}
		},
		{
			"from": [9.25, 10.5, 8],
			"to": [10.75, 10.75, 8.25],
			"rotation": {"angle": 0, "axis": "y", "origin": [18, 18.5, 16]},
			"faces": {
				"north": {"uv": [5, 1, 11, 2], "texture": "#0"},
				"east": {"uv": [5, 1, 6, 2], "texture": "#0"},
				"south": {"uv": [11, 1, 5, 2], "texture": "#0"},
				"west": {"uv": [11, 1, 10, 2], "texture": "#0"},
				"up": {"uv": [11, 1, 5, 2], "texture": "#0"},
				"down": {"uv": [11, 2, 5, 1], "texture": "#0"}
			}
		},
		{
			"from": [9.75, 10.75, 8],
			"to": [10.25, 11, 8.25],
			"rotation": {"angle": 0, "axis": "y", "origin": [18, 18.75, 16]},
			"faces": {
				"north": {"uv": [7, 0, 9, 1], "texture": "#0"},
				"east": {"uv": [7, 0, 8, 1], "texture": "#0"},
				"south": {"uv": [9, 0, 7, 1], "texture": "#0"},
				"west": {"uv": [9, 0, 8, 1], "texture": "#0"},
				"up": {"uv": [9, 0, 7, 1], "texture": "#0"},
				"down": {"uv": [9, 1, 7, 0], "texture": "#0"}
			}
		},
		{
			"from": [13.75, 7, 8],
			"to": [14.25, 7.25, 8.25],
			"rotation": {"angle": 0, "axis": "y", "origin": [22, 15, 16]},
			"faces": {
				"north": {"uv": [7, 15, 9, 16], "texture": "#0"},
				"east": {"uv": [7, 15, 8, 16], "texture": "#0"},
				"south": {"uv": [9, 15, 7, 16], "texture": "#0"},
				"west": {"uv": [9, 15, 8, 16], "texture": "#0"},
				"up": {"uv": [9, 15, 7, 16], "texture": "#0"},
				"down": {"uv": [9, 16, 7, 15], "texture": "#0"}
			}
		},
		{
			"from": [13.25, 7.25, 8],
			"to": [14.75, 7.5, 8.25],
			"rotation": {"angle": 0, "axis": "y", "origin": [22, 15.25, 16]},
			"faces": {
				"north": {"uv": [5, 14, 11, 15], "texture": "#0"},
				"east": {"uv": [5, 14, 6, 15], "texture": "#0"},
				"south": {"uv": [11, 14, 5, 15], "texture": "#0"},
				"west": {"uv": [11, 14, 10, 15], "texture": "#0"},
				"up": {"uv": [11, 14, 5, 15], "texture": "#0"},
				"down": {"uv": [11, 15, 5, 14], "texture": "#0"}
			}
		},
		{
			"from": [13, 7.5, 8],
			"to": [15, 7.75, 8.25],
			"rotation": {"angle": 0, "axis": "y", "origin": [22, 15.5, 16]},
			"faces": {
				"north": {"uv": [4, 13, 12, 14], "texture": "#0"},
				"east": {"uv": [4, 13, 5, 14], "texture": "#0"},
				"south": {"uv": [12, 13, 4, 14], "texture": "#0"},
				"west": {"uv": [12, 13, 11, 14], "texture": "#0"},
				"up": {"uv": [12, 13, 4, 14], "texture": "#0"},
				"down": {"uv": [12, 14, 4, 13], "texture": "#0"}
			}
		},
		{
			"from": [12.5, 7.75, 8],
			"to": [15.5, 8, 8.25],
			"rotation": {"angle": 0, "axis": "y", "origin": [22, 15.75, 16]},
			"faces": {
				"north": {"uv": [2, 12, 14, 13], "texture": "#0"},
				"east": {"uv": [2, 12, 3, 13], "texture": "#0"},
				"south": {"uv": [14, 12, 2, 13], "texture": "#0"},
				"west": {"uv": [14, 12, 13, 13], "texture": "#0"},
				"up": {"uv": [14, 12, 2, 13], "texture": "#0"},
				"down": {"uv": [14, 13, 2, 12], "texture": "#0"}
			}
		},
		{
			"from": [12.25, 8, 8],
			"to": [15.75, 10, 8.25],
			"rotation": {"angle": 0, "axis": "y", "origin": [22, 16, 16]},
			"faces": {
				"north": {"uv": [1, 4, 15, 12], "texture": "#0"},
				"east": {"uv": [1, 4, 2, 12], "texture": "#0"},
				"south": {"uv": [15, 4, 1, 12], "texture": "#0"},
				"west": {"uv": [15, 4, 14, 12], "texture": "#0"},
				"up": {"uv": [15, 4, 1, 5], "texture": "#0"},
				"down": {"uv": [15, 12, 1, 11], "texture": "#0"}
			}
		},
		{
			"from": [12.5, 10, 8],
			"to": [15.5, 10.25, 8.25],
			"rotation": {"angle": 0, "axis": "y", "origin": [22, 18, 16]},
			"faces": {
				"north": {"uv": [2, 3, 14, 4], "texture": "#0"},
				"east": {"uv": [2, 3, 3, 4], "texture": "#0"},
				"south": {"uv": [14, 3, 2, 4], "texture": "#0"},
				"west": {"uv": [14, 3, 13, 4], "texture": "#0"},
				"up": {"uv": [14, 3, 2, 4], "texture": "#0"},
				"down": {"uv": [14, 4, 2, 3], "texture": "#0"}
			}
		},
		{
			"from": [13, 10.25, 8],
			"to": [15, 10.5, 8.25],
			"rotation": {"angle": 0, "axis": "y", "origin": [22, 18.25, 16]},
			"faces": {
				"north": {"uv": [4, 2, 12, 3], "texture": "#0"},
				"east": {"uv": [4, 2, 5, 3], "texture": "#0"},
				"south": {"uv": [12, 2, 4, 3], "texture": "#0"},
				"west": {"uv": [12, 2, 11, 3], "texture": "#0"},
				"up": {"uv": [12, 2, 4, 3], "texture": "#0"},
				"down": {"uv": [12, 3, 4, 2], "texture": "#0"}
			}
		},
		{
			"from": [13.25, 10.5, 8],
			"to": [14.75, 10.75, 8.25],
			"rotation": {"angle": 0, "axis": "y", "origin": [22, 18.5, 16]},
			"faces": {
				"north": {"uv": [5, 1, 11, 2], "texture": "#0"},
				"east": {"uv": [5, 1, 6, 2], "texture": "#0"},
				"south": {"uv": [11, 1, 5, 2], "texture": "#0"},
				"west": {"uv": [11, 1, 10, 2], "texture": "#0"},
				"up": {"uv": [11, 1, 5, 2], "texture": "#0"},
				"down": {"uv": [11, 2, 5, 1], "texture": "#0"}
			}
		},
		{
			"from": [13.75, 10.75, 8],
			"to": [14.25, 11, 8.25],
			"rotation": {"angle": 0, "axis": "y", "origin": [22, 18.75, 16]},
			"faces": {
				"north": {"uv": [7, 0, 9, 1], "texture": "#0"},
				"east": {"uv": [7, 0, 8, 1], "texture": "#0"},
				"south": {"uv": [9, 0, 7, 1], "texture": "#0"},
				"west": {"uv": [9, 0, 8, 1], "texture": "#0"},
				"up": {"uv": [9, 0, 7, 1], "texture": "#0"},
				"down": {"uv": [9, 1, 7, 0], "texture": "#0"}
			}
		},
		{
			"from": [1.75, 10.75, 8],
			"to": [2.25, 11, 8.25],
			"rotation": {"angle": 0, "axis": "y", "origin": [10, 18.75, 16]},
			"faces": {
				"north": {"uv": [7, 0, 9, 1], "texture": "#0"},
				"east": {"uv": [7, 0, 8, 1], "texture": "#0"},
				"south": {"uv": [9, 0, 7, 1], "texture": "#0"},
				"west": {"uv": [9, 0, 8, 1], "texture": "#0"},
				"up": {"uv": [9, 0, 7, 1], "texture": "#0"},
				"down": {"uv": [9, 1, 7, 0], "texture": "#0"}
			}
		},
		{
			"from": [1.25, 10.5, 8],
			"to": [2.75, 10.75, 8.25],
			"rotation": {"angle": 0, "axis": "y", "origin": [10, 18.5, 16]},
			"faces": {
				"north": {"uv": [5, 1, 11, 2], "texture": "#0"},
				"east": {"uv": [5, 1, 6, 2], "texture": "#0"},
				"south": {"uv": [11, 1, 5, 2], "texture": "#0"},
				"west": {"uv": [11, 1, 10, 2], "texture": "#0"},
				"up": {"uv": [11, 1, 5, 2], "texture": "#0"},
				"down": {"uv": [11, 2, 5, 1], "texture": "#0"}
			}
		},
		{
			"from": [1, 10.25, 8],
			"to": [3, 10.5, 8.25],
			"rotation": {"angle": 0, "axis": "y", "origin": [10, 18.25, 16]},
			"faces": {
				"north": {"uv": [4, 2, 12, 3], "texture": "#0"},
				"east": {"uv": [4, 2, 5, 3], "texture": "#0"},
				"south": {"uv": [12, 2, 4, 3], "texture": "#0"},
				"west": {"uv": [12, 2, 11, 3], "texture": "#0"},
				"up": {"uv": [12, 2, 4, 3], "texture": "#0"},
				"down": {"uv": [12, 3, 4, 2], "texture": "#0"}
			}
		},
		{
			"from": [0.5, 10, 8],
			"to": [3.5, 10.25, 8.25],
			"rotation": {"angle": 0, "axis": "y", "origin": [10, 18, 16]},
			"faces": {
				"north": {"uv": [2, 3, 14, 4], "texture": "#0"},
				"east": {"uv": [2, 3, 3, 4], "texture": "#0"},
				"south": {"uv": [14, 3, 2, 4], "texture": "#0"},
				"west": {"uv": [14, 3, 13, 4], "texture": "#0"},
				"up": {"uv": [14, 3, 2, 4], "texture": "#0"},
				"down": {"uv": [14, 4, 2, 3], "texture": "#0"}
			}
		},
		{
			"from": [0.25, 8, 8],
			"to": [3.75, 10, 8.25],
			"rotation": {"angle": 0, "axis": "y", "origin": [10, 16, 16]},
			"faces": {
				"north": {"uv": [1, 4, 15, 12], "texture": "#0"},
				"east": {"uv": [1, 4, 2, 12], "texture": "#0"},
				"south": {"uv": [15, 4, 1, 12], "texture": "#0"},
				"west": {"uv": [15, 4, 14, 12], "texture": "#0"},
				"up": {"uv": [15, 4, 1, 5], "texture": "#0"},
				"down": {"uv": [15, 12, 1, 11], "texture": "#0"}
			}
		},
		{
			"from": [0.5, 7.75, 8],
			"to": [3.5, 8, 8.25],
			"rotation": {"angle": 0, "axis": "y", "origin": [10, 15.75, 16]},
			"faces": {
				"north": {"uv": [2, 12, 14, 13], "texture": "#0"},
				"east": {"uv": [2, 12, 3, 13], "texture": "#0"},
				"south": {"uv": [14, 12, 2, 13], "texture": "#0"},
				"west": {"uv": [14, 12, 13, 13], "texture": "#0"},
				"up": {"uv": [14, 12, 2, 13], "texture": "#0"},
				"down": {"uv": [14, 13, 2, 12], "texture": "#0"}
			}
		},
		{
			"from": [1, 7.5, 8],
			"to": [3, 7.75, 8.25],
			"rotation": {"angle": 0, "axis": "y", "origin": [10, 15.5, 16]},
			"faces": {
				"north": {"uv": [4, 13, 12, 14], "texture": "#0"},
				"east": {"uv": [4, 13, 5, 14], "texture": "#0"},
				"south": {"uv": [12, 13, 4, 14], "texture": "#0"},
				"west": {"uv": [12, 13, 11, 14], "texture": "#0"},
				"up": {"uv": [12, 13, 4, 14], "texture": "#0"},
				"down": {"uv": [12, 14, 4, 13], "texture": "#0"}
			}
		},
		{
			"from": [1.25, 7.25, 8],
			"to": [2.75, 7.5, 8.25],
			"rotation": {"angle": 0, "axis": "y", "origin": [10, 15.25, 16]},
			"faces": {
				"north": {"uv": [5, 14, 11, 15], "texture": "#0"},
				"east": {"uv": [5, 14, 6, 15], "texture": "#0"},
				"south": {"uv": [11, 14, 5, 15], "texture": "#0"},
				"west": {"uv": [11, 14, 10, 15], "texture": "#0"},
				"up": {"uv": [11, 14, 5, 15], "texture": "#0"},
				"down": {"uv": [11, 15, 5, 14], "texture": "#0"}
			}
		},
		{
			"from": [1.75, 7, 8],
			"to": [2.25, 7.25, 8.25],
			"rotation": {"angle": 0, "axis": "y", "origin": [10, 15, 16]},
			"faces": {
				"north": {"uv": [7, 15, 9, 16], "texture": "#0"},
				"east": {"uv": [7, 15, 8, 16], "texture": "#0"},
				"south": {"uv": [9, 15, 7, 16], "texture": "#0"},
				"west": {"uv": [9, 15, 8, 16], "texture": "#0"},
				"up": {"uv": [9, 15, 7, 16], "texture": "#0"},
				"down": {"uv": [9, 16, 7, 15], "texture": "#0"}
			}
		},
		{
			"from": [0, 14.25, 8],
			"to": [0.25, 14.5, 8.25],
			"rotation": {"angle": 0, "axis": "y", "origin": [8, 22.25, 16]},
			"faces": {
				"north": {"uv": [7, 0, 8, 1], "texture": "#0"},
				"east": {"uv": [7, 0, 8, 1], "texture": "#0"},
				"south": {"uv": [8, 0, 7, 1], "texture": "#0"},
				"west": {"uv": [8, 0, 7, 1], "texture": "#0"},
				"up": {"uv": [8, 0, 7, 1], "texture": "#0"},
				"down": {"uv": [8, 1, 7, 0], "texture": "#0"}
			}
		},
		{
			"from": [0, 14, 8],
			"to": [0.75, 14.25, 8.25],
			"rotation": {"angle": 0, "axis": "y", "origin": [8, 22, 16]},
			"faces": {
				"north": {"uv": [5, 1, 8, 2], "texture": "#0"},
				"east": {"uv": [5, 1, 6, 2], "texture": "#0"},
				"south": {"uv": [8, 1, 5, 2], "texture": "#0"},
				"west": {"uv": [8, 1, 7, 2], "texture": "#0"},
				"up": {"uv": [8, 1, 5, 2], "texture": "#0"},
				"down": {"uv": [8, 2, 5, 1], "texture": "#0"}
			}
		},
		{
			"from": [0, 13.75, 8],
			"to": [1, 14, 8.25],
			"rotation": {"angle": 0, "axis": "y", "origin": [8, 21.75, 16]},
			"faces": {
				"north": {"uv": [4, 2, 8, 3], "texture": "#0"},
				"east": {"uv": [4, 2, 5, 3], "texture": "#0"},
				"south": {"uv": [8, 2, 4, 3], "texture": "#0"},
				"west": {"uv": [8, 2, 7, 3], "texture": "#0"},
				"up": {"uv": [8, 2, 4, 3], "texture": "#0"},
				"down": {"uv": [8, 3, 4, 2], "texture": "#0"}
			}
		},
		{
			"from": [0, 13.5, 8],
			"to": [1.5, 13.75, 8.25],
			"rotation": {"angle": 0, "axis": "y", "origin": [8, 21.5, 16]},
			"faces": {
				"north": {"uv": [2, 3, 8, 4], "texture": "#0"},
				"east": {"uv": [2, 3, 3, 4], "texture": "#0"},
				"south": {"uv": [8, 3, 2, 4], "texture": "#0"},
				"west": {"uv": [8, 3, 7, 4], "texture": "#0"},
				"up": {"uv": [8, 3, 2, 4], "texture": "#0"},
				"down": {"uv": [8, 4, 2, 3], "texture": "#0"}
			}
		},
		{
			"from": [0, 11.5, 8],
			"to": [1.75, 13.5, 8.25],
			"rotation": {"angle": 0, "axis": "y", "origin": [8, 19.5, 16]},
			"faces": {
				"north": {"uv": [1, 4, 8, 12], "texture": "#0"},
				"east": {"uv": [1, 4, 2, 12], "texture": "#0"},
				"south": {"uv": [8, 4, 1, 12], "texture": "#0"},
				"west": {"uv": [8, 4, 7, 12], "texture": "#0"},
				"up": {"uv": [8, 4, 1, 5], "texture": "#0"},
				"down": {"uv": [8, 12, 1, 11], "texture": "#0"}
			}
		},
		{
			"from": [0, 11.25, 8],
			"to": [1.5, 11.5, 8.25],
			"rotation": {"angle": 0, "axis": "y", "origin": [8, 19.25, 16]},
			"faces": {
				"north": {"uv": [2, 12, 8, 13], "texture": "#0"},
				"east": {"uv": [2, 12, 3, 13], "texture": "#0"},
				"south": {"uv": [8, 12, 2, 13], "texture": "#0"},
				"west": {"uv": [8, 12, 7, 13], "texture": "#0"},
				"up": {"uv": [8, 12, 2, 13], "texture": "#0"},
				"down": {"uv": [8, 13, 2, 12], "texture": "#0"}
			}
		},
		{
			"from": [0, 11, 8],
			"to": [1, 11.25, 8.25],
			"rotation": {"angle": 0, "axis": "y", "origin": [8, 19, 16]},
			"faces": {
				"north": {"uv": [4, 13, 8, 14], "texture": "#0"},
				"east": {"uv": [4, 13, 5, 14], "texture": "#0"},
				"south": {"uv": [8, 13, 4, 14], "texture": "#0"},
				"west": {"uv": [8, 13, 7, 14], "texture": "#0"},
				"up": {"uv": [8, 13, 4, 14], "texture": "#0"},
				"down": {"uv": [8, 14, 4, 13], "texture": "#0"}
			}
		},
		{
			"from": [0, 10.75, 8],
			"to": [0.75, 11, 8.25],
			"rotation": {"angle": 0, "axis": "y", "origin": [8, 18.75, 16]},
			"faces": {
				"north": {"uv": [5, 14, 8, 15], "texture": "#0"},
				"east": {"uv": [5, 14, 6, 15], "texture": "#0"},
				"south": {"uv": [8, 14, 5, 15], "texture": "#0"},
				"west": {"uv": [8, 14, 7, 15], "texture": "#0"},
				"up": {"uv": [8, 14, 5, 15], "texture": "#0"},
				"down": {"uv": [8, 15, 5, 14], "texture": "#0"}
			}
		},
		{
			"from": [0, 10.5, 8],
			"to": [0.25, 10.75, 8.25],
			"rotation": {"angle": 0, "axis": "y", "origin": [8, 18.5, 16]},
			"faces": {
				"north": {"uv": [7, 15, 8, 16], "texture": "#0"},
				"east": {"uv": [7, 15, 8, 16], "texture": "#0"},
				"south": {"uv": [8, 15, 7, 16], "texture": "#0"},
				"west": {"uv": [8, 15, 7, 16], "texture": "#0"},
				"up": {"uv": [8, 15, 7, 16], "texture": "#0"},
				"down": {"uv": [8, 16, 7, 15], "texture": "#0"}
			}
		},
		{
			"from": [15.75, 14.25, 8],
			"to": [16, 14.5, 8.25],
			"rotation": {"angle": 0, "axis": "y", "origin": [23.75, 22.25, 16]},
			"faces": {
				"north": {"uv": [8, 0, 9, 1], "texture": "#0"},
				"east": {"uv": [8, 0, 9, 1], "texture": "#0"},
				"south": {"uv": [9, 0, 8, 1], "texture": "#0"},
				"west": {"uv": [9, 0, 8, 1], "texture": "#0"},
				"up": {"uv": [9, 0, 8, 1], "texture": "#0"},
				"down": {"uv": [9, 1, 8, 0], "texture": "#0"}
			}
		},
		{
			"from": [15.25, 14, 8],
			"to": [16, 14.25, 8.25],
			"rotation": {"angle": 0, "axis": "y", "origin": [23.25, 22, 16]},
			"faces": {
				"north": {"uv": [8, 1, 11, 2], "texture": "#0"},
				"east": {"uv": [8, 1, 9, 2], "texture": "#0"},
				"south": {"uv": [11, 1, 8, 2], "texture": "#0"},
				"west": {"uv": [11, 1, 10, 2], "texture": "#0"},
				"up": {"uv": [11, 1, 8, 2], "texture": "#0"},
				"down": {"uv": [11, 2, 8, 1], "texture": "#0"}
			}
		},
		{
			"from": [15, 13.75, 8],
			"to": [16, 14, 8.25],
			"rotation": {"angle": 0, "axis": "y", "origin": [23, 21.75, 16]},
			"faces": {
				"north": {"uv": [8, 2, 12, 3], "texture": "#0"},
				"east": {"uv": [8, 2, 9, 3], "texture": "#0"},
				"south": {"uv": [12, 2, 8, 3], "texture": "#0"},
				"west": {"uv": [12, 2, 11, 3], "texture": "#0"},
				"up": {"uv": [12, 2, 8, 3], "texture": "#0"},
				"down": {"uv": [12, 3, 8, 2], "texture": "#0"}
			}
		},
		{
			"from": [14.5, 13.5, 8],
			"to": [16, 13.75, 8.25],
			"rotation": {"angle": 0, "axis": "y", "origin": [22.5, 21.5, 16]},
			"faces": {
				"north": {"uv": [8, 3, 14, 4], "texture": "#0"},
				"east": {"uv": [8, 3, 9, 4], "texture": "#0"},
				"south": {"uv": [14, 3, 8, 4], "texture": "#0"},
				"west": {"uv": [14, 3, 13, 4], "texture": "#0"},
				"up": {"uv": [14, 3, 8, 4], "texture": "#0"},
				"down": {"uv": [14, 4, 8, 3], "texture": "#0"}
			}
		},
		{
			"from": [14.25, 11.5, 8],
			"to": [16, 13.5, 8.25],
			"rotation": {"angle": 0, "axis": "y", "origin": [22.25, 19.5, 16]},
			"faces": {
				"north": {"uv": [8, 4, 15, 12], "texture": "#0"},
				"east": {"uv": [8, 4, 9, 12], "texture": "#0"},
				"south": {"uv": [15, 4, 8, 12], "texture": "#0"},
				"west": {"uv": [15, 4, 14, 12], "texture": "#0"},
				"up": {"uv": [15, 4, 8, 5], "texture": "#0"},
				"down": {"uv": [15, 12, 8, 11], "texture": "#0"}
			}
		},
		{
			"from": [14.5, 11.25, 8],
			"to": [16, 11.5, 8.25],
			"rotation": {"angle": 0, "axis": "y", "origin": [22.5, 19.25, 16]},
			"faces": {
				"north": {"uv": [8, 12, 14, 13], "texture": "#0"},
				"east": {"uv": [8, 12, 9, 13], "texture": "#0"},
				"south": {"uv": [14, 12, 8, 13], "texture": "#0"},
				"west": {"uv": [14, 12, 13, 13], "texture": "#0"},
				"up": {"uv": [14, 12, 8, 13], "texture": "#0"},
				"down": {"uv": [14, 13, 8, 12], "texture": "#0"}
			}
		},
		{
			"from": [15, 11, 8],
			"to": [16, 11.25, 8.25],
			"rotation": {"angle": 0, "axis": "y", "origin": [23, 19, 16]},
			"faces": {
				"north": {"uv": [8, 13, 12, 14], "texture": "#0"},
				"east": {"uv": [8, 13, 9, 14], "texture": "#0"},
				"south": {"uv": [12, 13, 8, 14], "texture": "#0"},
				"west": {"uv": [12, 13, 11, 14], "texture": "#0"},
				"up": {"uv": [12, 13, 8, 14], "texture": "#0"},
				"down": {"uv": [12, 14, 8, 13], "texture": "#0"}
			}
		},
		{
			"from": [15.25, 10.75, 8],
			"to": [16, 11, 8.25],
			"rotation": {"angle": 0, "axis": "y", "origin": [23.25, 18.75, 16]},
			"faces": {
				"north": {"uv": [8, 14, 11, 15], "texture": "#0"},
				"east": {"uv": [8, 14, 9, 15], "texture": "#0"},
				"south": {"uv": [11, 14, 8, 15], "texture": "#0"},
				"west": {"uv": [11, 14, 10, 15], "texture": "#0"},
				"up": {"uv": [11, 14, 8, 15], "texture": "#0"},
				"down": {"uv": [11, 15, 8, 14], "texture": "#0"}
			}
		},
		{
			"from": [15.75, 10.5, 8],
			"to": [16, 10.75, 8.25],
			"rotation": {"angle": 0, "axis": "y", "origin": [23.75, 18.5, 16]},
			"faces": {
				"north": {"uv": [8, 15, 9, 16], "texture": "#0"},
				"east": {"uv": [8, 15, 9, 16], "texture": "#0"},
				"south": {"uv": [8, 15, 9, 16], "texture": "#0"},
				"west": {"uv": [8, 15, 9, 16], "texture": "#0"},
				"up": {"uv": [8, 15, 9, 16], "texture": "#0"},
				"down": {"uv": [8, 15, 9, 16], "texture": "#0"}
			}
		},
		{
			"from": [11.75, 14.25, 8],
			"to": [12.25, 14.5, 8.25],
			"rotation": {"angle": 0, "axis": "y", "origin": [20, 22.25, 16]},
			"faces": {
				"north": {"uv": [7, 0, 9, 1], "texture": "#0"},
				"east": {"uv": [7, 0, 8, 1], "texture": "#0"},
				"south": {"uv": [9, 0, 7, 1], "texture": "#0"},
				"west": {"uv": [9, 0, 8, 1], "texture": "#0"},
				"up": {"uv": [9, 0, 7, 1], "texture": "#0"},
				"down": {"uv": [9, 1, 7, 0], "texture": "#0"}
			}
		},
		{
			"from": [11.25, 14, 8],
			"to": [12.75, 14.25, 8.25],
			"rotation": {"angle": 0, "axis": "y", "origin": [20, 22, 16]},
			"faces": {
				"north": {"uv": [5, 1, 11, 2], "texture": "#0"},
				"east": {"uv": [5, 1, 6, 2], "texture": "#0"},
				"south": {"uv": [11, 1, 5, 2], "texture": "#0"},
				"west": {"uv": [11, 1, 10, 2], "texture": "#0"},
				"up": {"uv": [11, 1, 5, 2], "texture": "#0"},
				"down": {"uv": [11, 2, 5, 1], "texture": "#0"}
			}
		},
		{
			"from": [11, 13.75, 8],
			"to": [13, 14, 8.25],
			"rotation": {"angle": 0, "axis": "y", "origin": [20, 21.75, 16]},
			"faces": {
				"north": {"uv": [4, 2, 12, 3], "texture": "#0"},
				"east": {"uv": [4, 2, 5, 3], "texture": "#0"},
				"south": {"uv": [12, 2, 4, 3], "texture": "#0"},
				"west": {"uv": [12, 2, 11, 3], "texture": "#0"},
				"up": {"uv": [12, 2, 4, 3], "texture": "#0"},
				"down": {"uv": [12, 3, 4, 2], "texture": "#0"}
			}
		},
		{
			"from": [10.5, 13.5, 8],
			"to": [13.5, 13.75, 8.25],
			"rotation": {"angle": 0, "axis": "y", "origin": [20, 21.5, 16]},
			"faces": {
				"north": {"uv": [2, 3, 14, 4], "texture": "#0"},
				"east": {"uv": [2, 3, 3, 4], "texture": "#0"},
				"south": {"uv": [14, 3, 2, 4], "texture": "#0"},
				"west": {"uv": [14, 3, 13, 4], "texture": "#0"},
				"up": {"uv": [14, 3, 2, 4], "texture": "#0"},
				"down": {"uv": [14, 4, 2, 3], "texture": "#0"}
			}
		},
		{
			"from": [10.25, 11.5, 8],
			"to": [13.75, 13.5, 8.25],
			"rotation": {"angle": 0, "axis": "y", "origin": [20, 19.5, 16]},
			"faces": {
				"north": {"uv": [1, 4, 15, 12], "texture": "#0"},
				"east": {"uv": [1, 4, 2, 12], "texture": "#0"},
				"south": {"uv": [15, 4, 1, 12], "texture": "#0"},
				"west": {"uv": [15, 4, 14, 12], "texture": "#0"},
				"up": {"uv": [15, 4, 1, 5], "texture": "#0"},
				"down": {"uv": [15, 12, 1, 11], "texture": "#0"}
			}
		},
		{
			"from": [10.5, 11.25, 8],
			"to": [13.5, 11.5, 8.25],
			"rotation": {"angle": 0, "axis": "y", "origin": [20, 19.25, 16]},
			"faces": {
				"north": {"uv": [2, 12, 14, 13], "texture": "#0"},
				"east": {"uv": [2, 12, 3, 13], "texture": "#0"},
				"south": {"uv": [14, 12, 2, 13], "texture": "#0"},
				"west": {"uv": [14, 12, 13, 13], "texture": "#0"},
				"up": {"uv": [14, 12, 2, 13], "texture": "#0"},
				"down": {"uv": [14, 13, 2, 12], "texture": "#0"}
			}
		},
		{
			"from": [11, 11, 8],
			"to": [13, 11.25, 8.25],
			"rotation": {"angle": 0, "axis": "y", "origin": [20, 19, 16]},
			"faces": {
				"north": {"uv": [4, 13, 12, 14], "texture": "#0"},
				"east": {"uv": [4, 13, 5, 14], "texture": "#0"},
				"south": {"uv": [12, 13, 4, 14], "texture": "#0"},
				"west": {"uv": [12, 13, 11, 14], "texture": "#0"},
				"up": {"uv": [12, 13, 4, 14], "texture": "#0"},
				"down": {"uv": [12, 14, 4, 13], "texture": "#0"}
			}
		},
		{
			"from": [11.25, 10.75, 8],
			"to": [12.75, 11, 8.25],
			"rotation": {"angle": 0, "axis": "y", "origin": [20, 18.75, 16]},
			"faces": {
				"north": {"uv": [5, 14, 11, 15], "texture": "#0"},
				"east": {"uv": [5, 14, 6, 15], "texture": "#0"},
				"south": {"uv": [11, 14, 5, 15], "texture": "#0"},
				"west": {"uv": [11, 14, 10, 15], "texture": "#0"},
				"up": {"uv": [11, 14, 5, 15], "texture": "#0"},
				"down": {"uv": [11, 15, 5, 14], "texture": "#0"}
			}
		},
		{
			"from": [11.75, 10.5, 8],
			"to": [12.25, 10.75, 8.25],
			"rotation": {"angle": 0, "axis": "y", "origin": [20, 18.5, 16]},
			"faces": {
				"north": {"uv": [7, 15, 9, 16], "texture": "#0"},
				"east": {"uv": [7, 15, 8, 16], "texture": "#0"},
				"south": {"uv": [9, 15, 7, 16], "texture": "#0"},
				"west": {"uv": [9, 15, 8, 16], "texture": "#0"},
				"up": {"uv": [9, 15, 7, 16], "texture": "#0"},
				"down": {"uv": [9, 16, 7, 15], "texture": "#0"}
			}
		},
		{
			"from": [7.75, 14.25, 8],
			"to": [8.25, 14.5, 8.25],
			"rotation": {"angle": 0, "axis": "y", "origin": [16, 22.25, 16]},
			"faces": {
				"north": {"uv": [7, 0, 9, 1], "texture": "#0"},
				"east": {"uv": [7, 0, 8, 1], "texture": "#0"},
				"south": {"uv": [9, 0, 7, 1], "texture": "#0"},
				"west": {"uv": [9, 0, 8, 1], "texture": "#0"},
				"up": {"uv": [9, 0, 7, 1], "texture": "#0"},
				"down": {"uv": [9, 1, 7, 0], "texture": "#0"}
			}
		},
		{
			"from": [7.25, 14, 8],
			"to": [8.75, 14.25, 8.25],
			"rotation": {"angle": 0, "axis": "y", "origin": [16, 22, 16]},
			"faces": {
				"north": {"uv": [5, 1, 11, 2], "texture": "#0"},
				"east": {"uv": [5, 1, 6, 2], "texture": "#0"},
				"south": {"uv": [11, 1, 5, 2], "texture": "#0"},
				"west": {"uv": [11, 1, 10, 2], "texture": "#0"},
				"up": {"uv": [11, 1, 5, 2], "texture": "#0"},
				"down": {"uv": [11, 2, 5, 1], "texture": "#0"}
			}
		},
		{
			"from": [7, 13.75, 8],
			"to": [9, 14, 8.25],
			"rotation": {"angle": 0, "axis": "y", "origin": [16, 21.75, 16]},
			"faces": {
				"north": {"uv": [4, 2, 12, 3], "texture": "#0"},
				"east": {"uv": [4, 2, 5, 3], "texture": "#0"},
				"south": {"uv": [12, 2, 4, 3], "texture": "#0"},
				"west": {"uv": [12, 2, 11, 3], "texture": "#0"},
				"up": {"uv": [12, 2, 4, 3], "texture": "#0"},
				"down": {"uv": [12, 3, 4, 2], "texture": "#0"}
			}
		},
		{
			"from": [6.5, 13.5, 8],
			"to": [9.5, 13.75, 8.25],
			"rotation": {"angle": 0, "axis": "y", "origin": [16, 21.5, 16]},
			"faces": {
				"north": {"uv": [2, 3, 14, 4], "texture": "#0"},
				"east": {"uv": [2, 3, 3, 4], "texture": "#0"},
				"south": {"uv": [14, 3, 2, 4], "texture": "#0"},
				"west": {"uv": [14, 3, 13, 4], "texture": "#0"},
				"up": {"uv": [14, 3, 2, 4], "texture": "#0"},
				"down": {"uv": [14, 4, 2, 3], "texture": "#0"}
			}
		},
		{
			"from": [6.25, 11.5, 8],
			"to": [9.75, 13.5, 8.25],
			"rotation": {"angle": 0, "axis": "y", "origin": [16, 19.5, 16]},
			"faces": {
				"north": {"uv": [1, 4, 15, 12], "texture": "#0"},
				"east": {"uv": [1, 4, 2, 12], "texture": "#0"},
				"south": {"uv": [15, 4, 1, 12], "texture": "#0"},
				"west": {"uv": [15, 4, 14, 12], "texture": "#0"},
				"up": {"uv": [15, 4, 1, 5], "texture": "#0"},
				"down": {"uv": [15, 12, 1, 11], "texture": "#0"}
			}
		},
		{
			"from": [6.5, 11.25, 8],
			"to": [9.5, 11.5, 8.25],
			"rotation": {"angle": 0, "axis": "y", "origin": [16, 19.25, 16]},
			"faces": {
				"north": {"uv": [2, 12, 14, 13], "texture": "#0"},
				"east": {"uv": [2, 12, 3, 13], "texture": "#0"},
				"south": {"uv": [14, 12, 2, 13], "texture": "#0"},
				"west": {"uv": [14, 12, 13, 13], "texture": "#0"},
				"up": {"uv": [14, 12, 2, 13], "texture": "#0"},
				"down": {"uv": [14, 13, 2, 12], "texture": "#0"}
			}
		},
		{
			"from": [7, 11, 8],
			"to": [9, 11.25, 8.25],
			"rotation": {"angle": 0, "axis": "y", "origin": [16, 19, 16]},
			"faces": {
				"north": {"uv": [4, 13, 12, 14], "texture": "#0"},
				"east": {"uv": [4, 13, 5, 14], "texture": "#0"},
				"south": {"uv": [12, 13, 4, 14], "texture": "#0"},
				"west": {"uv": [12, 13, 11, 14], "texture": "#0"},
				"up": {"uv": [12, 13, 4, 14], "texture": "#0"},
				"down": {"uv": [12, 14, 4, 13], "texture": "#0"}
			}
		},
		{
			"from": [7.25, 10.75, 8],
			"to": [8.75, 11, 8.25],
			"rotation": {"angle": 0, "axis": "y", "origin": [16, 18.75, 16]},
			"faces": {
				"north": {"uv": [5, 14, 11, 15], "texture": "#0"},
				"east": {"uv": [5, 14, 6, 15], "texture": "#0"},
				"south": {"uv": [11, 14, 5, 15], "texture": "#0"},
				"west": {"uv": [11, 14, 10, 15], "texture": "#0"},
				"up": {"uv": [11, 14, 5, 15], "texture": "#0"},
				"down": {"uv": [11, 15, 5, 14], "texture": "#0"}
			}
		},
		{
			"from": [7.75, 10.5, 8],
			"to": [8.25, 10.75, 8.25],
			"rotation": {"angle": 0, "axis": "y", "origin": [16, 18.5, 16]},
			"faces": {
				"north": {"uv": [7, 15, 9, 16], "texture": "#0"},
				"east": {"uv": [7, 15, 8, 16], "texture": "#0"},
				"south": {"uv": [9, 15, 7, 16], "texture": "#0"},
				"west": {"uv": [9, 15, 8, 16], "texture": "#0"},
				"up": {"uv": [9, 15, 7, 16], "texture": "#0"},
				"down": {"uv": [9, 16, 7, 15], "texture": "#0"}
			}
		},
		{
			"from": [3.75, 14.25, 8],
			"to": [4.25, 14.5, 8.25],
			"rotation": {"angle": 0, "axis": "y", "origin": [12, 22.25, 16]},
			"faces": {
				"north": {"uv": [7, 0, 9, 1], "texture": "#0"},
				"east": {"uv": [7, 0, 8, 1], "texture": "#0"},
				"south": {"uv": [9, 0, 7, 1], "texture": "#0"},
				"west": {"uv": [9, 0, 8, 1], "texture": "#0"},
				"up": {"uv": [9, 0, 7, 1], "texture": "#0"},
				"down": {"uv": [9, 1, 7, 0], "texture": "#0"}
			}
		},
		{
			"from": [3.25, 14, 8],
			"to": [4.75, 14.25, 8.25],
			"rotation": {"angle": 0, "axis": "y", "origin": [12, 22, 16]},
			"faces": {
				"north": {"uv": [5, 1, 11, 2], "texture": "#0"},
				"east": {"uv": [5, 1, 6, 2], "texture": "#0"},
				"south": {"uv": [11, 1, 5, 2], "texture": "#0"},
				"west": {"uv": [11, 1, 10, 2], "texture": "#0"},
				"up": {"uv": [11, 1, 5, 2], "texture": "#0"},
				"down": {"uv": [11, 2, 5, 1], "texture": "#0"}
			}
		},
		{
			"from": [3, 13.75, 8],
			"to": [5, 14, 8.25],
			"rotation": {"angle": 0, "axis": "y", "origin": [12, 21.75, 16]},
			"faces": {
				"north": {"uv": [4, 2, 12, 3], "texture": "#0"},
				"east": {"uv": [4, 2, 5, 3], "texture": "#0"},
				"south": {"uv": [12, 2, 4, 3], "texture": "#0"},
				"west": {"uv": [12, 2, 11, 3], "texture": "#0"},
				"up": {"uv": [12, 2, 4, 3], "texture": "#0"},
				"down": {"uv": [12, 3, 4, 2], "texture": "#0"}
			}
		},
		{
			"from": [2.5, 13.5, 8],
			"to": [5.5, 13.75, 8.25],
			"rotation": {"angle": 0, "axis": "y", "origin": [12, 21.5, 16]},
			"faces": {
				"north": {"uv": [2, 3, 14, 4], "texture": "#0"},
				"east": {"uv": [2, 3, 3, 4], "texture": "#0"},
				"south": {"uv": [14, 3, 2, 4], "texture": "#0"},
				"west": {"uv": [14, 3, 13, 4], "texture": "#0"},
				"up": {"uv": [14, 3, 2, 4], "texture": "#0"},
				"down": {"uv": [14, 4, 2, 3], "texture": "#0"}
			}
		},
		{
			"from": [2.25, 11.5, 8],
			"to": [5.75, 13.5, 8.25],
			"rotation": {"angle": 0, "axis": "y", "origin": [12, 19.5, 16]},
			"faces": {
				"north": {"uv": [1, 4, 15, 12], "texture": "#0"},
				"east": {"uv": [1, 4, 2, 12], "texture": "#0"},
				"south": {"uv": [15, 4, 1, 12], "texture": "#0"},
				"west": {"uv": [15, 4, 14, 12], "texture": "#0"},
				"up": {"uv": [15, 4, 1, 5], "texture": "#0"},
				"down": {"uv": [15, 12, 1, 11], "texture": "#0"}
			}
		},
		{
			"from": [2.5, 11.25, 8],
			"to": [5.5, 11.5, 8.25],
			"rotation": {"angle": 0, "axis": "y", "origin": [12, 19.25, 16]},
			"faces": {
				"north": {"uv": [2, 12, 14, 13], "texture": "#0"},
				"east": {"uv": [2, 12, 3, 13], "texture": "#0"},
				"south": {"uv": [14, 12, 2, 13], "texture": "#0"},
				"west": {"uv": [14, 12, 13, 13], "texture": "#0"},
				"up": {"uv": [14, 12, 2, 13], "texture": "#0"},
				"down": {"uv": [14, 13, 2, 12], "texture": "#0"}
			}
		},
		{
			"from": [3, 11, 8],
			"to": [5, 11.25, 8.25],
			"rotation": {"angle": 0, "axis": "y", "origin": [12, 19, 16]},
			"faces": {
				"north": {"uv": [4, 13, 12, 14], "texture": "#0"},
				"east": {"uv": [4, 13, 5, 14], "texture": "#0"},
				"south": {"uv": [12, 13, 4, 14], "texture": "#0"},
				"west": {"uv": [12, 13, 11, 14], "texture": "#0"},
				"up": {"uv": [12, 13, 4, 14], "texture": "#0"},
				"down": {"uv": [12, 14, 4, 13], "texture": "#0"}
			}
		},
		{
			"from": [3.25, 10.75, 8],
			"to": [4.75, 11, 8.25],
			"rotation": {"angle": 0, "axis": "y", "origin": [12, 18.75, 16]},
			"faces": {
				"north": {"uv": [5, 14, 11, 15], "texture": "#0"},
				"east": {"uv": [5, 14, 6, 15], "texture": "#0"},
				"south": {"uv": [11, 14, 5, 15], "texture": "#0"},
				"west": {"uv": [11, 14, 10, 15], "texture": "#0"},
				"up": {"uv": [11, 14, 5, 15], "texture": "#0"},
				"down": {"uv": [11, 15, 5, 14], "texture": "#0"}
			}
		},
		{
			"from": [3.75, 10.5, 8],
			"to": [4.25, 10.75, 8.25],
			"rotation": {"angle": 0, "axis": "y", "origin": [12, 18.5, 16]},
			"faces": {
				"north": {"uv": [7, 15, 9, 16], "texture": "#0"},
				"east": {"uv": [7, 15, 8, 16], "texture": "#0"},
				"south": {"uv": [9, 15, 7, 16], "texture": "#0"},
				"west": {"uv": [9, 15, 8, 16], "texture": "#0"},
				"up": {"uv": [9, 15, 7, 16], "texture": "#0"},
				"down": {"uv": [9, 16, 7, 15], "texture": "#0"}
			}
		}
	],
	"display": {
		"head": {
			"translation": [0, -28.75, 0],
			"scale": [1.6, 1.8, 2]
		}
	},
	"groups": [
		{
			"name": "hexagon",
			"origin": [9.75, 11.75, 16],
			"children": [0, 1, 2, 3, 4, 5, 6, 7, 8]
		},
		{
			"name": "hexagon",
			"origin": [9.75, 11.75, 16],
			"children": [9, 10, 11, 12, 13, 14, 15, 16, 17]
		},
		{
			"name": "hexagon",
			"origin": [9.75, 11.75, 16],
			"children": [18, 19, 20, 21, 22, 23, 24, 25, 26]
		},
		{
			"name": "hexagon",
			"origin": [11.25, 8, 16],
			"children": [27, 28, 29, 30, 31, 32, 33, 34, 35]
		},
		{
			"name": "hexagon half L",
			"origin": [11.25, 8, 16],
			"children": [36, 37, 38, 39, 40, 41, 42, 43, 44]
		},
		{
			"name": "hexagon half R",
			"origin": [11.25, 8, 16],
			"children": [45, 46, 47, 48, 49, 50, 51, 52, 53]
		},
		{
			"name": "hexagon",
			"origin": [11.25, 8, 16],
			"children": [54, 55, 56, 57, 58, 59, 60, 61, 62]
		},
		{
			"name": "hexagon",
			"origin": [11.25, 8, 16],
			"children": [63, 64, 65, 66, 67, 68, 69, 70, 71]
		},
		{
			"name": "hexagon",
			"origin": [11.25, 8, 16],
			"children": [72, 73, 74, 75, 76, 77, 78, 79, 80]
		},
		{
			"name": "hexagon",
			"origin": [9.75, 11.75, 16],
			"children": [81, 82, 83, 84, 85, 86, 87, 88, 89]
		},
		{
			"name": "hexagon",
			"origin": [9.75, 11.75, 16],
			"children": [90, 91, 92, 93, 94, 95, 96, 97, 98]
		},
		{
			"name": "hexagon",
			"origin": [9.75, 11.75, 16],
			"children": [99, 100, 101, 102, 103, 104, 105, 106, 107]
		},
		{
			"name": "hexagon",
			"origin": [11.25, 8, 16],
			"children": [108, 109, 110, 111, 112, 113, 114, 115, 116]
		},
		{
			"name": "hexagon half L",
			"origin": [11.25, 8, 16],
			"children": [117, 118, 119, 120, 121, 122, 123, 124, 125]
		},
		{
			"name": "hexagon half R",
			"origin": [11.25, 8, 16],
			"children": [126, 127, 128, 129, 130, 131, 132, 133, 134]
		},
		{
			"name": "hexagon",
			"origin": [11.25, 8, 16],
			"children": [135, 136, 137, 138, 139, 140, 141, 142, 143]
		},
		{
			"name": "hexagon",
			"origin": [11.25, 8, 16],
			"children": [144, 145, 146, 147, 148, 149, 150, 151, 152]
		},
		{
			"name": "hexagon",
			"origin": [11.25, 8, 16],
			"children": [153, 154, 155, 156, 157, 158, 159, 160, 161]
		}
	]
}