{
	"credit": "Made with Blockbench",
	"textures": {
		"0": "item/demori/hexagon",
		"particle": "item/demori/hexagon"
	},
	"elements": [
		{
			"from": [7, -0.5, 1],
			"to": [9, 1.5, 1],
			"rotation": {"angle": 0, "axis": "y", "origin": [15, 7.5, 8]},
			"faces": {
				"north": {"uv": [0, 0, 16, 16], "texture": "#0"},
				"south": {"uv": [16, 0, 0, 16], "texture": "#0"}
			}
		},
		{
			"from": [7, -2.5, 1],
			"to": [9, -0.5, 1],
			"rotation": {"angle": 0, "axis": "y", "origin": [15, 5.5, 8]},
			"faces": {
				"north": {"uv": [0, 0, 16, 16], "texture": "#0"},
				"south": {"uv": [16, 0, 0, 16], "texture": "#0"}
			}
		},
		{
			"from": [5, -0.5, 1],
			"to": [6, 1.5, 1],
			"rotation": {"angle": 0, "axis": "y", "origin": [12, 7.5, 8]},
			"faces": {
				"north": {"uv": [0, 0, 8, 16], "texture": "#0"},
				"south": {"uv": [8, 0, 0, 16], "texture": "#0"}
			}
		},
		{
			"from": [5, 1.5, 1],
			"to": [6, 3.5, 1],
			"rotation": {"angle": 0, "axis": "y", "origin": [12, 9.5, 8]},
			"faces": {
				"north": {"uv": [0, 0, 8, 16], "texture": "#0"},
				"south": {"uv": [8, 0, 0, 16], "texture": "#0"}
			}
		},
		{
			"from": [10, -0.5, 1],
			"to": [11, 1.5, 1],
			"rotation": {"angle": 0, "axis": "y", "origin": [17, 7.5, 8]},
			"faces": {
				"north": {"uv": [8, 0, 16, 16], "texture": "#0"},
				"south": {"uv": [16, 0, 8, 16], "texture": "#0"}
			}
		},
		{
			"from": [10, 1.5, 1],
			"to": [11, 3.5, 1],
			"rotation": {"angle": 0, "axis": "y", "origin": [17, 9.5, 8]},
			"faces": {
				"north": {"uv": [8, 0, 16, 16], "texture": "#0"},
				"south": {"uv": [16, 0, 8, 16], "texture": "#0"}
			}
		},
		{
			"from": [11, -0.5, 1],
			"to": [12, 1.5, 1],
			"rotation": {"angle": -45, "axis": "y", "origin": [11, -0.5, 1]},
			"faces": {
				"north": {"uv": [0, 0, 8, 16], "texture": "#0"},
				"south": {"uv": [8, 0, 0, 16], "texture": "#0"}
			}
		},
		{
			"from": [11, 1.5, 1],
			"to": [12, 3.5, 1],
			"rotation": {"angle": -45, "axis": "y", "origin": [11, 1.5, 1]},
			"faces": {
				"north": {"uv": [0, 0, 8, 16], "texture": "#0"},
				"south": {"uv": [8, 0, 0, 16], "texture": "#0"}
			}
		},
		{
			"from": [4.29289, -0.5, 1.70711],
			"to": [5.29289, 1.5, 1.70711],
			"rotation": {"angle": 45, "axis": "y", "origin": [4.29289, -0.5, 1.70711]},
			"faces": {
				"north": {"uv": [8, 0, 16, 16], "texture": "#0"},
				"south": {"uv": [16, 0, 8, 16], "texture": "#0"}
			}
		},
		{
			"from": [4.29289, 1.5, 1.70711],
			"to": [5.29289, 3.5, 1.70711],
			"rotation": {"angle": 45, "axis": "y", "origin": [4.29289, 1.5, 1.70711]},
			"faces": {
				"north": {"uv": [8, 0, 16, 16], "texture": "#0"},
				"south": {"uv": [16, 0, 8, 16], "texture": "#0"}
			}
		},
		{
			"from": [7, -0.5, 15.48528],
			"to": [9, 1.5, 15.48528],
			"rotation": {"angle": 0, "axis": "y", "origin": [9, -0.5, 15.48528]},
			"faces": {
				"north": {"uv": [16, 0, 0, 16], "texture": "#0"},
				"south": {"uv": [0, 0, 16, 16], "texture": "#0"}
			}
		},
		{
			"from": [7, -2.5, 15.48528],
			"to": [9, -0.5, 15.48528],
			"rotation": {"angle": 0, "axis": "y", "origin": [9, -2.5, 15.48528]},
			"faces": {
				"north": {"uv": [16, 0, 0, 16], "texture": "#0"},
				"south": {"uv": [0, 0, 16, 16], "texture": "#0"}
			}
		},
		{
			"from": [10, -0.5, 15.48528],
			"to": [11, 1.5, 15.48528],
			"rotation": {"angle": 0, "axis": "y", "origin": [12, -0.5, 15.48528]},
			"faces": {
				"north": {"uv": [8, 0, 0, 16], "texture": "#0"},
				"south": {"uv": [0, 0, 8, 16], "texture": "#0"}
			}
		},
		{
			"from": [10, 1.5, 15.48528],
			"to": [11, 3.5, 15.48528],
			"rotation": {"angle": 0, "axis": "y", "origin": [12, 1.5, 15.48528]},
			"faces": {
				"north": {"uv": [8, 0, 0, 16], "texture": "#0"},
				"south": {"uv": [0, 0, 8, 16], "texture": "#0"}
			}
		},
		{
			"from": [5, -0.5, 15.48528],
			"to": [6, 1.5, 15.48528],
			"rotation": {"angle": 0, "axis": "y", "origin": [7, -0.5, 15.48528]},
			"faces": {
				"north": {"uv": [16, 0, 8, 16], "texture": "#0"},
				"south": {"uv": [8, 0, 16, 16], "texture": "#0"}
			}
		},
		{
			"from": [5, 1.5, 15.48528],
			"to": [6, 3.5, 15.48528],
			"rotation": {"angle": 0, "axis": "y", "origin": [7, 1.5, 15.48528]},
			"faces": {
				"north": {"uv": [16, 0, 8, 16], "texture": "#0"},
				"south": {"uv": [8, 0, 16, 16], "texture": "#0"}
			}
		},
		{
			"from": [3.70781, -0.5, 16.19168],
			"to": [4.70781, 1.5, 16.19168],
			"rotation": {"angle": -45, "axis": "y", "origin": [5.70781, -0.5, 16.19168]},
			"faces": {
				"north": {"uv": [8, 0, 0, 16], "texture": "#0"},
				"south": {"uv": [0, 0, 8, 16], "texture": "#0"}
			}
		},
		{
			"from": [3.70781, 1.5, 16.19168],
			"to": [4.70781, 3.5, 16.19168],
			"rotation": {"angle": -45, "axis": "y", "origin": [5.70781, 1.5, 16.19168]},
			"faces": {
				"north": {"uv": [8, 0, 0, 16], "texture": "#0"},
				"south": {"uv": [0, 0, 8, 16], "texture": "#0"}
			}
		},
		{
			"from": [10.41351, -0.5, 14.07036],
			"to": [11.41351, 1.5, 14.07036],
			"rotation": {"angle": 45, "axis": "y", "origin": [12.41351, -0.5, 14.07036]},
			"faces": {
				"north": {"uv": [16, 0, 8, 16], "texture": "#0"},
				"south": {"uv": [8, 0, 16, 16], "texture": "#0"}
			}
		},
		{
			"from": [10.41351, 1.5, 14.07036],
			"to": [11.41351, 3.5, 14.07036],
			"rotation": {"angle": 45, "axis": "y", "origin": [12.41351, 1.5, 14.07036]},
			"faces": {
				"north": {"uv": [16, 0, 8, 16], "texture": "#0"},
				"south": {"uv": [8, 0, 16, 16], "texture": "#0"}
			}
		},
		{
			"from": [15.24264, -0.5, 7.24264],
			"to": [15.24264, 1.5, 9.24264],
			"rotation": {"angle": 0, "axis": "y", "origin": [15.24264, -0.5, 7.24264]},
			"faces": {
				"east": {"uv": [0, 0, 16, 16], "texture": "#0"},
				"west": {"uv": [16, 0, 0, 16], "texture": "#0"}
			}
		},
		{
			"from": [15.24264, -2.5, 7.24264],
			"to": [15.24264, -0.5, 9.24264],
			"rotation": {"angle": 0, "axis": "y", "origin": [15.24264, -2.5, 7.24264]},
			"faces": {
				"east": {"uv": [0, 0, 16, 16], "texture": "#0"},
				"west": {"uv": [16, 0, 0, 16], "texture": "#0"}
			}
		},
		{
			"from": [15.24264, -0.5, 5.24264],
			"to": [15.24264, 1.5, 6.24264],
			"rotation": {"angle": 0, "axis": "y", "origin": [15.24264, -0.5, 4.24264]},
			"faces": {
				"east": {"uv": [0, 0, 8, 16], "texture": "#0"},
				"west": {"uv": [8, 0, 0, 16], "texture": "#0"}
			}
		},
		{
			"from": [15.24264, 1.5, 5.24264],
			"to": [15.24264, 3.5, 6.24264],
			"rotation": {"angle": 0, "axis": "y", "origin": [15.24264, 1.5, 4.24264]},
			"faces": {
				"east": {"uv": [0, 0, 8, 16], "texture": "#0"},
				"west": {"uv": [8, 0, 0, 16], "texture": "#0"}
			}
		},
		{
			"from": [15.24264, -0.5, 10.24264],
			"to": [15.24264, 1.5, 11.24264],
			"rotation": {"angle": 0, "axis": "y", "origin": [15.24264, -0.5, 9.24264]},
			"faces": {
				"east": {"uv": [8, 0, 16, 16], "texture": "#0"},
				"west": {"uv": [16, 0, 8, 16], "texture": "#0"}
			}
		},
		{
			"from": [15.24264, 1.5, 10.24264],
			"to": [15.24264, 3.5, 11.24264],
			"rotation": {"angle": 0, "axis": "y", "origin": [15.24264, 1.5, 9.24264]},
			"faces": {
				"east": {"uv": [8, 0, 16, 16], "texture": "#0"},
				"west": {"uv": [16, 0, 8, 16], "texture": "#0"}
			}
		},
		{
			"from": [15.95004, -0.5, 11.53483],
			"to": [15.95004, 1.5, 12.53483],
			"rotation": {"angle": -45, "axis": "y", "origin": [15.95004, -0.5, 10.53483]},
			"faces": {
				"east": {"uv": [0, 0, 8, 16], "texture": "#0"},
				"west": {"uv": [8, 0, 0, 16], "texture": "#0"}
			}
		},
		{
			"from": [15.95004, 1.5, 11.53483],
			"to": [15.95004, 3.5, 12.53483],
			"rotation": {"angle": -45, "axis": "y", "origin": [15.95004, 1.5, 10.53483]},
			"faces": {
				"east": {"uv": [0, 0, 8, 16], "texture": "#0"},
				"west": {"uv": [8, 0, 0, 16], "texture": "#0"}
			}
		},
		{
			"from": [13.82872, -0.5, 4.82913],
			"to": [13.82872, 1.5, 5.82913],
			"rotation": {"angle": 45, "axis": "y", "origin": [13.82872, -0.5, 3.82913]},
			"faces": {
				"east": {"uv": [8, 0, 16, 16], "texture": "#0"},
				"west": {"uv": [16, 0, 8, 16], "texture": "#0"}
			}
		},
		{
			"from": [13.82872, 1.5, 4.82913],
			"to": [13.82872, 3.5, 5.82913],
			"rotation": {"angle": 45, "axis": "y", "origin": [13.82872, 1.5, 3.82913]},
			"faces": {
				"east": {"uv": [8, 0, 16, 16], "texture": "#0"},
				"west": {"uv": [16, 0, 8, 16], "texture": "#0"}
			}
		},
		{
			"from": [0.75736, -0.5, 7.24364],
			"to": [0.75736, 1.5, 9.24364],
			"rotation": {"angle": 0, "axis": "y", "origin": [0.75736, -0.5, 9.24364]},
			"faces": {
				"east": {"uv": [16, 0, 0, 16], "texture": "#0"},
				"west": {"uv": [0, 0, 16, 16], "texture": "#0"}
			}
		},
		{
			"from": [0.75736, -2.5, 7.24364],
			"to": [0.75736, -0.5, 9.24364],
			"rotation": {"angle": 0, "axis": "y", "origin": [0.75736, -2.5, 9.24364]},
			"faces": {
				"east": {"uv": [16, 0, 0, 16], "texture": "#0"},
				"west": {"uv": [0, 0, 16, 16], "texture": "#0"}
			}
		},
		{
			"from": [0.75736, -0.5, 10.24364],
			"to": [0.75736, 1.5, 11.24364],
			"rotation": {"angle": 0, "axis": "y", "origin": [0.75736, -0.5, 12.24364]},
			"faces": {
				"east": {"uv": [8, 0, 0, 16], "texture": "#0"},
				"west": {"uv": [0, 0, 8, 16], "texture": "#0"}
			}
		},
		{
			"from": [0.75736, 1.5, 10.24364],
			"to": [0.75736, 3.5, 11.24364],
			"rotation": {"angle": 0, "axis": "y", "origin": [0.75736, 1.5, 12.24364]},
			"faces": {
				"east": {"uv": [8, 0, 0, 16], "texture": "#0"},
				"west": {"uv": [0, 0, 8, 16], "texture": "#0"}
			}
		},
		{
			"from": [0.75736, -0.5, 5.24364],
			"to": [0.75736, 1.5, 6.24364],
			"rotation": {"angle": 0, "axis": "y", "origin": [0.75736, -0.5, 7.24364]},
			"faces": {
				"east": {"uv": [16, 0, 8, 16], "texture": "#0"},
				"west": {"uv": [8, 0, 16, 16], "texture": "#0"}
			}
		},
		{
			"from": [0.75736, 1.5, 5.24364],
			"to": [0.75736, 3.5, 6.24364],
			"rotation": {"angle": 0, "axis": "y", "origin": [0.75736, 1.5, 7.24364]},
			"faces": {
				"east": {"uv": [16, 0, 8, 16], "texture": "#0"},
				"west": {"uv": [8, 0, 16, 16], "texture": "#0"}
			}
		},
		{
			"from": [0.05025, -0.5, 3.95075],
			"to": [0.05025, 1.5, 4.95075],
			"rotation": {"angle": -45, "axis": "y", "origin": [0.05025, -0.5, 5.95075]},
			"faces": {
				"east": {"uv": [8, 0, 0, 16], "texture": "#0"},
				"west": {"uv": [0, 0, 8, 16], "texture": "#0"}
			}
		},
		{
			"from": [0.05025, 1.5, 3.95075],
			"to": [0.05025, 3.5, 4.95075],
			"rotation": {"angle": -45, "axis": "y", "origin": [0.05025, 1.5, 5.95075]},
			"faces": {
				"east": {"uv": [8, 0, 0, 16], "texture": "#0"},
				"west": {"uv": [0, 0, 8, 16], "texture": "#0"}
			}
		},
		{
			"from": [2.17157, -0.5, 10.65785],
			"to": [2.17157, 1.5, 11.65785],
			"rotation": {"angle": 45, "axis": "y", "origin": [2.17157, -0.5, 12.65785]},
			"faces": {
				"east": {"uv": [16, 0, 8, 16], "texture": "#0"},
				"west": {"uv": [8, 0, 16, 16], "texture": "#0"}
			}
		},
		{
			"from": [2.17157, 1.5, 10.65785],
			"to": [2.17157, 3.5, 11.65785],
			"rotation": {"angle": 45, "axis": "y", "origin": [2.17157, 1.5, 12.65785]},
			"faces": {
				"east": {"uv": [16, 0, 8, 16], "texture": "#0"},
				"west": {"uv": [8, 0, 16, 16], "texture": "#0"}
			}
		},
		{
			"from": [2.17087, -0.5, 1.82872],
			"to": [2.17087, 1.5, 3.82872],
			"rotation": {"angle": -45, "axis": "y", "origin": [2.17087, -0.5, 3.82872]},
			"faces": {
				"east": {"uv": [16, 0, 0, 16], "texture": "#0"},
				"west": {"uv": [0, 0, 16, 16], "texture": "#0"}
			}
		},
		{
			"from": [2.17087, -2.5, 1.82872],
			"to": [2.17087, -0.5, 3.82872],
			"rotation": {"angle": -45, "axis": "y", "origin": [2.17087, -2.5, 3.82872]},
			"faces": {
				"east": {"uv": [16, 0, 0, 16], "texture": "#0"},
				"west": {"uv": [0, 0, 16, 16], "texture": "#0"}
			}
		},
		{
			"from": [12.41492, -0.5, 2.41351],
			"to": [14.41492, 1.5, 2.41351],
			"rotation": {"angle": -45, "axis": "y", "origin": [12.41492, -0.5, 2.41351]},
			"faces": {
				"north": {"uv": [0, 0, 16, 16], "texture": "#0"},
				"south": {"uv": [16, 0, 0, 16], "texture": "#0"}
			}
		},
		{
			"from": [12.41492, -2.5, 2.41351],
			"to": [14.41492, -0.5, 2.41351],
			"rotation": {"angle": -45, "axis": "y", "origin": [12.41492, -2.5, 2.41351]},
			"faces": {
				"north": {"uv": [0, 0, 16, 16], "texture": "#0"},
				"south": {"uv": [16, 0, 0, 16], "texture": "#0"}
			}
		},
		{
			"from": [13.82701, -0.5, 12.65644],
			"to": [13.82701, 1.5, 14.65644],
			"rotation": {"angle": -45, "axis": "y", "origin": [13.82701, -0.5, 12.65644]},
			"faces": {
				"east": {"uv": [0, 0, 16, 16], "texture": "#0"},
				"west": {"uv": [16, 0, 0, 16], "texture": "#0"}
			}
		},
		{
			"from": [13.82701, -2.5, 12.65644],
			"to": [13.82701, -0.5, 14.65644],
			"rotation": {"angle": -45, "axis": "y", "origin": [13.82701, -2.5, 12.65644]},
			"faces": {
				"east": {"uv": [0, 0, 16, 16], "texture": "#0"},
				"west": {"uv": [16, 0, 0, 16], "texture": "#0"}
			}
		},
		{
			"from": [3.58579, -0.5, 12.07207],
			"to": [3.58579, 1.5, 14.07207],
			"rotation": {"angle": 45, "axis": "y", "origin": [3.58579, -0.5, 14.07207]},
			"faces": {
				"east": {"uv": [16, 0, 0, 16], "texture": "#0"},
				"west": {"uv": [0, 0, 16, 16], "texture": "#0"}
			}
		},
		{
			"from": [3.58579, -2.5, 12.07207],
			"to": [3.58579, -0.5, 14.07207],
			"rotation": {"angle": 45, "axis": "y", "origin": [3.58579, -2.5, 14.07207]},
			"faces": {
				"east": {"uv": [16, 0, 0, 16], "texture": "#0"},
				"west": {"uv": [0, 0, 16, 16], "texture": "#0"}
			}
		}
	],
	"display": {
		"head": {
			"translation": [0, 12, 0],
			"scale": [4, 4, 4]
		}
	}
}