{
	"parent":"item/demori",
	"display": {
		"thirdperson_righthand": {
			"rotation": [0, 90, -55],
			"translation": [0, -7.75, 2.5],
			"scale": [1.05, 1.05, 1.05]
		},
		"thirdperson_lefthand": {
			"rotation": [0, -90, 55],
			"translation": [0, -7.75, 2.5],
			"scale": [1.05, 1.05, 1.05]
		},
		"firstperson_righthand": {
			"rotation": [0, -90, 45],
			"translation": [1.13, 11, 10],
			"scale": [0.68, 0.68, 0.68]
		},
		"firstperson_lefthand": {
			"rotation": [0, 90, -45],
			"translation": [1.13, 11, 10],
			"scale": [0.68, 0.68, 0.68]
		},
		"ground": {
			"rotation": [90, 0, 0],
			"translation": [6, -0.75, -6],
			"scale": [0.95, 0.95, 0.95]
		},
		"gui": {
			"rotation": [0, -180, 0],
			"translation": [-4, -4, 0],
			"scale": [0.5, 0.5, 0.5]
		},
		"head": {
			"rotation": [0, 180, 0],
			"translation": [0, 13, 7]
		},
		"fixed": {
			"translation": [3.75, -3.75, 0],
			"scale": [0.5, 0.5, 0.5]
		}
	}
}